nct_number,study_title,study_status,has_results,condition_raw,condition_category,intervention_raw,intervention_category,sex,age_group,enrollment,funder_type,study_type,start_year,completion_year,first_posted_year,country
NCT06746987,The Effect of Meditation Applied to Elderly Individulas on Sleep Quality and Psychological Well- Being,Enrolling By Invitation,No,Sleep Quality and Psychological Well- Being,Sleep / Fatigue,OTHER: Meditation,Meditation (General),ALL,Adult + Older,34,OTHER,Interventional,2025,2025,2024,Turkey
NCT06424951,Kindness is Lesser Preferable Than Happiness: Investigating Interest in Different Effects of the Loving-kindness and Com,Completed,No,Meditation,Well-being / Mental Health,BEHAVIORAL: LKCM(Loving-kindness and Compassion Meditations),Loving-Kindness / Compassion,ALL,All ages,1658,OTHER,Interventional,2019,2020,2024,China
NCT02096484,A Feasibility Study of Group Metacognitive Therapy Versus Mindfulness Meditation Therapy,Completed,No,Generalized Anxiety Disorder,Anxiety,BEHAVIORAL: Group Metacognitive Therapy|BEHAVIORAL: Mindfulness Meditation Therapy,Mindfulness (General),ALL,Adult + Older,40,OTHER,Interventional,2014,2016,2014,United Kingdom
NCT07263828,Breath Meditation on the Older People,Completed,No,Individuals Over 65 Years of Age,Other,OTHER: breathing meditation,Meditation (General),ALL,Adult + Older,128,OTHER,Interventional,2024,2025,2025,Turkey
NCT01537679,Meditation to Reduce Caregiver Stress,Completed,No,Depression NOS|Major Depressive Disorder|Anxiety NOS,Depression,BEHAVIORAL: Kirtan Kriya meditation|BEHAVIORAL: Relaxation,Meditation (General),ALL,Adult + Older,40,OTHER,Interventional,2010,2012,2012,United States
NCT02313779,Meditation and Decision Making Study III,Completed,No,Meditation,Well-being / Mental Health,BEHAVIORAL: Lovingkindness Meditation (LKM)|BEHAVIORAL: Mindfulness Meditation,Mindfulness (General),ALL,Adult only,240,OTHER,Interventional,2014,2015,2014,United States
NCT07201220,Meditation in Early Labor: Impact on Self-Efficacy and Childbirth Fear in First-Time Mothers,Recruiting,No,Meditation,Well-being / Mental Health,BEHAVIORAL: meditation,Meditation (General),FEMALE,Adult + Older,60,OTHER,Interventional,2025,2025,2025,Turkey
NCT07122843,VR AI Meditation for Pain,Recruiting,No,Pain and Anxiety,Pain,DEVICE: VR Guided Meditation,Meditation (General),ALL,Adult + Older,38,OTHER,Interventional,2025,2027,2025,United States
NCT07165795,Pilot Study to Evaluate the Effect of Transcendental Meditation on Telomere Activity and Well-Being Among Nurse Managers,Enrolling By Invitation,No,Meditation,Well-being / Mental Health,BEHAVIORAL: Transcendental Meditation,Transcendental Meditation,ALL,Adult + Older,30,OTHER,Interventional,2025,2027,2025,United States
NCT04632875,Online Trial of Meditation and Behavior,Completed,No,Meditation,Well-being / Mental Health,BEHAVIORAL: Loving-Kindness Meditation|BEHAVIORAL: Relaxation Meditation,Loving-Kindness / Compassion,ALL,Adult only,75,OTHER,Interventional,2020,2021,2020,United States
NCT03117478,Brain and Mindfulness,Completed,No,Healthy,Healthy Volunteers,OTHER: Magneto-encephalography (MEG)|OTHER: Electro-encephalography (EEG)|OTHER: Functional Magnetic,Meditation (General),ALL,Adult + Older,169,OTHER,Interventional,2016,2019,2017,France
NCT05314166,Impact of Face-to-face Meditation on Non-attachment to Self and Identity Threat,Unknown,No,Meditation,Well-being / Mental Health,OTHER: meditation practice,Meditation (General),ALL,Adult + Older,200,OTHER,Interventional,2022,2023,2022,
NCT03459690,EEG Changes With Guided Online Meditation,Completed,Yes,Meditation,Well-being / Mental Health,BEHAVIORAL: Meditation|DEVICE: Enobio 32- EEG machine,Meditation (General),ALL,Adult + Older,13,OTHER,Interventional,2018,2019,2018,United States
NCT05285488,Impact of Distance Meditation on Non-attachment to the Self and Identity Threat,Unknown,No,Meditation,Well-being / Mental Health,"OTHER: ""focused attention"" group",Other,ALL,Adult + Older,200,OTHER,Interventional,2022,2023,2022,France
NCT06500377,Comparing the Impact of Four Types of Meditation Practices for Relaxation in Cancer Survivors,Recruiting,No,Hematopoietic and Lymphatic System Neoplasm|Malignant Solid Neoplasm,Cancer,PROCEDURE: Biospecimen Collection|PROCEDURE: Meditation Therapy|PROCEDURE: Meditation Therapy|PROCED,Meditation (General),ALL,Adult + Older,44,OTHER,Interventional,2024,2026,2024,United States
NCT06560658,Optimizing Microdosing and Meditation,Withdrawn,No,Meditation|Microdosing,Well-being / Mental Health,DRUG: Psilocybin|BEHAVIORAL: Meditation,Meditation (General),ALL,Adult + Older,0,OTHER,Interventional,2024,2025,2024,United States
NCT02280304,Meditation in Veterans With PTSD and Mild TBI,Completed,Yes,"Stress Disorders, Post-Traumatic|Concussion, Mild",PTSD / Trauma,BEHAVIORAL: Inner Resources for Veterans (IRV)|BEHAVIORAL: Essential Skills therapy,Other,ALL,Adult only,46,FED,Interventional,2014,2018,2014,United States
NCT04721379,Effect of Heartfulness Meditation on Brain Waves and How Calm One Feels During Meditation,Unknown,No,Anxiety|Stress,Anxiety,BEHAVIORAL: Meditation,Meditation (General),ALL,Adult + Older,80,OTHER,Interventional,2021,2023,2021,United States
NCT02988271,Meditation Therapy in Improving Anxiety and Depression in Cancer Patients With Psychosocial Distress,Active Not Recruiting,No,Anxiety|Depression|Malignant Neoplasm,Cancer,OTHER: Interview|PROCEDURE: Meditation Therapy|PROCEDURE: Quality-of-Life Assessment|PROCEDURE: Supp,Meditation (General),ALL,Adult + Older,35,OTHER,Interventional,2019,2028,2016,United States
NCT01532999,A Multisite Randomized Controlled Trial of Mindfulness Meditation Therapy for PTSD,Completed,Yes,Posttraumatic Stress Disorder,PTSD / Trauma,BEHAVIORAL: Mindfulness Based Stress Reduction|BEHAVIORAL: Present Centered Group Therapy,Mindfulness (General),ALL,Adult + Older,254,FED,Interventional,2012,2014,2012,United States
NCT03574766,Meditation for NICU Moms,Completed,No,"Breast Feeding|Premature Birth|Stress|Depression, Postpartum|Anxiety|Self Efficacy|Behavior, Materna",Depression,BEHAVIORAL: Meditation,Meditation (General),FEMALE,All ages,70,OTHER,Interventional,2018,2019,2018,United States
NCT05020301,Investigation of Functional Brain Network in Altered Meditation State With Multimodal Neuroimaging,Unknown,No,Meditation|Mindfulness,Well-being / Mental Health,DEVICE: external meditation guided audio|DEVICE: internal meditation guided audio,Meditation (General),ALL,Adult only,30,OTHER,Interventional,2020,2022,2021,China
NCT04557033,My Mindful Moments: A Mindfulness Meditation and Digital Art Activity,Completed,No,Mindfulness|Meditation,Well-being / Mental Health,OTHER: Mindfulness intervention,Mindfulness (General),ALL,Adult + Older,16,OTHER,Interventional,2021,2022,2020,United States
NCT06678087,Meditation for Preparation for Birth and Motherhood Given with Thetahealing Meditation Method,Completed,No,Meditation|Fear of Labor|Thetahealing Meditation,Well-being / Mental Health,OTHER: motherhood preparation meditation training prepared with the thetahealing meditation method|O,Meditation (General),FEMALE,Adult only,100,OTHER,Interventional,2024,2024,2024,Turkey
NCT02655835,Internet Mindfulness Meditation Intervention,Completed,No,Stress,Stress / Burnout,BEHAVIORAL: Internet Mindfulness Meditation|BEHAVIORAL: Access,Mindfulness (General),ALL,Adult + Older,52,OTHER,Interventional,2014,2015,2016,
NCT05455814,Brain Health With Inner Engineering Meditation,Completed,No,Meditation|Brain; Agenesis,Neurological / Cognitive,BEHAVIORAL: Shambhavi Madamudra Kriya,Other,ALL,Adult + Older,77,OTHER,Interventional,2023,2025,2022,United States
NCT05669066,Meditation and Opioid Consumption in Total Joint Replacement Patients Undergo Primary Total Hip and Knee Replacement,Completed,No,Arthropathy of Knee|Osteo Arthritis Knee|Osteonecrosis|Meditation|Knee Osteoarthritis|Knee Disease|K,Pain,BEHAVIORAL: Mindful meditation,Meditation (General),ALL,Adult + Older,29,OTHER,Interventional,2017,2021,2022,United States
NCT01827033,Effects of Meditation,Terminated,No,Meditation Training,Well-being / Mental Health,BEHAVIORAL: meditation training,Meditation (General),ALL,Adult only,6,OTHER,Interventional,2013,2013,2013,United States
NCT07098208,The Effect of Twin Heart Meditation on Exam Anxiety of Nursing Students,Completed,No,Exam Anxiety|Meditation,Anxiety,BEHAVIORAL: Twin Heart Meditation,Meditation (General),ALL,All ages,100,OTHER,Interventional,2024,2024,2025,Cyprus
NCT01671436,Meditation for Depression,Completed,No,Depression,Depression,BEHAVIORAL: Central Meditation and Imagery Therapy,Meditation (General),ALL,Adult + Older,13,OTHER,Interventional,2012,2014,2012,United States
NCT03198039,Guided Meditation as an Adjunct to Enhance Postoperative Recovery,Completed,No,Feasibility of a Meditation Program Perioperatively,Well-being / Mental Health,BEHAVIORAL: Meditation,Meditation (General),ALL,Adult + Older,29,OTHER,Interventional,2017,2020,2017,United States
NCT06615531,Integrating Magnetic Imaging With Rich Phenotypes,Completed,No,Intensive Meditation in Novice and Experienced Meditators,Well-being / Mental Health,BEHAVIORAL: Advanced multi-component meditation practice,Meditation (General),ALL,Adult + Older,21,INDUSTRY,Observational,2022,2023,2024,United States
NCT05474547,Meditation and Youth Mental Health,Unknown,No,Healthy,Healthy Volunteers,BEHAVIORAL: Meditation,Meditation (General),ALL,Child + Adult,14,OTHER,Interventional,2023,2023,2022,
NCT05837481,Guided Meditation to Decrease Perioperative Anxiety and Increase Patient Intraoperative Compliance in Vascular Surgery,Completed,Yes,Peripheral Vascular Disease,Other,BEHAVIORAL: Meditation,Meditation (General),ALL,Adult + Older,30,OTHER,Interventional,2023,2024,2023,United States
NCT03097510,Meditation and Emotional Intelligence,Completed,No,Job Stress|Perceived Stress,Stress / Burnout,BEHAVIORAL: Transcendental meditation,Transcendental Meditation,ALL,All ages,96,OTHER,Interventional,2009,2011,2017,
NCT03079817,Proprioception and Meditation,Completed,No,Parkinson Disease|Proprioceptive Disorders|Movement Disorders,Neurological / Cognitive,OTHER: Yoga Meditation|OTHER: Proprioceptive Drills,Yoga,ALL,Adult + Older,20,OTHER,Interventional,2017,2019,2017,United States
NCT06282913,The Effect of Mindfulness Meditation,Not Yet Recruiting,No,Burnout|Compassion Fatigue|Psychological Well-Being,Stress / Burnout,BEHAVIORAL: Mindfulness Meditation,Mindfulness (General),ALL,Adult + Older,64,OTHER_GOV,Interventional,2025,2025,2024,Turkey
NCT01251341,The Compassion and Attention Longitudinal Meditation Study,Completed,No,Immune System Processes|Inflammatory Activation and Modulation|ANS Function,Immune / Inflammatory,BEHAVIORAL: Cognitive-Based Compassion Training|BEHAVIORAL: Mindful Attention Training|BEHAVIORAL: A,Loving-Kindness / Compassion,ALL,Adult only,226,OTHER,Interventional,2009,2014,2010,United States
NCT04804462,Virtual Reality Meditation for Fatigue,Completed,No,Fatigue|Rheumatoid Arthritis,Pain,DEVICE: Virtual Reality Meditation,Meditation (General),ALL,Adult + Older,16,OTHER,Interventional,2019,2021,2021,United States
NCT06765889,Mindfulness-Based Intervention for Stress Reduction in Adult Singaporeans a Pilot Study,Completed,Yes,Mindfulness Meditation,Well-being / Mental Health,BEHAVIORAL: Mindfulness intervention|BEHAVIORAL: Control condition,Mindfulness (General),ALL,Adult + Older,60,OTHER,Interventional,2025,2025,2025,Singapore
NCT04252976,Meditation Based Lifestyle Modification in Healthy Individuals,Completed,No,Mantra Meditation|Mantra Meditation + Body-Oriented Yoga|Mantra Meditation + Ethical Living|Mantra M,Well-being / Mental Health,BEHAVIORAL: Ethical Living|BEHAVIORAL: Yoga Exercises|BEHAVIORAL: Mantra Meditation,Yoga,ALL,Adult + Older,57,OTHER,Interventional,2019,2019,2020,Germany
NCT06274034,MUSE-S Headband System for Improving Anxiety and Insomnia Among Breast Cancer Survivors,Recruiting,No,Breast Carcinoma,Cancer,OTHER: Electronic Health Record Review|OTHER: Medical Device Usage and Evaluation|PROCEDURE: Meditat,Meditation (General),FEMALE,Adult + Older,40,OTHER,Interventional,2024,2029,2024,United States
NCT01047917,Meditation to Reduce Stress and Improve Quality of Life,Completed,No,Stress,Stress / Burnout,BEHAVIORAL: Meditation DVD,Meditation (General),ALL,Adult + Older,17,OTHER,Interventional,2008,2008,2010,United States
NCT04410185,"Pain of Patients, Suffering of Caregivers: Evaluation of the Benefit of Full Consciousness Meditation in Oncology",Completed,No,Cancer|Pain,Cancer,BEHAVIORAL: Meditation,Meditation (General),ALL,Adult + Older,31,OTHER,Interventional,2020,2021,2020,France
NCT03330665,Meditation and Student Empathy,Completed,No,Stress|Empathy,Stress / Burnout,BEHAVIORAL: Meditation,Meditation (General),ALL,Adult + Older,78,OTHER,Interventional,2016,2021,2017,
NCT01975415,Digital Medicine in Meditation,Completed,No,Biometric Changes During Meditation,Well-being / Mental Health,,Other,ALL,Adult + Older,40,OTHER,Observational,2013,2013,2013,United States
NCT06972303,Mindfulness Meditation for Insomnia,Recruiting,No,Sleep Initiation and Maintenance Disorders|Insomnia|Insomnia Chronic|Mindfulness|Telemedicine,Sleep / Fatigue,BEHAVIORAL: Instructed bedtime app-guided mindfulness meditation|BEHAVIORAL: Uninstructed app-guided,Mindfulness (General),ALL,Adult + Older,30,OTHER,Interventional,2026,2028,2025,United States
NCT04303013,Guided Meditation During Radiotherapy.,Completed,No,Quality of Life|Relaxation During Radiation Therapy|Cancer|Radiation Toxicity,Cancer,BEHAVIORAL: Meditation|OTHER: Standard of Care,Meditation (General),ALL,Adult + Older,75,OTHER,Interventional,2019,2023,2020,United States
NCT06783946,"Meditation Effects on Discomfort, Pain InTerference, and AnxieTy After urEteroscopy",Enrolling By Invitation,No,"Kidney Stone|Pain, Postoperative|Anxiety Postoperative",Pain,BEHAVIORAL: Meditation,Meditation (General),ALL,All ages,50,OTHER,Interventional,2024,2026,2025,United States
NCT06065709,Mindfulness Breath Awareness Meditation and Preeclampsia,Unknown,No,Mindfulness Breath Awareness Meditation|Preeclampsia,Well-being / Mental Health,BEHAVIORAL: Mindfulness breath awareness meditation,Mindfulness (General),FEMALE,Adult only,66,OTHER,Interventional,2023,2024,2023,Turkey
NCT06518031,The Effects of Meditation on Stress and Fatigue,Completed,No,Intensive Care Nurses,Other,OTHER: meditation,Meditation (General),ALL,Adult + Older,40,OTHER,Interventional,2021,2022,2024,Turkey
NCT03915912,Mindfulness Meditation in Glioma Patients,Completed,No,Malignant Glioma,Other,BEHAVIORAL: Mindfulness meditation,Mindfulness (General),ALL,Adult + Older,17,OTHER,Interventional,2019,2020,2019,United States
NCT03532607,The Effect of Music Meditation Therapy in Patients With Chronic Pain Receiving Botox,Unknown,No,Pain,Pain,OTHER: Music,Other,ALL,Adult only,98,OTHER,Interventional,2015,2020,2018,United States
NCT06180486,Mindfulness Meditation Intervention Study,Completed,No,Total Knee Replacement|Mediation|Feasibility,Other,OTHER: Mindfulness Meditation Intervention,Mindfulness (General),ALL,Adult + Older,30,OTHER,Interventional,2024,2025,2023,United States
NCT01833442,Randomized Controlled Meditation Trial for Treating OCD,Completed,No,OCD,Other,BEHAVIORAL: Kundalini Yoga Meditation|BEHAVIORAL: Relaxation Response Meditation,Yoga,ALL,Adult + Older,50,OTHER,Interventional,2011,2013,2013,Brazil
NCT01835457,Concentration/Meditation Limits Inflammation,Completed,No,Autoimmune Diseases,Immune / Inflammatory,DRUG: Lipopolysaccharide|BEHAVIORAL: Concentration/meditation,Meditation (General),MALE,Adult only,30,OTHER,Interventional,2013,2013,2013,Netherlands
NCT05098002,Mindfulness Meditation,Completed,No,Cancer,Cancer,BEHAVIORAL: Mindfulness program,Mindfulness (General),ALL,Adult + Older,57,OTHER,Interventional,2022,2023,2021,United States
NCT04687904,Mindfulness Meditation for Epilepsy,Completed,No,Epilepsy|Healthy Subjects,Neurological / Cognitive,BEHAVIORAL: Mindfulness meditation training|BEHAVIORAL: Therapeutic education,Mindfulness (General),ALL,All ages,37,OTHER,Interventional,2021,2024,2020,France
NCT04312191,Using Meditation for Oncology Anxiety,Withdrawn,No,Anxiety|Quality of Life|Prostate Cancer|Prostate Cancer Recurrent,Cancer,OTHER: Mantra Meditation,Meditation (General),MALE,Adult + Older,0,OTHER,Interventional,2025,2026,2020,
NCT05812443,Assessment of Sleep Quality and Mental Health After Using Meditation,Unknown,No,Insomnia|Insomnia Chronic|Insomnia Disorder|Sleep Disorder|Anxiety Disorders|Stress Disorder|Depress,Depression,OTHER: Shabad Kriya Meditation|OTHER: Relaxing reading,Meditation (General),ALL,Adult + Older,174,OTHER,Interventional,2023,2024,2023,Brazil
NCT02686333,Meditation for Depression and Anxiety Symptoms in Dialysis Patients,Completed,No,Depression|Anxiety,Depression,OTHER: Meditation,Meditation (General),ALL,Adult + Older,50,OTHER,Interventional,2016,2017,2016,Canada
NCT06360497,The Effect of Mindfulness Meditation and Loving-kindness and Compassion Meditation on Psychological Distress,Completed,No,MM Group|LKCM Group|Waitlist Group,Other,OTHER: mindfulness meditation intervention and loving-kindness and compassion meditation interventio,Loving-Kindness / Compassion,ALL,Adult only,152,OTHER,Interventional,2022,2022,2024,China
NCT03445572,Meditative Slow Breathing or Isha Kriya Meditation in Improving Cancer-Related Symptoms in Hospitalized Participants Wit,Completed,No,Malignant Neoplasm,Cancer,OTHER: Best Practice|PROCEDURE: Meditation Therapy|PROCEDURE: Meditation Therapy|OTHER: Questionnair,Meditation (General),ALL,Adult + Older,41,OTHER,Interventional,2018,2020,2018,United States
NCT05217602,Incentivizing Meditation App Habit Formation,Completed,No,"Stress|Adherence, Treatment",Stress / Burnout,BEHAVIORAL: AC+ARwdC|BEHAVIORAL: AC+RwdC|BEHAVIORAL: Usual Calm Control (UC),Other,ALL,Adult + Older,597,OTHER,Interventional,2022,2022,2022,United States
NCT05099224,Mindfulness Meditation for Nursing Students,Completed,No,Stress Reaction|Nurse's Role,Stress / Burnout,BEHAVIORAL: Mindfulness meditation,Mindfulness (General),ALL,Adult + Older,108,OTHER,Interventional,2020,2021,2021,Jordan
NCT01056484,Mindfulness Meditation for Health,Completed,Yes,Alcohol Dependence,Substance Use,"BEHAVIORAL: Mindfulness Based Relapse Prevention for Alcohol Dependence|OTHER: ""Wait-list"" control",Mindfulness (General),ALL,Adult + Older,123,OTHER,Interventional,2009,2013,2010,United States
NCT04049214,Perioperative Mindfulness Proposal,Recruiting,No,Breast Cancer|DCIS,Cancer,OTHER: Meditation,Meditation (General),FEMALE,Adult + Older,24,OTHER,Interventional,2019,2025,2019,United States
NCT03707197,Guided Meditation and Stress-Induced Eating,Completed,No,Stress-induced Eating,Stress / Burnout,BEHAVIORAL: Meditation,Meditation (General),ALL,Adult + Older,943,OTHER,Interventional,2018,2020,2018,United States
NCT02687048,Mindful Meditation for Chronic Stroke,Completed,No,Stroke,Other,BEHAVIORAL: Otago Exercise program|BEHAVIORAL: Mindful meditation,Meditation (General),ALL,Adult + Older,23,OTHER,Interventional,2016,2016,2016,Canada
NCT03239132,MEditation for Post Stroke Depression,Completed,No,Stroke|Depression,Depression,BEHAVIORAL: Breath-based meditation|BEHAVIORAL: Meditation educational materials,Meditation (General),ALL,Adult + Older,71,OTHER,Interventional,2017,2019,2017,United States
NCT02372396,Compassion Meditation for PTSD,Completed,Yes,Posttraumatic Stress Disorder,PTSD / Trauma,BEHAVIORAL: Compassion Meditation (CM)|BEHAVIORAL: Relaxation,Loving-Kindness / Compassion,ALL,Adult + Older,37,OTHER,Interventional,2015,2018,2015,United States
NCT06308744,A Large Multi-site Study on Self-administered Mindfulness,Completed,No,Body Scan Meditation|Loving-Kindness Meditation|Mindful Breathing Meditation|Mindful Walking Meditat,Well-being / Mental Health,BEHAVIORAL: Body-scan meditation|BEHAVIORAL: Mindful Breathing meditation|BEHAVIORAL: Loving Kindnes,Loving-Kindness / Compassion,ALL,Adult + Older,2239,OTHER,Interventional,2022,2022,2024,United Kingdom
NCT05399849,Mindfulness Intervention in Young Adults With a Concussion History,Completed,No,"Concussion, Brain|Concussion Post Syndrome",Neurological / Cognitive,BEHAVIORAL: Mindfulness Exercises and Meditations,Mindfulness (General),ALL,Adult only,15,OTHER,Interventional,2022,2022,2022,United States
NCT04950543,Effects of an Online Meditation Course on Quality of Life,Completed,No,Quality of Life,Well-being / Mental Health,BEHAVIORAL: Meditation,Meditation (General),ALL,Adult + Older,374,OTHER,Observational,2021,2021,2021,Germany
NCT00082160,Brain Imaging Technology to Examine the Effects of Meditation,Completed,No,Healthy,Healthy Volunteers,BEHAVIORAL: Meditation|PROCEDURE: Functional Magnetic Resonance Imaging,Meditation (General),ALL,Adult only,60,NIH,Observational,2001,2005,2004,United States
NCT04854265,Mindfulness Meditation & Blood Pressure,Unknown,No,Hypertension,Cardiovascular / Metabolic,OTHER: Mindfulness Meditation,Mindfulness (General),ALL,Adult only,500,OTHER,Observational,2021,2021,2021,Malaysia
NCT06202352,Basic Yoga and Meditation Techniques,Completed,No,Mediation,Other,BEHAVIORAL: Meditation and Yoga,Yoga,FEMALE,Adult only,66,OTHER,Interventional,2023,2024,2024,Turkey
NCT02104349,Mindfulness Meditation for Spine Surgery Pain,Terminated,No,"Meditation|Spine Surgery|Pain, Postoperative",Pain,BEHAVIORAL: Mindfulness meditation,Mindfulness (General),ALL,Adult + Older,38,OTHER,Interventional,2014,2020,2014,United States
NCT07314827,Women's Healthy Aging and Menopause; (WHAM),Not Yet Recruiting,No,Meditation|Health Education,Well-being / Mental Health,BEHAVIORAL: Transcendental Meditation (TM)|BEHAVIORAL: Women's Health Education (WHE),Transcendental Meditation,FEMALE,Adult + Older,60,OTHER,Interventional,2026,2028,2026,United States
NCT05072639,Preoperative Guided Imagery in Patients Undergoing Urologic Surgery,Completed,No,Urologic Cancer,Cancer,BEHAVIORAL: Guided Meditation,Meditation (General),ALL,Adult + Older,123,OTHER,Interventional,2017,2019,2021,United States
NCT05176730,Mindfulness Meditation For Hemodialysis Patients,Completed,No,Chronic Kidney Diseases|Hemodialysis Complication,Other,BEHAVIORAL: Mindfulness meditation,Mindfulness (General),ALL,Adult + Older,74,OTHER,Interventional,2021,2021,2022,Jordan
NCT05101343,Use of Fitbits During Breathing Meditation,Completed,Yes,Healthy,Healthy Volunteers,BEHAVIORAL: Breathing meditation,Meditation (General),ALL,Adult + Older,37,OTHER,Interventional,2021,2021,2021,United States
NCT03711630,Impact of Meditation on Bothersome Tinnitus,Completed,No,"Tinnitus|Noise Induced Tinnitus|Tinnitus, Subjective|Tinnitus, Objective|Tinnitus Aggravated|Tinnitu",Other,BEHAVIORAL: Meditation,Meditation (General),ALL,Adult + Older,27,OTHER,Interventional,2018,2020,2018,United States
NCT06695156,Exploring the Effect of the Transcendental Meditation® Technique on Migraine Frequency and Functionality: A Single Arm S,Active Not Recruiting,No,Migraine|Migraine With or Without Aura,Pain,BEHAVIORAL: Meditation,Meditation (General),ALL,Adult only,30,OTHER,Interventional,2024,2026,2024,United States
NCT01212497,Virtual Coach for Mindfulness Meditation Training,Completed,No,Mindfulness Training,Well-being / Mental Health,BEHAVIORAL: Mindfulness meditation coaching,Mindfulness (General),ALL,Adult + Older,22,INDUSTRY,Interventional,2010,2010,2010,United States
NCT04264910,CALM Pregnancy: Feasibility of Calm for Pregnant Women,Completed,No,Pregnant Women,Other,BEHAVIORAL: Calm App,Other,FEMALE,Adult + Older,97,OTHER,Interventional,2019,2021,2020,United States
NCT02754557,Physiological Augmentation of Mindfulness Meditation,Completed,Yes,Post Traumatic Stress Disorder,PTSD / Trauma,OTHER: Breath-Focused Meditation|DEVICE: Physiological Feedback,Meditation (General),FEMALE,Adult + Older,65,OTHER,Interventional,2016,2021,2016,United States
NCT03779269,Effect of Preksha Meditation on Cognitive Abilities and Pulmonary Function in Students,Unknown,No,Inattention and Memory|Affect,Other,OTHER: meditation,Meditation (General),ALL,Adult only,142,OTHER,Interventional,2017,2025,2018,United States
NCT03004430,Mantra Meditation in Major Depression,Terminated,No,Depression,Depression,BEHAVIORAL: Mantra Meditation|BEHAVIORAL: Progressive Muscle Relaxation,Meditation (General),ALL,Adult + Older,123,OTHER,Interventional,2017,2020,2016,Germany
NCT06041607,"Shared Meditation Involving People With Cancer, Carers and Third Parties",Completed,No,Patients With Cancer,Cancer,BEHAVIORAL: Shared meditation|BEHAVIORAL: Meditation with patients oly,Meditation (General),ALL,Adult + Older,96,OTHER,Interventional,2024,2024,2023,France
NCT06484283,The Effect of Meditation on Resilience and Spiritual Well-Being Levels,Not Yet Recruiting,No,"Well-Being, Psychological",Well-being / Mental Health,OTHER: Meditation,Meditation (General),FEMALE,Child + Adult,60,OTHER,Interventional,2024,2025,2024,Turkey
NCT07176013,Immersive Virtual Reality Meditation in Voice Therapy,Enrolling By Invitation,No,Voice Disorders,Other,BEHAVIORAL: Voice therapy|BEHAVIORAL: Meditation|DEVICE: Virtual Reality,Meditation (General),ALL,Adult + Older,60,OTHER,Interventional,2025,2026,2025,United States
NCT03624348,The Impact of 8 Weeks of a Digital Meditation Application on Work Stress,Unknown,No,Stress|Psychological|Behavioral Symptoms,Stress / Burnout,BEHAVIORAL: meditation,Meditation (General),ALL,Adult + Older,2000,OTHER,Interventional,2018,2022,2018,United States
NCT01581983,Mindfulness Meditation Format Pilot Study,Completed,No,Posttraumatic Stress Disorder|Depression,Depression,BEHAVIORAL: Internet Mindfulness Meditation|BEHAVIORAL: Individual Mindfulness Meditation,Mindfulness (General),ALL,Adult + Older,8,OTHER,Interventional,2012,2015,2012,United States
NCT03905395,Meditation and Mindfulness for Recurrent Pregnancy Loss,Unknown,No,Recurrent Pregnancy Loss,Pregnancy / Maternal,BEHAVIORAL: Meditation and mindfulness,Mindfulness (General),FEMALE,Adult only,64,OTHER,Interventional,2019,2020,2019,Denmark
NCT04272138,A Brief App-based Mobile Health and Well-being Intervention Among Middle-aged Adults,Completed,No,Meditation|Control Group,Well-being / Mental Health,BEHAVIORAL: Calm Meditation|BEHAVIORAL: Educational Podcast Control,Meditation (General),ALL,Adult only,83,OTHER,Interventional,2020,2020,2020,United States
NCT07379541,Meditation-Based Online Psychological Intervention,Completed,No,Smartphone Addiction,Substance Use,BEHAVIORAL: Mindfulness of Death (MoD) - 16-Day Online Meditation Course|BEHAVIORAL: Mindful Breathi,Mindfulness (General),ALL,Adult only,259,OTHER,Interventional,2025,2025,2026,China
NCT06518616,Meditation to Reduce Firefighter Distress,Recruiting,No,Psychological Distress,Stress / Burnout,BEHAVIORAL: 10-day meditation intervention|BEHAVIORAL: 10-day health education intervention,Meditation (General),ALL,Adult + Older,192,OTHER,Interventional,2024,2027,2024,United States
NCT03527303,The Impact of 8 Weeks of a Digital Meditation Application on Work Stress,Completed,No,"Stress, Psychological|Behavioral Symptoms",Stress / Burnout,BEHAVIORAL: Meditation,Meditation (General),ALL,Adult + Older,1458,OTHER,Interventional,2018,2020,2018,United States
NCT04482647,Breathing Techniques and Meditation for Health Care Workers During COVID-19 Pandemic,Active Not Recruiting,Yes,COVID-19 Infection,Other,OTHER: Media Intervention|PROCEDURE: Meditation Therapy|OTHER: Quality-of-Life Assessment|OTHER: Que,Yoga,ALL,All ages,100,OTHER,Interventional,2020,2027,2020,United States
NCT03495726,Meditation for Pain,Completed,No,Chronic Pain,Pain,BEHAVIORAL: Headspace app,Other,ALL,Adult + Older,115,OTHER,Interventional,2018,2020,2018,United States
NCT04968795,Heartfulness Meditation and Corporate Burnout,Unknown,No,Burnout|Meditation|Stress|Heartfulness,Stress / Burnout,OTHER: Heartfulness Meditation,Meditation (General),ALL,Adult + Older,150,INDUSTRY,Observational,2021,2022,2021,Canada
NCT03723018,Me-GC: A Randomized Controlled Trial of Meditation for Genetic Counselors,Completed,No,Genetic Counseling Profession,Other,BEHAVIORAL: Meditation,Meditation (General),ALL,All ages,605,OTHER,Interventional,2019,2021,2018,United States
NCT04856033,Transcendental Meditation and PTSD,Unknown,No,"Ptsd|Depressive Symptoms|Suicidal Ideation|Alcohol Use, Unspecified",Depression,BEHAVIORAL: TM|BEHAVIORAL: PCT,Other,ALL,Adult + Older,450,OTHER,Interventional,2021,2023,2021,
NCT04786405,"Mindfulness Meditation Versus Clinical Hypnosis for Acute, Experimental Pain",Completed,No,Mindfulness Meditation|Clinical Hypnosis,Well-being / Mental Health,BEHAVIORAL: Mindfulness meditation|BEHAVIORAL: Clinical hypnosis,Mindfulness (General),ALL,Adult + Older,105,OTHER,Interventional,2021,2023,2021,Australia
NCT06631846,Music Therapy and Mindfulness Meditation,Not Yet Recruiting,No,Coronary Artery Bypass Graft Surgery Patients,Other,OTHER: Music therapy|OTHER: Mindfulness meditation|OTHER: Music therapy and mindfulness meditation|O,Mindfulness (General),ALL,Adult + Older,124,OTHER,Interventional,2025,2025,2024,
NCT03894930,Metta Meditation Training on Prosocial Behavior,Completed,No,Social Behavior,Other,BEHAVIORAL: Metta meditation,Meditation (General),ALL,Adult only,67,OTHER,Interventional,2018,2021,2019,United States
NCT00156416,Menopause and Meditation for Breast Cancer Survivors,Completed,No,Menopause,Other,BEHAVIORAL: Mindfulness Meditation,Mindfulness (General),FEMALE,Adult + Older,51,OTHER,Interventional,2005,2010,2005,United States
NCT07005830,"The Impact of Twin Hearts Meditation on Mood, Cognitive Functioning, and EEG Dynamics",Completed,No,Positive Mood States|Negative Mood States|Cognitive Processing Speed|Cognitive Flexibility,Neurological / Cognitive,BEHAVIORAL: Twin Hearts Meditation,Meditation (General),ALL,Adult + Older,28,OTHER,Interventional,2024,2024,2025,United States
NCT05350449,Loving Kindness Meditation Among Adults 50 Years and Older,Completed,Yes,Loneliness,Other,BEHAVIORAL: Loving-kindness Meditation,Loving-Kindness / Compassion,ALL,Adult + Older,59,OTHER,Interventional,2023,2023,2022,United States
NCT01386060,Mindfulness Meditation in Chronic Stress,Completed,No,Aging,Other,OTHER: Mindfulness Meditation Training,Mindfulness (General),ALL,Adult + Older,134,OTHER,Interventional,2011,2017,2011,United States
NCT03162770,Mindfulness Meditation Practice During Hemodialysis,Unknown,No,Emotional Stress|Hemodialysis Complication,Stress / Burnout,BEHAVIORAL: Mindfulness meditation practice,Mindfulness (General),ALL,Adult + Older,50,OTHER,Interventional,2017,2018,2017,Brazil
NCT03414138,Brain Mechanisms Supporting Meditation-based Analgesia,Completed,No,Pain,Pain,BEHAVIORAL: Mindfulness Training|BEHAVIORAL: Book Listening Control,Mindfulness (General),ALL,Adult + Older,40,OTHER,Interventional,2018,2018,2018,United States
NCT01946893,Mindfulness Meditation for Cognition and Mood,Completed,No,"Stress, Psychological",Stress / Burnout,BEHAVIORAL: Mindfulness Meditation|BEHAVIORAL: Education,Mindfulness (General),ALL,Adult + Older,21,OTHER,Interventional,2013,2015,2013,
NCT04225663,A Meditation Intervention on Subconcussive Head Impacts,Completed,No,Head Injury Trauma,PTSD / Trauma,BEHAVIORAL: Guided Meditation,Meditation (General),ALL,Child + Adult,27,OTHER,Interventional,2021,2022,2020,United States
NCT02947074,Meditation Practice in Pediatric Healthcare Professionals,Unknown,No,"Stress, Psychological",Stress / Burnout,BEHAVIORAL: Yoga Meditation,Yoga,ALL,Adult only,60,OTHER,Interventional,2016,2018,2016,Brazil
NCT00248911,The Effect Of Meditation On Quality Of Life In Women With Breast Cancer And Other Gynecological Cancers,Completed,No,Breast Cancers|Gynecologic Cancer,Cancer,BEHAVIORAL: Mindfulness based meditation program,Mindfulness (General),FEMALE,Adult + Older,94,OTHER,Interventional,2003,2010,2005,United States
NCT02194478,Stress Reduction for Busy Professionals,Completed,No,Stress,Stress / Burnout,BEHAVIORAL: Meditation,Meditation (General),ALL,Adult + Older,101,OTHER,Interventional,2013,2014,2014,United States
NCT01962714,Loving-Kindness Meditation for PTSD,Completed,Yes,Posttraumatic Stress Disorder|Depression,Depression,BEHAVIORAL: Loving-Kindness Meditation|BEHAVIORAL: Cognitive Processing Therapy,Loving-Kindness / Compassion,ALL,Adult + Older,184,FED,Interventional,2014,2018,2013,United States
NCT04455971,Orgasmic Meditation and Sleep Quality,Completed,No,Sleep,Sleep / Fatigue,BEHAVIORAL: Orgasmic Meditation,Meditation (General),ALL,Adult + Older,46,INDUSTRY,Observational,2020,2021,2020,United States
NCT01736605,The Effect of Meditation and Massage Therapy for Breast Cancer Patients Undergoing Tissue Reconstruction,Completed,No,Breast Cancer,Cancer,PROCEDURE: Massage|PROCEDURE: Massage combined with meditation,Meditation (General),FEMALE,Adult + Older,40,OTHER,Interventional,2013,2014,2012,United States
NCT03975595,Meditation Effects on Brain Function in Rheumatoid Arthritis,Completed,Yes,Rheumatoid Arthritis,Pain,BEHAVIORAL: Meditation Intervention A|BEHAVIORAL: Meditation Intervention B,Meditation (General),ALL,Adult + Older,44,OTHER,Interventional,2019,2021,2019,United States
NCT03964246,Compassion Meditation for Older Adults,Completed,Yes,Anxiety and Mood Disorders,Anxiety,BEHAVIORAL: Compassion Meditation (CM) intervention|OTHER: Healthy Aging Psychoeducation,Loving-Kindness / Compassion,ALL,Adult + Older,25,FED,Interventional,2019,2022,2019,United States
NCT04570826,A MEDITATION PROGRAM IN HIGH-BURDEN INFORMAL CAREGIVERS,Completed,No,Caregivers Burnout,Stress / Burnout,OTHER: Meditation.|OTHER: Scientific descriptions about meditation.,Meditation (General),ALL,Adult + Older,45,OTHER,Interventional,2019,2020,2020,Spain
NCT05315609,Effects of Virtual Reality Meditation in Older Adults,Completed,No,Older Adults|Stress|Mental Disorder,Stress / Burnout,BEHAVIORAL: VR Meditation,Meditation (General),ALL,Adult + Older,30,OTHER,Interventional,2022,2022,2022,Canada
NCT02581332,The Effects of Mindfulness Meditation on Fibromyalgia-Related Pain,Withdrawn,No,Fibromyalgia,Pain,BEHAVIORAL: Mindfulness Meditation Training,Mindfulness (General),ALL,Adult + Older,0,OTHER,Interventional,2017,2017,2015,United States
NCT00681200,Evaluating Mechanisms of Blood Pressure Reduction Using Meditation in Hypertensive African Americans,Completed,No,Hypertension,Cardiovascular / Metabolic,BEHAVIORAL: Enhanced health education|BEHAVIORAL: Transcendental Meditation program,Transcendental Meditation,ALL,Adult + Older,152,OTHER,Interventional,2008,2012,2008,United States
NCT05154565,Effect of a Daily Meditation Intervention in Student Pharmacists,Completed,No,"Stress, Psychological|Resilience, Psychological|Mindfulness|Meditation|Well-being",Stress / Burnout,BEHAVIORAL: Guided meditation,Meditation (General),ALL,Adult + Older,46,OTHER,Interventional,2021,2022,2021,United States
NCT00370929,A Study of Meditation as a Treatment for Epilepsy,Completed,No,Epilepsy,Neurological / Cognitive,BEHAVIORAL: Meditation,Meditation (General),ALL,Adult + Older,8,OTHER,Interventional,2006,2008,2006,United States
NCT06936293,Effects of Mindfulness Meditation on Hemodialysis Patients,Completed,No,End-Stage Renal Disease|Hemodialysis Complication,Other,BEHAVIORAL: Mindfulness Meditation,Mindfulness (General),ALL,Adult + Older,56,OTHER,Interventional,2024,2025,2025,Kuwait
NCT05390879,Influence of Meditation on Stress and Rumination Following Objective Structured Clinical Examination (OSCE),Completed,No,"Stress, Psychological|Stress, Physiological|Rumination|Exam Stress",Stress / Burnout,OTHER: Meditation|OTHER: Control,Meditation (General),ALL,Adult + Older,480,OTHER,Interventional,2022,2022,2022,France
NCT06232382,A Comparison of Hypnosis and Mindfulness on Reducing Pain in Chronic Pain Patients,Unknown,No,"Hypnosis, Mindfulness Meditation",Well-being / Mental Health,OTHER: Hypnosis audio|OTHER: Mindfulness meditation audio|OTHER: Natural text audio (control audio),Mindfulness (General),ALL,Adult + Older,165,OTHER,Interventional,2024,2025,2024,
NCT06378450,Dose-Response Effects of Mindfulness Meditation,Recruiting,No,"Well-Being, Psychological|Depression",Depression,BEHAVIORAL: Mindfulness meditation guided practice,Mindfulness (General),ALL,Adult + Older,860,OTHER,Interventional,2024,2025,2024,Australia
NCT06704841,Effect of Music and Mindfulness Meditation,Completed,No,Anxiety,Anxiety,BEHAVIORAL: Music in combination with mindfulness,Mindfulness (General),ALL,Adult + Older,9,OTHER,Interventional,2024,2025,2024,United States
NCT00556218,Meditation and Cognitive Function in Women With Breast Cancer,Completed,No,Breast Cancer,Cancer,BEHAVIORAL: Tibetan Meditation Program|BEHAVIORAL: No Meditation,Meditation (General),FEMALE,Adult + Older,47,OTHER,Interventional,2007,2022,2007,United States
NCT00032760,Meditation-Based Treatment for Binge Eating Disorder,Completed,No,Binge Eating Disorder|Obesity,Cardiovascular / Metabolic,BEHAVIORAL: Meditation,Meditation (General),ALL,Adult + Older,160,NIH,Interventional,2002,2004,2002,United States
NCT05304052,Mindfulness Meditation Neuroimaging Study for Undergraduates,Completed,No,"Inflammation|Psychosocial Functioning|Depression, Anxiety",Depression,BEHAVIORAL: Mindfulness Meditation classes,Mindfulness (General),ALL,All ages,49,OTHER,Interventional,2022,2023,2022,United States
NCT03589755,The Impact of Mindfulness Meditation in Veterans With Epilepsy,Withdrawn,No,Epilepsy,Neurological / Cognitive,BEHAVIORAL: Mindfulness meditation,Mindfulness (General),ALL,Adult + Older,0,FED,Interventional,2019,2020,2018,United States
NCT02821611,Student Stress Levels and Management Through Meditation,Completed,No,"Stress, Psychological",Stress / Burnout,BEHAVIORAL: Meditation Group,Meditation (General),ALL,Adult only,46,OTHER,Interventional,2015,2016,2016,United States
NCT04749264,The Influence of Mindfulness Meditation Retreat on Attention to Internal Experience,Completed,No,Attention Impaired|Cognitive Change|Mental Health Issue,Neurological / Cognitive,BEHAVIORAL: Mindfulness meditation retreat,Mindfulness (General),ALL,Adult + Older,142,OTHER,Observational,2020,2022,2021,Israel
NCT00558402,Meditation or Education for Alzheimer Caregivers,Completed,No,Caregivers|Alzheimer's Disease,Neurological / Cognitive,BEHAVIORAL: Meditation|BEHAVIORAL: Education|BEHAVIORAL: Respite only,Meditation (General),ALL,Adult + Older,72,OTHER,Interventional,2007,2011,2007,United States
NCT03844308,Wellness Tool in Anesthesia Providers,Completed,No,"Burnout, Professional|Occupational Stress|Affective Symptoms",Stress / Burnout,BEHAVIORAL: Isha Kriya Meditation,Meditation (General),ALL,Adult + Older,94,OTHER,Interventional,2019,2020,2019,United States
NCT03337061,A Trial of Mindfulness Meditation for Chronic Insomnia,Withdrawn,No,Insomnia,Sleep / Fatigue,OTHER: Mindfulness Meditation,Mindfulness (General),ALL,Adult + Older,0,OTHER,Interventional,2018,2018,2017,
NCT01263743,Relaxation Response Training to Treat Hypertension,Completed,No,Hypertension,Cardiovascular / Metabolic,BEHAVIORAL: Relaxation Response|BEHAVIORAL: Relaxation Response,Other,ALL,Adult + Older,58,OTHER,Interventional,2009,2011,2010,United States
NCT05832645,A Study Investigating the Effects of a Novel Mindfulness Approach on Frequency and Duration of Meditation and Self-Repor,Completed,No,"Health Knowledge, Attitudes, Practice",Other,OTHER: Meditation with guided tea consumption|OTHER: Breathing meditation,Meditation (General),ALL,Adult only,100,INDUSTRY,Interventional,2023,2023,2023,United States
NCT03817593,TM Meditation in Children With ADD/ADHD,Withdrawn,No,Attention Deficit Disorder With Hyperactivity|Attention-Deficit Disorder in Adolescence,Neurological / Cognitive,OTHER: Transcendental Meditation (TM),Transcendental Meditation,ALL,Child only,0,OTHER_GOV,Observational,2021,2022,2019,
NCT07481968,Community-Based Music Mindfulness Intervention on Children,Not Yet Recruiting,No,Mental Health Issue,Well-being / Mental Health,BEHAVIORAL: Meditation,Meditation (General),ALL,Child only,35,OTHER,Interventional,2026,2026,2026,United States
NCT05512650,Virtual Reality and Meditation for Fibromyalgia,Completed,Yes,Fibromyalgia,Pain,DEVICE: Virtual Reality Meditation|DEVICE: Non-VR Meditation,Meditation (General),ALL,Adult + Older,9,OTHER,Interventional,2022,2022,2022,United States
NCT05215314,Brain and Meditation (BAM) Study,Completed,Yes,Stress|Behavior,Stress / Burnout,BEHAVIORAL: mHealth Meditation,Meditation (General),ALL,Adult + Older,150,OTHER,Interventional,2022,2024,2022,United States
NCT04169724,Meditation for Burnout in PA Students,Completed,No,"Burnout, Student|Feasibility",Stress / Burnout,BEHAVIORAL: Calm Meditation,Meditation (General),ALL,Adult + Older,19,OTHER,Interventional,2019,2020,2019,United States
NCT03695627,Stress Free UCR: The Impact of 8 Weeks of Headspace on Stress in a Heterogeneous University Employee Cohort,Completed,No,"Stress, Psychological",Stress / Burnout,BEHAVIORAL: Meditation,Meditation (General),ALL,Adult + Older,165,OTHER,Interventional,2018,2020,2018,United States
NCT02157766,Wisconsin Center for the Neuroscience and Psychophysiology of Meditation,Completed,No,Mindfulness|Compassion|Meditation|Mental Health|Asthma,Well-being / Mental Health,BEHAVIORAL: Intensive Meditation Practice|BEHAVIORAL: Mindfulness Based Stress Reduction|BEHAVIORAL:,Mindfulness (General),ALL,Adult + Older,457,OTHER,Interventional,2014,2019,2014,United States
NCT04932499,Mindfulness Meditation for Surgical Pain and Anxiety,Unknown,No,Knee Osteoarthritis,Pain,OTHER: Standard of Care|OTHER: Mindfulness Meditation,Mindfulness (General),ALL,Adult + Older,32,OTHER,Interventional,2021,2022,2021,Canada
NCT04790162,Heartfulness Meditation to Improve Resilience Among Health Care Students: A 90 Day Program,Unknown,No,"Mental Health Wellness 1|Stress, Psychological|Depression|Anxiety",Depression,BEHAVIORAL: Heartfulness Meditation,Meditation (General),ALL,Adult + Older,150,OTHER,Interventional,2021,2024,2021,United States
NCT04242771,Mindfulness Meditation for Insomnia,Completed,No,Insomnia,Sleep / Fatigue,BEHAVIORAL: Mindfulness,Mindfulness (General),ALL,Adult only,13,OTHER,Interventional,2022,2023,2020,United States
NCT03324659,Meditation and Exercise to Treat Chronic Back Pain,Completed,No,Chronic Low Back Pain,Pain,BEHAVIORAL: Exercise and Meditation|BEHAVIORAL: Control,Meditation (General),ALL,Adult only,42,OTHER,Interventional,2018,2019,2017,United States
NCT01738334,Effects Of The Mindfulness Meditation Practices On Cognition,Completed,No,Attention Deficit Disorder With Hyperactivity,Neurological / Cognitive,BEHAVIORAL: Active comparator (meditation) with healthy subjects|BEHAVIORAL: Meditation,Meditation (General),ALL,Adult only,40,OTHER,Interventional,2012,2012,2012,Brazil
NCT00010738,Effects of Meditation on Mechanism of Coronary Heart Disease,Completed,No,Coronary Heart Disease,Cardiovascular / Metabolic,PROCEDURE: Meditation,Meditation (General),ALL,Adult + Older,145,NIH,Interventional,1999,2002,2001,United States
NCT04506892,Quantitation of Glymphatic Functioning in Sleep and Meditative States,Completed,No,Parkinson Disease|Sleep,Sleep / Fatigue,BEHAVIORAL: Meditation,Meditation (General),ALL,Adult only,75,OTHER,Interventional,2021,2024,2020,United States
NCT05500794,Meditation in Inflammatory Dermatosis,Recruiting,No,Atopic Dermatitis|Psoriasis|Pruritus,Other,OTHER: MBSR (Mindfulness-Based Stress Reduction),MBSR,ALL,All ages,72,OTHER,Interventional,2022,2026,2022,France
NCT02443766,Use of a Functional Neuroimaging Battery for the Evaluation of a Meditation Retreat,Completed,No,Healthy,Healthy Volunteers,OTHER: Meditation Retreat,Meditation (General),ALL,Adult + Older,14,OTHER,Observational,2012,2017,2015,United States
NCT04449913,Changes in Perception and Cognition During a Meditation Retreat,Completed,No,Healthy Volunteers,Healthy Volunteers,BEHAVIORAL: 10 days intensive meditation retreat|BEHAVIORAL: Waiting for a 10 days intensive meditat,Meditation (General),ALL,Adult + Older,58,OTHER,Interventional,2020,2021,2020,France
NCT01532596,Mindfulness Meditation in Older Adults,Completed,No,Aging,Other,BEHAVIORAL: Mindfulness-Based Stress Reduction,MBSR,ALL,Adult + Older,40,OTHER,Interventional,2008,2009,2012,United States
NCT03652220,Meditation Based Lifestyle Modification in Depression,Completed,No,Depressive Disorder,Depression,BEHAVIORAL: Meditation Based Lifestyle Modification|OTHER: Minimal treatment|OTHER: Multimodal speci,Meditation (General),ALL,Adult + Older,81,OTHER,Interventional,2018,2020,2018,Germany
NCT06802692,"Effects of Virtual Reality Glasses and Meditation Music on Anxiety, Pain, Vital Signs, Satisfaction and Pregnancy Outcom",Not Yet Recruiting,No,Being Diagnosed With Primary Infertility|Having Had an Embryo Transfer for the First Time,Other,BEHAVIORAL: VR glasses and meditation music group|BEHAVIORAL: Meditation music group,Meditation (General),FEMALE,Adult + Older,105,OTHER,Interventional,2025,2025,2025,Turkey
NCT05862636,Who Fares Best With Mindfulness Meditation,Recruiting,No,Healthy|Depression|Mental Health Issue,Depression,BEHAVIORAL: Mindfulness Training,Mindfulness (General),ALL,Adult + Older,120,OTHER,Observational,2023,2026,2023,United Kingdom
NCT02366403,Breathing Meditation Intervention for Post Traumatic Stress Disorder,Completed,Yes,"Stress Disorders, Post-Traumatic",PTSD / Trauma,BEHAVIORAL: SKY meditation|BEHAVIORAL: CPT-C,Meditation (General),ALL,Adult + Older,85,FED,Interventional,2015,2020,2015,United States
NCT06635278,Mindfulness Meditation: Alleviating Symptoms and Inflammation in Nurses,Active Not Recruiting,No,Inflammation|Somatization,Immune / Inflammatory,BEHAVIORAL: Mindfulness meditation,Mindfulness (General),ALL,Adult + Older,102,OTHER,Interventional,2024,2024,2024,Jordan
NCT00010530,Basic Mechanisms of Meditation and Cardiovascular Disease in Older Blacks,Completed,No,Cardiovascular Diseases,Cardiovascular / Metabolic,PROCEDURE: Meditation,Meditation (General),ALL,Adult + Older,,NIH,Interventional,1999,2006,2001,United States
NCT05527171,Virtual Reality Mindfulness Meditation After ACL Reconstruction,Recruiting,No,Anterior Cruciate Ligament Injury,Other,BEHAVIORAL: Virtual Reality Mindfulness Meditation|BEHAVIORAL: Virtual Reality Sham,Mindfulness (General),FEMALE,Child + Adult,48,OTHER,Interventional,2023,2026,2022,United States
NCT04034004,Chronic Low Back Pain and Meditation,Completed,Yes,Pain,Pain,BEHAVIORAL: Mindfulness|DRUG: Naloxone|OTHER: Saline|BEHAVIORAL: Meditation,Mindfulness (General),ALL,Adult + Older,88,OTHER,Interventional,2021,2022,2019,United States
NCT01654289,University of Wisconsin Meditation & Exercise Cold Study,Completed,Yes,Acute Respiratory Infection,Respiratory,OTHER: Mindfulness Meditation|OTHER: Exercise,Mindfulness (General),ALL,Adult + Older,413,OTHER,Interventional,2012,2016,2012,United States
NCT04687085,Mindful Meditation for Epidural Catheter Placement,Completed,No,Anxiety|Pain,Pain,OTHER: 10 minute mindful meditation recording,Meditation (General),FEMALE,Adult only,100,OTHER,Interventional,2020,2021,2020,United States
NCT04651296,Compassion Meditation vs. Health Education for Veterans,Completed,No,"Chronic Pain|Stress Disorders, Posttraumatic|Depression",Pain,BEHAVIORAL: compassion meditation|BEHAVIORAL: health education,Loving-Kindness / Compassion,ALL,Adult + Older,142,FED,Interventional,2022,2026,2020,United States
NCT04302623,Meditation and Yoga for Irritable Bowel Syndrome,Completed,No,Yoga|Meditation|Irritable Bowel Syndrome,Well-being / Mental Health,BEHAVIORAL: Yoga,Yoga,ALL,Adult + Older,79,OTHER,Interventional,2021,2022,2020,Canada
NCT01057771,Meditation and Exercise for Prevention of Acute Respiratory Infection,Completed,No,Acute Respiratory Infection,Respiratory,BEHAVIORAL: Meditation|BEHAVIORAL: Exercise,Meditation (General),ALL,Adult + Older,154,OTHER,Interventional,2009,2010,2010,United States
NCT04873661,"Cognitive Trance, Hypnosis and Meditation in Oncology",Active Not Recruiting,No,"Cancer|Distress, Emotional|Pain|Fatigue|Sleep Disturbance|Cognitive Impairment",Cancer,BEHAVIORAL: Hypnosis group intervention|BEHAVIORAL: Cognitive trance group intervention|BEHAVIORAL:,Meditation (General),ALL,Adult + Older,160,OTHER,Interventional,2021,2025,2021,Belgium
NCT00165282,Mindfulness Meditation in Bone Marrow Transplantation,Completed,No,Hematologic Malignancy|Bone Marrow Transplantation|Stem Cell Transplantation,Other,BEHAVIORAL: Mindfulness training|BEHAVIORAL: Nurse education,Mindfulness (General),ALL,Adult + Older,241,OTHER,Interventional,2005,2011,2005,United States
NCT06768450,Online Meditation for Mild Cognitive Impairment and Mild Dementia,Not Yet Recruiting,No,Mild Cognitive Impairment (MCI)|Dementia,Neurological / Cognitive,BEHAVIORAL: Online mindfulness meditation,Mindfulness (General),ALL,Adult + Older,32,OTHER,Interventional,2025,2026,2025,
NCT05409508,Psychological Management by Meditation of Full COnscience in Virtual REality of People With Amyotrophic Lateral Sclerosi,Unknown,No,Lateral Sclerosis Amyotrophy|Mindfulness Meditation,Well-being / Mental Health,OTHER: mindfulness meditation care|OTHER: no mindfulness meditation care,Mindfulness (General),ALL,Adult + Older,46,OTHER_GOV,Interventional,2022,2023,2022,
NCT02344537,Meditation and Stretching for Post Treatment Lyme Disease Syndrome,Terminated,Yes,Post Treatment Lyme Disease Syndrome,Other,BEHAVIORAL: Kundalini Yoga,Yoga,ALL,Adult + Older,26,OTHER,Interventional,2015,2019,2015,United States
NCT07261839,"Effect of Visualized Meditation on Anxiety, Pain, and Comfort in Patients Undergoing Endoscopy",Enrolling By Invitation,No,Endoscopy|Pain|Comfort|Randomized Controlled Trial,Pain,OTHER: Visualized meditation,Meditation (General),ALL,Adult + Older,72,OTHER,Interventional,2025,2025,2025,Turkey
NCT01964664,Mindfulness Meditation for Subjects With Severe Speech and Physical Impairments,Completed,No,Physical Impairments|Cerebral Palsy|Cerebral Ataxia|locked-in Syndrome,Other,BEHAVIORAL: Mindfulness Meditation Training|BEHAVIORAL: Audio Group,Mindfulness (General),ALL,Adult + Older,8,OTHER,Interventional,2013,2016,2013,United States
NCT06306469,Changes in Microbiota in Healthy Subjects Before and After Meditation Practices in a Controlled Environment,Completed,No,Healthy,Healthy Volunteers,OTHER: Meditation practice,Meditation (General),ALL,Adult + Older,27,OTHER,Interventional,2022,2024,2024,United States
NCT04386291,Meditation and Kundalini Yoga for Heightened Anxiety Related to COVID-19,Completed,Yes,Generalized Anxiety|Health Anxiety,Anxiety,BEHAVIORAL: Anxiety Reduction Training|BEHAVIORAL: Kundalini Yoga and Anxiety Reduction Training|BEH,Yoga,ALL,Adult + Older,256,OTHER,Interventional,2020,2022,2020,United States
NCT07470619,Meditation for Chemotherapy-Induced Nausea and Vomiting in Women With Breast Cancer,Completed,No,Nausea and Vomiting Chemotherapy-Induced|Meditation Training,Well-being / Mental Health,BEHAVIORAL: Twin Heart Meditation,Meditation (General),FEMALE,Adult + Older,102,OTHER,Interventional,2016,2016,2026,Cyprus
NCT04349605,Meditation and Kundalini Yoga for Persistent Lyme-related Symptoms - an Online Study,Withdrawn,No,Post-Treatment Lyme Disease,Other,BEHAVIORAL: Meditation|BEHAVIORAL: Kundalini Yoga,Yoga,ALL,Adult + Older,0,OTHER,Interventional,2021,2023,2020,
NCT04031716,Comprehensive Study of Post-surgical Pain After Pectus or Spine Surgery,Active Not Recruiting,No,"Pain, Postoperative|Excavatum, Pectus|Scoliosis Idiopathic",Pain,BEHAVIORAL: Meditation,Meditation (General),ALL,All ages,600,OTHER,Interventional,2018,2025,2019,United States
NCT02162329,Effects of Meditation on Cognitive Function and Quality of Life,Completed,No,Breast Cancer,Cancer,BEHAVIORAL: Questionnaires|PROCEDURE: Electroencephalography (EEG)|PROCEDURE: Magnetic Resonance Ima,Meditation (General),FEMALE,Adult + Older,35,OTHER,Interventional,2013,2022,2014,United States
NCT07310992,Effect of Meditation as an Adjunct to Cardiac Rehabilitation,Not Yet Recruiting,No,High Blood Pressure (& [Essential Hypertension])|Meditation Training|Rehabilitation Exercise,Cardiovascular / Metabolic,BEHAVIORAL: Meditation|PROCEDURE: Standard Cardiac Rehabilitation,Meditation (General),ALL,Adult + Older,80,OTHER,Interventional,2026,2028,2025,
NCT00090506,Yoga for Treating People at Risk for Diabetes or With Both HIV and Depression,Completed,No,HIV Infections|Diabetes|Depression,Depression,BEHAVIORAL: Yoga,Yoga,ALL,Child + Adult,50,NIH,Interventional,2004,2007,2004,India
NCT06872502,Meditation and Psychophysical Well-Being in Elderly,Recruiting,No,Loneliness|Psychophysical Well-being,Well-being / Mental Health,BEHAVIORAL: Mindfulness-Based Meditation (Integral Meditation - IM),Mindfulness (General),ALL,Adult + Older,60,OTHER,Interventional,2025,2025,2025,Italy
NCT04390828,Effectiveness of Guided Imagery Meditation in Patients With Laparoscopic Gallstone Surgery,Completed,No,Gallstone,Other,BEHAVIORAL: Guided Imagery Meditation,Meditation (General),ALL,Adult + Older,68,OTHER,Interventional,2019,2022,2020,Taiwan
NCT06562478,Effects of Zazen Meditation in Patients With Acute Myocardial Infarction - Randomized Clinical Trial,Recruiting,No,Heart Rate Variability|Acute Myocardial Infarction,Cardiovascular / Metabolic,BEHAVIORAL: Zazen Meditation,Meditation (General),ALL,Adult + Older,44,OTHER,Interventional,2024,2026,2024,Brazil
NCT01211418,Integrative Meditation (IM) for Cocaine Addiction,Completed,No,Cocaine Addiction,Substance Use,BEHAVIORAL: Integrative Meditation|BEHAVIORAL: Supportive Counseling,Meditation (General),ALL,Adult + Older,66,OTHER,Interventional,2009,2012,2010,United States
NCT05961995,Heartfulness Meditation (HFM) in Cyclic Vomiting Syndrome (CVS),Completed,Yes,Cyclic Vomiting Syndrome,Other,BEHAVIORAL: Heartfulness meditation,Meditation (General),ALL,Adult + Older,45,OTHER,Interventional,2022,2024,2023,United States
NCT06717399,Effect of Telehealth Mindfulness on Sleep and Anxiety in Acquired Brain Injury Population,Completed,Yes,Acquired Brain Injury,Neurological / Cognitive,OTHER: Mindfulness meditation,Mindfulness (General),ALL,Adult + Older,12,OTHER,Interventional,2025,2025,2024,United States
NCT07280078,"Yoga, Meditation and Mindful Eating Intervention in University Students",Not Yet Recruiting,No,"Stress, Psychological|Anxiety|Depression|Mindfulness|Well-being",Depression,"BEHAVIORAL: Yoga, Meditation, and Mindful Eating",Yoga,ALL,Adult + Older,60,OTHER,Interventional,2026,2026,2025,
NCT06151821,Examining the Influence of Guided Meditation on Diabetes-related Distress and Glycemic Control,Completed,No,Type 1 Diabetes Mellitus,Cardiovascular / Metabolic,BEHAVIORAL: Guided meditation,Meditation (General),ALL,Child + Adult,68,OTHER,Interventional,2023,2023,2023,Pakistan
NCT06237530,Interoception and Body Scan,Completed,No,Healthy,Healthy Volunteers,BEHAVIORAL: Visceral body scan (VBS)|BEHAVIORAL: Somatosensory body scan (SBS)|BEHAVIORAL: External,Meditation (General),ALL,Adult + Older,48,OTHER,Interventional,2023,2023,2024,Spain
NCT06014281,Examining the Effects of Regular Brief Internet-based Meditation Practice on Mental Health and Well Being,Active Not Recruiting,No,"Healthy|Well-Being, Psychological",Well-being / Mental Health,BEHAVIORAL: SOS Meditation,Meditation (General),ALL,Adult + Older,300,OTHER,Interventional,2023,2025,2023,United States
NCT04446143,Effects on Mindfulness Meditation on Patient's Satisfaction During Urodynamic Study,Completed,No,Personal Satisfaction,Other,BEHAVIORAL: Mindfulness meditation,Mindfulness (General),ALL,Adult + Older,60,OTHER,Interventional,2020,2021,2020,United States
NCT05215899,Effects Of Mindfulness-Based Yoga And Meditation Colorectal Cancer,Unknown,No,Quality of Life,Well-being / Mental Health,OTHER: MINDFULNESS-BASED YOGA AND MEDITATION,Yoga,ALL,All ages,45,OTHER,Interventional,2021,2022,2022,Turkey
NCT02887300,Mantra Meditation to Reduce Emotional Exhaustion in Emergency Department Staff,Unknown,No,Psychological Stress,Stress / Burnout,BEHAVIORAL: Mantra Meditation,Meditation (General),ALL,Adult + Older,58,OTHER,Interventional,2017,2017,2016,Ireland
NCT03895346,Mental Training for Adults With Mild Cognitive Impairment,Completed,No,Mild Cognitive Impairment|Aging,Neurological / Cognitive,BEHAVIORAL: Mindfulness|BEHAVIORAL: Brain Games and Puzzles,Mindfulness (General),ALL,Adult + Older,22,OTHER,Interventional,2019,2021,2019,United States
NCT07587372,Reducing Problematic Internet Use and Improving Well-Being in Adolescents Through Online Yoga Meditation: A Randomized C,Completed,No,Problematic Internet Use|Mental Wellbeing,Well-being / Mental Health,BEHAVIORAL: Sahaja Yoga Meditation Program|OTHER: Waitlist control group,Yoga,FEMALE,Child + Adult,204,OTHER,Interventional,2025,2025,2026,United States
NCT05139979,Yogic Breathing and Guided Meditation for Long Covid Symptoms,Completed,No,COVID-19|Stress|Shortness of Breath,Stress / Burnout,BEHAVIORAL: Breathing and Wellness Webinar|OTHER: Routine Daily Activity,Breathwork,ALL,Adult + Older,189,OTHER,Interventional,2021,2024,2021,United States
NCT03229902,Mantra Meditation in Subjects That Have Chronically Impaired Attention After Stroke,Completed,No,Stroke Sequelae,Other,BEHAVIORAL: mantra meditation,Meditation (General),ALL,Adult + Older,3,OTHER,Interventional,2017,2018,2017,United States
NCT02676531,Walking Meditation Exercise in Breast Cancer Patients,Completed,No,Breast Cancer,Cancer,OTHER: Exercise,Other,FEMALE,Adult + Older,30,OTHER,Interventional,2015,2017,2016,Thailand
NCT05645042,Transcendental Meditation in Veterans and First Responders With PTSD,Terminated,No,PTSD,PTSD / Trauma,BEHAVIORAL: Transcendental Meditation (TM)|BEHAVIORAL: Present Centered Therapy (PCT),Transcendental Meditation,ALL,Adult + Older,55,OTHER,Interventional,2022,2024,2022,United States
NCT05697094,Impact of Meditation on Improving Quality of Life Among Glaucoma Patients: An Electronic Pilot Feasibility Study,Unknown,No,Glaucoma|Depression|Anxiety|Sleep Disorder|Quality of Life,Depression,BEHAVIORAL: Meditation to Remove Stress and Create A Proper System in Mind,Meditation (General),ALL,Adult + Older,100,OTHER,Interventional,2023,2024,2023,Canada
NCT05607381,Neural Mechanisms of Meditation for Opioid-Treated Chronic Low Back Pain,Recruiting,No,Low Back Pain|Opioid Use,Pain,BEHAVIORAL: Meditation|OTHER: Usual care,Meditation (General),ALL,Adult + Older,150,OTHER,Interventional,2022,2027,2022,United States
NCT05748223,The Effect of Mindfulness Meditation During Dental Implant Surgery,Completed,No,Mindfulness|Dental Implant,Well-being / Mental Health,OTHER: Mindfulness Meditation,Mindfulness (General),ALL,Adult + Older,42,OTHER,Interventional,2022,2023,2023,Turkey
NCT03115359,Strategies to Assist With Management of Pain,Completed,Yes,Chronic Low Back Pain,Pain,BEHAVIORAL: Mindfulness Based Therapy|BEHAVIORAL: Cognitive Behavioral Therapy,Mindfulness (General),ALL,Adult + Older,770,OTHER,Interventional,2017,2023,2017,United States
NCT06916312,Comparing Effects of Intense Breathwork to Meditation on Altered States of Consciousness,Completed,No,Altered States of Consciousness|Wellbeing,Well-being / Mental Health,BEHAVIORAL: High ventilation breathwork|BEHAVIORAL: Meditation,Meditation (General),ALL,Adult + Older,24,OTHER,Interventional,2025,2025,2025,United Kingdom
NCT03737279,Daily Meditation Program in Women Admitted to the Antepartum Unit,Completed,No,"Pregnancy, High Risk|Pregnancy Related",Pregnancy / Maternal,BEHAVIORAL: Meditation|BEHAVIORAL: Routine Care,Meditation (General),FEMALE,Adult + Older,56,OTHER,Interventional,2019,2020,2018,United States
NCT02339363,Effects of Sitting Meditation and Hatha Yoga in Adolescents,Completed,No,Anxiety|Psychological Stress,Anxiety,BEHAVIORAL: Sitting Meditation|BEHAVIORAL: Hatha yoga,Yoga,ALL,Child only,198,OTHER,Interventional,2013,2013,2015,
NCT03747640,Self Transcranial Direct Current Stimulation and Mindfulness-based Meditation for Pain in Older Adults With Knee Osteoar,Completed,Yes,Knee Osteoarthritis,Pain,DEVICE: Self Transcranial Direct Current Stimulation (tDCS)|BEHAVIORAL: mindfulness-based meditation,Mindfulness (General),ALL,Adult + Older,30,OTHER,Interventional,2018,2019,2018,United States
NCT04167852,Mindfulness Meditation and Bariatric Surgery,Withdrawn,No,"Opioid Use|Bariatric Surgery Candidate|Pain, Postoperative",Pain,BEHAVIORAL: Daily text message|BEHAVIORAL: Mindfulness intervention,Mindfulness (General),ALL,Adult + Older,0,OTHER,Interventional,2019,2021,2019,United States
NCT04586309,Improving the Mental Health of Resident Physicians and Fellows Through Transcendental Meditation,Withdrawn,No,"Burnout, Professional|Stress, Psychological|Depression|Job Stress",Depression,BEHAVIORAL: Transcendental meditation,Transcendental Meditation,ALL,All ages,0,OTHER,Interventional,2021,2021,2020,
NCT04586699,Meditation Accelerated Brain Stimulation for Depression,Active Not Recruiting,No,Depression,Depression,DEVICE: Medi1TMS|DEVICE: Medi2TMS,Other,ALL,Adult + Older,50,OTHER,Interventional,2021,2026,2020,United States
NCT01577329,Mindfulness Mediation Intervention in Chronic Obstructive Pulmonary Disease (COPD),Completed,Yes,Chronic Obstructive Pulmonary Disease,Other,BEHAVIORAL: Mindfulness meditation,Mindfulness (General),ALL,Adult + Older,41,OTHER,Interventional,2011,2015,2012,United States
NCT01607632,Loving-kindness Meditation for Posttraumatic Stress Disorder (PTSD),Completed,No,Posttraumatic Stress Disorder,PTSD / Trauma,BEHAVIORAL: loving-kindness meditation,Loving-Kindness / Compassion,ALL,Adult + Older,42,OTHER,Interventional,2010,2011,2012,United States
NCT00071292,Meditation-Based Stress Reduction in Rheumatoid Arthritis,Completed,No,Rheumatoid Arthritis,Pain,BEHAVIORAL: stress reduction program|BEHAVIORAL: meditation,Meditation (General),ALL,Adult + Older,80,NIH,Interventional,2003,2005,2003,United States
NCT03366909,Mindfulness Meditation and Cannabis Dependence : Therapy Effectiveness,Unknown,No,Addiction|Cannabis Use|Cannabis Dependence,Substance Use,BEHAVIORAL: Mindfulness based relapse prevention (MBRP)|BEHAVIORAL: classic therapy,Mindfulness (General),ALL,Adult only,40,OTHER,Interventional,2018,2020,2017,
NCT00778960,Mechanistic Pathways of Mindfulness Meditation in Post-traumatic Stress Disorder.,Completed,No,Post-Traumatic Stress Disorders,PTSD / Trauma,BEHAVIORAL: Slow Breathing|BEHAVIORAL: Meditation|BEHAVIORAL: Meditation and slow breathing|BEHAVIOR,Meditation (General),ALL,Adult + Older,102,OTHER,Interventional,2009,2014,2008,United States
NCT05027113,App-Based Mindfulness Meditation for People of Color Who Experience Race-Related Stress,Completed,No,"Stress, Psychological|Anxiety|Depression|Rumination|Emotional Regulation|Mindfulness|Self-Compassion",Depression,BEHAVIORAL: Mindfulness meditation,Mindfulness (General),ALL,Adult + Older,155,OTHER,Interventional,2021,2022,2021,United States
NCT06583395,Quest to Analyze One Thousand Humans Meditating,Enrolling By Invitation,No,"Amyotrophic Lateral Sclerosis (ALS)|Angina, Stable|Anxiety|Asthma|Atrial Fibrillation|Cancer Brain|C",Cancer,BEHAVIORAL: Advanced multi-component meditation practice,Meditation (General),ALL,Adult + Older,3000,INDUSTRY,Observational,2021,2025,2024,United States
NCT00600561,Mindfulness Meditation Training in HIV,Completed,No,HIV Infections,Other,BEHAVIORAL: MBSR,MBSR,ALL,Adult + Older,50,OTHER,Interventional,2005,2008,2008,United States
NCT06626425,Well-being Training for Adolescent Depressive Symptoms (TeenWell Study),Recruiting,No,Depression,Depression,OTHER: Healthy Minds Program App|OTHER: Hydro Coach App,Other,ALL,Child + Adult,200,OTHER,Interventional,2024,2027,2024,United States
NCT01857492,tDCS for the Management of Chronic Visceral Pain in Patients With Chronic Pancreatitis,Withdrawn,No,Chronic Pancreatitis|Pain,Pain,DEVICE: tDCS|BEHAVIORAL: Meditation,Meditation (General),ALL,Adult + Older,0,OTHER,Interventional,2013,2014,2013,United States
NCT02455947,IBSR Meditation Technique for Teachers' Burnout,Completed,No,"Burnout, Professional",Stress / Burnout,OTHER: Inquiry Based Stress Reduction (IBSR),Other,ALL,Adult only,60,OTHER,Interventional,2013,2015,2015,
NCT04089618,Meditation Based Lifestyle Modification in Chronic Pain,Completed,No,"Pain, Chronic",Pain,BEHAVIORAL: MBLM,Other,ALL,Adult + Older,22,OTHER,Interventional,2019,2020,2019,Germany
NCT07059416,The Effect of Mindful Hand Hygiene Practice on Self-Care Perception and Self-Compassion Levels of Oncology Nurses; Mixed,Completed,No,Mindfulness Meditation|Selfcompassion,Well-being / Mental Health,BEHAVIORAL: Oncology nurses carried out hand hygiene awareness activities with positive affirmation,Breathwork,ALL,Adult + Older,44,OTHER,Interventional,2025,2025,2025,Turkey
NCT00842738,Can Alternative Treatment Have an Impact on Cervical Dysplasia?,Unknown,No,Cervical Dysplasia,Other,BEHAVIORAL: Mindfulness meditation|OTHER: No meditation|OTHER: Controls,Mindfulness (General),FEMALE,Adult only,200,OTHER,Interventional,2009,2011,2009,Denmark
NCT03581357,Mobile Mindfulness Meditation Intervention to Improve the Well-Being of Cancer Survivors,Completed,No,"Cancer, Other Than Non-melanoma Skin Cancer",Cancer,BEHAVIORAL: Mobile Mindfulness Meditation|BEHAVIORAL: Mindfulness Coach,Mindfulness (General),ALL,Adult + Older,302,OTHER,Interventional,2019,2023,2018,United States
NCT06866288,Belongingness in Nursing Through Mindfulness - BEING Mindful: A Pilot Study,Completed,No,Mindfulness|Sense of Belonging,Well-being / Mental Health,BEHAVIORAL: Meditation|BEHAVIORAL: Yoga,Yoga,ALL,Adult + Older,32,OTHER,Interventional,2025,2025,2025,United States
NCT07435220,Robot-Assisted Meditation for Older Adults With Cognitive Concerns,Not Yet Recruiting,No,Cognitive Impairment|Sleep,Sleep / Fatigue,BEHAVIORAL: Robot-Guided Meditation|BEHAVIORAL: Audio-Guided Control,Meditation (General),ALL,Adult + Older,100,OTHER,Interventional,2026,2027,2026,
NCT03652168,Stress Free UC Merced: The Effect of 8 Weeks of Mindfulness App Headspace on Stress in a Sample of University Employees,Unknown,No,Stress|Psychological Distress,Stress / Burnout,BEHAVIORAL: Meditation,Meditation (General),ALL,Adult + Older,200,OTHER,Interventional,2018,2020,2018,United States
NCT01592188,Cognitively-Based Compassion Training and Mindfulness Attention Training Program,Completed,No,Behavioral Resilience|Biological Resilience,Well-being / Mental Health,BEHAVIORAL: Cognitively-Based Compassion Training (CBCT)|BEHAVIORAL: Mindfulness training,Loving-Kindness / Compassion,ALL,Child only,53,OTHER,Interventional,2012,2013,2012,United States
NCT03622697,Effects of Mindfulness Meditation on Facial Paralysis Patients,Withdrawn,No,Facial Paralysis,Other,BEHAVIORAL: Mindfulness Meditation Phone Application,Mindfulness (General),ALL,Adult + Older,0,OTHER,Interventional,2021,2022,2018,United States
NCT06351774,Project AdaPT: An Adaptive Physiotherapy Intervention Augmented With a Healthy Mind Training Program for People With Chr,Completed,No,Back Pain Lower Back Chronic|Disability Physical,Pain,BEHAVIORAL: Physical therapy,Other,ALL,Adult + Older,13,OTHER,Interventional,2022,2024,2024,United States
NCT04078464,Affective and Cognitive Responses to Acute Bouts of Physical Activity and Mindfulness Training,Completed,No,Sedentary Behavior,Other,OTHER: Mindfulness Training Alone|OTHER: Acute Physical Activity Alone|OTHER: Acute Physical Activit,Mindfulness (General),ALL,Adult + Older,32,OTHER,Interventional,2019,2019,2019,United States
NCT02170350,Brief Mindful Meditation Practice in Improving Quality of Life in Patients With Cancer Undergoing Radiation Therapy,Terminated,No,Malignant Neoplasm,Cancer,PROCEDURE: Meditation therapy|OTHER: Quality-of-life assessment|OTHER: Questionnaire administration,Meditation (General),ALL,Adult + Older,17,OTHER,Interventional,2014,2016,2014,United States
NCT07379944,Guided Visualization Meditation for Reducing Surgical Stress Response in Cardiac Surgery Patients,Not Yet Recruiting,No,Cardiac Surgery|Surgical Stress Response|Coronary Artery Disease|Postoperative Stress|Anxiety,Anxiety,BEHAVIORAL: Guided Visualization Meditation,Meditation (General),ALL,Adult + Older,72,OTHER,Interventional,2026,2027,2026,Turkey
NCT02721108,Mindfulness Meditation for Chronic Pelvic Pain Management,Completed,No,Chronic Pelvic Pain,Pain,BEHAVIORAL: Mindfulness meditation|BEHAVIORAL: Relaxation app,Mindfulness (General),FEMALE,Adult + Older,90,OTHER,Interventional,2016,2017,2016,United Kingdom
NCT03873194,Meditation as Complementary Treatment for Chronic Hypertension in Pregnancy,Completed,No,"Hypertension, Pregnancy-Induced|Hypertension in Pregnancy|Hypertension",Cardiovascular / Metabolic,OTHER: Meditation|OTHER: conventional treatment,Meditation (General),FEMALE,Adult only,47,OTHER,Interventional,2019,2021,2019,Brazil
NCT04793698,Multisite Feasibility of Compassion Meditation for Veterans With Posttraumatic Stress Disorder (PTSD),Completed,No,Posttraumatic Stress Disorder,PTSD / Trauma,OTHER: Compassion meditation|BEHAVIORAL: Applied relaxation,Loving-Kindness / Compassion,ALL,Adult + Older,113,OTHER,Interventional,2021,2026,2021,United States
NCT01775995,Meditation-CBT for Opioid-treated Chronic Low Back Pain,Completed,Yes,Chronic Pain|Low Back Pain,Pain,BEHAVIORAL: Meditation-CBT Intervention + Usual Care|OTHER: Usual Care Alone,Meditation (General),ALL,Adult + Older,35,OTHER,Interventional,2013,2013,2013,United States
NCT04058262,Impact of Meditation and Reiki on Assisted Reproduction Techniques Outcomes,Unknown,No,Infertility,Other,OTHER: Meditation presential|OTHER: Reiki|OTHER: Meditation (app)|OTHER: round of conversation,Meditation (General),FEMALE,Adult only,80,OTHER,Interventional,2020,2021,2019,Brazil
NCT05223348,Examining the Role of Perceived Body Boundaries and Spatial Frame of Reference in the Effect of a Mindfulness Meditation,Completed,No,Eating Behavior,Other,OTHER: Meditation practice,Meditation (General),ALL,Adult + Older,81,OTHER,Interventional,2021,2022,2022,Canada
NCT03463980,"Compassion Meditation and ReliefLink App for Suicidal, Low-Income, African Americans",Terminated,No,Suicidal Ideation,Other,BEHAVIORAL: Compassion meditation (CM)|BEHAVIORAL: Support group (SG),Loving-Kindness / Compassion,ALL,Adult only,456,OTHER,Interventional,2010,2021,2018,United States
NCT05253092,The Effects of Mindfulness Meditation on Sleep Quality and Perceived Stress,Completed,No,Sleep,Sleep / Fatigue,OTHER: Virtual mindfulness meditation,Mindfulness (General),ALL,Adult + Older,30,OTHER,Interventional,2022,2022,2022,United States
NCT01506323,Mantram Repetition Meditation for Veterans With PTSD,Completed,Yes,"Stress Disorders, Post-Traumatic",PTSD / Trauma,BEHAVIORAL: Mantram Repetition Program (MRP)|BEHAVIORAL: Present Centered Therapy (PCT),Other,ALL,Adult + Older,181,FED,Interventional,2012,2015,2012,United States
NCT01548742,Meditation Interventions for Treatment of PTSD in Veterans,Completed,Yes,"Stress Disorders, Post-Traumatic",PTSD / Trauma,BEHAVIORAL: Mindfulness-Based Stress Reduction (MBSR)|BEHAVIORAL: Present-Centered Group Therapy (PC,MBSR,ALL,Adult + Older,116,FED,Interventional,2012,2014,2012,United States
NCT00981643,Effects of Meditation on Multiple Sclerosis and Peripheral Neuropathy,Completed,No,Multiple Sclerosis|Peripheral Neuropathy,Neurological / Cognitive,BEHAVIORAL: Meditation instruction and practice,Meditation (General),ALL,All ages,40,OTHER,Interventional,2009,2010,2009,United States
NCT07173608,Transforming Adolescent Perception and Mental Health Through Meditation and Cognitive Reappraisal A Mixed Method Study,Not Yet Recruiting,No,Meditation|Cognitive Reappraisal|Emotional Regulation,Neurological / Cognitive,BEHAVIORAL: Inner Engineering Program,Other,ALL,Child + Adult,96,OTHER,Interventional,2026,2028,2025,
NCT07417579,Mindfulness and Meditation-Based Relapse Prevention for Substance Use Disorders,Completed,No,Substance Use Disorders|Behavioral Health|Addiction Psychological|Addiction Disorders|Meditation|Min,Stress / Burnout,BEHAVIORAL: Mindfulness and Meditation-Based Relapse Prevention Program,Mindfulness (General),ALL,Adult + Older,3,INDUSTRY,Observational,2015,2016,2026,United States
NCT03714204,Effects of Transcendental Meditation on Physician Burnout and Depression,Completed,No,"Burnout, Professional|Depression|Insomnia|Perceived Stress|Resilience",Depression,BEHAVIORAL: Transcendental Meditation technique,Transcendental Meditation,ALL,Adult + Older,40,OTHER,Interventional,2015,2016,2018,United States
NCT05138952,The Mindful Media Project,Completed,No,Problematic Internet Use,Other,BEHAVIORAL: Mindfulness Meditation,Mindfulness (General),ALL,Adult only,26,OTHER,Interventional,2021,2021,2021,Australia
NCT04378530,Mindfulness Takes Practice,Completed,No,Stress|Habits,Stress / Burnout,BEHAVIORAL: Personalized Anchoring Strategy|BEHAVIORAL: Non-Anchoring Strategy Control|BEHAVIORAL: F,Other,ALL,Adult only,174,OTHER,Interventional,2020,2021,2020,United States
NCT03727815,Effects of Mindfulness Meditation on Rhinoplasty Outcomes,Withdrawn,No,Nose Deformity,Other,OTHER: Mindfulness Pain Management Arm|OTHER: Mindfulness Self Esteem Arm,Mindfulness (General),ALL,Adult + Older,0,OTHER,Interventional,2021,2022,2018,United States
NCT02596490,Couple-Based Meditation for Metastatic Lung Cancer Patients and Their Partners,Recruiting,No,Lung Cancer,Cancer,BEHAVIORAL: Questionnaires|BEHAVIORAL: Meditation and Discussion Sessions|BEHAVIORAL: Cancer-Related,Meditation (General),ALL,Adult + Older,300,OTHER,Interventional,2016,2026,2015,United States
NCT05805670,Preoperative Yoga and Meditation for Pediatric Idiopathic Scoliosis Surgery,Completed,No,Juvenile and Adolescent Idiopathic Scoliosis,Other,OTHER: Yoga and Mindfulness,Yoga,ALL,Child only,20,OTHER,Interventional,2023,2024,2023,France
NCT04072406,A Self-Directed Mindfulness Meditation Intervention in Gynecologic Cancer Patients,Terminated,No,Stage III Gynecologic Cancer|Stage IV Gynecologic Cancer,Cancer,OTHER: Mindfulness meditation|OTHER: Usual care packet,Mindfulness (General),FEMALE,Adult + Older,21,OTHER,Interventional,2019,2020,2019,United States
NCT07088367,Virtual Reality Meditation on Anxiety in Cancer Patients Receiving Chemotherapy,Completed,No,Anxiety|Cancer,Cancer,BEHAVIORAL: Virtual reality meditation|BEHAVIORAL: Virtual Reality Videos,Meditation (General),ALL,Adult + Older,89,OTHER,Interventional,2024,2025,2025,Turkey
NCT06051500,Psychological and Physiological Effects of Different Objects of Breath Meditation,Completed,No,Physiological Stress|Psychological Stress|Emotions,Stress / Burnout,BEHAVIORAL: Nostril focus followed by belly focus|BEHAVIORAL: Belly focus followed by nostril focus,Other,ALL,Adult + Older,96,OTHER,Interventional,2023,2024,2023,United States
NCT03023215,Brief Guided Relaxation for Women Undergoing Stereotactic Breast Biopsy,Completed,No,Meditation for Breast Biopsy,Well-being / Mental Health,PROCEDURE: Meditation|PROCEDURE: Electroencephalogram|BEHAVIORAL: Questionnaires|PROCEDURE: Heart Ra,Meditation (General),FEMALE,Adult + Older,84,OTHER,Interventional,2012,2022,2017,United States
NCT02615535,Neurofeedback-enhanced Mindfulness Meditation in Traumatic Brain Injury,Completed,Yes,Traumatic Brain Injury,PTSD / Trauma,DEVICE: EEG neurofeedback-assisted meditation|DEVICE: Non-EEG feedback-assisted meditation,Meditation (General),ALL,Adult + Older,25,OTHER,Interventional,2015,2019,2015,United States
NCT00310986,Breathing Meditation With Methylphenidate for the Treatment of Attention Deficit Hyperactivity Disorder,Unknown,No,Attention Deficit Disorder With Hyperactivity,Neurological / Cognitive,BEHAVIORAL: Breathing Meditation,Meditation (General),ALL,Child only,22,OTHER,Interventional,2006,2011,2006,Thailand
NCT02791464,Transcendental Meditation and Reduced Trauma Symptoms in Women Inmates,Completed,No,"Stress Disorders, Post-Traumatic",PTSD / Trauma,BEHAVIORAL: Transcendental Meditation program,Transcendental Meditation,FEMALE,All ages,22,OTHER,Interventional,2014,2014,2016,
NCT02133209,MRI Outcomes of Mindfulness Meditation for Migraine,Completed,No,Migraine,Pain,BEHAVIORAL: Mindfulness Based Stress Reduction|BEHAVIORAL: Stress Management for Headaches,Mindfulness (General),ALL,Adult + Older,98,OTHER,Interventional,2014,2018,2014,United States
NCT03402009,Comparison of Mindfulness Meditation Tools For College Students,Unknown,No,Stress|Anxiety,Anxiety,BEHAVIORAL: Apps|BEHAVIORAL: EEG neurofeedback,Other,ALL,All ages,140,OTHER,Interventional,2018,2019,2018,United States
NCT06064994,"Impact Of Mindfulness Meditation On Pain, Quality Of Sleep, Self-Esteem",Completed,No,ESRD,Other,BEHAVIORAL: Mindfulness meditation,Mindfulness (General),ALL,Adult + Older,60,OTHER,Interventional,2023,2023,2023,Jordan
NCT03528863,Web-based Mindfulness Meditation in Reducing Distress in Participants With Metastatic Gastrointestinal Cancer and Their,Completed,No,Caregiver|Metastatic Gastrointestinal Carcinoma,Cancer,BEHAVIORAL: Online Mindfulness Meditation|OTHER: Questionnaire Administration,Mindfulness (General),ALL,Adult + Older,68,OTHER,Interventional,2018,2019,2018,United States
NCT04859686,Acupuncture and Mindfulness Based Stress Reduction for Wellness,Completed,No,PTSD,PTSD / Trauma,BEHAVIORAL: Mindfulness-Based Stress Reduction|PROCEDURE: Acupuncture Treatment,MBSR,FEMALE,Adult + Older,77,FED,Interventional,2008,2010,2021,
NCT07523594,Virtual Reality Supported Mindfulness Meditation After Cardiovascular Surgery,Completed,No,Cardiovascular Surgery|Postoperative Recovery|Anxiety|Stress|Virtual Reality|Mindfulness,Anxiety,BEHAVIORAL: Virtual Reality-Supported Mindfulness Meditation,Mindfulness (General),ALL,Adult + Older,34,OTHER,Interventional,2025,2026,2026,Turkey
NCT01527955,"Kelee® Meditation: A Distinctive and Effective Therapeutic Intervention for Stress, Anxiety, and Depression",Completed,No,Stress|Anxiety|Depression,Depression,OTHER: Kelee Meditation,Meditation (General),ALL,Adult + Older,47,OTHER,Interventional,2008,2011,2012,United States
NCT03087006,Automatic Self Transcending Meditation (ASTM) in Patients With Dry Eye Disease,Unknown,No,Eye Diseases|Quality of Life|Depression|Anxiety,Depression,OTHER: Automatic Self Transcending Meditation (ASTM)|OTHER: Treatment as Usual,Meditation (General),ALL,Adult + Older,256,OTHER,Interventional,2018,2020,2017,Canada
NCT03558594,Hypnosis and Meditation for Cancer Pain,Unknown,No,Pain Related to Cancer|Cancer of Head and Neck,Cancer,BEHAVIORAL: Hypnosis|BEHAVIORAL: Mindfulness,Mindfulness (General),ALL,Adult + Older,30,FED,Interventional,2018,2020,2018,United States
NCT02123901,The Effect of Walking Meditation Training on Glycemic Control and Vascular Function in Patients With Type 2 Diabetes,Completed,No,Type 2 Diabetes,Cardiovascular / Metabolic,OTHER: Walking Meditation|OTHER: Walking|OTHER: No exercise,Meditation (General),ALL,Adult + Older,33,OTHER,Interventional,2013,2015,2014,Thailand
NCT02391298,An Online Self-Guided Meditation Course for Individuals With Multiple Sclerosis,Completed,No,Multiple Sclerosis,Neurological / Cognitive,BEHAVIORAL: Mindfulness Meditation,Mindfulness (General),ALL,Adult + Older,26,OTHER,Interventional,2014,2016,2015,United States
NCT05498077,Immediate Effects of a 10-minute Body Scan Meditation on People Who Has Central Sensitization,Unknown,No,Chronic Pain,Pain,PROCEDURE: Body scan meditation,Meditation (General),ALL,Adult + Older,15,NETWORK,Interventional,2021,2022,2022,United States
NCT03417635,"Meditation Strategies, Attention, and Mobility in Older Adults",Completed,No,Mobility Limitation,Other,BEHAVIORAL: Guided focused attention|BEHAVIORAL: Acoustic music,Other,ALL,Adult + Older,43,OTHER,Interventional,2019,2019,2018,Canada
NCT03086980,Automatic Self Transcending Meditation (ASTM) Versus Usual Care in Patients With Glaucoma,Unknown,No,Glaucoma|Depression|Anxiety|Quality of Life,Depression,OTHER: Automatic Self Transcending Meditation|OTHER: Treatment as Usual,Meditation (General),ALL,Adult + Older,142,OTHER,Interventional,2017,2019,2017,Canada
NCT04483310,Meditation-Relaxation (MR Therapy) for Sleep Paralysis.,Unknown,No,Sleep Paralysis|Narcolepsy Type 1,Sleep / Fatigue,BEHAVIORAL: MR therapy.|BEHAVIORAL: breathing-distraction exercise,Breathwork,ALL,Adult + Older,20,OTHER_GOV,Interventional,2018,2022,2020,Italy
NCT01558258,A Mindfulness Meditation-Based Intervention for Younger Breast Cancer Survivors,Completed,No,Younger Breast Cancer Survivors,Cancer,BEHAVIORAL: Mindful Awareness practices (MAPs),Other,FEMALE,Child + Adult,71,OTHER,Interventional,2011,2014,2012,United States
NCT00010608,Clinical Trial of Meditation for Cardiovascular Disease in Older Black Women,Completed,No,Cardiovascular Diseases,Cardiovascular / Metabolic,BEHAVIORAL: Transcendental Meditation|BEHAVIORAL: Health Education,Transcendental Meditation,FEMALE,Adult + Older,196,NIH,Interventional,1999,2006,2001,United States
NCT03945214,The Impact of 8 Weeks of Digital Meditation Application and Healthy Eating Program on Work Stress and Health Outcomes,Completed,Yes,"Stress|Psychological|Behavioral Symptoms|Sleep|Health Behavior|Weight, Body",Stress / Burnout,BEHAVIORAL: Meditation|BEHAVIORAL: Healthy Eating|BEHAVIORAL: Meditation + healthy eating,Meditation (General),ALL,Adult + Older,163,OTHER,Interventional,2019,2021,2019,United States
NCT01352871,The Effects of Concentration/Meditation on the Innate Immune Response During Human Endotoxemia,Completed,No,Innate Immune Response,Immune / Inflammatory,BEHAVIORAL: Concentration / meditation|DRUG: lipopolysaccharide,Meditation (General),MALE,Adult only,1,OTHER,Observational,2011,2011,2011,Netherlands
NCT06858267,The Impact of Meditation on Anxiety and Post-Operative Pain in Pediatric Patients Undergoing Urological Surgery,Not Yet Recruiting,No,Pediatric Kidney Disease,Other,BEHAVIORAL: PeSSKi questionnaire survey|BEHAVIORAL: Meditation Video,Meditation (General),ALL,Child + Adult,60,OTHER,Interventional,2025,2028,2025,United States
NCT00663585,Intensive Meditation and Migraines: Effects on Health and Well Being,Completed,No,Chronic Daily Headache,Pain,BEHAVIORAL: Vipassana Meditation,Meditation (General),ALL,Adult + Older,36,OTHER,Interventional,2008,2014,2008,United States
NCT05180643,Mindfulness Meditation (MBSR) and Parkinson's Disease (PD),Completed,No,Parkinson Disease,Neurological / Cognitive,BEHAVIORAL: Mindfulness-Based Stress Reduction-based program (MBSR).,MBSR,ALL,Adult + Older,31,OTHER,Interventional,2020,2021,2022,France
NCT07267351,Determining the Effect of the ThetaHealing Meditation Method Given During the Antenatal Period on Labor Pain and Fear in,Enrolling By Invitation,No,Pregnancy|Meditation|Midwifery Support|Labor Pain|Childbirth,Pain,BEHAVIORAL: ThetaHealing Meditation Method,Meditation (General),FEMALE,Adult only,40,OTHER,Observational,2025,2027,2025,Cyprus
NCT05003050,Energy Therapy and Meditation Based Practice for Sleep Difficulties,Completed,No,Liver Diseases,Other,OTHER: Meditation|OTHER: Pranic Healing,Meditation (General),ALL,Child + Adult,10,OTHER,Interventional,2021,2022,2021,United Kingdom
NCT06505226,Music Mindfulness Study 2a.,Recruiting,No,Mental Health Issue|COVID-19,Well-being / Mental Health,BEHAVIORAL: in person meditation|BEHAVIORAL: in person meditation using headphones|BEHAVIORAL: virtu,Meditation (General),ALL,Adult + Older,70,OTHER,Interventional,2024,2026,2024,United States
NCT05343975,Evaluating the Value of Audio-guided Meditation During Breast Biopsy Procedures,Completed,No,Breast Disease,Other,PROCEDURE: biopsy with audio-guided Meditation,Meditation (General),FEMALE,Adult + Older,225,OTHER,Observational,2022,2023,2022,France
NCT06210035,Effects of Heart Rate Oscillations During Meditation on Plasma Biomarkers of Alzheimer's Disease,Completed,Yes,Alzheimer Disease,Neurological / Cognitive,BEHAVIORAL: Belly-focus meditation|BEHAVIORAL: Belly-focus meditation with slow breathing,Meditation (General),ALL,Adult only,94,OTHER,Interventional,2024,2024,2024,United States
NCT01975896,Mindfulness Training to Promote Healthy Diet and Physical Activity in Teens,Completed,No,Overweight|Obesity,Cardiovascular / Metabolic,BEHAVIORAL: Meditation,Meditation (General),ALL,Child only,53,OTHER,Interventional,2014,2015,2013,United States
NCT06144138,Impact of Breathing Exercises and Meditation on Reducing Stress and Improving Quality of Life of Glaucoma Patients: An E,Unknown,No,Glaucoma|Stress|Quality of Life,Stress / Burnout,BEHAVIORAL: Breathing Exercises followed by Meditation,Meditation (General),ALL,Adult + Older,60,OTHER,Interventional,2024,2025,2023,Canada
NCT03817489,Mindfulness Meditation and Qigong for Colorectal Cancer Survivors,Unknown,No,Colorectal Cancer,Cancer,BEHAVIORAL: Baduanjin qigong|BEHAVIORAL: Mindfulness meditation,Mindfulness (General),ALL,Adult + Older,189,OTHER,Interventional,2017,2020,2019,Hong Kong
NCT07386769,Interpersonal Brain Function in Opioid Use,Recruiting,No,People Who Use Opioids/People With Opioid Use Disorder (OUD),Substance Use,BEHAVIORAL: Meditation|BEHAVIORAL: Psychoeducation,Meditation (General),ALL,Adult + Older,60,OTHER,Interventional,2026,2027,2026,United States
NCT07470632,Effect of Twin Hearts Meditation and Mandala Coloring on Exam Anxiety in Nursing Students,Completed,No,Exam Anxiety,Anxiety,BEHAVIORAL: Twin Heart Meditation|BEHAVIORAL: Mandala Coloring,Meditation (General),ALL,All ages,100,OTHER,Interventional,2025,2025,2026,Cyprus
NCT03344081,Evaluating Multivariate MRI Maps of Body Awareness,Completed,No,Attention,Other,,Other,ALL,Adult + Older,16,OTHER,Observational,2016,2019,2017,United States
NCT07437365,Theta- and Alpha-Tuned Meditation for Negative Symptoms in Schizophrenia,Completed,No,Schizophenia Disorder,Other,DEVICE: Alpha binaural beats|DEVICE: Theta binaural beats,Other,ALL,Adult + Older,90,OTHER,Interventional,2025,2025,2026,Lebanon
NCT00000546,Stress Reduction and Atherosclerotic CVD in Blacks,Completed,No,Cardiovascular Diseases|Heart Diseases|Hypertension|Vascular Diseases|Coronary Disease,Cardiovascular / Metabolic,BEHAVIORAL: meditation,Meditation (General),ALL,Adult + Older,,NIH,Interventional,1994,2005,1999,
NCT03503669,Reducing Risk for Alzheimer's Disease in High-Risk Women Through Yogic Meditation Training,Completed,Yes,Mild Cognitive Impairment|Alzheimer's Disease,Neurological / Cognitive,BEHAVIORAL: Memory Training|BEHAVIORAL: Kundalini yoga and meditation,Yoga,FEMALE,Adult + Older,100,OTHER,Interventional,2018,2021,2018,United States
NCT02800720,Meditation Awareness Training for the Treatment of Fibromyalgia Syndrome,Completed,No,Fibromyalgia Syndrome,Pain,BEHAVIORAL: Meditation Awareness Training|BEHAVIORAL: Cognitive Behavioral Therapy for Groups,Meditation (General),ALL,Adult + Older,148,OTHER,Interventional,2012,,2016,
NCT01135810,Functional Magnetic Resonance Imaging (MRI) of Hypnosis and Mindfulness Meditation,Completed,No,Hypnosis,Other,BEHAVIORAL: Hypnosis|BEHAVIORAL: Meditation,Meditation (General),ALL,All ages,102,OTHER,Observational,2009,2011,2010,United States
NCT06367023,Effectiveness of Brahma Kumaris Raja Yoga Meditation on Quality of Life of Youth in the Deaddiction Center of Biratnagar,Unknown,No,Prevalence|Depression|Happiness|Quality of Life|Anxiety,Depression,BEHAVIORAL: Rajyoga Meditation Practice,Yoga,MALE,Adult only,160,OTHER,Interventional,2024,2025,2024,Nepal
NCT06779526,Effect of Four-Week Wellness Program on Work Engagement Burnout and Sleep in a Healthcare Organization (WEBS),Completed,No,Sleep|Burnout|Work Engagement,Stress / Burnout,OTHER: Heartfulness Meditation,Meditation (General),ALL,Adult + Older,117,OTHER,Interventional,2024,2024,2025,United States
NCT05836129,Lowering Stress Levels of Women in Lebanon,Completed,No,Stress|Resilience|Self Efficacy|Happiness,Stress / Burnout,BEHAVIORAL: Transcendental Meditation (TM) practice|OTHER: Stress reduction class (online),Transcendental Meditation,FEMALE,Adult + Older,109,OTHER,Interventional,2023,2023,2023,Lebanon
NCT07510256,Effects of Breathwork and Meditation on Addiction Recovery,Completed,No,Addiction|Addiction Disorders,Substance Use,BEHAVIORAL: SKY Breathing Program,Breathwork,ALL,Adult + Older,100,OTHER,Interventional,2024,2025,2026,United States
NCT06895824,Somatic Tracking for Tinnitus,Recruiting,No,Tinnitus,Other,OTHER: Mindfulness Meditation,Mindfulness (General),ALL,Adult + Older,100,OTHER,Interventional,2024,2025,2025,United Kingdom
NCT04160429,Biospecimen Analysis in Detecting Chemical Concentrations in Patients With Chronic or Infectious Diseases Receiving Medi,Recruiting,No,Chronic Disease|Infectious Disorder,Other,PROCEDURE: Biospecimen Collection|OTHER: Medical Chart Review|OTHER: Questionnaire Administration,Other,ALL,Adult + Older,100,OTHER,Observational,2018,2029,2019,United States
NCT01983930,Memory Training Versus Yogic Meditation Training in Older Adults With Mild Cognitive Impairment,Completed,Yes,Mild Cognitive Impairment,Neurological / Cognitive,BEHAVIORAL: Kundalini yoga and meditation|BEHAVIORAL: Memory Training,Yoga,ALL,Adult + Older,81,OTHER,Interventional,2013,2016,2013,United States
NCT02006199,Effect of Mindfulness Based Treatment for Obsessive-compulsive Disorder,Withdrawn,No,Obsessive-compulsive Disorder,Other,BEHAVIORAL: mindfulness meditation,Mindfulness (General),ALL,Child + Adult,0,OTHER,Interventional,2013,2014,2013,South Korea
NCT05949177,Graded Exposure and Mindfulness Meditation for Patients Post-ACL Reconstruction,Recruiting,No,Anterior Cruciate Ligament Injuries,Other,BEHAVIORAL: Graded Exposure and Mindfulness Meditation|BEHAVIORAL: Waitlist Control,Mindfulness (General),ALL,Child + Adult,50,OTHER,Interventional,2024,2026,2023,United States
NCT00611260,Improvement in Clinical Outcomes in Heart Failure Patients With ICDs That Practice Meditation,Completed,No,Congestive Heart Failure|Cardiac Resynchronization Therapy,Cardiovascular / Metabolic,BEHAVIORAL: Vipassana Meditation practice and instruction|OTHER: Standard Medical Care,Meditation (General),ALL,Adult + Older,27,OTHER,Interventional,2007,2012,2008,United States
NCT03161197,Pain Relief Intervention of Meditation in Renal Disease (PRIMER),Completed,No,Chronic Kidney Diseases|Renal Disease|Chronic Kidney Failure|End Stage Renal Disease,Other,BEHAVIORAL: Mindfulness-Based Stress Reduction,MBSR,ALL,Adult + Older,24,OTHER,Interventional,2015,2017,2017,
NCT02400593,Health Experiences & Early Life Disadvantages,Completed,No,Early Life Adversity|Chronic Stress,Stress / Burnout,BEHAVIORAL: Meditation Workshop,Meditation (General),ALL,Adult only,113,OTHER,Interventional,2015,2016,2015,United States
NCT06625697,Mindfulness Training and Respiration Biosignal Feedback - Study 1,Completed,No,Psychological Distress|Develop a Respiration Biosignal Feedback Algorithm|Utilize Respiration Algori,Stress / Burnout,BEHAVIORAL: Mindfulness Meditation,Mindfulness (General),ALL,Adult only,80,INDUSTRY,Interventional,2024,2025,2024,United States
NCT03754920,Prolonged Fasting With Meditation and Mild Physical Exercise,Unknown,No,Fasting,Other,BEHAVIORAL: prolonged fasting,Other,ALL,Adult + Older,45,OTHER,Interventional,2018,2019,2018,China
NCT06165653,Guided Meditation During Radiation Therapy for Brain Tumors,Recruiting,No,Brain Neoplasms,Cancer,"BEHAVIORAL: 10 to 15-Minute, Audio-Recorded Guided Mediation Practice",Other,ALL,Adult + Older,30,OTHER,Interventional,2024,2028,2023,United States
NCT01865123,A Randomized Controlled Trial of Meditation Compared to Exposure Therapy and Education Control on PTSD in Veterans,Completed,No,Post-traumatic Stress Disorder,PTSD / Trauma,BEHAVIORAL: Transcendental Meditation|BEHAVIORAL: Prolonged Exposure|BEHAVIORAL: Educational control,Transcendental Meditation,ALL,Adult + Older,200,FED,Interventional,2013,2016,2013,United States
NCT01643369,The Sounds of Compassion: Testing How Specific Elements of Meditation Change Daily Life,Completed,No,Immune System Processes|Inflammatory Activation and Modulation|ANS Function,Immune / Inflammatory,BEHAVIORAL: Cognitive-Based Compassion Training|BEHAVIORAL: Adult Health Education Curriculum|BEHAVI,Loving-Kindness / Compassion,ALL,Adult only,32,OTHER,Interventional,2012,2014,2012,United States
NCT04790929,Assessing the Effects of the Muse Meditation System on Cognition and Well-being,Completed,No,Cognitive Change,Neurological / Cognitive,DEVICE: Muse|BEHAVIORAL: Meditation Coaching,Meditation (General),ALL,Adult + Older,150,OTHER,Interventional,2021,2022,2021,Canada
NCT07014982,Remote Assessment of Digital Neurologic Testing,Not Yet Recruiting,No,Neurology,Neurological / Cognitive,BEHAVIORAL: Guided Meditation,Meditation (General),ALL,Adult + Older,40,OTHER,Interventional,2026,2026,2025,United States
NCT05916651,Promoting Resilience in Youth Through Mindfulness mEditation,Recruiting,No,Internalizing Problems,Other,BEHAVIORAL: Learning to Offset Stress (LOS) (in Dutch: Leren Omgaan met Stress) training|BEHAVIORAL:,Other,ALL,Child + Adult,155,OTHER,Interventional,2023,2026,2023,Netherlands
NCT06673589,Brain-to-brain Synchrony in Ss With Different Levels of Social Interaction,Recruiting,No,Social Dynamics,Other,BEHAVIORAL: Transcendental Meditation,Transcendental Meditation,ALL,Adult only,30,OTHER,Observational,2024,2025,2024,United States
NCT04039568,"Meditation Versus Education for Improving Depression in Chronic Pain, a Randomized Controlled Trial",Completed,No,Chronic Pain|Depression,Pain,BEHAVIORAL: Health Enhancement Program (HEP)|BEHAVIORAL: Sahaj Samadhi Meditation (SSM),Meditation (General),ALL,Adult + Older,108,OTHER,Interventional,2019,2023,2019,Canada
NCT02125942,Central Meditation and Imagery Therapy for Augmentation of Borderline Personality Disorder Treatment,Completed,No,Borderline Personality Disorder,Other,BEHAVIORAL: Central Meditation and Imagery Therapy,Meditation (General),ALL,Adult + Older,15,OTHER,Interventional,2014,2015,2014,United States
NCT03168789,Tension Tamer Randomized Control Trial,Completed,No,Pre-hypertension,Cardiovascular / Metabolic,BEHAVIORAL: Tension Tamer (TT)|BEHAVIORAL: Lifestyle education program (SPCTL),Other,ALL,Adult + Older,80,OTHER,Interventional,2016,2019,2017,United States
NCT01929161,Study of Wellness Behaviors as a Function of Oxytocin vs Placebo,Completed,No,Sustained Positive Emotions|Sustained Positive Behavior Change,Other,DRUG: Oxytocin|DRUG: Placebo (for oxytocin)|BEHAVIORAL: Lovingkindness Meditation|BEHAVIORAL: Mindfu,Mindfulness (General),ALL,Adult only,239,OTHER,Interventional,2013,2014,2013,United States
NCT04155216,A Guided Meditation Program in Patients Undergoing Dialysis,Completed,No,End Stage Renal Disease,Other,BEHAVIORAL: Relaxation and guided imagery program,Other,ALL,Adult + Older,10,OTHER,Interventional,2020,2020,2019,United States
NCT07378748,Effect of Bedtime Mindfulness Meditation on Anxiety and Spiritual Well-Being in Hemodialysis Patients,Completed,No,Chronic Kidney Disease|Hemodialysis|Anxiety|Spiritual Well-being,Anxiety,BEHAVIORAL: Bedtime Meditation Based on Mindfulness (BM-BOM)|BEHAVIORAL: Passive Rest (Control),Mindfulness (General),ALL,Adult + Older,58,OTHER,Interventional,2025,2025,2026,Indonesia
NCT00768781,Mindfulness-Based Approaches to Insomnia,Completed,No,Insomnia,Sleep / Fatigue,BEHAVIORAL: Mindfulness-Based Stress Reduction|BEHAVIORAL: Mindfulness-Based Therapy for Insomnia|BE,MBSR,ALL,Adult + Older,54,OTHER,Interventional,2008,2013,2008,United States
NCT06950905,Contemplative Practice for Well-being and Self-Deconstruction in Women,Recruiting,No,Mental Health|Self Concept|Body Dissatisfaction|Compassion|Self-Perception|Mindfulness Meditation|Me,Well-being / Mental Health,BEHAVIORAL: Feeding your demons practice|BEHAVIORAL: Mindfulness practice,Mindfulness (General),FEMALE,Adult only,122,OTHER,Interventional,2025,2028,2025,Spain
NCT03696056,Improving Brain Function After Breast Cancer Study,Completed,No,Breast Cancer Survivors,Cancer,BEHAVIORAL: Kirtan Kriya meditation|BEHAVIORAL: Music listening program,Meditation (General),ALL,Adult + Older,36,OTHER,Interventional,2018,2020,2018,United States
NCT03166072,Health Education vs Meditation in Irreversible Age-Related Vision Loss Patients and Their Caregivers,Not Yet Recruiting,No,"Low Vision, One Eye, Unspecified Eye|Low Vision Blindness",Other,OTHER: Meditation|OTHER: Health Enhancement Program,Meditation (General),ALL,Adult + Older,150,OTHER,Interventional,2026,2027,2017,Canada
NCT06806891,Restless Leg Syndrome: Is There a Response to Buddhist Walking Meditation in Hemodialysis,Recruiting,No,Hemolysis|Restless Legs Syndrome,Other,BEHAVIORAL: Buddhist walking meditation,Meditation (General),ALL,Adult + Older,40,OTHER,Interventional,2024,2025,2025,Egypt
NCT01629914,Executive Functioning and Mindfulness in Adults With Attention Deficit/Hyperactivity Disorder Imaging,Withdrawn,No,Attention-deficit/Hyperactivity Disorder,Other,BEHAVIORAL: Mindfulness Meditation,Mindfulness (General),ALL,Adult only,0,OTHER,Interventional,2012,2013,2012,
NCT05239429,Improving the Mental Health and Well Being of Healthcare Providers Through the Transcendental Meditation Technique,Completed,No,Burnout|Insomnia|Well Being,Stress / Burnout,BEHAVIORAL: Transcendental Meditation Technique,Transcendental Meditation,ALL,Adult + Older,130,OTHER,Interventional,2020,2021,2022,United States
NCT04883541,Effects of Yoga and Meditation on The Birth Process,Completed,Yes,"Birth, First|Labor Pain|State Anxiety|Self Efficacy",Pain,BEHAVIORAL: yoga and meditation|BEHAVIORAL: Birth preparation training,Yoga,FEMALE,Adult only,153,OTHER,Interventional,2016,2018,2021,
NCT07255417,"The Effect of Visualized Meditation on Anxiety, Pain, and Comfort in Patients Undergoing Colonoscopy",Completed,No,Colonoscopy|Pain Management|Comfort|Randomised Controlled Trial,Pain,OTHER: Visualized meditation group,Meditation (General),ALL,Adult + Older,72,OTHER,Interventional,2025,2025,2025,Turkey
NCT02149810,Automatic Self Transcending Meditation Versus Treatment as Usual,Completed,Yes,Major Depressive Disorder,Depression,BEHAVIORAL: Automatic Self Transcending Meditation,Meditation (General),ALL,Adult + Older,95,OTHER,Interventional,2014,2017,2014,Canada
NCT00878735,The Effects of a Meditation Retreat on Healthy Volunteers and Cancer Patients: an fMRI Study,Completed,No,Healthy|Cancer,Cancer,BEHAVIORAL: Zen meditation,Meditation (General),ALL,Adult + Older,96,OTHER,Interventional,2008,,2009,Brazil
NCT00564317,KIDNET vs Meditation/Relaxation - a Dissemination Randomized Controlled Trial for the Treatment of Traumatized Children,Completed,No,Post-Traumatic Stress Disorders,PTSD / Trauma,BEHAVIORAL: KIDNET|BEHAVIORAL: Meditation/Relaxation,Meditation (General),ALL,Child only,48,OTHER,Interventional,2004,2006,2007,Germany
NCT03296007,Evaluating the Psychophysiological Effects of a Smartphone-Based Mindfulness Task,Completed,No,"Chronic Pain|Depression, Anxiety",Pain,BEHAVIORAL: Mindfulness Meditation,Mindfulness (General),ALL,Adult + Older,2016,OTHER,Interventional,2017,2020,2017,Canada
NCT03786055,Somatic Yoga and Meditation for Cancer Survivors With Pain From Neuropathy,Completed,No,Cancer Survivor|Pain|Chemotherapy Induced Peripheral Neuropathy|Function|Fall Risk|Balance|Quality o,Cancer,BEHAVIORAL: Somatic Yoga and Meditation (SYM),Yoga,ALL,Adult + Older,18,OTHER,Interventional,2018,2019,2018,United States
NCT02467660,Meditation or Health & Wellness Education Via Internet for Adults 50-80 Years Old,Completed,No,"Stress, Physiological|Stress, Psychological",Stress / Burnout,BEHAVIORAL: Mindfulness Meditation|BEHAVIORAL: Health & Wellness Education,Mindfulness (General),ALL,Adult + Older,64,OTHER,Interventional,2015,2019,2015,United States
NCT06342817,Effects of Meditation on Sleep Quality of Medical Students,Unknown,No,Sleep Disorder,Sleep / Fatigue,BEHAVIORAL: online mindfulness based meditation program,Mindfulness (General),ALL,Adult + Older,136,OTHER,Interventional,2023,2024,2024,Brazil
NCT02164708,Healthy Student Initiative,Completed,No,Depressive Self-Criticism,Depression,BEHAVIORAL: Mindfulness Meditation,Mindfulness (General),ALL,All ages,71,OTHER,Interventional,2012,2013,2014,Canada
NCT05577377,OM and Trauma Study,Completed,No,PTSD,PTSD / Trauma,BEHAVIORAL: Orgasmic Meditation,Meditation (General),ALL,Adult + Older,28,INDUSTRY,Interventional,2022,2024,2022,United States
NCT07437092,Facilitating Psychological Closure and Emotional Change Through Mindfulness Meditation,Not Yet Recruiting,No,Unresolved Event Memories|Psychological Closure,Other,BEHAVIORAL: Mindfulness Meditation|BEHAVIORAL: Mind-Wandering Task,Mindfulness (General),ALL,Adult + Older,220,OTHER,Interventional,2026,2027,2026,Canada
NCT07441122,Enhancing Attention in Elderly Using a Brain-Computer-Interface,Not Yet Recruiting,No,Mild Cognitive Impairment (MCI),Neurological / Cognitive,DEVICE: transcranial electrical stimulation|BEHAVIORAL: Mindfulness Meditation,Mindfulness (General),ALL,Adult + Older,100,OTHER,Interventional,2026,2029,2026,United States
NCT03206437,Effect of Mindfulness Meditation on Physiological Response to Unpredictable Stimuli,Completed,No,Anxiety Disorders|Generalized Anxiety Disorder|Social Anxiety Disorder|Panic Disorder|Post Traumatic,Anxiety,BEHAVIORAL: Mindfulness-Based Stress Reduction|BEHAVIORAL: Waitlist,MBSR,ALL,Adult + Older,45,OTHER,Interventional,2017,2022,2017,United States
NCT05724277,The Effect of Mindfulness Meditation and Virtual Reality on Laparoscopic Cholecystectomy Patients,Completed,No,Gall Bladder Disease|Laparoscopic Cholecystectomy,Other,BEHAVIORAL: Mindfulness Meditation|BEHAVIORAL: Virtual Reality,Mindfulness (General),ALL,Adult + Older,160,OTHER,Interventional,2022,2024,2023,Turkey
NCT02578433,Mindful Self Compassion in Rehabilitation Inpatients,Completed,No,Meditation|Progressive Muscle Relaxation,Well-being / Mental Health,BEHAVIORAL: Mindful Self Compassion|BEHAVIORAL: Progressive Muscle Relaxation,Loving-Kindness / Compassion,ALL,Adult + Older,200,OTHER,Interventional,2015,2016,2015,Austria
NCT02936726,"Examining Exercise, Health Coaching and Meditation for University Employees",Terminated,No,Motor Activity,Other,"BEHAVIORAL: Exercise, Health Coaching and Meditation|BEHAVIORAL: Exercise and Health Coaching",Meditation (General),ALL,Adult + Older,60,OTHER,Interventional,2016,2017,2016,Canada
NCT06094400,Pain and Stress Detection and Relief in People With Dementia,Unknown,No,Dementia|Chronic Pain|Perceived Stress,Pain,OTHER: Meditation|OTHER: Control,Meditation (General),ALL,Adult + Older,60,OTHER,Interventional,2023,2024,2023,
NCT06704282,Assessing the Impact of VR-Based Observational Mindfulness Meditation on Stress Reduction in Adults,Not Yet Recruiting,No,Stress|Anxiety|Depression,Depression,BEHAVIORAL: VR Mindfulness Meditation Program,Mindfulness (General),ALL,Adult + Older,34,OTHER,Interventional,2024,2025,2024,United States
NCT05035758,Transcendental Meditation and Yoga: Short- and Long-term Effects in Cardiac Rehabilitation Patients - a Pilot Study,Completed,No,"Cardiovascular Diseases|Vascular Diseases|Stress, Psychological",Stress / Burnout,OTHER: Transcendental Meditation|OTHER: Yoga,Yoga,ALL,Adult + Older,30,OTHER,Interventional,2019,2020,2021,Austria
NCT04855968,The Effect of Mindfulness/Meditation on Post-operative Pain and Opioid Consumption,Terminated,No,Rotator Cuff Tears,Other,OTHER: In addition to standard post-op medication patient will have access to the head space meditat,Meditation (General),ALL,Adult + Older,55,OTHER,Interventional,2020,2021,2021,United States
NCT07462962,Effects of Mindfulness Meditation Training on Anxiety and Sleep Quality of Patients With Hematopoietic Stem Cell Transpl,Completed,No,Hematopoietic Stem Cell Transplantation (HSCT)|Cancer and / or Hematological Malignancy,Cancer,BEHAVIORAL: Mindfulness Meditation Training,Mindfulness (General),ALL,All ages,70,OTHER,Observational,2025,2025,2026,China
NCT03459781,Compassion Meditation for Cancer Survivor-Caregiver Dyads,Completed,No,Cancer Survivors|Informal Cancer Caregivers (Family and Friends of Cancer Survivors),Cancer,BEHAVIORAL: Cognitively-Based Compassion Training|BEHAVIORAL: CHE (Cancer Health Education),Loving-Kindness / Compassion,ALL,Adult + Older,82,OTHER,Interventional,2018,2020,2018,United States
NCT03059095,Study of Yoga and Mindfulness for Psychological and Physical Wellness,Completed,No,Psychological Trauma|PTSD,PTSD / Trauma,BEHAVIORAL: Yoga & Meditation,Yoga,ALL,Adult + Older,335,OTHER,Interventional,2016,2018,2017,
NCT03937856,Smartphone Mindfulness Meditation for Patients With Rheumatic Diseases,Terminated,No,Inflammatory Arthritis|Scleroderma|Myositis|Sjogren's Syndrome|Systemic Lupus Erythematosus|Vasculit,Pain,BEHAVIORAL: Calm- Mindfulness Meditation smartphone application,Mindfulness (General),ALL,Adult + Older,49,OTHER,Interventional,2019,2021,2019,United States
NCT02600637,Wellness Programs for Brain-Injured Individuals,Completed,Yes,Depression|Anxiety|Stroke,Depression,BEHAVIORAL: MBSR|BEHAVIORAL: Brain Health class,MBSR,ALL,Adult + Older,37,FED,Interventional,2015,2018,2015,United States
NCT06957743,Mechanisms of Mindfulness Meditation and Self-Hypnosis for Pain in Older Adults With Chronic Pain,Recruiting,No,Chronic Pain,Pain,BEHAVIORAL: Mindfulness Meditation|BEHAVIORAL: Therapeutic Hypnosis|BEHAVIORAL: Story Listening,Mindfulness (General),ALL,Adult + Older,375,OTHER,Interventional,2026,2029,2025,United States
NCT00226863,Meditation and Hypnosis for Chronic Depressed Mood,Completed,No,Long Term Depressed Mood,Other,BEHAVIORAL: meditation plus education|BEHAVIORAL: group psychotherapy with hypnosis plus education|B,Meditation (General),ALL,Adult + Older,,OTHER,Interventional,,,2005,
NCT03056105,The Psychobiological Effects of Participation in a One-Month Insight Meditation Retreat,Completed,No,Aging,Other,OTHER: Residential Insight Meditation Retreat,Meditation (General),ALL,Adult + Older,66,OTHER,Observational,2013,2014,2017,United States
NCT05335850,Yoga for Mental Health in Parkinson's Patients,Completed,No,Stress|Anxiety|Depression|Parkinson Disease,Depression,BEHAVIORAL: Isha Kriya|BEHAVIORAL: Nadi Shuddhi|BEHAVIORAL: Nada Yoga|OTHER: Routine Daily Activity,Yoga,ALL,Adult + Older,48,OTHER,Interventional,2022,2024,2022,United States
NCT03522844,Treatments for Anxiety: Meditation and Escitalopram,Completed,No,Anxiety Disorders|Generalized Anxiety Disorder|Panic Disorder|Social Anxiety Disorder|Agoraphobia,Anxiety,OTHER: Mindfulness-Based Stress Reduction|DRUG: Escitalopram,MBSR,ALL,Adult + Older,276,OTHER,Interventional,2018,2022,2018,United States
NCT03534856,Sensorimotor Changes in Stroke Following Mindfulness,Completed,No,"Stroke|Spasticity, Muscle",Other,BEHAVIORAL: Mindfulness meditation,Mindfulness (General),ALL,Adult + Older,11,OTHER,Interventional,2016,2017,2018,United States
NCT04287439,"Relaxation and Meditation Techniques on Pain, Fatigue and Quality of Life",Completed,No,"Neuropathy, Diabetic",Other,BEHAVIORAL: Progressive muscle relaxation|BEHAVIORAL: Mindfulness meditation|OTHER: Attention matche,Mindfulness (General),ALL,Adult + Older,77,OTHER,Interventional,2018,2019,2020,Turkey
NCT05619419,Study of Affect Induction for Lab Induced Pain in Healthy Undergraduates,Completed,No,Meditation|Pain|Mindfulness|Affect|Emotion Regulation,Pain,BEHAVIORAL: Mindfulness-enhanced positive affect induction|BEHAVIORAL: Breathing Meditation,Mindfulness (General),ALL,Adult + Older,180,OTHER,Interventional,2022,2022,2022,United States
NCT03674749,The Effects of Meditation and Hyperbaric Oxygen Therapy on Chronic Wounds,Unknown,No,Wound,Other,OTHER: Meditation and Hyperbaric Oxygen Treament,Meditation (General),ALL,Adult + Older,50,OTHER,Interventional,2018,2020,2018,Canada
NCT03811990,Does a Phone-based Meditation Application Improve Mental Wellness in Emergency Medicine Personnel?,Unknown,No,"Burnout, Professional|Depression|Anxiety|Stress",Depression,BEHAVIORAL: Cleveland Clinic Stress Free Now Meditations For Healers,Meditation (General),ALL,Adult + Older,100,OTHER,Interventional,2018,2020,2019,United States
NCT04944459,Meditation Utilizing Signals From Electroencephalography in Chronic Pain (MUSE-PAIN) Study,Completed,No,Chronic Pain,Pain,"DEVICE: Muse-S headband; InteraXon Inc., RRID:SCR_014418",Other,ALL,Adult + Older,50,OTHER,Interventional,2021,2023,2021,United States
NCT07534683,Primed to Thrive: Investigating the Combined Impact of Mindfulness Education and Meditation Practice on Psychological an,Not Yet Recruiting,No,Workplace Wellbeing,Well-being / Mental Health,BEHAVIORAL: Meditation|BEHAVIORAL: Mindful Educational Material,Meditation (General),ALL,Adult + Older,134,OTHER,Interventional,2026,2027,2026,
NCT05565989,"Alcohol Consumption, Intention Implementation and Mindfulness Meditation (ADUC-Volet 3 "" Prevention "")",Completed,No,Binge Drinking|Alcohol Drinking,Substance Use,BEHAVIORAL: MBM and II|BEHAVIORAL: MI,Other,ALL,Adult only,128,OTHER,Interventional,2022,2024,2022,France
NCT07102953,Mindfulness on Creativity,Recruiting,No,Active Control|Focused-attention Meditatioin|Open-monitoring Meditation,Well-being / Mental Health,BEHAVIORAL: Focused-attention meditation|BEHAVIORAL: Open-monitoring meditation|BEHAVIORAL: Audio-li,Meditation (General),ALL,Adult + Older,111,OTHER,Interventional,2025,2025,2025,China
NCT04747730,Fostering Inmates' Well-being and Mental Health,Terminated,No,Well-being,Well-being / Mental Health,OTHER: Transcendental Meditation training,Transcendental Meditation,MALE,All ages,44,OTHER,Interventional,2019,2019,2021,United Kingdom
NCT04632368,Targeting the Health Care Provider (HCP) Burnout Crisis During the COVID-19 Pandemic,Completed,No,"Burnout, Professional|Stress, Psychological",Stress / Burnout,BEHAVIORAL: Transcendental Meditation,Transcendental Meditation,ALL,Adult + Older,80,OTHER,Interventional,2020,2021,2020,United States
NCT05459168,Development of Calm for Cancer Prototype Mobile App,Completed,No,Cancer,Cancer,OTHER: Calm Meditation Smartphone App Feedback|OTHER: Cancer-Specific Meditation App Prototype Desig,Meditation (General),ALL,Adult + Older,50,INDUSTRY,Interventional,2021,2022,2022,United States
NCT04426318,COVID-19 and the Healthy Minds Program for Educators,Completed,Yes,Anxiety|Depression|Psychological Stress|Psychological Distress|Well-being,Depression,BEHAVIORAL: Healthy Minds Program Foundations Training,Other,ALL,Adult + Older,698,OTHER,Interventional,2020,2021,2020,United States
NCT04605211,A Distress Reduction Intervention for Patients With BCR-ABL-Negative MPNs or CML on Tyrosine Kinase Inhibitors,Completed,No,Myeloproliferative Neoplasm|Chronic Phase Chronic Myelogenous Leukemia|Chronic Myeloid Leukemia,Cancer,BEHAVIORAL: Online Mindfulness Meditation|OTHER: Internet-Based Webinars,Mindfulness (General),ALL,Adult + Older,47,OTHER,Interventional,2020,2022,2020,United States
NCT03728062,Mindfulness Meditation Versus Physical Exercise: Comparing Effects on Stress and Immunocompetence,Completed,No,"Stress|Health Knowledge, Attitudes, Practice",Stress / Burnout,BEHAVIORAL: Mindfulness meditation|BEHAVIORAL: Physical exercise,Mindfulness (General),ALL,Adult + Older,72,OTHER,Interventional,2017,2018,2018,Spain
NCT00494845,Mindfulness Meditation for Chronic Low Back Pain in Older Adults,Completed,No,Low Back Pain,Pain,BEHAVIORAL: Mindfulness|BEHAVIORAL: Control: Health Education Class,Mindfulness (General),ALL,Adult + Older,40,OTHER,Interventional,2007,2008,2007,
NCT02163941,Meditation for Emotional Numbing in Post-Traumatic Stress Disorder,Completed,No,Prolonged Post-traumatic Stress Disorder,PTSD / Trauma,BEHAVIORAL: Compassion Training,Loving-Kindness / Compassion,MALE,Adult + Older,20,OTHER,Interventional,2014,2016,2014,United States
NCT05208164,My ESSENCE - A Research Study on Mindfulness for African-Americans With Type 2 Diabetes,Recruiting,No,Type 2 Diabetes|Sleep|Stress,Stress / Burnout,BEHAVIORAL: Mindfunlness Meditation,Meditation (General),ALL,Adult + Older,100,OTHER,Interventional,2021,2025,2022,United States
NCT02755103,Mindfulness Meditation for the Treatment of Women With Comorbid PTSD and SUD,Completed,Yes,"Stress Disorders, Post-Traumatic|Substance-Related Disorders",PTSD / Trauma,BEHAVIORAL: Mindfulness Based Relapse Prevention (MBRP),Mindfulness (General),FEMALE,Adult + Older,90,OTHER,Interventional,2016,2021,2016,United States
NCT03827928,LoveYourBrain Yoga for Multiple Sclerosis,Completed,No,Multiple Sclerosis,Neurological / Cognitive,BEHAVIORAL: Yoga/meditation,Yoga,ALL,Adult + Older,15,OTHER,Interventional,2019,2019,2019,United States
NCT06634563,Effect Of Adding Mindfulness Meditation To Cognitive Behavioral Training On Pain And Quality Of Life In Fibromyalgia,Not Yet Recruiting,No,Fibromyalgia,Pain,OTHER: mindfulness meditation|OTHER: cognitive behavioral training,Mindfulness (General),FEMALE,Adult only,50,OTHER,Interventional,2024,2025,2024,
NCT06443814,Multicenter Trial of Meditation and Health Education for Cardiometabolic Disease in Black Women,Completed,No,Atherosclerotic Cardiovascular Disease|Metabolic Syndrome,Cardiovascular / Metabolic,BEHAVIORAL: Health Education|BEHAVIORAL: Transcendental Meditation,Transcendental Meditation,FEMALE,Adult + Older,201,OTHER,Interventional,2001,2004,2024,United States
NCT03726944,The Feasibility of Delivering Consumer-based Meditation Applications to Myeloproliferative Neoplasm Patients,Completed,No,Myeloproliferative Neoplasm,Cancer,BEHAVIORAL: Calm App Meditation|BEHAVIORAL: Unnamed Consumer-Based App Meditation|OTHER: Educational,Meditation (General),ALL,Adult + Older,128,OTHER,Interventional,2017,2018,2018,United States
NCT07265362,Compassion Focussed Therapy Informed Psychoeducation and Loving Kindness Meditation for Young People With Epilepsy,Not Yet Recruiting,No,Epilepsy|Mental Health|Children,Neurological / Cognitive,OTHER: Compassion Focussed Therapy/Loving Kindness Meditation,Loving-Kindness / Compassion,ALL,Child only,3,OTHER,Interventional,2026,2026,2025,United Kingdom
NCT03407937,The Effect of Hypnosis on Blood Concentrations of Endocannabinoids,Completed,No,Hypnosis|Endocannabinoids|Analgesia,Other,BEHAVIORAL: Hypnosis|BEHAVIORAL: Meditation|OTHER: Conditioned pain modulation|DRUG: Placebo Oral Ta,Meditation (General),ALL,Adult only,33,OTHER,Interventional,2017,2018,2018,Canada
NCT02894203,Psychobiological Effects of Meditation on Offenders With Psychopathy,Unknown,No,Mindfulness|Yoga,Well-being / Mental Health,BEHAVIORAL: Mindfulness|BEHAVIORAL: Yoga,Yoga,MALE,Adult + Older,60,OTHER,Interventional,2016,2017,2016,
NCT01426568,A Trial of Multi-convergent Therapy for Functional Symptoms and Stress in Patients With Inflammatory Bowel Disease,Completed,No,Inflammatory Bowel Disease,Other,BEHAVIORAL: Multi-Convergent Therapy,Other,ALL,Adult + Older,66,OTHER_GOV,Interventional,2011,2013,2011,United Kingdom
NCT06384001,Meditation for Older Adults With Chronic Low Back Pain,Recruiting,No,Chronic Low Back Pain,Pain,BEHAVIORAL: Active MBM|BEHAVIORAL: Sham MBM,Other,ALL,Adult + Older,66,OTHER,Interventional,2025,2026,2024,United States
NCT04184037,iMeditate at Home for Older Adults With Mild Cognitive Impairment and Caregivers,Terminated,No,Mild Cognitive Impairment|Caregivers,Neurological / Cognitive,BEHAVIORAL: Mindfulness meditation delivered via a mobile app,Mindfulness (General),ALL,Adult + Older,9,OTHER,Interventional,2019,2020,2019,Canada
NCT01882972,Strength for Health,Withdrawn,No,Colon Cancer,Cancer,BEHAVIORAL: Exercise|BEHAVIORAL: Meditation,Meditation (General),ALL,Adult + Older,0,OTHER,Interventional,2013,2013,2013,United States
NCT05400382,Mindfulness to Reduce Post-cesarean Pain and Prevent Postpartum Depression,Unknown,No,"Depression, Unipolar|Pain, Postoperative",Pain,BEHAVIORAL: Mindfulness,Mindfulness (General),FEMALE,Adult only,75,OTHER,Interventional,2023,2026,2022,
NCT00924456,"A Clinical Trial of the Transcendental Meditation (TM) Program on Blood Pressure, Psychological Distress, and Coping",Completed,No,High-normal Blood Pressure|Psychological Stress,Stress / Burnout,BEHAVIORAL: Transcendental Meditation program,Transcendental Meditation,ALL,All ages,296,OTHER,Interventional,2006,2007,2009,United States
NCT04719416,Relaxation Therapy in Pediatric Oncology,Withdrawn,No,Pediatric Cancer,Cancer,BEHAVIORAL: Guided Meditation,Meditation (General),ALL,Child + Adult,0,OTHER,Interventional,2022,2023,2021,United States
NCT05912166,"Meditation, Education, Navigation, & Training Using eHealth: Cancer Adaptation Through Learning Mindful Awareness",Completed,No,Cancer,Cancer,BEHAVIORAL: Wakeful Spanish,Other,ALL,Adult only,50,OTHER,Interventional,2024,2024,2023,United States
NCT04751201,"Meditation and Cancer, Pilot Feasibility Study (MAEva Pilot Study)",Completed,No,Breast Cancer|Prostate Cancer,Cancer,BEHAVIORAL: Mindfulness open and circular program,Mindfulness (General),ALL,Adult + Older,40,OTHER,Interventional,2021,2022,2021,France
NCT02790619,A Pilot Study Investigating Transcranial Direct Current Stimulation (tDCS) to Enhance Mindfulness Meditation,Completed,No,Healthy,Healthy Volunteers,DEVICE: tDCS via Chattanooga Ionto Iontophoresis System-Phoresor|DEVICE: Sham tDCS Chattanooga Ionto,Other,ALL,Adult only,15,OTHER,Interventional,2015,2017,2016,
NCT05002842,Implementation of Mind-Body Practices in an Online Community of Caring (CaringBridge),Completed,No,Cancer|Stress,Cancer,BEHAVIORAL: LovingKindess Meditation,Meditation (General),ALL,Adult + Older,979,OTHER,Interventional,2018,2018,2021,United States
NCT00375531,Use of Mindfulness Meditation With Iraqi/Afghanistan War Veterans,Withdrawn,No,PTSD|Stress,PTSD / Trauma,BEHAVIORAL: Mindfulness Meditation (MfM),Mindfulness (General),ALL,Adult only,0,FED,Interventional,2006,2007,2006,United States
NCT01914874,Efficacy of a Mindfulness Meditation Program for Social Anxiety Disorder,Completed,No,Social Anxiety Disorder,Anxiety,BEHAVIORAL: Mindfulness Meditation,Mindfulness (General),ALL,Adult + Older,39,OTHER,Interventional,2013,2015,2013,Canada
NCT04917081,Go With the Flow': Effects of Mindful Self-Compassion in Psychiatric Rehabilitation,Completed,No,Meditation|Progressive Muscle Relaxation,Well-being / Mental Health,BEHAVIORAL: Mindful Self-Compassion|BEHAVIORAL: Progressive Muscle Relaxation,Loving-Kindness / Compassion,ALL,Adult + Older,233,OTHER,Interventional,2020,2021,2021,Austria
NCT05065476,Assessing the Impact of Isha Kriya Meditation on Anxiety and Depression - a Pilot Study,Completed,No,Anxiety|Depression,Depression,,Other,ALL,Adult + Older,267,OTHER,Observational,2021,2021,2021,United States
NCT03538574,Mindfulness Meditation and Insomnia in Alzheimer Disease Caregivers,Completed,No,Insomnia Chronic,Sleep / Fatigue,BEHAVIORAL: CBT-I|BEHAVIORAL: MAP-I,CBT,ALL,Adult + Older,139,OTHER,Interventional,2018,2022,2018,United States
NCT00820391,KIDNET Versus Meditation/Relaxation - a Dissemination RCTT for Children in Sri Lanka Traumatized by the War and the Tsun,Completed,No,Post-Traumatic Stress Disorder,PTSD / Trauma,BEHAVIORAL: KIDNET|BEHAVIORAL: Meditation-Relaxation,Meditation (General),ALL,Child only,31,OTHER,Interventional,2005,2005,2009,
NCT06234254,Reducing Adult Inpatients Anxiety With Virtual Reality Meditation,Not Yet Recruiting,No,Anxiety|Virtual Reality,Anxiety,BEHAVIORAL: Virtual Reality headset with calming scenery,Other,ALL,Adult + Older,200,OTHER,Interventional,2026,2027,2024,United States
NCT05845541,"Meditation and Biofeedback to Improve Anxiety, Depression and Quality of Life in Inpatients After Stroke",Recruiting,No,Stroke,Other,BEHAVIORAL: Technology Supported Meditation and Biofeedback|OTHER: Standard Treatment,Meditation (General),ALL,Adult + Older,60,OTHER,Interventional,2023,2024,2023,Canada
NCT03458013,Psychosocial Outcomes in Hand Therapy,Completed,No,Hand Injuries,Other,BEHAVIORAL: Mindfulness Meditation,Mindfulness (General),ALL,Adult + Older,40,OTHER,Interventional,2018,2020,2018,United States
NCT03891810,Calm College: A Brief Mobile App Meditation Intervention Among Stressed College Students,Completed,No,Stress,Stress / Burnout,BEHAVIORAL: Calm,Other,ALL,Adult + Older,88,OTHER,Interventional,2017,2018,2019,United States
NCT02653664,Chronic Pain Skills Study,Completed,Yes,Chronic Pain,Pain,BEHAVIORAL: PsychoEducation|BEHAVIORAL: Self-Hypnosis Training|BEHAVIORAL: Mindfulness Meditation,Mindfulness (General),ALL,Adult + Older,343,OTHER,Interventional,2015,2020,2016,United States
NCT07240532,Efficacy of a Multimodal Physiotherapy Program and Mobile-App Guided Meditation in Adults With Frequent or Chronic Tensi,Not Yet Recruiting,No,Tension-Type Headache|Chronic Tension-type Headache|Frequent Episodic Tension-Type Headache,Pain,OTHER: Multimodal Physiotherapy for Tension-Type Headache|BEHAVIORAL: Guided Meditation Using Insigh,Meditation (General),ALL,Adult only,78,OTHER,Interventional,2026,2027,2025,Spain
NCT06261372,Mindfulness Meditation Combined With Progressive Muscle Relaxation Training for Uremic Sarcopenia,Completed,No,Hemodialysis Patients With Sarcopenia,Other,BEHAVIORAL: The mindfulness meditation combined with progressive muscle relaxation training .,Mindfulness (General),ALL,Adult + Older,49,OTHER_GOV,Interventional,2023,2023,2024,China
NCT03839407,The Impact of the MUSE Meditation Device on Student Registered Nurse Anesthetists,Completed,No,"Stress|Anxiety|Affect|Burnout, Professional",Anxiety,DEVICE: MUSE Meditation Device,Meditation (General),ALL,Adult only,34,OTHER,Interventional,2019,2021,2019,United States
NCT06815653,Digital Intervention for Psychedelic Preparation (DIPP): Comparing Meditation and Music-Based Programs,Recruiting,No,Healthy,Healthy Volunteers,DRUG: Psilocybin 25mg,Other,ALL,Adult + Older,40,OTHER,Interventional,2025,2026,2025,United Kingdom
NCT07166042,Guided Meditation During Radiation Therapy for Breast and Gynecological Malignancies,Recruiting,No,Breast Cancer|Gynecologic Cancer,Cancer,"BEHAVIORAL: 10-15 minute, Audio-Recorded Guided Mediation Practices",Other,ALL,Adult + Older,34,OTHER,Interventional,2025,2028,2025,United States
NCT06997120,Testing the Effectiveness and Implementation of a Meditation App for Youth in the Legal System,Recruiting,No,Behavioral Health,Other,BEHAVIORAL: Bodhi AIM (intervention group)|BEHAVIORAL: HIB (control group),Other,ALL,Child + Adult,300,OTHER,Interventional,2025,2029,2025,United States
NCT04868123,Effects of TENS and Mindfulness Meditation in Persons With HIV-related Neuropathy,Completed,No,HIV Infections,Other,DEVICE: Transcutaneous Nerve Stimulation (TENS)|BEHAVIORAL: Mindfulness Meditation,Mindfulness (General),ALL,Adult + Older,36,OTHER,Interventional,2022,2025,2021,United States
NCT03949296,Mindfulness Meditation in Treating Insomnia in Multiple Sclerosis,Completed,No,Insomnia Chronic|Multiple Sclerosis,Sleep / Fatigue,BEHAVIORAL: Mindfulness Intervention|BEHAVIORAL: Sleep Hygiene,Mindfulness (General),ALL,Adult + Older,49,OTHER,Interventional,2017,2019,2019,United States
NCT06280573,COld Exposure With Controlled BReathing And Meditation in Patients With Multiple Sclerosis (COBRAMS),Unknown,No,Multiple Sclerosis,Neurological / Cognitive,COMBINATION_PRODUCT: Wim Hoff method,Other,ALL,Adult only,50,OTHER,Interventional,2022,2025,2024,Slovakia
NCT03732183,A Podcast Mind-Body Program for Military Caregiver,Completed,No,"Stress, Psychological",Stress / Burnout,BEHAVIORAL: Podcast SMART-3RP,Other,ALL,Adult + Older,55,OTHER,Interventional,2018,2018,2018,United States
NCT05766553,Effects of Mindfulness Meditation in Virtual Reality on Craving and Smoking Cessation,Recruiting,No,Tobacco Use Disorder,Substance Use,OTHER: Virtual reality pod|OTHER: nicotine patches and chewing gum,Other,ALL,Adult + Older,200,OTHER,Interventional,2023,2026,2023,France
NCT02423720,Mindfulness Meditation Intervention for Colorectal Cancer Patients and Caregivers,Completed,No,Colorectal Cancer,Cancer,BEHAVIORAL: Audio-Based Mindfulness,Mindfulness (General),ALL,Adult + Older,53,OTHER,Interventional,2015,2017,2015,United States
NCT03802734,Perinatal Effects of Mindfulness Phone App Use in Pregnancy (PaMPPr Study),Unknown,No,Sleep|Pregnancy,Sleep / Fatigue,DEVICE: Mindful meditation phone app,Meditation (General),FEMALE,All ages,128,OTHER,Interventional,2019,2021,2019,Canada
NCT01939210,Meditation-Based Breathing Training in Improving Target Motion Management and Reducing Distress in Patients With Abdomin,Terminated,No,Anxiety|Depression|Digestive System Neoplasm|Lung Neoplasm|Pain|Post-Traumatic Stress Disorder|Psych,Cancer,OTHER: Educational Intervention|OTHER: Meditation Therapy|OTHER: Questionnaire Administration,Meditation (General),ALL,Adult + Older,17,OTHER,Interventional,2010,2015,2013,United States
NCT01197339,Hybrid Model of Vocal Inflammation and Tissue Mobilization,Completed,No,Acute Phonotrauma,PTSD / Trauma,BEHAVIORAL: resonant voice|BEHAVIORAL: voice rest|BEHAVIORAL: Breathy voice|BEHAVIORAL: Relaxation e,Breathwork,FEMALE,Adult only,45,OTHER,Interventional,2010,2013,2010,United States
NCT06888336,Yoga Nidra for Insomnia and Posttraumatic Stress Symptoms,Completed,No,"Posttraumatic Stress Disorder (PTSD)|Insomnia|Stressor, Psychological|Psychological Trauma",PTSD / Trauma,BEHAVIORAL: Yoga nidra (full)|BEHAVIORAL: Yoga nidra (brief),Yoga,ALL,Adult only,60,OTHER,Interventional,2025,2026,2025,United Kingdom
NCT02906449,"Investigating the Physiological, Cognitive, and Psychological Effects of a Cognitive-Based Intervention",Unknown,No,"Brain Concussion, Post-Concussion Syndrome",Neurological / Cognitive,BEHAVIORAL: Meditation Technique,Meditation (General),ALL,Child + Adult,70,OTHER,Interventional,2016,2017,2016,
NCT05306015,Application of Mindfulness Meditation Based on Brain Computer Interface in Radiofrequency Ablation,Completed,No,Atrial Fibrillation|Radiofrequency Ablation|Meditation|Pain|Fatigue|Anxiety|Depression|Brain-Compute,Pain,COMBINATION_PRODUCT: Mindfulness meditation based on brain-computer interface|COMBINATION_PRODUCT: R,Mindfulness (General),ALL,Adult + Older,80,OTHER,Interventional,2022,2023,2022,China
NCT06409065,Psycho-Spiritual Management for Patients With Advanced Cancer and Their Family Caregivers,Recruiting,No,Cancer,Cancer,BEHAVIORAL: Meditation Program,Meditation (General),ALL,Adult + Older,400,OTHER,Interventional,2024,2028,2024,United States
NCT05323383,The Effects and Mechanisms of Brief Mindfulness Meditation and Hypnosis for Pain,Recruiting,No,Pain|Chronic Pain,Pain,BEHAVIORAL: Mindfulness Meditation|BEHAVIORAL: Self-hypnosis|OTHER: Attention Control,Mindfulness (General),ALL,Adult + Older,300,OTHER,Interventional,2022,2024,2022,Australia
NCT04688710,Use of Audio Recordings of Self-Hypnosis and Meditation for Fatigue Management in Multiple Sclerosis,Completed,No,Multiple Sclerosis|Fatigue,Sleep / Fatigue,BEHAVIORAL: Self-Hypnosis (HYP)|BEHAVIORAL: Mindfulness Meditation (MM),Mindfulness (General),ALL,Adult + Older,333,OTHER,Interventional,2021,2023,2020,United States
NCT05560425,Pilot Study on Training Emerging Adults Skills in Navigating College,Completed,Yes,Alcohol Abuse|Cognitive Deficit in Attention,Substance Use,BEHAVIORAL: Koru Mindfulness (KM) Training|BEHAVIORAL: Navigating College (NC) Training,Mindfulness (General),ALL,Adult only,16,OTHER,Interventional,2023,2023,2022,United States
NCT07521956,"The Effects of a Mindfulness Program on Running Performance, Respiratory Function, and Heart Rate Variability",Recruiting,No,Respiratory Function|Runners,Respiratory,BEHAVIORAL: Mindful meditation|BEHAVIORAL: Breathwork,Meditation (General),ALL,Adult + Older,20,OTHER,Interventional,2026,2026,2026,Canada
NCT07502547,The Effect of a Mindfulness-Based Stress Reduction Program on Feelings of Being a Geriatric Burden in Older Women,Active Not Recruiting,No,Effects of Mindfulness-Based Stress Reduction on Feelings of Geriatric Burden Among Older Women,Stress / Burnout,BEHAVIORAL: Mindfulness meditation,Mindfulness (General),FEMALE,Adult + Older,72,OTHER,Interventional,2026,2026,2026,Turkey
NCT06578325,Effects of Thai Dance Meditation Exercise on Renal and Cerebrovascular Function in Elderly With Diabetic Kidney Disease,Completed,No,Diabetic Kidney Disease,Other,OTHER: Thai dance meditation|OTHER: No intervention,Meditation (General),ALL,Adult + Older,40,OTHER,Interventional,2021,2022,2024,Thailand
NCT05523414,The Effect of SKY Breath Meditation on Health and Well-being,Completed,No,"Stress|Stress, Psychological|Stress, Physiological|Anxiety|Mental Well Being|Happiness|Resilience",Anxiety,BEHAVIORAL: SKY,Other,ALL,Adult + Older,45,OTHER,Interventional,2023,2024,2022,United States
NCT00278837,Avon Foundation Program to Improve Quality of Life in Breast Cancer Survivors,Completed,No,Breast Cancer,Cancer,BEHAVIORAL: Mindfulness based meditation program,Mindfulness (General),FEMALE,Adult + Older,94,OTHER,Interventional,2003,2010,2006,United States
NCT04602312,How Does Mindfulness Meditation Buffer the Negative Effects of Pain and Suffering in the COVID-19 World? (Healthy Sample,Completed,No,Catastrophizing Coronavirus (COVID-19),Other,OTHER: Meditation (1 x 20-minute guided audio training),Meditation (General),ALL,Adult + Older,744,OTHER,Interventional,2020,2021,2020,Australia
NCT04369378,Effectiveness of Using a Meditation App in Reducing Anxiety and Improving Well-being During the Covid-19 Pandemic,Completed,No,Anxiety|Well-being,Anxiety,BEHAVIORAL: Meditation app usage,Meditation (General),ALL,Adult + Older,103,OTHER,Interventional,2020,2021,2020,United States
NCT06328699,Chaplain-Delivered Compassion Meditation to Improve Spiritual Care of Patients Receiving Stem Cell Transplantation,Active Not Recruiting,No,Lymphoma|Multiple Myeloma,Cancer,PROCEDURE: Spiritual Therapy|OTHER: Best Practice,Other,ALL,Adult + Older,50,OTHER,Interventional,2023,2026,2024,United States
NCT01857830,The Relaxation vs. Retreat Study,Completed,No,Stress|Ageing|Wellbeing,Stress / Burnout,BEHAVIORAL: Meditation Retreat|BEHAVIORAL: Active Comparator Relaxation Group,Meditation (General),FEMALE,Adult only,96,OTHER,Interventional,2013,2013,2013,United States
NCT05960513,Impact of Breathing Exercises and Meditation on Improving Quality of Life in Glaucoma Patients,Unknown,No,Glaucoma|Depression|Anxiety|Quality of Life|Sleep Disorder,Depression,BEHAVIORAL: Breathing Exercises followed by Meditation,Meditation (General),ALL,Adult + Older,50,OTHER,Interventional,2023,2024,2023,Canada
NCT00936351,Mindfulness Meditation as a Rehabilitation Strategy for Persons With Schizophrenia,Completed,Yes,Schizophrenia|Schizoaffective Disorder|Psychotic Disorders,Other,BEHAVIORAL: Mindfulness Meditation|BEHAVIORAL: Support Group (control),Mindfulness (General),ALL,Adult + Older,34,FED,Interventional,2007,2010,2009,United States
NCT06136676,"From the Heart: Comparing the Effects of Spiritual and Secular Meditation on Psychophysiology, Cognition, Mental Health,",Recruiting,No,Prosocial Behavior|Forgiveness|Empathy|Pain|Attention|Depression|Stress|Anxiety|Mental Well-being,Pain,BEHAVIORAL: Arm 1 - Heart-Centred Spiritual Meditation: Christian contemplation|BEHAVIORAL: Arm 1 -,Mindfulness (General),ALL,Adult only,288,OTHER,Interventional,2024,2025,2023,India
NCT04972773,Spinal Cord Injury Mental Health Functional Outcomes Improved by Mindfulness,Completed,No,Spinal Cord Injuries|Mindfulness Meditation|Mental Health Wellness 1,Well-being / Mental Health,BEHAVIORAL: Mindfulness meditation (MM),Mindfulness (General),ALL,Adult + Older,10,OTHER,Interventional,2021,2023,2021,Canada
NCT05719246,Standardized Yoga & Meditation Program for Stress Reduction for Adolescents With Irritable Bowel Syndrome,Recruiting,No,Irritable Bowel Syndrome|Anxiety|Quality of Life,Anxiety,BEHAVIORAL: Yoga,Yoga,ALL,Child + Adult,10,OTHER,Interventional,2020,2026,2023,United States
NCT00000537,Stress Reduction & CVD Morbidity and Mortality in Blacks,Completed,No,Cardiovascular Diseases|Heart Diseases|Hypertension|Vascular Diseases,Cardiovascular / Metabolic,BEHAVIORAL: meditation|BEHAVIORAL: relaxation,Meditation (General),ALL,Adult + Older,,NIH,Interventional,1992,2008,1999,
NCT06338098,Effect of an 8-week Heartfulness Meditation Program on Burnout and Stress at Veterinary Specialty Hospital,Completed,No,"Stress|Burnout, Professional",Stress / Burnout,BEHAVIORAL: 8-week wellness and relaxation meditation program,Meditation (General),ALL,Adult + Older,74,OTHER,Interventional,2023,2023,2024,United States
NCT01347749,Mindfulness and Present Centered Therapies for PTSD: Efficacy and Mechanisms,Completed,No,Posttraumatic Stress Disorder,PTSD / Trauma,BEHAVIORAL: Mindfulness & Compassion Meditation-based Exposure Therapy|BEHAVIORAL: Present Centered,Loving-Kindness / Compassion,MALE,Adult only,65,OTHER,Interventional,2011,2013,2011,United States
NCT06528067,Mindful Motivation for Reducing Binge Eating,Active Not Recruiting,No,"Binge Eating|Psychological|Health Behavior|Weight, Body",Other,BEHAVIORAL: Meditation|BEHAVIORAL: Mindful Motivation,Meditation (General),ALL,Adult + Older,100,OTHER,Interventional,2024,2026,2024,United States
NCT03206840,Neural Correlates of Self,Completed,No,Healthy Volunteers,Healthy Volunteers,"BEHAVIORAL: ""control"", ""meditation"", ""hypnosis"".",Meditation (General),ALL,Adult + Older,100,OTHER,Interventional,2017,2018,2017,France
NCT05373732,Stress Reduction in the Prevention of Left Ventricular Hypertrophy,Completed,No,Left Ventricular Hypertrophy|High Blood Pressure,Cardiovascular / Metabolic,BEHAVIORAL: meditation|BEHAVIORAL: Health education control,Meditation (General),ALL,Adult + Older,171,OTHER,Interventional,1996,1998,2022,
NCT00271856,Staying Well: A Clinical Trial of Mindfulness-Based Stress Reduction and Education Groups for HIV,Completed,Yes,HIV,Other,BEHAVIORAL: Mindfulness-Based Stress Reduction (MBSR)|BEHAVIORAL: HIV-education and self-management,MBSR,ALL,Adult + Older,177,OTHER,Interventional,2005,2009,2006,United States
NCT04602286,How Does Mindfulness Meditation Buffer the Negative Effects of Pain and Suffering in the COVID-19 World? (Pain Sample),Completed,No,"Pain, Intractable|Pain, Chronic",Pain,OTHER: Meditation (1 x 20-minute guided audio training),Meditation (General),ALL,Adult + Older,373,OTHER,Interventional,2020,2021,2020,Australia
NCT01651091,Effects of Meditation Awareness Training on Psychosocial Functioning in Prison Participants,Unknown,No,Psychosocial Functioning,Other,OTHER: Meditation Awareness Training|OTHER: Treatment as usual,Meditation (General),MALE,Adult + Older,102,OTHER,Interventional,2013,,2012,United Kingdom
NCT04270266,Mind-Body Medicine for the Improvement of Quality of Life in Adolescents and Young Adults Coping With Lymphoma,Active Not Recruiting,No,Lymphoma,Cancer,OTHER: Educational Intervention|OTHER: Meditation Therapy|OTHER: Questionnaire Administration,Meditation (General),ALL,Adult only,71,OTHER,Interventional,2019,2026,2020,United States
NCT03708159,Maintenance of Response After rTMS for Depression Using tDCS,Completed,No,Major Depressive Disorder,Depression,DEVICE: active tDCS + mindfulness meditation|OTHER: sham tDCS + mindfulness meditation,Mindfulness (General),ALL,Adult + Older,68,OTHER,Interventional,2018,2020,2018,Canada
NCT01908673,Automatic Self Transcending Meditation (ASTM) Versus Heart Rate Variability (HRV) Biofeedback in Patients With Late Life,Completed,No,Late Life Depression,Depression,BEHAVIORAL: HRV biofeedback|BEHAVIORAL: ASTM,Other,ALL,Adult + Older,8,OTHER,Interventional,2013,2014,2013,Canada
NCT03751995,POEM (Practice of Embracing Each Moment) Study (Delivery Science),Completed,No,Advanced Cancer|Depression|Anxiety,Cancer,BEHAVIORAL: Mindfulness meditation,Mindfulness (General),ALL,Adult + Older,142,OTHER,Interventional,2018,2020,2018,United States
NCT03025139,Mindfulness Meditation or Survivorship Education in Improving Behavioral Symptoms in Younger Stage 0-III Breast Cancer S,Unknown,No,Cancer Survivor|Early-Stage Breast Carcinoma|Stage 0 Breast Cancer|Stage IA Breast Cancer|Stage IB B,Cancer,OTHER: Educational Intervention|OTHER: Laboratory Biomarker Analysis|PROCEDURE: Meditation Therapy|O,Meditation (General),FEMALE,Child + Adult,96,OTHER,Interventional,2017,2024,2017,United States
NCT03070587,A Pilot Study of Loving-Kindness Meditation for Social Anxiety Disorder,Completed,No,Social Anxiety Disorder|Compassion,Anxiety,BEHAVIORAL: Positive Affect Training for SAD,Other,ALL,Adult + Older,52,OTHER,Interventional,2016,2022,2017,Japan
NCT04374786,Effects of Mobile App in House Staff Health and Well-being During COVID-19 Pandemic,Terminated,No,Perceived Stress|Anxiety|Sleep Disturbance|Burnout|PTSD,Anxiety,DEVICE: Calm Meditation App,Meditation (General),ALL,Adult + Older,7,OTHER,Interventional,2020,2020,2020,United States
NCT06789731,Mindfulness-Based Interventions Targeting First-Generation College Student Retention in Rural Environments,Recruiting,No,Depression|Anxiety,Depression,BEHAVIORAL: Mindfulness Meditation|OTHER: Psychoeducation,Mindfulness (General),ALL,Adult only,53,OTHER,Interventional,2025,2027,2025,United States
NCT06095687,Mind-body Therapies for Injury-related Pain Management in Elite Athletes,Withdrawn,No,"Pain, Acute",Pain,BEHAVIORAL: Mindfulness Meditation|BEHAVIORAL: Clinical Hypnosis,Mindfulness (General),ALL,Adult + Older,0,OTHER,Interventional,2024,2024,2023,Australia
NCT04254796,Neural Mechanisms of Meditation Training in Healthy and Depressed Adolescents: An MRI Connectome Study,Completed,Yes,Healthy,Healthy Volunteers,"BEHAVIORAL: Training for Awareness, Resilience, and Action (TARA)",Other,ALL,Child + Adult,100,OTHER,Interventional,2020,2021,2020,United States
NCT06351787,Project Soma: Cortical Activity of a Body Scan Meditation and Yoga Practice in Healthy Yogis,Completed,No,"Well-Being, Psychological",Well-being / Mental Health,BEHAVIORAL: Resting and movement-based focused awareness meditations,Meditation (General),ALL,Adult + Older,14,OTHER,Interventional,2022,2023,2024,United States
NCT02478307,Coping Skills Training for Living With Chronic Low Back Pain,Completed,No,Low Back Pain,Pain,OTHER: Cognitive Therapy|OTHER: Mindfulness Meditation|OTHER: Mindfulness-Based Cognitive Therapy,MBCT,ALL,Adult + Older,69,OTHER,Interventional,2015,2018,2015,Australia
NCT02977819,Study in Cognitively Intact Seniors Aiming to Assess the Effects of Meditation Training,Completed,No,Cognitive Aging,Neurological / Cognitive,OTHER: Meditation practice|OTHER: Learning English as a foreign language,Meditation (General),ALL,Adult + Older,137,OTHER_GOV,Interventional,2016,2023,2016,France
NCT07166510,Reducing Burnout in Healthcare Workers Through Yoga and Square Breathing Practices,Not Yet Recruiting,No,Burn-Out,Other,OTHER: Yoga and meditation,Yoga,ALL,Adult + Older,75,OTHER,Interventional,2026,2027,2025,France
NCT00825526,HARMONY Study (Hypertension Analysis of Stress Reduction Using Mindfulness Meditation and Yoga),Completed,No,Hypertension,Cardiovascular / Metabolic,BEHAVIORAL: Mindfulness Based Stress Reduction (MBSR) Therapy,MBSR,ALL,Adult + Older,101,OTHER,Interventional,2008,,2009,Canada
NCT01011790,Evaluation of a Biofeedback-assisted Meditation Program as a Stress Management Tool for Hospital Nurses,Completed,No,Stress,Stress / Burnout,BEHAVIORAL: Healing Rhythms™ Meditation Program,Meditation (General),ALL,Adult + Older,11,OTHER,Interventional,2008,2008,2009,United States
NCT06600373,Study on the Intervention of Mindfulness-integrated Volleyball Course,Completed,No,"Depression, Anxiety|Mindful Walking Meditation",Depression,BEHAVIORAL: Mindful Walking meditation|BEHAVIORAL: physical education group class,Meditation (General),ALL,All ages,55,OTHER,Interventional,2024,2025,2024,China
NCT04345952,Calm for Cancer Patients Receiving Chemotherapy,Withdrawn,No,Cancer Colorectal,Cancer,BEHAVIORAL: Calm Meditation Mobile App,Meditation (General),ALL,Adult + Older,0,OTHER,Interventional,2022,2023,2020,United States
NCT07351799,Mindfulness and Meditation Based Lactation Education on Maternal Breastmilk in the Neonatal ICU,Recruiting,No,"Lactation|Mindfulness|NICU|Breastmilk|Neonatal|Meditation|Pumping, Breast|Cortisol|Oxytocin|Anxiety|",Depression,BEHAVIORAL: Standard of Care|BEHAVIORAL: Mindfulness-based Intervention,Mindfulness (General),FEMALE,Adult + Older,40,OTHER,Interventional,2025,2026,2026,United States
NCT01628809,Mindfulness-Based Meditation to Treat Stress in Unemployed Community Adults,Completed,No,Stress|Inflammation,Stress / Burnout,BEHAVIORAL: Mindfulness-Based Stress Reduction,MBSR,ALL,Adult only,35,OTHER,Interventional,2011,2012,2012,
NCT05556057,Feasibility of Mindfulness Meditation Training and Home Practice in Persons With Spinal Cord Injury,Completed,Yes,Spinal Cord Injuries,Other,OTHER: mindfulness meditation(MM)|OTHER: Health Education (active control),Mindfulness (General),ALL,Adult + Older,65,OTHER,Interventional,2022,2024,2022,United States
NCT05592782,VR Mindfulness Study,Withdrawn,No,"Anxiety|Depression|Stress|Pain, Acute|Pain, Chronic",Pain,BEHAVIORAL: Virtual Reality Based Mindfulness meditation,Mindfulness (General),ALL,Adult + Older,0,OTHER,Interventional,2022,2023,2022,
NCT04020081,A Study to Evaluate the Effect of Yoga Exercises and Meditation on Lung Function and Quality of Life in COPD Patients.,Unknown,No,COPD|Obstructive Pulmonary Disease,Respiratory,OTHER: Yoga breathing exercises and Meditation,Yoga,ALL,Adult + Older,60,OTHER,Interventional,2018,2020,2019,India
NCT04301700,Effects of Progressive Muscle Relaxation and Mindfulness Meditation in Patients With Chronic Obstructive Pulmonary Disea,Unknown,No,COPD|Mediation|Fatigue|Symptoms and Signs,Sleep / Fatigue,BEHAVIORAL: mindfullness and relaxation,Other,ALL,Adult + Older,65,OTHER,Interventional,2018,2020,2020,Turkey
NCT05295004,The Effect of Mindfulness Training Before Primary Total Joint Arthroplasty on Sleep Quality,Unknown,No,Sleep Disturbance|Arthropathy,Sleep / Fatigue,BEHAVIORAL: Mindfulness Meditation Training,Mindfulness (General),ALL,Adult + Older,282,OTHER,Interventional,2022,2024,2022,United States
NCT03781336,Brief Mindfulness Meditation Course to Reduce Stress in Healthcare Professionals,Completed,Yes,"Stress, Professional|Stress, Psychological",Stress / Burnout,BEHAVIORAL: Mindfulness-based self care,Mindfulness (General),ALL,Adult + Older,82,NIH,Interventional,2017,2018,2018,United States
NCT07136948,Mindfulness Training and Respiration Biosignal Feedback - Study 2,Recruiting,No,Psychological Distress|Mindfulness Skills|Usability Satisfaction,Stress / Burnout,BEHAVIORAL: Mindfulness Meditation|BEHAVIORAL: Mindfulness Meditation with Respiration Feedback Char,Mindfulness (General),ALL,Adult only,60,INDUSTRY,Interventional,2025,2025,2025,United States
NCT03834844,Meditation and Education That is Nurse Delivered for Symptom Management in Paroxysmal Atrial Fibrillation (PAF),Active Not Recruiting,No,Paroxysmal Atrial Fibrillation,Other,BEHAVIORAL: Meditation|OTHER: AF Education|OTHER: Phone Calls,Meditation (General),ALL,Adult + Older,50,OTHER,Interventional,2018,2025,2019,United States
NCT01661569,A Randomised Controlled Trial to Investigate the Effects of a Mindfulness Smartphone App on Well-being in the Workplace,Unknown,No,"Well-being, Work Stress",Stress / Burnout,OTHER: Headspace On-the-go app,Other,ALL,Adult + Older,120,OTHER,Interventional,2012,2013,2012,United Kingdom
NCT07285954,Mindfulness Walking Intervention to Enhance Resilience (iWalk),Recruiting,No,Neurodegenerative Disease|EEG|Mindfulness|Adults,Well-being / Mental Health,BEHAVIORAL: iWalk Program,Other,ALL,Adult + Older,90,OTHER,Interventional,2025,2029,2025,United States
NCT06695234,"Effects of a Second-generation Mindfulness-based Intervention on Quality of Life, Pain Management, and Psycho-spiritual ",Recruiting,No,Cancer|Mindfulness-based Intervention|Meditation|Psychological Well-Being|Spiritual Wellbeing,Cancer,BEHAVIORAL: Meditation Awareness Training,Meditation (General),ALL,Adult + Older,200,OTHER,Interventional,2024,2025,2024,United Kingdom
NCT05395221,Making Resident Well-Being a (Virtual) Reality,Withdrawn,No,Mental Health,Well-being / Mental Health,OTHER: Guided Mediation Virtual Reality App,Other,ALL,Adult + Older,0,OTHER,Interventional,2024,2024,2022,
NCT06227130,"Meditation, Mindfulness, and Yoga to Reduce Perceived Stress in Resident Doctors - A Randomized Controlled Trial With Cr",Completed,No,"Stress, Job",Stress / Burnout,BEHAVIORAL: MindYou,Other,ALL,All ages,22,OTHER,Interventional,2024,2025,2024,Sweden
NCT06934330,Effect of Tao Calligraphy Meditation and Energized Water on Depression,Recruiting,No,Unipolar Depression,Depression,BEHAVIORAL: Mindfulness practice with Tao Art (Calligraphy and Song Greatest Love)|OTHER: Drinking E,Mindfulness (General),ALL,Adult + Older,50,OTHER,Interventional,2022,2027,2025,United States
NCT04821505,Stress Reduction and Hypertension Prevention in African Americans,Completed,No,High Blood Pressure,Cardiovascular / Metabolic,BEHAVIORAL: Health Education|BEHAVIORAL: Transcendental Meditation,Transcendental Meditation,ALL,Adult + Older,304,OTHER,Interventional,1998,2005,2021,
NCT06604299,Digital Mindfulness Meditation-enhanced Cognitive Behavioral Therapy (CBT-MM) for Binge Eating Disorder,Completed,No,Binge Eating Disorder,Other,BEHAVIORAL: Meditation-enhanced Cognitive Behavioral Therapy,Meditation (General),ALL,Adult + Older,17,OTHER,Interventional,2024,2025,2024,United States
NCT05832983,Aromatherapy and Anxiety Study,Completed,No,Anxiety Related to Pain Related to an Intraarticular Injection|Pain Related to an Intraarticular Inj,Pain,BEHAVIORAL: Guided Meditation|OTHER: Aromatherapy,Meditation (General),ALL,Adult + Older,20,OTHER,Interventional,2023,2024,2023,United States
NCT01853098,A Pilot Study of Positive Affect Training,Completed,No,Affect (Mental Function)|Compassion,Other,BEHAVIORAL: Positive Affect Training (PAT),Other,ALL,Adult + Older,10,OTHER,Interventional,2013,2015,2013,United States
NCT04113135,The Utilization of Yoga as a Therapeutic Tool to Promote Physical Activity Behavior Change and Improved Postural Control,Withdrawn,No,Multiple Sclerosis,Neurological / Cognitive,OTHER: Yoga|OTHER: Control,Yoga,ALL,Adult + Older,0,OTHER,Interventional,2020,2020,2019,United States
NCT05274763,Chaplain-Delivered Compassion Meditation to Improve Quality of Life in Patients Receiving a Stem Cell Transplant,Completed,Yes,Lymphoma|Plasma Cell Myeloma,Cancer,OTHER: Quality-of-Life Assessment|OTHER: Questionnaire Administration|PROCEDURE: Spiritual Therapy,Other,ALL,Adult + Older,30,OTHER,Interventional,2022,2022,2022,United States
NCT02842047,The Mediating Effects of Decentering on Self-Management of Stress and End of Life Planning,Completed,No,Stage IV Gastrointestinal Cancer|Advanced Gynecological Cancer,Cancer,"BEHAVIORAL: Stop, Breathe & Think™|BEHAVIORAL: End of Life Planning Videos|BEHAVIORAL: Caregiver wel",Breathwork,ALL,Adult + Older,20,OTHER,Interventional,2016,2018,2016,United States
NCT04745429,Non-pharmacological Mitigation of Psoriasis,Completed,No,Psoriasis|Stress|Inflammation|Depression|Pruritus|Sleep Disorder|Quality of Life,Depression,"OTHER: breathing exercises, cold exposure and meditation",Meditation (General),ALL,Adult only,38,OTHER,Interventional,2020,2020,2021,Poland
NCT05211960,Effects of a Mindfulness App for Outpatients Waitlisted for Psychological Interventions,Completed,No,Mental Disorder,Other,BEHAVIORAL: Mindfulness-based meditation,Mindfulness (General),ALL,Adult + Older,193,OTHER,Interventional,2022,2024,2022,Canada
NCT05267340,Neural Mechanisms of Meditation Training in Healthy and Depressed Adolescents: An MRI Connectome Study PART 2,Active Not Recruiting,No,"Depression Mild|Depression Moderate|Depression, Teen",Depression,BEHAVIORAL: TARA|BEHAVIORAL: Psycho-Education,Other,ALL,Child + Adult,120,OTHER,Interventional,2023,2026,2022,United States
NCT04125758,"Stress-physiology Coherence, Interoception, and Well-being Following Mindfulness Training or Tracking Time Spent on Mobi",Completed,No,Not Seeking to Treat Any Conditions,Other,BEHAVIORAL: Mindfulness training|BEHAVIORAL: Tracking time spent on mobile device,Mindfulness (General),ALL,Adult + Older,120,OTHER,Interventional,2020,2022,2019,United States
NCT04572464,"Effectiveness of Mindfulness Based Meditation on Well-being, Self Compassion & Cognizance Among Nurses Working in Intens",Completed,No,Mindfulness is a Moment by Moment Awareness to Remain Purposefully and Non Judgmentally Attentive to,Well-being / Mental Health,OTHER: Mindfulness Based Guided Meditation,Mindfulness (General),ALL,All ages,61,OTHER,Interventional,2019,2019,2020,India
NCT05490979,The Impact of Dyad Exercises on Well-being and Connection in Young Adults,Completed,No,Mental Health Wellness 1|Loneliness,Well-being / Mental Health,BEHAVIORAL: Contemplative dyad meditation|BEHAVIORAL: Fast friends,Meditation (General),ALL,Adult only,120,OTHER,Interventional,2022,2023,2022,United States
NCT07420101,Easing Scan Anxiety in Pediatric Oncology Caregivers Through Meditation-based Programs,Recruiting,No,Caregiver Anxiety|Caregiver Anxiety Related to Cancer Imaging|Pediatric Oncology,Cancer,OTHER: Mindful Module Caregiver Packet,Other,ALL,Adult + Older,160,OTHER,Interventional,2026,2027,2026,United States
NCT06581523,Efficacy of a Breathwork Practice (SKY) on Well-Being of Individuals With Parkinson's Disease (iPD) and Care Partners,Recruiting,No,Parkinson's Disease,Neurological / Cognitive,BEHAVIORAL: SKY Breath and Meditation,Meditation (General),ALL,Adult + Older,40,OTHER,Interventional,2024,2026,2024,United States
NCT01264627,A New Translational Tool for Studying the Role of Breathing in Meditation,Completed,No,Hypertension,Cardiovascular / Metabolic,BEHAVIORAL: Mindful Breathing (MB) Intervention|BEHAVIORAL: Usual Care (UC) Control Condition,Breathwork,FEMALE,Adult + Older,99,OTHER,Interventional,2011,2017,2010,
NCT06331065,Promoting Mental Health at Work Among Hospital Professionals,Completed,No,Mental Health Issue,Well-being / Mental Health,OTHER: Information session on mindfulness meditation and questionnaires|DEVICE: Mindfulness meditati,Mindfulness (General),ALL,Adult + Older,108,OTHER,Interventional,2024,2025,2024,France
NCT04271930,Effect of Sleep Quality on Hematopoietic Cell Transplant Patient Outcomes,Terminated,No,Sleep|Multiple Myeloma,Sleep / Fatigue,BEHAVIORAL: Mindfulness Awareness Practices for Insomnia|BEHAVIORAL: Sleep Health Information,Mindfulness (General),ALL,Adult + Older,24,OTHER,Interventional,2020,2023,2020,United States
NCT02122068,Meditation for Dementia Caregivers Major Depressive Disorder in Family Dementia Caregivers,Completed,No,Mentalizing Imagery Therapy|Relaxation Recording,Other,BEHAVIORAL: Mentalizing Imagery Therapy|BEHAVIORAL: Relaxation cd,Other,ALL,Adult + Older,26,OTHER,Interventional,2014,2015,2014,United States
NCT03674632,Breastfeed a Better Youngster: the BABY Study,Completed,No,"Breastfeeding|Breastfeeding, Exclusive|Infant Behavior|Psychological Stress|Breast Milk Expression|I",Stress / Burnout,BEHAVIORAL: Relaxation meditation tape,Meditation (General),FEMALE,Adult only,96,OTHER,Interventional,2018,2020,2018,China
NCT05146167,Feasibility Testing a Meditation App for Youth in the Legal System,Completed,No,Behavioral Health,Other,BEHAVIORAL: Bodhi AIM (intervention group)|BEHAVIORAL: HIB (control group),Other,ALL,Child + Adult,107,OTHER,Interventional,2022,2025,2021,United States
NCT05026541,Resilience to Sleep Deprivation and Changes in Sleep Architecture in Shoonya Meditators,Recruiting,No,Sleep|Sleep Deprivation|Cognitive Change,Sleep / Fatigue,BEHAVIORAL: Nap Practitioners|BEHAVIORAL: Shoonya Meditation,Meditation (General),ALL,Adult only,75,OTHER,Observational,2022,2026,2021,United States
NCT07278466,The COMParing App Support Strategies Study,Recruiting,No,"Depression, Anxiety",Depression,OTHER: Introductory Coaching Session|OTHER: Introductory Information Session|OTHER: On-Demand Email,Other,ALL,Adult + Older,688,OTHER,Interventional,2026,2029,2025,United States
NCT06457932,Effectiveness of Heart Rate Variability Biofeedback Training Versus a Meditation Program in Reducing Stress Levels in Un,Withdrawn,No,Stress|Anxiety State,Anxiety,BEHAVIORAL: Heart rate variability biofeedback training|BEHAVIORAL: Guided meditation,Meditation (General),ALL,Adult only,0,OTHER,Interventional,2026,2027,2024,
NCT04514640,Calm + Oura Sleep Study,Completed,No,Sleep,Sleep / Fatigue,BEHAVIORAL: The Calm app,Other,ALL,Adult + Older,72,OTHER,Interventional,2020,2020,2020,United States
NCT05673720,Brain Stimulation and Meditation for Pain After Total Knee Arthroplasty,Completed,Yes,"Osteoarthritis, Knee",Pain,DEVICE: active tDCS paired with active MBM|DEVICE: sham tDCS paired with sham MBM,Other,ALL,Adult + Older,24,OTHER,Interventional,2023,2024,2023,United States
NCT05346692,Digital Meditation for Postoperative Pain Control After Abdominal Surgery for Cancer,Completed,No,Hematopoietic and Lymphoid System Neoplasm|Malignant Solid Neoplasm,Cancer,OTHER: Survey Administration|OTHER: Interview|OTHER: Text Message-Based Navigation Intervention|OTHE,Other,ALL,Adult + Older,73,OTHER,Interventional,2022,2023,2022,United States
NCT03709225,Mindfulness-Music Intervention for Adolescents and Young Adults With Cancer,Completed,No,Anxiety|Oncology|Stress,Cancer,BEHAVIORAL: Music-based meditation,Meditation (General),ALL,Child + Adult,38,OTHER,Interventional,2019,2021,2018,United States
NCT05385146,Effect of Chan-Chuang Qigong With Breathing Meditation on Quality of Life in Patients With Breast Cancer,Completed,No,Breast Cancer|Quality of Life|Intraoperative Awareness,Cancer,OTHER: qigong,Other,ALL,Adult + Older,60,OTHER,Interventional,2017,2021,2022,Taiwan
NCT02019498,Effectiveness of App-based Relaxation for Patients With Chronic Low Back Pain (Relaxback),Terminated,No,Chronic Low Back Pain,Pain,BEHAVIORAL: Relaxation exercise|OTHER: ususal care,Other,ALL,Adult + Older,50,OTHER,Interventional,2014,2016,2013,Germany
NCT07443293,IMPACT 360 for Parkinson's Disease,Recruiting,No,Parkinson's Disease (PD)|REM Sleep Behavior Disorder,Sleep / Fatigue,BEHAVIORAL: Exercise|BEHAVIORAL: Meditation|BEHAVIORAL: Diet,Meditation (General),ALL,Adult + Older,60,OTHER,Interventional,2024,2027,2026,Canada
NCT05387889,Piloting Mindfulness Meditation Program for Underserved Racial Minority Adults With Pulmonary Hypertension,Completed,Yes,"Hypertension, Pulmonary",Cardiovascular / Metabolic,BEHAVIORAL: Mindfulness Meditation for Pulmonary Hypertension (MMPH),Mindfulness (General),ALL,Adult + Older,15,OTHER,Interventional,2022,2023,2022,United States
NCT03104608,Automatic Self Transcending Meditation (ASTM) for Patients With Severe Age Related Macular Degeneration (AMD),Unknown,No,Age-related Macular Degeneration|Low Vision,Other,OTHER: Automatic Self Transcending Meditation|OTHER: Treatment as Usual,Meditation (General),ALL,Adult + Older,140,OTHER,Interventional,2018,2019,2017,Canada
NCT02019134,Effectiveness of App-based Relaxation for Patients With Chronic Neck Pain,Completed,No,Chronic Neck Pain,Pain,BEHAVIORAL: relaxation exercise|OTHER: ususal care,Other,ALL,Adult + Older,220,OTHER,Interventional,2014,2017,2013,Germany
NCT06438159,Impact of Mindfulness-Based Stress Reduction Meditation Practice on Patients After Cardiac Rehabilitation.,Recruiting,No,Cardiac Disease,Other,OTHER: Cardiac rehabilitation with Mindfulness-Based Stress Reduction (MBSR)|OTHER: Conventional car,MBSR,ALL,Adult + Older,74,OTHER,Interventional,2024,2026,2024,France
NCT01299935,A Randomized Controlled Trial of Stress Reduction on Cardiovascular Morbidity and Mortality in African Americans,Completed,No,Coronary Heart Disease|Cardiovascular Disease,Cardiovascular / Metabolic,BEHAVIORAL: Transcendental Meditation|BEHAVIORAL: Health Education,Transcendental Meditation,ALL,All ages,201,OTHER,Interventional,1998,2007,2011,United States
NCT07291011,A Mindfulness-Based Stress Reduction Program for Improving Mental Health Outcomes for Underserved Cancer Patients in Min,Recruiting,No,Hematopoietic and Lymphatic System Neoplasm|Malignant Solid Neoplasm,Cancer,OTHER: Electronic Health Record Review|BEHAVIORAL: Mindfulness Relaxation|OTHER: Questionnaire Admin,Mindfulness (General),ALL,All ages,30,OTHER,Interventional,2025,2029,2025,United States
NCT06175208,Targeting Fear of Cancer Recurrence in Cancer Survivors: Evaluation of Internet-Based Emotional Freedom Techniques and I,Enrolling By Invitation,No,Fear of Cancer Recurrence,Cancer,BEHAVIORAL: Emotional Freedom Techniques|BEHAVIORAL: Mindfulness Meditation,Mindfulness (General),ALL,Adult + Older,339,OTHER,Interventional,2024,2028,2023,Belgium
NCT06017765,Coping After Loss Through Mindfulness in Adults With Prolonged Grief Disorder,Recruiting,No,Prolonged Grief Disorder,Other,BEHAVIORAL: Meditation Training|BEHAVIORAL: Waitlist,Meditation (General),ALL,Adult only,30,OTHER,Interventional,2023,2026,2023,France
NCT06110832,The Effect of Mindfulness-based Yoga and Meditation on Some Parameters in Breast Cancer Patients,Completed,No,Breast Cancer,Cancer,BEHAVIORAL: Mindfulness-based Meditation and Yoga program,Yoga,FEMALE,Adult only,41,OTHER,Interventional,2023,2023,2023,Turkey
NCT04583748,Virtual Health Education vs Meditation in Irreversible Age-Related Vision Loss Patients and Their Caregivers,Withdrawn,No,"Vision; Disorder, Loss|Caregiver Burnout|Quality of Life|Depression|Anxiety|Sleep",Depression,BEHAVIORAL: Sahaj Samadhi Meditation|BEHAVIORAL: Health Enhancement Program,Meditation (General),ALL,Adult + Older,0,OTHER,Interventional,2022,2022,2020,
NCT03349554,"A Standardized Meditation Technique ""Body-scan"", in the Management of Anxiety in Hospitalized Parkinsonian Patients",Completed,No,Parkinson's Disease,Neurological / Cognitive,OTHER: body-scan meditation|DIAGNOSTIC_TEST: Psychological evaluation,Meditation (General),ALL,Adult + Older,33,OTHER,Interventional,2018,2019,2017,France
NCT04329533,Effects of Using Mobile App on Perceived Stress During COVID-19 Pandemic,Completed,No,Perceived Stress|Anxiety|Sleep Disturbance,Anxiety,"OTHER: ""Calm"" is a mindfulness meditation mobile app",Mindfulness (General),FEMALE,Adult + Older,101,OTHER,Interventional,2020,2020,2020,United States
NCT01534338,Effect of Mindfulness Training on Sleep and Inflammation Among Older Adults With Sleep Problems,Completed,No,Sleep Problems|Inflammation,Sleep / Fatigue,BEHAVIORAL: Mindfulness Meditation|BEHAVIORAL: Sleep Education,Mindfulness (General),ALL,Adult + Older,48,OTHER,Interventional,2012,2012,2012,United States
NCT06633952,Accelerating Cognitive Gains From Digital Inverventions With Noninvasive Brain Stimulation,Active Not Recruiting,No,Aging|MCI,Other,DEVICE: MediTrain|DEVICE: Worder|DEVICE: noninvasive neurostimulation device|DEVICE: wrist worn mult,Other,ALL,Adult + Older,90,OTHER,Interventional,2024,2026,2024,United States
NCT06633978,"Studying the Effects of Digital Interventions on Cognition, Wellbeing, Stress, and Sleep in Older Adults",Recruiting,No,MCI|Aging,Other,DEVICE: MediTrain|DEVICE: wrist worn multi-sensor watches|DEVICE: Sleep monitor,Other,ALL,Adult + Older,90,OTHER,Interventional,2024,2026,2024,United States
NCT02119481,Effects of Mindfulness Meditation and Stress Management After Breast Cancer,Completed,No,Breast Cancer,Cancer,BEHAVIORAL: Mindfulness-based stress reduction|BEHAVIORAL: Expressive writing condition,MBSR,FEMALE,Adult + Older,142,OTHER,Interventional,2014,2018,2014,Sweden
NCT03419858,The Role of Opioidergic Systems in Breathing Based Analgesia,Completed,No,Pain,Pain,BEHAVIORAL: Mindfulness Meditation|BEHAVIORAL: Placebo Meditation|BEHAVIORAL: Slow-Breathing|DRUG: N,Mindfulness (General),ALL,Adult only,60,OTHER,Interventional,2017,2017,2018,United States
NCT05168046,Mindfulness-based Intervention for People With Parkinsonian Tremor,Completed,No,Parkinson Disease|Rest Tremor,Neurological / Cognitive,BEHAVIORAL: Mindfulness based stress reduction,Mindfulness (General),ALL,Adult + Older,21,OTHER,Interventional,2021,2024,2021,France
NCT05087329,Mindfulness Practice in Pregnancy As an Intervention to Decrease Prenatal Stress During the COVID-19 Pandemic,Terminated,No,Prenatal Stress,Stress / Burnout,BEHAVIORAL: Virtual Mindfulness Meditation,Mindfulness (General),FEMALE,Adult + Older,43,OTHER,Interventional,2021,2024,2021,United States
NCT05468112,Improving Wellbeing of SHP Personnel at UAB,Withdrawn,No,"Stress, Psychological",Stress / Burnout,BEHAVIORAL: SKY Meditation and Mindfulness,Mindfulness (General),ALL,Adult + Older,0,OTHER,Interventional,2024,2025,2022,
NCT05780216,Mindfulness and Psychedelics,Completed,No,Healthy Participants,Healthy Volunteers,DRUG: DMT + harmine|DRUG: Placebo,Other,ALL,Adult only,40,OTHER,Interventional,2023,2023,2023,Switzerland
NCT01320969,Could Meditation Modulate the Neurobiology of Learning Not to Fear?,Completed,No,Healthy Individuals|Highly Stressed,Stress / Burnout,BEHAVIORAL: Mindfulness-Based Stress Reduction course,MBSR,ALL,Adult + Older,85,OTHER,Interventional,2010,2012,2011,United States
NCT03324048,A Single Mindfulness Meditation Session in Preoperative Anxiety : Effects on the Autonomous Nervous System,Completed,No,Anxiety|Relaxation,Anxiety,OTHER: relaxation session,Other,ALL,Adult + Older,33,OTHER,Interventional,2017,2018,2017,France
NCT01057368,"The Effects of Well-being Interventions on Affect, Attention, Sleep, Social Stress and Pain Regulation",Completed,No,Health|Mental Health,Well-being / Mental Health,BEHAVIORAL: Day of intensive meditation practice|BEHAVIORAL: Mindfulness Based Stress Reduction (MBS,MBSR,ALL,Adult + Older,161,OTHER,Interventional,2009,2012,2010,United States
NCT01810029,A Trial of Stress Reduction in the Secondary Prevention of Coronary Heart Disease in Blacks,Unknown,No,Coronary Artery Disease,Other,BEHAVIORAL: Cardiac Rehabilitation plus Transcendental Meditation,Transcendental Meditation,ALL,All ages,56,OTHER,Interventional,2009,2013,2013,United States
NCT04759183,Virtual Reality Experiences for Anxiety and Pain Control,Completed,No,Hematopoietic and Lymphoid Cell Neoplasm|Malignant Solid Neoplasm,Cancer,OTHER: Survey Administration|PROCEDURE: Virtual Reality Game|PROCEDURE: Virtual Reality Meditation,Meditation (General),ALL,Adult + Older,32,OTHER,Interventional,2021,2022,2021,United States
NCT06642181,Combined Guanfacine and Mindfulness Meditation as an Adjunct to Buprenorphine Maintenance in Opioid Use Disorder,Recruiting,No,Mindfulness|Guanfacine|Opioid Use Disorder,Substance Use,DRUG: Guanfacine pharmacotherapy|BEHAVIORAL: Mindfulness Oriented Recovery Enhancement (MORE),Mindfulness (General),ALL,Adult only,224,OTHER,Interventional,2025,2026,2024,United States
NCT00179595,Does the Relaxation Response Inhibit Acute Stress?,Completed,No,Healthy,Healthy Volunteers,BEHAVIORAL: relaxation response- meditation,Meditation (General),ALL,Adult only,140,OTHER,Interventional,2002,2011,2005,United States
NCT07540117,Social Prescribing Intervention for Health Promotion in Community-Dwelling Older Adults,Recruiting,No,Aging|Health Promotion|Mental Health,Well-being / Mental Health,BEHAVIORAL: Mindfulness Meditation and Walking-Pole Exercise,Mindfulness (General),ALL,Adult + Older,1500,OTHER,Interventional,2026,2029,2026,Taiwan
NCT04004520,Feasibility of Collecting Stress Biomarkers Among Youth Experiencing Homelessness,Completed,No,"Stress, Physiological",Stress / Burnout,BEHAVIORAL: Virtual Reality with Meditation|BEHAVIORAL: Audio Control|BEHAVIORAL: Virtual reality Co,Meditation (General),ALL,Adult only,30,OTHER,Interventional,2019,2019,2019,United States
NCT06516146,Impact 360 for Healthy Agers,Recruiting,No,Healthy Aging,Healthy Volunteers,BEHAVIORAL: Exercise|BEHAVIORAL: Meditation|BEHAVIORAL: Diet,Meditation (General),ALL,Adult + Older,60,OTHER,Interventional,2024,2028,2024,Canada
NCT03684473,"An Online CBT, Mindfulness Meditation & Yoga (CBT-MY) Intervention for Posttraumatic Stress Disorder",Completed,No,Posttraumatic Stress Disorders|PTSD,PTSD / Trauma,BEHAVIORAL: Online Mindfulness-Based CBT & Trauma-Informed Yoga Intervention,Yoga,ALL,Adult only,25,OTHER,Interventional,2018,2021,2018,Canada
NCT06534086,Virtual Reality for Urological Procedures,Completed,No,"Feasibility|Anxiety State|Pain|Satisfaction, Patient",Pain,DEVICE: Virtual reality (VR) guided meditation therapy|OTHER: Treatment as usual,Meditation (General),MALE,Adult + Older,100,OTHER,Interventional,2024,2024,2024,Canada
NCT05294991,Wellness App for Sleep Disturbance in Hematological Cancer Patients,Recruiting,No,Cancer|Sleep Disturbance|Anxiety|Depression|Inflammation|Fatigue,Cancer,BEHAVIORAL: Wellness app intervention #1|BEHAVIORAL: Wellness app intervention #2,Other,ALL,Adult + Older,276,OTHER,Interventional,2023,2026,2022,United States
NCT04099758,A Study of the Effects of a One-session Mindfulness of the Breath Meditation Practice on State Hope and State Gratitude,Completed,No,Healthy,Healthy Volunteers,BEHAVIORAL: Mindfulness of the breath meditation|BEHAVIORAL: Audio-recording control,Mindfulness (General),ALL,Adult + Older,580,OTHER,Interventional,2019,2020,2019,United Kingdom
NCT05196672,Effects and Mechanism of Guided Virtual Reality Autogenic Meditation on ICU Sleep,Terminated,No,Critical Illness|Sleep Quality,Sleep / Fatigue,BEHAVIORAL: Virtual reality and eye mask,Other,ALL,Adult + Older,15,OTHER,Interventional,2022,2023,2022,Taiwan
NCT03920241,Cognition and Emotion in Meditation: A Comparison Between Mindfulness and Compassion Standardized Programs,Completed,No,Well-being|Emotion Regulation|Cognitive Control|Attention|Psychological Distress|Psychophysiologic R,Stress / Burnout,BEHAVIORAL: Mindfulness-Based Stress Reduction|BEHAVIORAL: Compassion Cultivation Training|OTHER: Co,MBSR,ALL,Adult + Older,650,OTHER,Observational,2017,2020,2019,Spain
NCT03545074,Efficacy of Spanish or English Language Versions of Mindfulness Meditation on Depression,Completed,No,Depression,Depression,BEHAVIORAL: Mindful Awareness Practices- English|BEHAVIORAL: Mindful Awareness Practices- Spanish|BE,Other,ALL,Adult + Older,76,OTHER,Interventional,2016,2018,2018,
NCT05642936,RCT of Meditation and Health Education on CIMT and MACE in Black Women and Men,Completed,No,Cardiovascular Disease,Cardiovascular / Metabolic,BEHAVIORAL: didactic health education control|BEHAVIORAL: Transcendental Meditation technique,Transcendental Meditation,ALL,Adult + Older,197,OTHER,Interventional,2000,2014,2022,
NCT06661603,"Effect of Practicing Yoga and Meditation on Cortisol Hormone, Immunoglobulin A and Metabolic Parameter Among Medical Stu",Recruiting,No,Healthy|Adult Children,Healthy Volunteers,BEHAVIORAL: GSY Yoga Intervention,Yoga,ALL,Adult only,280,OTHER,Interventional,2022,2025,2024,Hungary
NCT07415460,"Evaluating the Impact of SKY Breath Meditation on Stress, Well-being, and Connection in College Students",Recruiting,No,Stress|Anxiety|Physical Activity,Anxiety,OTHER: SKY Breath Meditation|OTHER: Yoga Videos,Yoga,ALL,Adult + Older,53,OTHER,Interventional,2026,2027,2026,United States
NCT04329637,Effects of an Integrative Health Care Model With Meditation and Care Cordination in CVS,Completed,No,Cyclic Vomiting Syndrome,Other,OTHER: Integrative healt care,Other,ALL,Adult + Older,74,OTHER,Interventional,2016,2019,2020,
NCT03406845,Mindfulness and HEP in Dialysis Patients With Depression and Anxiety,Completed,No,Renal Disease|Depression|Anxiety,Depression,BEHAVIORAL: Chair-side mindfulness intervention,Mindfulness (General),ALL,Adult + Older,60,OTHER,Interventional,2018,2019,2018,Canada
NCT02852174,The Veteran Caregiver Reducing Stress Time (VetCareReST) Study,Completed,No,"Stress, Depression, Anxiety and Worry",Depression,BEHAVIORAL: Mindfulness meditation training,Mindfulness (General),ALL,Adult + Older,30,OTHER,Interventional,2016,2017,2016,United States
NCT02563483,Yoga for Family Caregivers of Alzheimers Disease Patient,Completed,No,Stress|Anxiety|Compassion,Anxiety,BEHAVIORAL: yoga and compassion meditation program,Yoga,ALL,Adult + Older,46,OTHER,Interventional,2007,2009,2015,
NCT05103618,Effect of Meditation and Controls and Subjects With Parkinson's Disease on Brain Activity Measured by fMRI With FDOPA,Withdrawn,No,Parkinson Disease|Idiopathic Parkinson Disease,Neurological / Cognitive,DRUG: [F-18] Fluorodopa Positron Emission Tomography|BEHAVIORAL: OM Meditation,Meditation (General),ALL,Adult + Older,0,OTHER,Interventional,2021,2025,2021,United States
NCT06601699,Neuromodulation-assisted Ego-disengagement: The NEURO-EGO Study Stage 2,Recruiting,No,Healthy,Healthy Volunteers,DEVICE: Transcranial electrical stimulation (TES)|DEVICE: Transcranial electrical stimulation with t,Other,ALL,Adult + Older,48,OTHER,Interventional,2025,2028,2024,United States
NCT01434004,"Eating, Activity, and Stress Education",Completed,No,Prostate Cancer,Cancer,BEHAVIORAL: Lifestyle counseling,Other,MALE,Adult + Older,58,OTHER,Interventional,2003,2007,2011,United States
NCT03020316,"Peer Mentored Approaches For Men And Women With Coronary Artery Disease (""4Steps"")",Completed,No,Coronary Artery Disease,Other,BEHAVIORAL: Peer Mentor|BEHAVIORAL: Transcendental Meditation,Transcendental Meditation,ALL,Adult + Older,72,OTHER,Interventional,2016,2019,2017,United States
NCT03832478,Longitudinal Virtual Reality Use in Pediatric Surgical Procedures,Withdrawn,No,"Anxiety|Pain|Pain, Postoperative",Pain,DEVICE: Virtual Reality Headset Given,Other,ALL,Child + Adult,0,OTHER,Interventional,2019,2020,2019,United States
NCT03132597,"Impact of Teaching ""Meditation Techniques"" on the Mental Health and Quality of Life of Medical Students",Completed,No,Stress|Anxiety|Depression|Quality of Life,Depression,BEHAVIORAL: Mindfulness training,Mindfulness (General),ALL,All ages,360,OTHER,Interventional,2017,2018,2017,Brazil
NCT04375072,Home-based tDCS and Mindfulness-based Meditation for Self-management of Clinical Pain and Symptoms,Completed,Yes,Osteo Arthritis Knee,Pain,DEVICE: active tDCS paired with active MBM|DEVICE: sham tDCS paired with active MBM|DEVICE: active t,Other,ALL,Adult + Older,208,OTHER,Interventional,2020,2025,2020,United States
NCT07055178,Perioperative Virtual Reality Intervention for Pain and Anxiety During Vasectomies,Recruiting,No,Vasectomy|Pain|Anxiety|Virtual Reality,Pain,DEVICE: Virtual reality (VR) guided meditation therapy|OTHER: Treatment as usual,Meditation (General),MALE,Adult + Older,90,OTHER,Interventional,2025,2026,2025,Canada
NCT04863690,Assessing the Effects of the Muse Sleep Intervention on Sleep,Completed,No,Mediation|Coaching,Other,BEHAVIORAL: Meditation|BEHAVIORAL: Digital Coaching|BEHAVIORAL: Digital Coaching plus Human Coaching,Meditation (General),ALL,Adult + Older,150,OTHER,Interventional,2021,2022,2021,Canada
NCT05576090,UCLA REST Study (REsearch on Sleep Techniques),Recruiting,No,Sleep Disturbance|Inflammation|Psychosocial Functioning,Sleep / Fatigue,BEHAVIORAL: Mindfulness Meditation|BEHAVIORAL: Sleep Education,Mindfulness (General),ALL,Adult only,240,OTHER,Interventional,2023,2027,2022,United States
NCT01404273,Functional MRI of Relaxation Response Training in Adults With Attention-Deficit/Hyperactivity Disorder,Completed,No,ADHD,Neurological / Cognitive,BEHAVIORAL: Meditation/Relaxation Response Training,Meditation (General),ALL,Adult only,12,OTHER,Interventional,2009,2011,2011,United States
NCT06601686,Neuromodulation-assisted Ego-disengagement: The NEURO-EGO Study Stage 1,Recruiting,No,Healthy,Healthy Volunteers,DEVICE: Transcranial electrical stimulation (TES)|DEVICE: Transcranial electrical stimulation with t,Other,ALL,Adult + Older,12,OTHER,Interventional,2025,2027,2024,United States
NCT07050095,Anxiolytic Effect of Virtual Reality Immersion Versus Midazolam Premedication in Patients Undergoing Dacryocystorhinosto,Recruiting,No,Anxiolytic Effect|Virtual Reality Immersion|Midazolam|Premedication|Dacryocystorhinostomy,Other,OTHER: Virtual Reality Group|DRUG: Midazolam Group,Other,ALL,Adult + Older,40,OTHER,Interventional,2025,2025,2025,Egypt
NCT04366544,"Effects of an 8-day Advanced Meditation, Samyama on Physical, Psychological and Spiritual Wellbeing ,and Associated Neur",Completed,No,"Mental Health Wellness 1|Happiness|Depression|Consciousness, Level Altered|Ecstasy|Dietary Habits|St",Depression,OTHER: Part A1: Survey|OTHER: Part A2: Sample collection|OTHER: Part B:,Other,ALL,Adult + Older,759,OTHER,Interventional,2018,2018,2020,United States
NCT01512303,Complementary and Alternative Interventions for Veterans With Posttraumatic Stress Disorder,Terminated,No,PTSD,PTSD / Trauma,BEHAVIORAL: Sudarshan Kriya Yoga|BEHAVIORAL: Mindfulness-Based Stress Reduction,MBSR,ALL,Adult only,70,OTHER,Interventional,2012,2013,2012,United States
NCT06260098,StressLess Yoga Study,Completed,No,Stress,Stress / Burnout,BEHAVIORAL: Yoga with High Breath work & meditation; Low movement/postures|BEHAVIORAL: Yoga with Low,Yoga,ALL,Adult + Older,40,OTHER,Interventional,2024,2024,2024,United States
NCT06328751,Meditation With Virtual Reality for Cancer Pain Relief in the Pain Therapy and Palliative Care Service,Recruiting,No,Cancer Pain|Quality of Life|Palliative Medicine,Cancer,DEVICE: Case group|BEHAVIORAL: Active control group|BEHAVIORAL: Passive control group,Other,ALL,Adult + Older,129,NETWORK,Interventional,2024,2027,2024,Brazil
NCT01262404,Imaging Cerebral and Sub-cerebral Correlates of Meditative States,Unknown,No,Stress,Stress / Burnout,,Other,ALL,Adult + Older,58,OTHER,Observational,2010,2011,2010,United States
NCT01569269,"Effects of Reiki, Yoga, Meditation, on the Physical and Psychological Symptoms of Chemotherapy-Induced Peripheral Neurop",Completed,No,Peripheral Neuropathy,Other,BEHAVIORAL: Yoga Intervention|BEHAVIORAL: Meditation Intervention|BEHAVIORAL: Reiki|OTHER: Holistic,Yoga,ALL,Adult + Older,36,OTHER,Interventional,2010,2012,2012,United States
NCT02226744,Study to Measure Relaxation From Different Types of Focused Breathing Exercises,Terminated,No,Breathing|Mind-body Practices|Yoga|Meditation,Well-being / Mental Health,BEHAVIORAL: Focused Breathing,Breathwork,ALL,Adult only,24,OTHER,Interventional,2014,2015,2014,United States
NCT03507725,Early Staged Consent Before Prostate Biopsy,Completed,No,Prostate Cancer,Cancer,BEHAVIORAL: Meditation|PROCEDURE: Prostate Biopsy|BEHAVIORAL: Questionnaires,Meditation (General),MALE,All ages,390,OTHER,Interventional,2018,2024,2018,United States
NCT07299916,Transcranial Direct Current Stimulation (tDCS) and Immersive Virtual Reality Meditation (IVRM) for the Treatment of Anxi,Enrolling By Invitation,No,Anxiety|GAD,Anxiety,DEVICE: tDCS +IVRM (Active stimulation)|DEVICE: tDCS+IVRM (sham stimulation),Other,ALL,All ages,52,OTHER,Interventional,2025,2027,2025,Hong Kong
NCT06555172,Feasibility Testing a Meditation App for Professionals Working With Youth in the Legal System,Active Not Recruiting,No,"Anxiety|Depression|Burnout, Professional|Emotion Regulation",Depression,BEHAVIORAL: Action In Mindfulness (AIM)+|BEHAVIORAL: Resource+,Mindfulness (General),ALL,Adult + Older,57,OTHER,Interventional,2024,2027,2024,United States
NCT00070915,"Massage, Meditation, and Tai Chi for Chronic Lower Back Pain",Completed,No,Low Back Pain,Pain,BEHAVIORAL: Tai chi|BEHAVIORAL: Mindfulness-based Stress Reduction program|PROCEDURE: Therapeutic ma,MBSR,ALL,Adult only,120,OTHER,Interventional,2000,2003,2003,
NCT01811043,Improving Biopsy Experiences Study for Women,Completed,No,Imaging Guided Breast Biopsy,Other,BEHAVIORAL: Guided Meditation|BEHAVIORAL: Music|BEHAVIORAL: Supportive Dialogue,Meditation (General),FEMALE,Adult + Older,243,OTHER,Interventional,2012,2017,2013,United States
NCT02861170,Effects of a Peri-operative Brief Mindfulness-based Intervention on Post-operative Pain and Disability,Withdrawn,No,Chronic Hip Pain|Worries; Pain or Disability|Quality of Life,Pain,BEHAVIORAL: Brief Mindfulness-Based Intervention,Mindfulness (General),ALL,Adult + Older,0,OTHER,Interventional,2018,2020,2016,Canada
NCT03368560,A Breathing-Based Meditation Intervention for Patients With Treatment Resistant Late Life Depression,Withdrawn,No,Late Life Depression,Depression,OTHER: Sudarshan Kriya Yoga,Yoga,ALL,Adult + Older,0,OTHER,Interventional,2020,2022,2017,
NCT03273699,Mindfulness Meditation Utilizing an EEG Biofeedback Device for the Treatment for Obsessive Compulsive Disorder,Completed,No,Obsessive-Compulsive Disorder,Other,DEVICE: Mindfulness,Mindfulness (General),ALL,Adult only,71,OTHER,Interventional,2017,2019,2017,Canada
NCT03783793,Effects of a Mindfulness Meditation App on Subjective Well-Being in Undergraduate University Students,Completed,No,"Stress, Psychological",Stress / Burnout,BEHAVIORAL: Mindfulness Training App|BEHAVIORAL: Cognitive Training With 2048,Mindfulness (General),ALL,Adult + Older,108,OTHER,Interventional,2016,2017,2018,
NCT04045275,Feasibility of a Mobile App on Sleep,Completed,No,Sleep Disturbance,Sleep / Fatigue,BEHAVIORAL: Calm,Other,ALL,Adult + Older,285,OTHER,Interventional,2019,2020,2019,United States
NCT06949943,Pre-Operative Guided Meditation to Reduce Pre-Operative Anxiety in Patients Undergoing Cancer-Directed Surgery,Recruiting,No,Hematopoietic and Lymphatic System Neoplasm|Malignant Solid Neoplasm,Cancer,BEHAVIORAL: Behavioral Intervention|BEHAVIORAL: Behavioral Intervention|OTHER: Electronic Health Rec,Other,ALL,Adult + Older,300,OTHER,Interventional,2025,2027,2025,United States
NCT06397469,Enhancing Attention and Wellbeing Using Digital Therapeutics,Recruiting,No,Aging|MCI|Cognitive Decline,Neurological / Cognitive,DEVICE: MediTrain|DEVICE: Worder,Other,ALL,Adult + Older,4000,OTHER,Interventional,2024,2029,2024,United States
NCT06149156,Resident Well-being and Performance,Completed,No,"Burnout, Psychological",Stress / Burnout,BEHAVIORAL: Healthy Minds Program App|BEHAVIORAL: Well-being Resources,Other,ALL,Adult + Older,508,OTHER,Interventional,2024,2024,2023,United States
NCT04713111,Stress and Recovery in Frontline COVID-19 Workers,Completed,No,Covid19|Stress|Wearables,Stress / Burnout,BEHAVIORAL: Lifestyle (Meditation)|BEHAVIORAL: Lifestyle (Exercise),Meditation (General),ALL,Adult + Older,383,OTHER,Interventional,2020,2020,2021,United States
NCT05763797,Developing a Culturally Relevant Supportive Care Program for Black Patients Dealing With Advanced Cancer,Active Not Recruiting,No,Cancer,Cancer,BEHAVIORAL: Individual Interview|BEHAVIORAL: Meditation Exercise,Meditation (General),ALL,Adult + Older,170,OTHER,Interventional,2023,2029,2023,United States
NCT03471689,Multisensory Integration and Pain Perception,Withdrawn,No,"Pain|Regulation, Self",Pain,BEHAVIORAL: Mindfulness meditation|BEHAVIORAL: Positive reappraisal,Mindfulness (General),ALL,Adult only,0,OTHER,Interventional,2017,2019,2018,United States
NCT03986125,Student Anxiety & Stress Study,Completed,No,Anxiety|Somatic Symptom Disorder,Anxiety,BEHAVIORAL: Emotional Awareness & Expression Therapy|BEHAVIORAL: Mindfulness Meditation Training,Mindfulness (General),ALL,Adult + Older,53,OTHER,Interventional,2019,2020,2019,United States
NCT01947673,Mechanisms of Intradialytic Hypertension,Completed,No,Renal Failure Chronic Requiring Hemodialysis|Haemodialysis-induced Symptom|Hypertension,Cardiovascular / Metabolic,OTHER: Mindfulness Meditation|OTHER: Health Education,Mindfulness (General),ALL,Adult + Older,49,OTHER,Interventional,2013,2017,2013,United States
NCT00594243,Feasibility of Mindfulness Meditation for Adults 65+ With Chronic Low Back Pain,Completed,No,Chronic Low Back Pain,Pain,BEHAVIORAL: Mindfulness based stress reduction program|OTHER: Wait-list control,Mindfulness (General),ALL,Adult + Older,37,OTHER,Interventional,2004,2005,2008,
NCT06442371,Additional Effects of Quranic Listening Meditation in Combination With High Intensity Interval Training in Obese Adults,Completed,No,Obesity,Cardiovascular / Metabolic,OTHER: High Intensity interval training + Quranic Listening|OTHER: High intensity interval training,Other,ALL,Adult only,52,OTHER,Interventional,2024,2024,2024,Pakistan
NCT06792877,Mindfulness for Cognition in Early-stage Alzheimer's Disease,Recruiting,No,Mild Cognitive Impairment (MCI)|Mild Cognitive Impairment (MCI) Due to Alzheimer's Disease|TBI (Trau,PTSD / Trauma,BEHAVIORAL: Mindfulness Intervention|BEHAVIORAL: Waitlist then mindfulness,Mindfulness (General),ALL,Adult + Older,100,FED,Interventional,2025,2027,2025,United States
NCT03345381,Impact of Breathing Exercises and Meditation on Quality of Life in Dry Eye Disease Patients: A Pilot Study,Unknown,No,Depression|Quality of Life|Dry Eye|Anxiety|Sleep,Depression,OTHER: SKY + ASTM + usual care|OTHER: Usual care,Other,ALL,Adult + Older,70,OTHER,Interventional,2019,2020,2017,Canada
NCT02283541,"Gait, Depression, and Mind-body Therapy in Seniors",Completed,No,Major Depressive Disorder,Depression,BEHAVIORAL: Automatic self-transcending meditation,Meditation (General),ALL,Adult + Older,27,OTHER,Interventional,2015,2017,2014,Canada
NCT04126564,Inner Engineering Online (IEO) Intervention for a Specific Company Employee Program,Completed,Yes,"Burnout|Stress|Depression, Anxiety",Depression,BEHAVIORAL: Inner Engineering Online|BEHAVIORAL: Reading a book/ journal,Other,ALL,Adult + Older,71,OTHER,Interventional,2019,2020,2019,United States
NCT03953469,Short-term Effects of Passiflora and Meditation on Blood Pressure and Heart Rate,Unknown,No,Heart Rate Fast|Blood Pressure,Cardiovascular / Metabolic,DIETARY_SUPPLEMENT: Passiflora incarnata,Other,ALL,All ages,250,OTHER,Interventional,2020,2021,2019,
NCT07542769,Choice and Autonomy in Learning Mindfulness for Pediatric Residents,Recruiting,No,Program Engagement|Treatment Adherence and Compliance|Mindfulness|Self-Compassion|Physician Burnout|,Stress / Burnout,BEHAVIORAL: Wakeful Digital Mindfulness Program,Mindfulness (General),ALL,All ages,42,OTHER,Interventional,2026,2027,2026,United States
NCT06165497,Short Practices Well-being Study,Completed,No,"Well-Being, Psychological",Well-being / Mental Health,BEHAVIORAL: Meditation practices|OTHER: Internet-as-usual,Meditation (General),ALL,Adult + Older,5049,OTHER,Interventional,2023,2023,2023,United States
NCT07298941,Resilience Enhancement Following Sleep Treatment,Recruiting,No,Chronic Low Back Pain (CLBP)|Insomnia,Pain,BEHAVIORAL: Cognitive-behavioral therapy for insomnia (CBTi)|BEHAVIORAL: CBTi + Savoring Meditation|,Meditation (General),ALL,Adult + Older,300,OTHER,Interventional,2025,2030,2025,United States
NCT00661050,"Treatment of Interstitial Cystitis/Painful Bladder Syndrome Using Alternative Techniques: Exercise, Meditation, Tai Chi",Withdrawn,No,"Cystitis, Interstitial",Other,PROCEDURE: Alternative Medicine|PROCEDURE: Tai Chi instruction and class participation or walking ex,Meditation (General),ALL,Adult + Older,0,OTHER,Observational,2008,2008,2008,United States
NCT07415941,MBM and taVNS for Low Back Pain and Depressive Symptoms,Recruiting,No,Chronic Low Back Pain,Pain,BEHAVIORAL: MBM|DEVICE: VNSM,Other,ALL,Adult + Older,66,OTHER,Interventional,2026,2027,2026,United States
NCT05974605,Mindfulness and Attention Training Intervention to Lower Distractibility in Aging,Completed,No,Healthy Aging,Healthy Volunteers,BEHAVIORAL: MM+HighC,Other,ALL,Adult + Older,16,OTHER,Interventional,2022,2024,2023,United States
NCT06013930,Exploring the Efficacy of Treatments for Anxiety and Depression Among College Students,Completed,No,Anxiety|Depression,Depression,BEHAVIORAL: External Qigong|BEHAVIORAL: Mindfulness Meditation|OTHER: Psychoeducation,Mindfulness (General),ALL,Adult + Older,55,OTHER,Interventional,2023,2025,2023,United States
NCT04099992,Mindfulness in Chronic Kidney Disease,Recruiting,No,Chronic Kidney Diseases,Other,BEHAVIORAL: Mindfulness-based stress reduction (MBSR)|BEHAVIORAL: Health enhancement program (HEP)|D,MBSR,ALL,Adult + Older,150,OTHER,Interventional,2019,2026,2019,United States
NCT06662409,Support for Bereaved Cancer Caregivers,Recruiting,No,Bereavement|Cancer|Caregiver|Grief,Cancer,OTHER: Nature-based healing meditation (NBHM) intervention,Meditation (General),ALL,Adult + Older,70,OTHER,Interventional,2025,2026,2024,United States
NCT06903104,Acceptability and Feasibility of a Stress Prevention Program Based on Meditation and Acceptance and Commitment Therapy f,Completed,No,Employees at a Hospital,Other,OTHER: Mindfulness closed program|DIAGNOSTIC_TEST: Quality of life evaluation|DIAGNOSTIC_TEST: Perce,Mindfulness (General),ALL,Adult + Older,20,OTHER,Interventional,2025,2025,2025,France
NCT07124364,"Effects of Relaxation, Mindfulness, and Breathing Therapy on Alarm Fatigue and Psychological Well-being in Intensive Car",Active Not Recruiting,No,Alarm Fatigue in Intensive Care Unit Nurses|Psychological Well-Being in Intensive Care Unit Nurses,Sleep / Fatigue,BEHAVIORAL: Benson Relaxation Technique|BEHAVIORAL: Mindfulness-Based Stress Reduction Meditation|BE,MBSR,ALL,Adult + Older,168,OTHER,Interventional,2025,2026,2025,Turkey
NCT03756441,Effects of the MBHP on the Quality of Life of Family Members of People With Intellectual Disability,Unknown,No,Quality of Life,Well-being / Mental Health,BEHAVIORAL: Mindfulness meditation|BEHAVIORAL: Psychotherapy group,Mindfulness (General),FEMALE,Adult + Older,154,OTHER,Interventional,2019,2022,2018,Brazil
NCT07501286,Telehealth Mindfulness-based Intervention for Adolescents With Autism Spectrum Disorder and Their Caregivers,Recruiting,No,Autism Spectrum Disorder,Other,BEHAVIORAL: MINDful TIME|BEHAVIORAL: Mindfulness Mobile App,Mindfulness (General),ALL,Child + Adult,160,OTHER,Interventional,2026,2028,2026,United States
NCT02413177,Augmenting Mindfulness Training Through Experience-driven Neurofeedback,Completed,No,Stress,Stress / Burnout,BEHAVIORAL: EEG-no RTNF|BEHAVIORAL: EEG-RTNF,Other,ALL,Adult only,65,OTHER,Interventional,2015,2017,2015,United States
NCT07326800,"Efficacy of the MAEva Program (Meditation, Acceptance, and Commitment to Values) Among Patients Treated For Breast Cance",Recruiting,No,Non Metastatic Breast Cancer,Cancer,"OTHER: MAEva program (Meditation, Acceptance and Commitment to Values or ""Méditation, Acceptation et",Meditation (General),FEMALE,Adult + Older,190,OTHER,Interventional,2026,2029,2026,France
NCT04580966,IBSR Intervention for Adults Who Stutter,Completed,No,Stuttering,Other,BEHAVIORAL: Inquiry Based Stress Reduction (IBSR) workshop,Other,ALL,Adult + Older,56,OTHER_GOV,Interventional,2017,2018,2020,Israel
NCT05415735,Stress Management and Resiliency Training Following Acute Myocardial Infarction,Completed,No,Heart Attack|Cardiovascular Diseases,Cardiovascular / Metabolic,BEHAVIORAL: Stress Management and Resiliency Training Program,Other,ALL,Adult + Older,10,OTHER,Interventional,2022,2023,2022,United States
NCT05541718,New Options for Treating Knee Osteoarthritis Pain,Completed,No,Knee Osteoarthritis,Pain,BEHAVIORAL: Reiki|BEHAVIORAL: Sham Reiki|BEHAVIORAL: Mindfulness Meditation,Mindfulness (General),ALL,Adult + Older,164,OTHER,Interventional,2023,2024,2022,United States
NCT05956470,A Comprehensive Wellness Program (SKY) to Mitigate Physician Burnout,Completed,No,Depression|Anxiety|Stress|Insomnia|Optimism|Interpersonal Disengagement|Professional Fulfillment|Wor,Depression,BEHAVIORAL: Meditation and breathing program : Sudarshan Kriya Yoga (SKY)|BEHAVIORAL: Stress managem,Yoga,ALL,Adult + Older,128,OTHER,Interventional,2021,2022,2023,Turkey
NCT06458660,LinkPositively+ A Mobile Health App Delivered Intervention to Improve HIV Care Outcomes Among Black Women Affected by Me,Recruiting,No,HIV/AIDS|Mental Health Issue,Well-being / Mental Health,BEHAVIORAL: LPP+: Mindfulness Meditation Delivered|BEHAVIORAL: LP,Mindfulness (General),ALL,Adult + Older,60,OTHER,Interventional,2024,2025,2024,United States
NCT03787407,The Effect of Neurofeedback-assisted Mindfulness Training in Employees With Emotional Labor,Completed,No,"Stress, Psychological",Stress / Burnout,BEHAVIORAL: stress management and meditation,Meditation (General),ALL,Adult + Older,96,OTHER,Interventional,2018,2018,2018,South Korea
NCT06394700,Written Exposure Therapy and App-Delivered Mindfulness Meditation for PTSD in China: A Pilot Study,Unknown,No,"PTSD|Insomnia, Secondary",PTSD / Trauma,BEHAVIORAL: written exposure therapy|BEHAVIORAL: Written Exposure Therapy plus Mindfulness-Based App,Mindfulness (General),ALL,Adult + Older,45,OTHER,Interventional,2021,2024,2024,China
NCT03110705,Recreational Diving Practice for Stress Management,Completed,No,Psychological Stresses,Stress / Burnout,BEHAVIORAL: sport,Other,ALL,Adult only,67,OTHER_GOV,Observational,2015,2016,2017,
NCT03593551,Effects of Different Relaxation Interventions on Reducing Stress in Chinese Breastfeeding Mothers,Completed,No,Stress-related Problem|Breastfeeding|Relaxation Therapy|Psychological Stress,Stress / Burnout,COMBINATION_PRODUCT: five relaxation treatments and one control,Other,FEMALE,Adult only,20,OTHER,Interventional,2018,2018,2018,China
NCT05752474,Multi-Component Prehabilitation for Major Elective Surgery,Completed,Yes,Frailty|Functional Recovery|Prehabilitation,Other,BEHAVIORAL: Exercise|BEHAVIORAL: Nutrition|BEHAVIORAL: Meditation|BEHAVIORAL: Cognitive Behavioral I,Meditation (General),ALL,Adult + Older,30,OTHER,Interventional,2023,2025,2023,United States
NCT01405716,Aging Successfully With Pain,Completed,No,Low Back Pain,Pain,BEHAVIORAL: Mindfulness Meditation|BEHAVIORAL: Health Education,Mindfulness (General),ALL,Adult + Older,282,OTHER,Interventional,2011,2015,2011,United States
NCT00855192,Antenatal Relaxation Group for Anxiety and Depression Management,Unknown,No,Anxiety|Depression,Depression,BEHAVIORAL: mindful meditation|BEHAVIORAL: interpersonal therapy,Meditation (General),FEMALE,Child + Adult,20,OTHER,Interventional,2008,2009,2009,Canada
NCT03633682,Evaluation of Text Message Engagement Support of Mindfulness Smartphone Applications,Completed,No,Depression|Anxiety,Depression,"BEHAVIORAL: Headspace - Meditation and Mindfulness App|BEHAVIORAL: Stop, Breathe, & Think - Meditati",Mindfulness (General),ALL,Adult + Older,40,OTHER,Interventional,2018,2020,2018,United States
NCT03456505,Dissecting De-automatization,Completed,No,Mindfulness,Well-being / Mental Health,BEHAVIORAL: Mindfulness Meditation Training|BEHAVIORAL: Active Listening,Mindfulness (General),ALL,Adult only,53,OTHER,Interventional,2017,2018,2018,United States
NCT02214264,Brief Trainings to Buffer Against Acute Stress Effects,Completed,No,Stress,Stress / Burnout,BEHAVIORAL: Loving-Kindness meditation training|BEHAVIORAL: Breath Awareness meditation training|BEH,Loving-Kindness / Compassion,ALL,Adult + Older,172,OTHER,Interventional,2014,2015,2014,United States
NCT07544355,A Mindfulness-Based Stress Reduction Training Program Model,Not Yet Recruiting,No,"Depression|Anxiety|Stress|Well-Being, Psychological",Depression,"BEHAVIORAL: The mindfulness group-""Mindfulness-Based Stress Reduction Program""|BEHAVIORAL: The life ",MBSR,ALL,Adult + Older,93,OTHER,Interventional,2026,2027,2026,
NCT05488574,Effects of Novel Breathing Behavior Modification Yoga Positioning Integrated Program on Weight Loss,Unknown,No,Weight Loss|Metabolism,Other,OTHER: Deep breathing with Yoga positioning,Yoga,ALL,Adult + Older,80,OTHER,Interventional,2022,2022,2022,United States
NCT07042178,The Influence of Virtual Reality on Blood Parameters,Completed,No,Virtual Reality Pain Distraction|Endocrinology|Haematology,Pain,OTHER: Meditation video at the beach|OTHER: Rollercoaster video,Meditation (General),ALL,Adult only,30,OTHER,Interventional,2025,2026,2025,Netherlands
NCT06748222,E-Mindfulness Approaches for Living After Breast Cancer,Recruiting,No,Breast Cancer|Depression,Cancer,BEHAVIORAL: Mindfulness (MAPs) Live Online|BEHAVIORAL: Mindfulness (MAPs) Digital App|BEHAVIORAL: Me,Mindfulness (General),ALL,Adult only,402,OTHER,Interventional,2025,2030,2024,United States
NCT01343810,"Stress Reduction Training to Improve Sleep Quality, Stress Physiology & Cardiovascular Disease (CVD) Risk Markers",Completed,No,"Stress, Psychological|Sleep|Inflammation|Cardiovascular Diseases",Stress / Burnout,BEHAVIORAL: Mindfulness Based Stress Reduction (MBSR)|BEHAVIORAL: Mindfulness-Based Stress Reduction,MBSR,ALL,Adult + Older,87,OTHER,Interventional,2010,2013,2011,United States
NCT05531513,The Effects of a Nature-Based Mindfulness-Compassion Intervention for Older Adults Delivered Using Virtual Reality,Completed,No,Mental Health Wellness 1|Healthy Aging,Well-being / Mental Health,BEHAVIORAL: Virtual Reality (VR) Meditation|BEHAVIORAL: Psychoeducational Pamphlet,Meditation (General),ALL,Adult + Older,24,OTHER,Interventional,2022,2023,2022,Canada
NCT05183568,Mindful Self-Compassion (MSC) for Infertility Related Distress,Completed,No,"Infertility, Female|Distress, Emotional|Depressive Symptoms|Anxiety",Depression,BEHAVIORAL: Mindful Self-Compassion,Loving-Kindness / Compassion,FEMALE,Adult only,50,OTHER,Interventional,2021,2022,2022,Canada
NCT07202572,A Study Of Virtual Reality Vs Sham VR On Fibromyalgia,Active Not Recruiting,No,Fibromyalgia,Pain,DEVICE: TRIPP VR Meditation|BEHAVIORAL: Sham VR,Meditation (General),ALL,Adult + Older,40,OTHER,Interventional,2025,2026,2025,United States
NCT06626529,Mindful Breaths: Mindfulness for Young Adult Vaping,Not Yet Recruiting,No,Vaping Cessation,Other,BEHAVIORAL: Guided mindfulness meditation|BEHAVIORAL: Scenery video,Mindfulness (General),ALL,Adult only,120,OTHER,Interventional,2025,2025,2024,
NCT06804720,Self-Compassion Against Burnout in Dentistry,Completed,No,Self Compassion|Mindfulness Meditation|Burn Out (Psychology),Well-being / Mental Health,BEHAVIORAL: Mindfulness based Self compassion,Loving-Kindness / Compassion,ALL,Adult only,49,OTHER,Interventional,2024,2025,2025,Turkey
NCT03745235,A Study Comparing the Influence of a Mindfulness-based Stress Reduction Program vs. Routine Management on Psychological,Terminated,No,Psychiatry|Caregivers|Mindfulness,Well-being / Mental Health,OTHER: stress reduction program based on mindfulness|BIOLOGICAL: venipunctures|OTHER: psychometric q,Mindfulness (General),ALL,Adult + Older,27,OTHER,Interventional,2019,2020,2018,France
NCT02717429,Cognitive and Emotion Regulation Training in MS,Completed,No,Multiple Sclerosis,Neurological / Cognitive,BEHAVIORAL: Mindfulness Meditation|BEHAVIORAL: Computerized Cognitive Training,Mindfulness (General),ALL,Adult only,62,OTHER,Interventional,2015,2017,2016,United States
NCT05622396,Feasibility of an Adapted Mindfulness Program to Parkinson's Disease,Unknown,No,Parkinson Disease,Neurological / Cognitive,PROCEDURE: Mindfulness Based Stress Reduction,Mindfulness (General),ALL,Adult + Older,20,OTHER,Interventional,2023,2023,2022,France
NCT06808490,Exercise and Endocannabinoids for Brain and Mental Health,Completed,No,Children|Adolescents,Other,BEHAVIORAL: Moderate Intensity Exercise|BEHAVIORAL: Light Intensity Stretching|BEHAVIORAL: Seated Me,Meditation (General),ALL,Child only,68,OTHER,Interventional,2021,2024,2025,United States
NCT06585670,Mindfulness Approach for Reducing Anxiety and Gloom in Ocular Inflammatory Diseases,Completed,No,Non-infectious Uveitis,Other,OTHER: Calm Health - smartphone application,Other,ALL,Adult + Older,100,OTHER,Interventional,2024,2025,2024,United States
NCT05235828,Studying the Effectiveness and Implementation of Sudarshan Kriya Yoga for Canadian Veterans With PTSD,Unknown,No,PTSD|Depressive Symptoms|Anxiety|Pain|Quality of Life|Post Traumatic Stress Disorder,Pain,BEHAVIORAL: Sudarshan Kriya Yoga (SKY),Yoga,ALL,Adult + Older,200,OTHER,Interventional,2022,2024,2022,Canada
NCT05710250,The Effects of Mindfulness Meditation on Brain Metabolism in the Limbic Regions Studied by Magnetic Resonance Spectrosco,Completed,No,Behavior,Other,BEHAVIORAL: 6-week MBSR program|BEHAVIORAL: 6-week muscular relaxation program,MBSR,FEMALE,Adult only,30,OTHER,Interventional,2023,2023,2023,France
NCT00376818,Stress Reduction Program in Patients With Malignant Brain Tumors and Their Family Caregivers,Completed,No,Brain and Central Nervous System Tumors|Psychosocial Effects of Cancer and Its Treatment,Cancer,BEHAVIORAL: exercise intervention|OTHER: educational intervention|OTHER: physiologic testing|OTHER:,Other,ALL,Adult + Older,4,OTHER,Interventional,2006,2008,2006,United States
NCT03067207,In-Person vs e-Health Mindfulness-Based Intervention for Adolescents With Chronic Illness,Completed,No,Chronic Illness|Mental Health Impairment,Well-being / Mental Health,BEHAVIORAL: MARS-A,Other,ALL,Child + Adult,18,OTHER,Interventional,2016,2017,2017,
NCT01795404,A Randomized Controlled Trial of Inquiry Based Stress Reduction (IBSR) Program for Cancer Survivors.,Unknown,No,Cancer,Cancer,BEHAVIORAL: Inquiry Based Stress Reduction (IBSR),Other,ALL,Adult + Older,300,OTHER_GOV,Interventional,2013,2016,2013,
NCT04870788,Mindfulness-Based Intervention for Latino Cancer Patients and Their Caregivers,Active Not Recruiting,No,Advanced Malignant Solid Neoplasm,Cancer,BEHAVIORAL: Mindfulness Relaxation|OTHER: Quality-of-Life Assessment|OTHER: Questionnaire Administra,Mindfulness (General),ALL,Adult + Older,68,OTHER,Interventional,2021,2027,2021,United States
NCT04067427,Reducing Recurrence of Symptomatic Atrial Fibrillation After Catheter Ablation by App-based Mental Training,Completed,No,Paroxysmal Atrial Fibrillation|Persistent Atrial Fibrillation|Meditation,Well-being / Mental Health,OTHER: Mental training,Other,ALL,Adult + Older,183,OTHER,Interventional,2019,2022,2019,Germany
NCT00944138,8-week Pilot Study of Relaxation for Weight Loss in Adults With Chronic Kidney Disease,Completed,No,Obesity,Cardiovascular / Metabolic,BEHAVIORAL: Relaxation methods,Other,ALL,Adult + Older,20,FED,Interventional,2009,2009,2009,United States
NCT04324216,Three-dimensional Virtual Reality and Hands-on Aromatherapy,Completed,No,Mental Health,Well-being / Mental Health,OTHER: 3D virtual reality and hands-on aromatherapy,Other,ALL,Adult + Older,48,OTHER,Interventional,2019,2019,2020,Taiwan
NCT03332290,Diving for Post Traumatic Stress Disorder (PTSD),Completed,No,Ptsd,PTSD / Trauma,BEHAVIORAL: sport practice,Other,ALL,Adult + Older,36,OTHER_GOV,Interventional,2017,2019,2017,Canada
NCT03473054,Stroke Survivors and Caregivers Using an Online Mindfulness-based Intervention Together,Completed,No,Stroke|Cerebrovascular Accident|Stress|Anxiety|Depression,Depression,OTHER: Web-based Mindfulness Course,Mindfulness (General),ALL,Adult + Older,10,OTHER,Observational,2018,2019,2018,United Kingdom
NCT04069481,Dance for the Improvement of Balance and Gait After Stroke,Unknown,No,Chronic Stroke,Other,OTHER: Dance|OTHER: Mindfulness meditation and Exercise,Mindfulness (General),ALL,All ages,136,OTHER,Interventional,2019,2021,2019,Canada
NCT06200909,Self-Care Training for Family Caregivers of Persons With Neurodegeneration,Recruiting,No,Caregiver Burden|Caregiver Stress,Stress / Burnout,OTHER: Mindfulness Meditation|OTHER: Psychoeducation|OTHER: Wait list control,Mindfulness (General),ALL,Adult + Older,232,OTHER,Interventional,2024,2028,2024,Canada
NCT04288830,Evaluation of a Tai Chi Resilience Training Program on Objective and Subjective Measures of Post Traumatic Stress Disord,Completed,No,Post Traumatic Stress Disorder|Tai Chi|Aerobic Exercise,PTSD / Trauma,BEHAVIORAL: Tai Chi Moving Mindfulness Meditation and Resilience Training|BEHAVIORAL: Aerobic Exerci,Mindfulness (General),ALL,Adult + Older,63,OTHER,Interventional,2021,2022,2020,United States
NCT00696852,"Mindfulness, Yoga, and Cardiovascular Disease",Completed,No,Cardiovascular Disease|Stress|Anxiety|Depression,Depression,"BEHAVIORAL: Mindfulness Meditation|BEHAVIORAL: Yoga|BEHAVIORAL: Exercise, Relaxation, and Health Edu",Yoga,ALL,Adult + Older,64,OTHER,Interventional,2008,2009,2008,United States
NCT05082246,Impact of Complimentary and Alternative Practices on Patient Wellbeing During Rehabilitation,Unknown,No,Anxiety|Depression|Stress|Pain|Heart Rate|Blood Pressure,Pain,OTHER: Conscious Breathing|OTHER: Heartfulness Meditation|OTHER: Emotional Freedom Technique,Meditation (General),ALL,Adult + Older,30,OTHER,Interventional,2022,2022,2021,United States
NCT05513846,Brain Age and Sleep Architecture in Meditators,Completed,No,Brain Age,Neurological / Cognitive,DEVICE: DREEM EEG Device|DEVICE: SleepImage Ring,Other,ALL,Adult + Older,108,OTHER,Observational,2022,2025,2022,United States
NCT00515177,Mindfulness Versus Pharmacotherapy for Chronic Insomnia: A Pilot Study,Completed,Yes,Chronic Insomnia|Primary Insomnia,Sleep / Fatigue,BEHAVIORAL: Mindfulness-Based Stress Reduction|DRUG: eszopiclone,MBSR,ALL,Adult + Older,30,OTHER,Interventional,2007,2009,2007,United States
NCT05085847,"Effects of Mindfulness-based Intervention on Epigenetic Mechanisms, Cognition Function, Stress Response, and Well-being",Completed,No,Mindfulness|DNA Methylation|Learning and Memory|Stress|Psychological Well-being,Stress / Burnout,OTHER: Mindfulness meditation training|OTHER: Active control,Mindfulness (General),FEMALE,Adult + Older,100,OTHER,Interventional,2018,2019,2021,Brazil
NCT03683147,Mindfulness-Based Stress Reduction in Helping Participants With Metastatic Breast Cancer,Completed,No,Stage IV Breast Cancer,Cancer,OTHER: Laboratory Biomarker Analysis|BEHAVIORAL: Meditation-Based Stress Reduction Program|OTHER: Qu,Meditation (General),FEMALE,Adult + Older,44,OTHER,Interventional,2017,2020,2018,United States
NCT04481516,Yoga in NHS Health Care Workers With COVID-19 Related Stress,Withdrawn,No,Stress,Stress / Burnout,OTHER: Yoga,Yoga,ALL,Adult + Older,0,OTHER,Observational,2020,2021,2020,United Kingdom
NCT06799507,The Effect of Mindfulness-Based Lifestyle Support Program on Infertile Women,Recruiting,No,Fertility Disorders|Infertility (IVF Patients),Other,BEHAVIORAL: Interventions Based on Mindfulness|OTHER: Routine clinical procedure,Mindfulness (General),FEMALE,Adult only,92,OTHER,Interventional,2025,2026,2025,Turkey
NCT03078790,Implementing a Paced Deep Breathing Module to Decrease Preoperative Anxiety in Gynecological Surgery Patients,Completed,No,Anxiety,Anxiety,DEVICE: iPad,Other,FEMALE,Adult + Older,38,OTHER,Interventional,2017,2017,2017,United States
NCT03223545,Stress Management to Support Women's Health,Completed,No,Hypertension|Stress|Cardiovascular Diseases,Stress / Burnout,BEHAVIORAL: MBCT-T|BEHAVIORAL: Usual Care,MBCT,FEMALE,Adult + Older,106,OTHER,Interventional,2018,2020,2017,United States
NCT02571387,MindOb: A 12-month Computerized Mindfulness-based Intervention for Obese Individuals,Unknown,No,Obesity|Binge-Eating Disorder,Cardiovascular / Metabolic,BEHAVIORAL: Mindfulness-based intervention|BEHAVIORAL: Sham meditation,Mindfulness (General),ALL,Adult + Older,50,OTHER,Interventional,2016,2019,2015,France
NCT04477278,Examining the Impact of Mindfulness on Patients' Experience of Osteopathic Manipulation,Completed,No,"Pain|Satisfaction, Patient",Pain,BEHAVIORAL: Mindfulness Meditation|BEHAVIORAL: History of Osteopathy,Mindfulness (General),ALL,Adult + Older,39,OTHER,Interventional,2019,2020,2020,United States
NCT06675240,Meditative Neurofeedback for Depression,Recruiting,No,Depression - Major Depressive Disorder|Depression Disorders,Depression,BEHAVIORAL: MediNF,Other,ALL,Adult + Older,27,OTHER,Interventional,2024,2027,2024,United States
NCT03296254,"Comparison of Two Brief Mindfulness Intervention for Stress, Anxiety and Burnout in Mental Health Professionals",Completed,No,Mental Health Wellness 1,Well-being / Mental Health,BEHAVIORAL: Sitting Mindfulness Exercises.|BEHAVIORAL: Body Mindfulness Exercises,Mindfulness (General),ALL,Adult + Older,127,OTHER,Interventional,2018,2019,2017,Cuba
NCT04598399,Comparison of the Effectiveness of Two Psycho-physical Interventions: Mindfulness Based Relapse Prevention (MBRP) and Un,Recruiting,No,Alcohol Use Disorder (AUD),Substance Use,BEHAVIORAL: Mindfulness Based Relapse Prevention|BEHAVIORAL: Relaxation/ meditation,Mindfulness (General),ALL,Adult + Older,168,OTHER,Interventional,2021,2027,2020,France
NCT01872338,Mindfulness-Based Cognitive Therapy for Suicide Prevention,Completed,Yes,Suicide,Other,BEHAVIORAL: Mindfulness-Based Cognitive Therapy for Suicide|BEHAVIORAL: Treatment as usual,MBCT,ALL,Adult + Older,135,FED,Interventional,2013,2019,2013,United States
NCT04164667,Telehealth Pilot for Veterans with Chronic Multi-Symptom Illness.,Completed,No,Chronic Multisymptom Illness,Other,BEHAVIORAL: Mental and physical (MAP) training intervention,Other,ALL,Adult + Older,24,FED,Interventional,2017,2021,2019,United States
NCT01012778,Implementation of Climb Up Program for Children With Attention Deficit Hyperactivity Disorder (ADHD) and Dyslexia in a S,Completed,No,Attention Deficit Hyperactivity Disorder|Dyslexia,Neurological / Cognitive,BEHAVIORAL: Climb Up ADHD and Dyslexia Program,Other,ALL,Child only,76,OTHER,Interventional,2007,2015,2009,India
NCT03969563,Mindfulness-Based Stress Reduction to Improve Neuropsychological Functioning in Acquired Brain Injury,Completed,Yes,Stroke,Other,BEHAVIORAL: Mindfulness-based Stress Reduction|BEHAVIORAL: Brain Health Education,MBSR,ALL,Adult + Older,110,FED,Interventional,2020,2024,2019,United States
NCT07546786,Cognitive Function and Affective Regulation in Meditators,Recruiting,No,Cognitive Function and Affective Regulation,Neurological / Cognitive,,Other,ALL,Adult + Older,104,OTHER,Observational,2024,2026,2026,United States
NCT06598579,Evaluation of MBCT Implemented in Vietnamese Buddhist Pagoda,Not Yet Recruiting,No,Depressive Symptoms|Quality of Life,Depression,BEHAVIORAL: Mindfulness-based Cognitive Therapy|BEHAVIORAL: Treatment-as-usual involving Buddhist me,MBCT,ALL,Adult + Older,160,OTHER,Interventional,2026,2026,2024,Vietnam
NCT05860192,Virtual Reality Mindfulness in Preoperative Anxious Patients,Unknown,No,Test Anxiety|Anxiety State|Preoperative Period,Anxiety,DEVICE: Virtual Reality|OTHER: application for mindfulness,Mindfulness (General),ALL,Adult + Older,100,OTHER,Interventional,2023,2024,2023,Switzerland
NCT06749067,Effect Of Awareness and Occupatıonal Practıces On Menopausal Women's Psychologıcal Wellbeıng And Menopausal Symptoms,Active Not Recruiting,No,Mindfulness Meditation|Occupational Therapy|Psychological Well-Being|Menopause,Well-being / Mental Health,BEHAVIORAL: Mindfulness Based Practices|BEHAVIORAL: Occupational Practices|BEHAVIORAL: Mindfulness-B,Mindfulness (General),FEMALE,All ages,80,OTHER,Interventional,2024,2025,2024,Turkey
NCT01419301,Mindfulness Based Stress Reduction in Multiple Sclerosis (MS),Completed,No,Multiple Sclerosis,Neurological / Cognitive,BEHAVIORAL: Mindfulness based stress reduction (MBSR),MBSR,ALL,Adult + Older,31,OTHER,Interventional,2011,2014,2011,United States
NCT07188454,The Effects of a Meditation Intervention on the Psychological Burden of Long-Term Care Professionals and Family Caregive,Completed,No,"Burnout, Professional|Caregivers|Caregivers Burnout|Stress, Psychological",Stress / Burnout,BEHAVIORAL: Mindfulness-Based Digital Intervention (AIZEN Program),Mindfulness (General),ALL,Adult + Older,60,OTHER,Interventional,2025,2025,2025,Taiwan
NCT00241813,Effects of Behavioral Stress Reduction Programs on Blood Pressure in African American Youth,Completed,No,Cardiovascular Diseases|Heart Diseases|Hypertension,Cardiovascular / Metabolic,BEHAVIORAL: Mindfulness Meditation (MM) Program|BEHAVIORAL: Health Education Control Program (CTL)|B,Mindfulness (General),ALL,Child only,283,OTHER,Interventional,2005,2009,2005,United States
NCT02977988,Women's Treatment and Early Recovery,Completed,Yes,Substance-related Disorders,Substance Use,BEHAVIORAL: Mindfulness Meditation|BEHAVIORAL: Brain and Recovery (B&R),Mindfulness (General),FEMALE,Adult + Older,200,OTHER,Interventional,2015,2019,2016,United States
NCT01264029,Efficacy of Mindful Tai Chi on Obese or Overweight Adults: A Randomized Controlled Clinical Trial,Terminated,No,Obesity|Adult|Healthy,Cardiovascular / Metabolic,BEHAVIORAL: Mindful Tai Chi Intervention|BEHAVIORAL: Mindfulness Meditation|BEHAVIORAL: Mall Walking,Mindfulness (General),ALL,Adult + Older,25,NIH,Interventional,2010,2012,2010,United States
NCT00379210,Neural Effects of Mindfulness Training on Attention,Completed,Yes,No Condition|Focus is Neural Effects of Mindfulness Training on Attention,Well-being / Mental Health,BEHAVIORAL: Mindfulness Meditation Training (MMT)|BEHAVIORAL: Nutrition Education course,Mindfulness (General),ALL,Adult + Older,60,OTHER,Interventional,2006,2009,2006,United States
NCT00214357,The Effects of Mindfulness Training on School Staff,Completed,No,Teachers,Other,BEHAVIORAL: Mindfulness-based stress reduction,MBSR,ALL,Adult + Older,19,OTHER,Interventional,2004,2004,2005,United States
NCT02241070,The Potential for Mindfulness-Based Intervention in Workplace Mental Health Promotion,Completed,No,Mental Health Wellness 1,Well-being / Mental Health,BEHAVIORAL: mindulness-based intervention,Other,ALL,Adult + Older,144,OTHER,Interventional,2011,2011,2014,Taiwan
NCT06106191,Integrative Mindfulness-Based Predictive Approach for Chronic Low Back Pain Treatment,Recruiting,No,Chronic Low-back Pain,Pain,BEHAVIORAL: Mindfulness meditation|OTHER: Perspectives on pain|OTHER: Discussion,Mindfulness (General),ALL,Adult + Older,350,OTHER,Interventional,2024,2029,2023,United States
NCT04491630,"COping With PAin Through Hypnosis, Mindfulness and Spirituality",Unknown,No,"Pain, Acute",Pain,BEHAVIORAL: Self-Hypnosis (SH)|BEHAVIORAL: Mindfulness Meditation (MM)|BEHAVIORAL: Christian Prayer,Mindfulness (General),ALL,Adult + Older,196,OTHER,Interventional,2020,2022,2020,Portugal
NCT06513858,Evaluating the Community Drum Circle,Enrolling By Invitation,No,Mental Health Issue|COVID-19,Well-being / Mental Health,BEHAVIORAL: Communal Drumming|BEHAVIORAL: Communal drumming recordings,Other,ALL,All ages,90,OTHER,Interventional,2024,2026,2024,United States
NCT02180243,CAM in Veterans With Gulf War Illnesses,Completed,Yes,Gulf War Veterans' Illness,Other,BEHAVIORAL: Mindfulness meditation/Acupuncture|OTHER: Gulf War Health Education,Mindfulness (General),ALL,Adult + Older,150,FED,Interventional,2016,2021,2014,United States
NCT05645835,Dynamic Neural Systems Underlying Social-emotional Functions in Older Adults,Active Not Recruiting,No,Loneliness|Older Adults|fMRI|Emotions|EEG|Digital Intervention|Meditation,Well-being / Mental Health,BEHAVIORAL: intervention|BEHAVIORAL: waitlist control|OTHER: No Interventions,Other,ALL,Adult + Older,75,OTHER,Interventional,2023,2026,2022,United States
NCT06513845,Drum Circle Synchrony Study 2c.a.,Enrolling By Invitation,No,Mental Health Issue|COVID-19,Well-being / Mental Health,BEHAVIORAL: Communal drumming recordings,Other,ALL,Adult + Older,30,OTHER,Interventional,2024,2026,2024,United States
NCT05328791,Effectiveness of a Mindfulness Based Diet Program on Weight Loss,Completed,No,Obesity|Weight Loss,Cardiovascular / Metabolic,BEHAVIORAL: Dietary and mindfulness intervention,Mindfulness (General),ALL,Adult + Older,35,OTHER,Interventional,2022,2024,2022,Turkey
NCT05353231,Brief Mental Training and Internal Attentional Control,Unknown,No,Attention Impaired|Mental Health Issue|Rumination,Well-being / Mental Health,BEHAVIORAL: Attention Feedback Awareness and Control Training (A-FACT)|BEHAVIORAL: Mindful Disengage,Other,ALL,Adult + Older,90,OTHER,Interventional,2022,2022,2022,Israel
NCT02574559,CBCT for Parents of Children With Autism,Completed,No,Stress,Stress / Burnout,BEHAVIORAL: Cognitive Based Compassion Training Session: Developing Attention and Stability of Mind|,Loving-Kindness / Compassion,ALL,All ages,29,OTHER,Interventional,2014,2016,2015,United States
NCT05777044,The Effect of Hatha Yoga on Mental Health,Unknown,No,Depression|Anxiety|Mental Health Issue,Depression,BEHAVIORAL: Yoga,Yoga,ALL,Adult only,45,OTHER,Interventional,2022,2023,2023,United States
NCT00006346,"Stress Reduction in Older Women With Stage II, Stage III, or Stage IV Breast Cancer",Completed,No,Breast Cancer|Psychosocial Effects of Cancer and Its Treatment,Cancer,PROCEDURE: psychosocial assessment and care|PROCEDURE: quality-of-life assessment,Other,FEMALE,Adult + Older,,OTHER,Interventional,2000,2003,2003,United States
NCT01831362,Dismantling Mindfulness: Contributions of Attention vs. Acceptance,Completed,No,Mild-moderate Unipolar Depression; Persistent Negative Affect,Depression,BEHAVIORAL: Mindfulness-Based Cognitive Therapy|BEHAVIORAL: Focused Attention (FA)|BEHAVIORAL: Open-,MBCT,ALL,Adult + Older,104,OTHER,Interventional,2013,2016,2013,United States
NCT07313540,Feasibility of A Smartphone Application Intervention in Community Settings: A Pretest-Posttest Pilot Study,Not Yet Recruiting,No,Aging|Dementia|Cognitive Decline,Neurological / Cognitive,BEHAVIORAL: utmbHealthyBrain Smartphone App,Other,ALL,Adult + Older,40,OTHER,Interventional,2026,2027,2026,United States
NCT03561077,Feasibility in France of a Mindfulness-based Group Therapy for Adolescents With Chronic Pain,Completed,No,Chronic Pain,Pain,OTHER: Mindfulness-based interventions (MBI's),Mindfulness (General),ALL,Child only,27,OTHER,Interventional,2018,2021,2018,France
NCT01796054,"Stress Free Now, a Mind-body Reduction Program for Nurses",Completed,No,Psychological Stress|Anxiety|Depression,Depression,BEHAVIORAL: Stress Free Now online program|BEHAVIORAL: Group support session,Other,ALL,Adult + Older,360,OTHER,Interventional,2013,2014,2013,United States
NCT05402475,Online Cognitive Behavioural Therapy Intervention for Body Dysmorphic Disorder,Unknown,No,Body Dysmorphic Disorder|Body Image Disturbance,Other,BEHAVIORAL: CBT + Mindfulness,Mindfulness (General),ALL,Adult only,40,OTHER,Interventional,2022,2023,2022,Canada
NCT04307563,Effects of Mindfulness Training on Burnout and Mood in Hospital Employees,Completed,No,Anxiety Depression|Burnout,Depression,BEHAVIORAL: Mindfulness session,Mindfulness (General),ALL,Adult + Older,52,OTHER,Interventional,2021,2022,2020,United States
NCT06038240,Optimizing Pain Self-Management in Total Knee Arthroplasty,Recruiting,No,Osteo Arthritis Knee|Knee Pain Chronic|Surgery,Pain,BEHAVIORAL: Savoring Meditation|BEHAVIORAL: Pain Self-Management and Education,Meditation (General),ALL,Adult + Older,150,OTHER,Interventional,2023,2027,2023,United States
NCT00005748,Stress Reduction and Prevention of Hypertension in Blacks,Completed,No,Cardiovascular Diseases|Heart Diseases|Hypertension,Cardiovascular / Metabolic,,Other,MALE,All ages,,NIH,Observational,1998,2004,2000,
NCT00328016,Breathe: Slow Paced Breathing to Lower Blood Pressure,Completed,Yes,High Blood Pressure,Cardiovascular / Metabolic,BEHAVIORAL: Guided Breathing|DEVICE: RESPeRATE,Breathwork,ALL,Adult + Older,44,NIH,Interventional,2006,2009,2006,United States
NCT02672761,"Effect of 8 Weeks of MBSR Training on Neuroplasticity and Improvement of Attention, Memory and Well-Being",Active Not Recruiting,No,Stress,Stress / Burnout,BEHAVIORAL: MBSR meditation|BEHAVIORAL: MBT training|BEHAVIORAL: Wellness|BEHAVIORAL: Control,MBSR,ALL,Adult + Older,140,OTHER,Interventional,2016,2026,2016,Germany
NCT01012635,Chronic Pain and Brain Activity in Spinal Cord Injury,Completed,No,Spinal Cord Injury,Other,OTHER: Hypnosis|OTHER: Meditation|OTHER: Neurofeedback training|OTHER: Two different levels of tDCS,Meditation (General),ALL,Adult + Older,36,OTHER,Observational,2009,2011,2009,United States
NCT04741529,Massed and Spaced HMP App Dosage Study,Completed,No,"Depression, Anxiety|Psychological Distress|Loneliness",Depression,BEHAVIORAL: Healthy Minds Program app,Other,ALL,Adult + Older,351,OTHER,Interventional,2021,2021,2021,United States
NCT04818814,SCI Pain App Intervention Study,Terminated,No,Spinal Cord Injuries|Chronic Pain,Pain,BEHAVIORAL: Mindfulness Meditation App|BEHAVIORAL: Engagement and Distraction App,Mindfulness (General),ALL,Adult + Older,11,OTHER,Interventional,2021,2022,2021,United States
NCT06233253,Online Mindfulness-Based Intervention to Decrease Pre-Procedural Anxiety Before a First-Time Screening Colonoscopy,Completed,No,Colorectal Carcinoma,Cancer,OTHER: Best Practice|OTHER: Medical Chart Review|BEHAVIORAL: Online Mindfulness Meditation|OTHER: Su,Mindfulness (General),ALL,Adult + Older,100,OTHER,Interventional,2023,2024,2024,United States
NCT06513871,Evaluating Social Perception Dynamics,Enrolling By Invitation,No,Mental Health Issue|COVID-19,Well-being / Mental Health,BEHAVIORAL: Social perception tasks,Other,ALL,All ages,300,OTHER,Interventional,2024,2026,2024,United States
NCT07469592,eHealth Mindfulness-based Music Therapy Intervention for Patients Undergoing Stem Cell Transplantation,Not Yet Recruiting,No,"Stem Cell Transplantation|Myelodysplastic Syndromes|Leukemia, Myeloid, Acute|Precursor Cell Lymphobl",Cancer,BEHAVIORAL: eHealth Mindfulness-based Music Therapy (eMBMT)|BEHAVIORAL: eHealth Mindfulness Meditati,Mindfulness (General),ALL,Adult + Older,165,OTHER,Interventional,2026,2028,2026,United States
NCT06629870,Dental Anxiety During Restorative Dental Treatment,Completed,No,Hypnotherapy|Virtual Reality|Mindfulness,Well-being / Mental Health,DEVICE: virtual reality|OTHER: control group|OTHER: hypnotherapy|OTHER: mindfulness,Mindfulness (General),ALL,Adult + Older,80,OTHER,Interventional,2023,2024,2024,Turkey
NCT06513910,Evaluating the Impact of Social Music,Recruiting,No,Mental Health Issue|COVID-19,Well-being / Mental Health,BEHAVIORAL: Music,Other,ALL,All ages,48,OTHER,Interventional,2024,2026,2024,United States
NCT03257007,Mindfulness to Enhance Quality of Life and Support Advance Care Planning,Completed,No,Mindfulness|Meditation|Metastatic Cancer|Quality of Life|Advance Care Planning|Palliative Care|Famil,Cancer,BEHAVIORAL: Mindfulness,Mindfulness (General),ALL,Adult + Older,108,OTHER,Interventional,2017,2017,2017,United States
NCT03800654,Mindful Action for Pain,Completed,Yes,Chronic Pain,Pain,BEHAVIORAL: Mindful Action for Pain|BEHAVIORAL: Cognitive Behavioral Therapy for Chronic Pain,CBT,ALL,All ages,126,FED,Interventional,2019,2024,2019,United States
NCT03922217,e-Mindfulness for Depression in Older Adults,Completed,No,Depression|Mental Health Disorder,Depression,BEHAVIORAL: Mindful My Way,Other,ALL,Adult + Older,31,OTHER,Interventional,2019,2023,2019,United States
NCT01764035,Mindfulness Therapy on Disrupted Sleep in Bipolar Disorder,Completed,No,Bipolar Disorder|Insomnia|Hypersomnia|Sleep Problems,Sleep / Fatigue,BEHAVIORAL: Body Scan (BS) Meditation Intervention|BEHAVIORAL: Brief Supportive Psychotherapy (SP),Meditation (General),ALL,Adult + Older,48,OTHER,Interventional,2013,2016,2013,United States
NCT02145091,"Effects of Psilocybin on Behavior, Psychology and Brain Function in Long-term Meditators",Completed,No,Healthy,Healthy Volunteers,DRUG: Moderately-high dose of psilocybin|DRUG: Moderately-low dose of psilocybin|DRUG: Very-low dose,Other,ALL,Adult + Older,40,OTHER,Interventional,2014,2019,2014,United States
NCT00935376,Sleep Management in Cancer Survivors,Completed,No,Insomnia,Sleep / Fatigue,BEHAVIORAL: Sleep Education Program|BEHAVIORAL: Mind-Body Bridging Program|BEHAVIORAL: Mindfulness M,Mindfulness (General),ALL,Adult + Older,57,OTHER,Interventional,2009,2010,2009,United States
NCT07220681,Integrated Health Care for PTSD,Not Yet Recruiting,No,Posttraumatic Stress Disorder (PTSD),PTSD / Trauma,BEHAVIORAL: Yoga and meditation|BEHAVIORAL: Wellness|BEHAVIORAL: Positive affect|OTHER: Information,Yoga,ALL,Adult + Older,300,OTHER,Interventional,2026,2029,2025,United States
NCT05304000,Psychophysiological Effects of Controlled Respiration and Mindfulness,Completed,No,"Stress, Physiological|Stress, Emotional|Insomnia",Stress / Burnout,BEHAVIORAL: Mindfulness Meditation|BEHAVIORAL: Cyclic Sighing Breathing|BEHAVIORAL: Box Breathing|BE,Mindfulness (General),ALL,Adult + Older,108,OTHER,Interventional,2020,2020,2022,United States
NCT04773743,Remotely Delivered Yoga Program for Chronic Low Back Pain,Unknown,No,Low Back Pain,Pain,OTHER: Yoga,Yoga,ALL,Adult only,10,OTHER,Interventional,2021,2021,2021,
NCT00495261,Development and Validation of a Mindfulness Intervention for Problem Gambling: An Exploratory Study,Completed,No,Gambling,Other,BEHAVIORAL: Mindfulness-enhanced cognitive behavioural therapy (MCBT)|BEHAVIORAL: relaxation-enhance,Mindfulness (General),ALL,Adult + Older,24,OTHER,Interventional,2007,2007,2007,Canada
NCT00001966,Mind-Body Therapy for Pain in Ehlers-Danlos Syndrome,Completed,No,Ehlers-Danlos Syndrome|Pain,Pain,DRUG: Mind-body therapy,Other,ALL,All ages,40,NIH,Interventional,2000,2001,2002,United States
NCT07364032,Comparison Between a Mindfulness-Based Program and Standard Therapeutic Follow-Up During Pregnancy,Recruiting,No,Mindfulness Protocols|Pregnancy,Well-being / Mental Health,BEHAVIORAL: Mindfulness program|OTHER: Consultations,Mindfulness (General),FEMALE,Adult only,70,OTHER,Interventional,2023,2026,2026,France
NCT02191553,Differential Effect of Four Mindfulness Exercises,Completed,No,Well-being|Depression|Anxiety,Depression,BEHAVIORAL: Control group relaxation techniques|BEHAVIORAL: Loving-kindness meditation|BEHAVIORAL: B,Loving-Kindness / Compassion,ALL,Adult + Older,80,OTHER,Interventional,2014,2017,2014,Spain
NCT00993317,A Study of CDP870 as Add-on Meditation to Methotrexate (MTX) in Patients With Rheumatoid Arthritis,Completed,Yes,Rheumatoid Arthritis,Pain,DRUG: Placebo of CDP870|DRUG: CDP870 200mg|DRUG: Methotrexate,Other,ALL,Adult + Older,127,INDUSTRY,Interventional,2009,2011,2009,South Korea
NCT05229406,Healthy Minds Program App Dosage,Completed,Yes,Depression|Anxiety|Psychological Distress,Depression,BEHAVIORAL: HMP app,Other,ALL,Adult + Older,92,OTHER,Interventional,2022,2022,2022,United States
NCT05617495,Mindfulness-Based fMRI Neurofeedback for Depression,Recruiting,No,Depression in Adolescence|Rumination,Depression,OTHER: Mindfulness + fMRI Neurofeedback,Mindfulness (General),ALL,Child + Adult,90,OTHER,Interventional,2024,2027,2022,United States
NCT00033865,Yoga as a Treatment for Insomnia,Completed,No,Insomnia,Sleep / Fatigue,"BEHAVIORAL: Yoga, Relaxation Exercises, Sleep Hygiene",Yoga,ALL,Adult only,48,NIH,Interventional,2001,2008,2002,United States
NCT03592147,Investigation of Different Relaxation Techniques in Eliciting a Relaxation Response,Completed,No,"Stress, Psychological",Stress / Burnout,OTHER: Guided Imagery Relaxation Tape|OTHER: Music Listening|OTHER: Relaxation Lighting|OTHER: Medit,Meditation (General),FEMALE,Adult only,17,OTHER,Interventional,2018,2018,2018,United Kingdom
NCT00871299,Practicing Alternative Techniques to Heal From Depression: The PATH-D Study,Completed,No,Major Depressive Disorder,Depression,BEHAVIORAL: Mindfulness Based Cognitive Therapy|BEHAVIORAL: Health Enhancement Program and medicatio,Mindfulness (General),ALL,Adult + Older,173,OTHER,Interventional,2009,2014,2009,United States
NCT05235243,Can Mindfulness and Self-monitoring Improve Control Over Maladaptive Daydreaming?,Completed,No,Internet-Based Intervention|Psychological Intervention|Intervention Study,Other,OTHER: Online therapeutic intervention for maladaptive daydreaming based on mindfulness and self-mon,Mindfulness (General),ALL,Adult + Older,697,OTHER,Interventional,2018,2021,2022,Israel
NCT07290491,Spiritual Care or Psychotherapy Versus Palliative Care Alone in Patients With Non-Curative Malignancies,Recruiting,No,Cancer,Cancer,BEHAVIORAL: Chaplain-Provided Spiritual Care|BEHAVIORAL: Psychotherapy and Meditation Intervention,Meditation (General),ALL,Adult + Older,854,OTHER,Interventional,2024,2030,2025,United States
NCT03385993,Digital Rehabilitation Environment Augmenting Medical System,Active Not Recruiting,No,Delirium,Other,DEVICE: Technology based guided meditation and relaxation,Meditation (General),ALL,Adult + Older,100,OTHER,Interventional,2018,2028,2017,United States
NCT02140307,Relaxation-Response-based Mental Health Promotion - Open and Calm 2013,Unknown,No,Stress Psychological|Stress Physiological|Quality of Life,Stress / Burnout,BEHAVIORAL: Relaxation Response-based Mental Health Promotion (RR-MHP),Other,ALL,Adult only,72,OTHER,Interventional,2013,2014,2014,Denmark
NCT06244043,Human and Digital Support Study,Completed,No,Depression|Anxiety,Depression,OTHER: Initial Coaching Call|OTHER: Email Support|OTHER: Text Messages,Other,ALL,Adult + Older,41,OTHER,Interventional,2024,2024,2024,United States
NCT05199233,Mindfulness Intervention for Post-Covid Symptoms,Completed,Yes,COVID-19|Post Acute Sequelae of SARS-CoV-2,Other,DEVICE: Muse S™ Headband system,Other,ALL,Adult + Older,45,OTHER,Interventional,2022,2024,2022,United States
NCT05676255,The Breast Cancer Survivors and Partners Online Research Together (SUPORT) Project,Recruiting,No,Breast Cancer Female|Psychological Distress,Cancer,BEHAVIORAL: Cognitively-Based Compassion Training for Survivors|BEHAVIORAL: Cognitively-Based Compas,Loving-Kindness / Compassion,ALL,Adult + Older,452,OTHER,Interventional,2023,2027,2023,United States
NCT01307943,Mindfulness-based Stress Reduction for Pediatric Mental Health,Completed,No,Mental Health Wellness 1,Well-being / Mental Health,OTHER: Mindfulness-based stress reduction program|OTHER: Usual care,MBSR,ALL,Child + Adult,85,OTHER,Interventional,2011,2013,2011,Canada
NCT05418608,Novel in Vivo Synaptic Imaging in Experienced Meditators,Completed,No,"Behavior, Health",Other,DRUG: Radiotracer,Other,ALL,Adult + Older,20,OTHER,Interventional,2022,2024,2022,United States
NCT07297056,Mindfulness Psychoeducation for Bipolar Disorder,Completed,No,Bipolar Disorder (BD)|Mindfulness-Based Stress Reduction|Mindfulness Meditation,Stress / Burnout,OTHER: Mindfulness-Based Psychoeducation Program|OTHER: routine care,Mindfulness (General),ALL,Adult + Older,40,OTHER,Interventional,2025,2025,2025,Turkey
NCT01247532,Pilot Study of Mindfulness-Based Stress Reduction for Patients With Persistent Cancer-Related Fatigue,Completed,No,Cancer|Fatigue,Cancer,BEHAVIORAL: Mindfulness-Based Stress Reduction - Cancer-Related Fatigue,MBSR,ALL,Adult + Older,35,OTHER,Interventional,2010,2010,2010,
NCT01593436,Mindfulness and RelaxationTraining for Insomnia (MRTI) on Postmenopausal Women: a Randomized Clinical Trial.,Completed,No,Primary Insomnia,Sleep / Fatigue,BEHAVIORAL: mindfulness training,Mindfulness (General),FEMALE,Adult + Older,54,OTHER,Interventional,2011,2015,2012,Brazil
NCT07220421,Foundational Programs to Combat Clinician Stress,Recruiting,No,"Burnout, Professional|Stress, Psychological|Stress, Physiological|Psychological Well-Being|Mind-Body",Stress / Burnout,BEHAVIORAL: Sudarshan Kriya Yoga (SKY) Breathing and Sahaj Meditation|OTHER: Health Education Progra,Yoga,ALL,Adult + Older,180,OTHER,Interventional,2025,2026,2025,United States
NCT03683472,Developing a Novel Digital Therapeutic for the Treatment of Generalized Anxiety Disorder,Completed,No,Anxiety Disorders,Anxiety,BEHAVIORAL: Unwinding Anxiety Phone App,Other,ALL,Adult + Older,65,INDUSTRY,Interventional,2019,2019,2018,United States
NCT03611660,Does Mindfulness Enhance BMI in Obese Adolescents Enrolled in the Bright Bodies Weight Management Program?,Completed,No,Pediatric Obesity,Cardiovascular / Metabolic,BEHAVIORAL: Traditional Healthy Lifestyle Program|BEHAVIORAL: Mindfulness Meditation Instruction,Mindfulness (General),ALL,Child only,42,OTHER,Interventional,2018,2021,2018,United States
NCT06208787,Neurofeedback-Assisted Mindfulness Techniques to Reduce Symptoms of Mental Distress,Completed,No,Stress,Stress / Burnout,BEHAVIORAL: Neurofeedback training|BEHAVIORAL: Sham Training,Other,ALL,Adult only,80,OTHER,Interventional,2024,2025,2024,Belgium
NCT03687450,Feasibility of a Yoga- and Mindfulness-Based Intervention for Resident Physicians,Completed,Yes,"Burnout, Professional|Anxiety|Depression|Stress",Depression,BEHAVIORAL: RISE yoga-based program,Yoga,ALL,Adult + Older,56,OTHER,Interventional,2018,2020,2018,United States
NCT01602575,Neuroimaging and Biomarkers in Chronic Visceral Pain,Completed,No,Irritable Bowel Syndrome,Other,BEHAVIORAL: Mindfulness based Stress Reduction Training (MBSR),MBSR,ALL,Adult only,119,OTHER,Interventional,2013,2018,2012,United States
NCT04606199,Examine the Effects of Meditation on Daily Psychological Stress Responses in Woman With a History of Child Adversity,Completed,Yes,Stress|Psychological Stress|Child Maltreatment|Depressive Symptoms|Signs and Symptoms|Psychological,Depression,"BEHAVIORAL: Mindfulness-based intervention, up to 5 minutes 0-3 times/day",Mindfulness (General),FEMALE,Adult only,53,OTHER,Interventional,2020,2021,2020,United States
NCT01470560,Mindfulness-Based Stress Reduction Techniques and Yoga for Treatment of Urinary Urge Incontinence (MBSR-Yoga),Completed,No,"Urinary Incontinence|Urinary Incontinence, Urge",Other,BEHAVIORAL: Mindfulness-Based Stress Reduction (MBSR)|BEHAVIORAL: Sham Yoga Group,MBSR,FEMALE,Adult + Older,,OTHER,Interventional,2011,2013,2011,United States
NCT03722992,The Effects of Mindfulness-based Stress Reduction in Interstitial Cystitis Patients,Completed,No,Interstitial Cystitis,Other,OTHER: MBSR,MBSR,FEMALE,Adult + Older,14,OTHER,Interventional,2019,2020,2018,United States
NCT00625807,Comparison of Two Behavioral Treatments for Stress Reduction,Completed,Yes,Stress,Stress / Burnout,BEHAVIORAL: RR|BEHAVIORAL: MBSR,MBSR,ALL,Adult only,50,OTHER,Interventional,2008,2009,2008,United States
NCT06219434,Evaluation of a Mindfulness Intervention to Prevent Chemo-brain in Women Preparing for Chemotherapy for Breast Cancer,Completed,No,Breast Carcinoma,Cancer,BEHAVIORAL: Mindfulness Relaxation|PROCEDURE: Functional Magnetic Resonance Imaging|PROCEDURE: Biosp,Mindfulness (General),FEMALE,Adult + Older,15,OTHER,Interventional,2023,2025,2024,United States
NCT01783418,Mindfulness-based Intervention for Teenagers With Cancer,Completed,Yes,Pediatric Cancer,Cancer,BEHAVIORAL: Mindfulness Intervention,Mindfulness (General),ALL,Child + Adult,15,OTHER,Interventional,2012,2014,2013,Canada
NCT04791527,Online Wellness Intervention for Primary Biliary Cholangitis (PBC),Completed,No,Primary Biliary Cirrhosis,Other,BEHAVIORAL: Mind-body therapy,Other,ALL,Adult + Older,34,OTHER,Interventional,2021,2023,2021,Canada
NCT01476891,The eCALM Study - An Online Mindfulness-Based Stress Reduction Program for Individuals Living With Cancer in Alberta,Unknown,No,Mindfulness-Based Stress Reduction (MBSR)|Cancer,Cancer,OTHER: Immediate MBSR|OTHER: Wait-list Control Group.,MBSR,ALL,Adult + Older,64,OTHER,Interventional,2011,,2011,Canada
NCT05157490,Preoperative Mindfulness: Minimally Invasive Hysterectomy,Completed,No,"Pain, Postoperative",Pain,BEHAVIORAL: Mindfulness training,Mindfulness (General),FEMALE,Adult + Older,72,OTHER,Interventional,2023,2025,2021,United States
NCT04419740,Impact of a Mindfulness Intervention on Infertile Women Undergoing Assisted Reproductive Technique Treatments,Recruiting,No,"Infertility, Female",Other,BEHAVIORAL: Mindfulness based psychological intervention,Mindfulness (General),FEMALE,Adult only,150,OTHER,Interventional,2021,2026,2020,Switzerland
NCT03564041,SSM vs HEP in Late-Life Depression,Terminated,No,Late-life Depression|Treatment-resistant Depression,Depression,BEHAVIORAL: Sahaj Samadhi Meditation (SSM)|BEHAVIORAL: Health Enhancement Program (HEP),Meditation (General),ALL,Adult + Older,95,OTHER,Interventional,2018,2022,2018,Canada
NCT01774448,Mindfulness Research Program: Designed to Enhance Wellbeing in People Living With Dementia and Their Spouses,Completed,No,Dementia,Neurological / Cognitive,BEHAVIORAL: Mindfulness-Based Cognitive Therapy,MBCT,ALL,Adult + Older,36,OTHER,Interventional,2013,2014,2013,
NCT04534101,Medical Mindfulness: Virtual Reality Mindfulness Therapy for Anxiety and Pain Management in Patients With Acute and Chro,Suspended,No,Acute Pain|Chronic Pain,Pain,BEHAVIORAL: Virtual Reality Mindfulness,Mindfulness (General),ALL,All ages,500,OTHER,Observational,2018,2023,2020,United States
NCT02367508,Mindfully Optimizing Delivery of End-of-Life Care,Completed,No,Cancer|Coping Skills,Cancer,BEHAVIORAL: MODEL Care,Other,ALL,Adult + Older,31,OTHER,Interventional,2014,2015,2015,
NCT05839171,Mandala Activity Accompanied With Two Different Music on Infertility,Completed,No,Infertility|Stress|Coping Behavior,Stress / Burnout,BEHAVIORAL: music and mandala coloring,Other,FEMALE,Adult only,120,OTHER,Interventional,2021,2022,2023,Turkey
NCT03924531,Promoting Adherence to Anti-Hypertensive Medications and Lifestyle Guidelines Through Mindfulness Practice,Completed,No,Health Behavior Modification Using Mindfulness,Well-being / Mental Health,BEHAVIORAL: Mindful Awareness Program|BEHAVIORAL: Health Promotion Program,Other,ALL,Adult + Older,36,OTHER,Interventional,2017,2019,2019,United States
NCT03525626,Online Mindfulness-based Tic Reduction,Completed,No,Tourette Syndrome|Tic Disorders,Other,BEHAVIORAL: Online Mindfulness-based Tic Reduction,Mindfulness (General),ALL,Adult + Older,6,OTHER,Interventional,2018,2018,2018,United States
NCT00065650,Pilot Study of Vedic Medicine for Type 2 Diabetes,Completed,No,"Diabetes Mellitus, Type 2",Cardiovascular / Metabolic,DRUG: Vedic Medicine|BEHAVIORAL: Vedic Medicine,Other,ALL,Adult + Older,60,NIH,Interventional,2003,2004,2003,United States
NCT06669442,The Effectiveness of Guided Imagery on PCL-5 Scores in Adult Women With Post-Traumatic Stress Disorder,Completed,No,Post Traumatic Stress Disorder PTSD,PTSD / Trauma,BEHAVIORAL: Guided Imagery,Other,FEMALE,Adult + Older,15,OTHER,Interventional,2025,2025,2024,United States
NCT05605041,Mindfulness in Medical Training,Withdrawn,No,"Mindfulness, Burnout, Anxiety, Sleep",Anxiety,DEVICE: Headspace,Other,ALL,All ages,0,OTHER,Interventional,2022,2023,2022,
NCT01093599,Trial on the Effectiveness of Mindfulness Training for Smokers,Completed,Yes,Nicotine Dependence,Other,BEHAVIORAL: Quit Line plus MTS|BEHAVIORAL: Quit Line Only,Other,ALL,Adult + Older,196,OTHER,Interventional,2010,2013,2010,United States
NCT00887614,"Mindfulness, Emotional Well-being, and Sleep Quality",Completed,No,"Stress, Psychological|Sleep",Stress / Burnout,BEHAVIORAL: Mindfulness-Based Stress Reduction (MBSR),MBSR,ALL,Adult + Older,372,OTHER,Interventional,2009,2010,2009,United States
NCT07054112,Efficacy of Live Online Course Mindfulness Program on Perceived Fatigue in Hemodialysis Patients,Not Yet Recruiting,No,Chronic Kidney Disease Requiring Hemodialysis,Other,OTHER: Mindfulness-Based Stress Reduction (MBSR) meditation program|OTHER: Control group,MBSR,ALL,Adult + Older,80,OTHER,Interventional,2025,2027,2025,France
NCT00867802,Mindfulness Intervention For Child Abuse Survivors (MICAS),Completed,No,Child Abuse Survivors,Other,BEHAVIORAL: Mindfulness-Based Stress Reduction program,MBSR,ALL,Adult + Older,20,OTHER,Interventional,2007,2009,2009,United States
NCT05380076,"Effects of Mindfulness, Mobilization of Resources, or Biofeedback on Stress Before OSCE",Completed,No,"Exam Stress|Stress, Psychological|Stress, Physiological",Stress / Burnout,OTHER: Mindfulness meditation|OTHER: Mobilization of inner resources|OTHER: Biofeedback,Mindfulness (General),ALL,Adult + Older,490,OTHER,Interventional,2022,2023,2022,France
NCT05516355,Psychological and Neurobiological Impact of a Retreat Based on Mindfulness and Compassion for Stress Reduction.,Completed,No,Mindfulness|Compassion|Psychophysiologic Reaction|Psychological Distress|Emotion Regulation|Stress,Stress / Burnout,BEHAVIORAL: Mindfulness-Based Stress Reduction|BEHAVIORAL: Compassion Cultivation Training,MBSR,ALL,Adult + Older,49,OTHER,Interventional,2022,2022,2022,Spain
NCT02274519,Novel Support Options in Autologous Stem Cell Transplant for Multiple Myeloma,Completed,No,Multiple Myeloma|Plasma Cell Disorder,Other,OTHER: Tai Chi|OTHER: Education,Other,ALL,Adult + Older,29,OTHER,Interventional,2015,2018,2014,United States
NCT05894031,The Effectiveness of the Wim Hof Method,Completed,No,Healthy|Blood Pressure|Cold Exposure|Stress,Stress / Burnout,BEHAVIORAL: Wim Hof Method,Other,MALE,Adult + Older,42,OTHER,Interventional,2022,2022,2023,Switzerland
NCT02143752,Meriter Mindfulness Training for Smokers Program and Study,Completed,No,Smoking,Substance Use,BEHAVIORAL: Mindfulness|BEHAVIORAL: Quit Line,Mindfulness (General),ALL,Adult + Older,93,OTHER,Observational,2012,2013,2014,United States
NCT05732038,STRIDE: Stress Reduction in Dementia Caregivers,Completed,No,Caregiver Stress,Stress / Burnout,BEHAVIORAL: Healthy Minds Program (HMP)|BEHAVIORAL: Wellness App (WA),Other,ALL,Adult + Older,93,OTHER,Interventional,2023,2024,2023,United States
NCT05639322,Psychotherapy for Ketamine's Enhanced Durability in Chronic Neuropathic Pain: A Randomized Controlled Pilot Trial,Completed,No,Neuropathic Pain,Pain,DRUG: Ketamine Hydrochloride|BEHAVIORAL: Cognitive Behavioral Therapy|OTHER: Ketamine + Cognitive Be,CBT,ALL,Adult + Older,30,OTHER,Interventional,2023,2025,2022,Canada
NCT07573241,Single Arm Trial Identifying Barriers and Facilitators to Mindfulness Practice,Not Yet Recruiting,No,Multiple Sclerosis,Neurological / Cognitive,BEHAVIORAL: MBCT,MBCT,ALL,Adult + Older,80,OTHER,Interventional,2026,2028,2026,
NCT07369557,Mindfulness Training During Accelerated TMS for Depression,Not Yet Recruiting,No,Depression,Depression,BEHAVIORAL: Guided Mindfulness Practice using a study created web app that links to the commercially,Mindfulness (General),ALL,Adult + Older,20,OTHER,Interventional,2026,2026,2026,United States
NCT06861465,eMPower Mechanisms,Completed,No,Primary Biliary Cholangitis (PBC),Other,BEHAVIORAL: Online Mind-Body Wellness Program|BEHAVIORAL: Online Mind-Body Wellness Program + Nutrit,Other,FEMALE,Adult + Older,18,OTHER,Interventional,2025,2025,2025,Canada
NCT00636129,Biochemical and Physiological Changes Associated With Differing Durations of Relaxation Response Training,Completed,No,Stress,Stress / Burnout,BEHAVIORAL: Relaxation Response + Stress Management Curriculum,Other,ALL,Adult only,30,OTHER,Observational,2006,2011,2008,United States
NCT05061745,Neuromodulation for Dysphoria,Completed,No,Dysphoria,Other,DEVICE: Guided Meditation VR for Wellness|DEVICE: Accelerated Transcranial Magnetic Stimulation: Mag,Meditation (General),ALL,Adult + Older,29,OTHER,Interventional,2021,2025,2021,United States
NCT05440903,Mindfulness Training for Smoking Cessation,Completed,No,Smoking Cessation,Substance Use,BEHAVIORAL: Headspace|BEHAVIORAL: TEDTalk,Other,ALL,Adult + Older,213,OTHER,Interventional,2020,2023,2022,United States
NCT04846790,The Effect of a Combined Nature-based and Virtual Mindfulness Intervention on Perceived Stress in Healthcare Workers,Completed,No,"Stress, Psychological|Sleep Disturbance|Burnout, Caregiver|Posttraumatic Stress Disorder|Anxiety|Dep",Depression,BEHAVIORAL: Nature Only|BEHAVIORAL: Nature+Mindfulness,Mindfulness (General),ALL,Adult + Older,54,NIH,Interventional,2021,2024,2021,United States
NCT03452670,Contemplative Well-being Apps for the Workplace,Completed,No,Social Behavior|Depression|Inflammation,Depression,BEHAVIORAL: Active Group|OTHER: Waitlist Group,Other,ALL,Adult + Older,66,OTHER,Interventional,2016,2020,2018,United States
NCT00136357,Treatment of Posttraumatic Stress Disorder in Kosovar High School Students Using Mind-Body Skills Groups,Completed,Yes,"Stress Disorders, Post-traumatic",PTSD / Trauma,BEHAVIORAL: Mind-Body Skills Groups,Other,ALL,Child + Adult,82,OTHER,Interventional,2004,2005,2005,Federal Republic of Yugoslavia
NCT00096759,Comparing Tai Chi Chih and Relaxation Therapy in the Treatment of Rheumatoid Arthritis,Completed,No,"Arthritis, Rheumatoid",Pain,BEHAVIORAL: Tai Chi Chih|BEHAVIORAL: Relaxation training,Other,ALL,Adult + Older,100,NIH,Interventional,2004,2007,2004,United States
NCT04788329,The Effect of Mindfulness Programs on Postoperative Pain,Completed,No,Post Operative Pain,Pain,"BEHAVIORAL: ""Prepare for Surgery, Heal Faster"" Program|BEHAVIORAL: Wim Hof Method",Other,ALL,Adult + Older,23,OTHER,Interventional,2021,2022,2021,United States
NCT06864455,Breastfeeding Relaxation Intervention Among Mothers of Preterm Infants in Hospital Sultan Abdul Aziz Shah (HSAAS),Recruiting,No,Behaviour|Psychology|Physiology|Therapy,Other,BEHAVIORAL: Guided Imagery Meditation|BEHAVIORAL: Religious Recitation|BEHAVIORAL: Infant Video with,Meditation (General),FEMALE,Adult only,15,OTHER,Interventional,2024,2026,2025,Malaysia
NCT01533649,Personalizing Health Outcome in Epilepsy Now - An Introduction to Clinical Services,Unknown,No,Medically Intractable Epilepsy,Neurological / Cognitive,BEHAVIORAL: Andrews/Reiter approach to epilepsy|BEHAVIORAL: Relaxation/Meditation,Meditation (General),ALL,Adult only,30,OTHER,Interventional,2012,2013,2012,Canada
NCT03124446,Mindfulness-Based College: Stage 1,Completed,No,"Diet Habit|Physical Activity|Sleep|Loneliness|Emotional Regulation|Alcohol Consumption, Youth|Stress",Stress / Burnout,BEHAVIORAL: Mindfulness-Based College|BEHAVIORAL: Enhanced Usual Care Control,Mindfulness (General),ALL,Adult only,96,OTHER,Interventional,2016,2018,2017,United States
NCT05572294,Mindfulness and Yoga Therapy for Acute Pain in Sickle Cell Disease,Completed,No,Sickle Cell Crisis|Sickle Cell Disease,Other,"BEHAVIORAL: Mindfulness meditation, breathing exercises (including incentive spirometry), and yoga t",Yoga,ALL,Adult + Older,39,OTHER,Interventional,2022,2023,2022,United States
NCT04821960,Memory and Fear Study (Fear of Memory Loss Study),Completed,Yes,Anxiety and Fear,Anxiety,BEHAVIORAL: Tailored Mindfulness Program for Fear of Memory Loss|BEHAVIORAL: Conventional Mindfulnes,Mindfulness (General),ALL,Adult + Older,81,OTHER,Interventional,2021,2022,2021,United States
NCT05998967,Pilot Trial of Mobile Mantram Delivery,Completed,Yes,PTSD,PTSD / Trauma,BEHAVIORAL: Mobile Mantram Repetition Program,Other,ALL,Adult + Older,36,FED,Interventional,2021,2022,2023,United States
NCT03916276,Living in Full Even With Pain Study,Completed,Yes,Musculoskeletal Pain|Chronic Pain,Pain,BEHAVIORAL: Cognitive Therapy (CT)|BEHAVIORAL: Mindfulness Meditation (MM)|BEHAVIORAL: Behavioral Ac,Mindfulness (General),ALL,Adult + Older,91,OTHER,Interventional,2020,2023,2019,United States
NCT06398093,Developing and Testing a Self-Compassion Tool Kit to Improve the Care of Individuals With Type 2 Diabetes,Recruiting,No,Type 2 Diabetes|Diabetes Distress,Stress / Burnout,BEHAVIORAL: Self-Compassion Tool Kit,Loving-Kindness / Compassion,ALL,Adult + Older,30,OTHER,Interventional,2024,2024,2024,United States
NCT04858984,"Virtual Reality, Experience During Labour; a Qualitative Research (VIREL)",Completed,No,Labor Pain|Virtual Reality|Analgesia|Pain,Pain,DEVICE: Virtual Reality,Other,FEMALE,Adult + Older,28,OTHER,Interventional,2020,2021,2021,Netherlands
NCT03687762,Back on Track to Healthy Living Study,Completed,Yes,Chronic Pain,Pain,BEHAVIORAL: Cognitive Therapy (CT)|BEHAVIORAL: Mindfulness Meditation (MM)|BEHAVIORAL: Behavioral Ac,Mindfulness (General),ALL,Adult + Older,397,OTHER,Interventional,2018,2023,2018,United States
NCT05172804,Mind-Body Modalities for Nursing Students,Completed,No,"Stress Reaction|Stress, Psychological|Stress, Physiological",Stress / Burnout,BEHAVIORAL: Progressive muscle relaxation|BEHAVIORAL: Guided Imagery|BEHAVIORAL: Mindfulness Meditat,Mindfulness (General),ALL,Adult + Older,220,OTHER,Interventional,2020,2021,2021,Jordan
NCT04091893,The Development and Effectiveness of Museum-Based Experiences for Individuals With Chronic Pain,Completed,No,Chronic Pain,Pain,BEHAVIORAL: Usual care/wait list|BEHAVIORAL: Art Rx|BEHAVIORAL: Artful Meditation,Meditation (General),ALL,Adult + Older,149,OTHER,Interventional,2019,2021,2019,United States
NCT02626949,Effects of Mindfulness Training on Chronic Inflammation in HIV-Infected Adults,Completed,Yes,HIV,Other,BEHAVIORAL: MBSR Course|BEHAVIORAL: HEP Course,MBSR,ALL,Adult + Older,84,OTHER,Interventional,2016,2017,2015,United States
NCT00371865,Behavioral Treatments for Chronic Pain,Completed,Yes,Intractable Pain,Pain,BEHAVIORAL: Cognitive-behavioral therapy|BEHAVIORAL: Acceptance-based therapy,Other,ALL,Adult + Older,114,FED,Interventional,2006,2009,2006,United States
NCT03268629,Mindfulness-Based Joyful Sleep' Intervention in Young and Middle-aged Individuals With Insomnia,Unknown,No,Insomnia,Sleep / Fatigue,BEHAVIORAL: Mindfulness-Based Joyful Sleep|BEHAVIORAL: CBT-I,Mindfulness (General),ALL,Adult only,70,OTHER,Interventional,2018,2021,2017,China
NCT06590181,Comparing the Effects of Yoga Nidra to Yoga Nidra With Pain Acceptance Intention and Motor Imagery on Pain Outcomes,Recruiting,No,Chronic Pain,Pain,OTHER: Yoga Nidra|OTHER: Yoga Nidra with Pain Acceptance Intention|OTHER: Yoga Nidra with Pain Accep,Yoga,ALL,Adult + Older,60,OTHER,Interventional,2024,2025,2024,United States
NCT04620447,Intelligent Virtual Reality Therapy System and Testing Its Clinical Efficacy,Completed,No,Phobias|Acrophobia|Anxiety,Anxiety,OTHER: Intelligent Virtual Reality Therapy System (IVRTS),Other,ALL,Adult only,500,INDIV,Interventional,2018,2020,2020,India
NCT07184983,RS-tDCS for Cannabis Use Disorder: The C.A.R.E.S. Initiative,Recruiting,No,Cannabis Use Disorder,Other,DEVICE: Active Transcranial Direct Current Stimulation (tDCS)|DEVICE: Sham Transcranial Direct Curre,Mindfulness (General),ALL,Adult + Older,46,OTHER,Interventional,2025,2026,2025,United States
NCT00367809,Wellness Interventions After Transplant Study,Completed,No,Organ Transplant,Other,BEHAVIORAL: Mindfulness-Based Stress Reduction (MSBR)|BEHAVIORAL: Health Education (HE)|BEHAVIORAL:,MBSR,ALL,Adult + Older,140,NIH,Interventional,2003,2008,2006,United States
NCT05786482,Evidence Based Mental Wellness Programming Online for Adults Across Chronic Physical Conditions,Completed,No,Primary Biliary Cholangitis|Heart Failure|Digestive Diseases|Women Who Have Experienced a Cardiac Ev,Cancer,BEHAVIORAL: Online mind-body wellness program|BEHAVIORAL: Online mind-body wellness program + Weekly,Other,ALL,Adult + Older,825,OTHER,Interventional,2023,2024,2023,Canada
NCT03319342,Kindness Interventions in Enhancing Well-Being in Breast Cancer Survivors,Completed,No,Cancer Survivor|Stage 0 Breast Cancer AJCC v6 and v7|Stage I Breast Cancer AJCC v7|Stage IA Breast C,Cancer,BEHAVIORAL: Behavioral Intervention|BEHAVIORAL: Behavioral Intervention|BEHAVIORAL: Behavioral Inter,Other,FEMALE,Adult + Older,133,OTHER,Interventional,2017,2019,2017,United States
NCT04345068,Calm for Cancer Sleep Disturbance,Completed,No,Cancer,Cancer,BEHAVIORAL: Calm Meditation Mobile App|BEHAVIORAL: Health Education Podcast Mobile App,Meditation (General),ALL,Adult + Older,150,OTHER,Interventional,2020,2021,2020,United States
NCT01487473,The Effects of Mindfulness-Based Stress Reduction on Attention and Pain-related Symptoms in Chronic Pain Patients,Completed,No,Pain,Pain,BEHAVIORAL: Mindfulness-Based Stress Reduction,MBSR,ALL,Adult + Older,49,OTHER,Interventional,2011,2013,2011,Canada
NCT04922632,Data-driven Approaches to Healthcare Provider Resilience & Burnout During COVID-19,Terminated,No,"Burnout, Professional|Exhaustion, Caregiver|Covid19",Stress / Burnout,BEHAVIORAL: Transcendental Meditation (TM)|BEHAVIORAL: Experience Resolution Methodology (ERM)|BEHAV,Transcendental Meditation,ALL,Adult + Older,212,OTHER,Interventional,2022,2023,2021,United States
NCT00224835,Mindfulness-Based Stress Reduction and Myocardial Ischemia,Completed,No,Arteriosclerosis,Other,BEHAVIORAL: Mindfulness Based Stress Reduction Class|BEHAVIORAL: Cardiac Education Class,Mindfulness (General),ALL,Adult + Older,150,OTHER,Interventional,2003,2008,2005,United States
NCT06308484,Neuromodulation and Mindfulness Patients With AUD,Recruiting,No,Alcohol Dependence,Substance Use,DEVICE: Transcutaneous vagus nerve stimulation|DEVICE: Closed-loop AM-tACS,Other,ALL,Adult + Older,140,OTHER,Interventional,2024,2027,2024,Germany
NCT03518216,Neural Mechanisms of Treatment Response to ADAPT,Completed,No,Functional Abdominal Pain Syndrome|Anxiety,Pain,BEHAVIORAL: ADAPT,Other,ALL,Child only,49,OTHER,Interventional,2018,2024,2018,United States
NCT01168648,Yoga for Stress Management in Health Care Personnel,Completed,No,"Yoga|Stress, Psychological|Stress, Physiological",Stress / Burnout,BEHAVIORAL: Yoga as stress management|OTHER: Rest without using any relaxation technique,Yoga,ALL,Adult + Older,71,OTHER,Interventional,2003,2005,2010,Sweden
NCT03005652,Effects Of An 8-Weeks Mindfulness-based Intervention In Individuals With Subjective Cognitive Decline,Completed,No,Cognitive Dysfunction,Neurological / Cognitive,BEHAVIORAL: Mindfulness weekly courses for 8 weeks|BEHAVIORAL: Health education weekly courses for 8,Mindfulness (General),ALL,Adult + Older,168,OTHER_GOV,Interventional,2017,2018,2016,United Kingdom
NCT06891989,Effects of a Mobile App-Based Mindfulness Intervention in Persons with Spinal Cord Injury and Chronic Pain,Not Yet Recruiting,No,Spinal Cord Injuries,Other,OTHER: Mindfulness meditation (MM) Intervention|OTHER: Health Education Active Control Intervention,Mindfulness (General),ALL,Adult + Older,282,OTHER,Interventional,2026,2029,2025,United States
NCT05968963,Electronic Health Mindfulness-based Music Therapy Intervention for Patients Undergoing Allogeneic Stem Cell Transplantat,Active Not Recruiting,No,"Stem Cell Transplantation|Myelodysplastic Syndromes|Leukemia, Myeloid, Acute|Precursor Cell Lymphobl",Cancer,BEHAVIORAL: Mindfulness-based Music Therapy (MBMT)|BEHAVIORAL: Mindfulness Meditation (MM),Mindfulness (General),ALL,Adult + Older,60,OTHER,Interventional,2023,2026,2023,United States
NCT07036055,Research on the Heart-Brain Coupling Mechanisms and Interventions for Emotional Inhibitory Control Deficits in Individua,Completed,No,Alcohol Use Disorder (AUD),Substance Use,DEVICE: Transcutaneous Auricular Vagus Nerve Stimulation (taVNS)|DEVICE: Sham Stimulation|BEHAVIORAL,Mindfulness (General),MALE,Adult only,60,OTHER,Interventional,2024,2024,2025,China
NCT04951661,Virtual Reality and Older Adult Knee OA,Completed,No,Knee Osteoarthritis,Pain,DEVICE: Virtual Reality,Other,ALL,Adult + Older,16,OTHER,Interventional,2021,2021,2021,United States
NCT04857151,"Stress, Inflammation and Immune Response Pilot Study- Aim 3",Completed,No,Systemic Lupus Erythematosus|Inflammation,Immune / Inflammatory,BEHAVIORAL: App based mindfulness program (ABMP),Mindfulness (General),FEMALE,Adult + Older,3,OTHER,Interventional,2022,2024,2021,United States
NCT04039074,Effects of Yoga and Relaxation on Stress and Quality of Life,Completed,No,"Stress, Psychological",Stress / Burnout,BEHAVIORAL: Integrative Yoga|BEHAVIORAL: Iyengar Yoga|BEHAVIORAL: Mindfulness,Yoga,ALL,Adult + Older,102,OTHER,Interventional,2019,2021,2019,Germany
NCT03557515,Reducing Distress in Phase 1 Trial Caregivers: The P1-CaLL Study,Completed,No,Caregiver Distress,Stress / Burnout,BEHAVIORAL: Stress Management and CBT|BEHAVIORAL: Stress Management and Metta-Meditation,Meditation (General),ALL,Adult + Older,25,OTHER,Interventional,2018,2021,2018,United States
NCT01980368,Tai Chi Easy in Treating Cancer Survivors With Peripheral Sensory Neuropathy,Withdrawn,No,Cancer Survivor|Peripheral Sensory Neuropathy,Cancer,OTHER: Educational Intervention|BEHAVIORAL: Exercise Intervention|OTHER: Questionnaire Administratio,Other,ALL,Adult + Older,0,OTHER,Interventional,2013,2017,2013,
NCT06282523,Healthy Minds Comparison Study,Completed,No,Depression|Anxiety|Depression/Anxiety,Depression,BEHAVIORAL: HMP app|BEHAVIORAL: HMRP web app,Other,ALL,Adult + Older,532,OTHER,Interventional,2024,2024,2024,United States
NCT01919853,Treatment for Persistently Fatigued Cancer Survivors: A Randomized Controlled Trial With Biomarker Response,Completed,No,Fatigue,Sleep / Fatigue,BEHAVIORAL: Mindfulness-Based Stress Reduction|BEHAVIORAL: Attention Control,MBSR,ALL,Adult + Older,107,OTHER,Interventional,2012,2013,2013,United States
NCT06353919,Remote Yoga Nidra for Deprescribing BZRAs,Not Yet Recruiting,No,Anxiety|Insomnia,Anxiety,"OTHER: Yoga Nidra|OTHER: Sleep Hygiene, Anxiety, and Benzodiazepine Receptor Agonist Education",Yoga,ALL,Adult + Older,40,OTHER,Interventional,2024,2025,2024,
NCT04754529,Yoga Intervention for the Improvement of Cancer-Related Stress in Cancer Survivors,Completed,No,Hematopoietic and Lymphoid Cell Neoplasm|Malignant Solid Neoplasm,Cancer,OTHER: Quality-of-Life Assessment|OTHER: Survey Administration|OTHER: Yoga,Yoga,ALL,Adult + Older,27,OTHER,Interventional,2021,2024,2021,United States
NCT04622670,Yoga Therapy During Chemotherapy and Radiation Treatment for the Improvement of Physical and Emotional Well-Being in Pat,Active Not Recruiting,No,"Cervical Adenocarcinoma|Cervical Adenosquamous Carcinoma|Cervical Squamous Cell Carcinoma, Not Other",Cancer,OTHER: Media Intervention|OTHER: Quality-of-Life Assessment|OTHER: Questionnaire Administration|OTHE,Yoga,FEMALE,Adult + Older,40,OTHER,Interventional,2020,2027,2020,United States
NCT03858283,Mindfulness for Alzheimer Caregivers,Terminated,No,Alzheimer Disease|Neurodegenerative Diseases|Dementia,Neurological / Cognitive,BEHAVIORAL: Mindfulness Based Health Care (MBHC) Program,Mindfulness (General),ALL,Adult + Older,60,OTHER,Interventional,2019,2020,2019,Spain
NCT02923037,Hatha Yoga in Breast Cancer Survivors,Terminated,No,Breast Carcinoma|Lymphedema,Cancer,PROCEDURE: Yoga|OTHER: tape measurement of arm|OTHER: Quality-of-Life Assessment|OTHER: ldex measure,Yoga,ALL,Adult + Older,27,OTHER,Interventional,2016,2019,2016,United States
NCT04185428,Investigating Integrative Therapies for Symptom Management in Adults With Acute Leukemia,Terminated,No,Acute Myeloid Leukemia,Cancer,BEHAVIORAL: Integrative Therapy,Other,ALL,Adult + Older,9,OTHER,Interventional,2023,2025,2019,United States
NCT03078608,POEM (Practice Of Embracing Each Moment) STUDY,Completed,Yes,Distress|Cancer|Chemotherapy Effect,Cancer,BEHAVIORAL: Mindfulness meditation program (administered via mobile app)|BEHAVIORAL: Progressive mus,Mindfulness (General),ALL,Adult + Older,128,OTHER,Interventional,2017,2018,2017,United States
NCT04411251,Evaluation of a Oncology Day Care Unit Programme With Two Different Focuses,Completed,No,Cancer,Cancer,BEHAVIORAL: Nature-near integrative day care unit programme|BEHAVIORAL: Conventional integrative day,Other,ALL,Adult + Older,107,OTHER,Interventional,2020,2022,2020,Germany
NCT07517237,taVNS + CCT for Neurocognitive Rehab,Recruiting,No,Psychosocial Well-being|Neurocognitive Function|Cognitive Complaint|Cognitive Dysfunction,Neurological / Cognitive,DEVICE: taVNS|DEVICE: Computerized Cognitive Training,Other,ALL,Adult + Older,20,OTHER,Interventional,2026,2026,2026,United States
NCT04248725,Telehealth Pain Self-Management for Employed Adults,Completed,Yes,"Chronic Pain|Brain Injuries, Traumatic|Multiple Sclerosis|Spinal Cord Injuries|Amputation",Pain,BEHAVIORAL: E-TIPS,Other,ALL,Adult + Older,220,OTHER,Interventional,2020,2024,2020,United States
NCT07302984,Mind-body Skills Groups for War-Related Trauma in Adolescents in Gaza,Recruiting,No,Post Traumatic Stress Disorder PTSD,PTSD / Trauma,BEHAVIORAL: Mind-Body Skills Groups,Other,ALL,Child only,120,OTHER,Interventional,2025,2026,2025,Palestinian Territories
NCT00802282,Psilocybin and Spiritual Practice,Completed,No,Healthy,Healthy Volunteers,DRUG: psilocybin|BEHAVIORAL: Intensity of support for spiritual practice|BEHAVIORAL: Number of sessi,Other,ALL,Adult + Older,75,OTHER,Interventional,2009,2014,2008,United States
NCT05790850,Pre-Habilitation with Mindfulness and Exercise for Patients Undergoing Radical Cystectomy (PRIMER Trial),Recruiting,No,Bladder Cancer|Non-muscle-invasive Bladder Cancer|Muscle-Invasive Bladder Carcinoma,Cancer,BEHAVIORAL: Pre-operative physical exercise|BEHAVIORAL: Pre-operative mindfulness meditation practic,Mindfulness (General),ALL,Adult + Older,30,OTHER,Interventional,2023,2026,2023,United States
NCT02457936,Examining Cognitive Mechanisms of Clinical Improvement Following Mindfulness Based Therapy for Depressed Individuals,Completed,No,Depression,Depression,BEHAVIORAL: Mindfulness Based Cognitive Therapy,Mindfulness (General),ALL,Adult + Older,52,OTHER,Interventional,2015,2016,2015,United States
NCT00880256,Mindfulness-Based Stress Reduction for Bowel Symptoms: Collection of Pilot Survey Data,Completed,Yes,Irritable Bowel Syndrome,Other,BEHAVIORAL: mindfulness-based stress reduction,MBSR,MALE,Adult + Older,93,OTHER,Interventional,2008,2010,2009,United States
NCT01381354,"Nutrition, Neuromuscular Electrical Stimulation (NMES) and Secondary Progressive Multiple Sclerosis (SPMS)",Completed,No,Multiple Sclerosis,Neurological / Cognitive,OTHER: Progressive exercise|DEVICE: Neuromuscular electrical stimulation delivered using the electri,Meditation (General),ALL,Adult + Older,38,OTHER,Interventional,2010,2016,2011,United States
NCT03918746,Feasibility of the Internet Attachment-Based Compassion Therapy (iABCT),Completed,No,Mental Health Wellness 1|Compassion,Well-being / Mental Health,BEHAVIORAL: internet Attachment-Based Compassion Therapy (iABCT),Loving-Kindness / Compassion,ALL,Adult + Older,50,OTHER,Interventional,2020,2021,2019,Spain
NCT01613872,The Effects of Mindfulness Based Stress Reduction on Patients With Traumatic Brain Injury,Completed,No,Traumatic Brain Injury|Brain Injury|Stress,PTSD / Trauma,OTHER: Mindfulness Based Stress Reduction,Mindfulness (General),ALL,Adult only,8,OTHER,Interventional,2012,2013,2012,United States
NCT06639841,Effectiveness of Virtual Reality Psychotherapy and Yoga on Student Performance Anxiety,Active Not Recruiting,No,Performance Anxiety,Anxiety,DEVICE: Virtual Reality Psychotherapy|BEHAVIORAL: Yoga,Yoga,ALL,Adult only,70,OTHER,Interventional,2024,2025,2024,Romania
NCT05557266,"Two Recovery Strategies at Work, Based on Mindfulness and Physical Exercise, on Levels of Stress and Biological Measures",Withdrawn,No,Mental Health Wellness,Well-being / Mental Health,BEHAVIORAL: Mindfulness-based intervention|BEHAVIORAL: Physical exercise,Mindfulness (General),ALL,Adult + Older,0,OTHER,Interventional,2023,2023,2022,Spain
NCT07523087,Effect of a Brief Mindfulness-Based Training on First Clinical Day Stress in First-Year Nursing Students,Completed,No,Stress|Mindful Breathing Meditation|Mindfulness|Mindfulness Based Stress Reduction|Clinical Practice,Stress / Burnout,BEHAVIORAL: Brief Mindfulness-Based Training,Mindfulness (General),ALL,Adult + Older,63,OTHER,Interventional,2026,2026,2026,Turkey
NCT02370667,A Biomechanical Exercise Program for Knee OA,Completed,Yes,"Osteoarthritis, Knee",Pain,OTHER: Biomechanical Exercise (BE)|OTHER: Traditional Exercise (TE)|OTHER: Meditation Control (M),Meditation (General),FEMALE,Adult + Older,31,OTHER,Interventional,2015,2016,2015,Canada
NCT03103243,Pilot Study to Investigate Contemplative Intervention in Lupus Patients,Completed,No,"Lupus Erythematosus, Systemic",Other,BEHAVIORAL: Mindfulness Based Group Sessions,Mindfulness (General),ALL,Adult + Older,30,OTHER,Interventional,2017,2018,2017,United States
NCT02057068,Improving Sleep in Veterans and Their CGs,Completed,Yes,Sleep Quality,Sleep / Fatigue,BEHAVIORAL: SLEEP-E Dyads Intervention,Other,ALL,Adult + Older,102,FED,Interventional,2014,2016,2014,United States
NCT04612387,Online Wellness Intervention in Medical Students,Completed,No,"Stress, Psychological|Mind Body Therapy|Wellbeing",Stress / Burnout,BEHAVIORAL: Mind-body therapy,Other,ALL,Adult + Older,65,OTHER,Interventional,2020,2021,2020,Canada
NCT02385786,Mindfulness-Based Cognitive Therapy Effect on Depression and C-Reactive Protein Levels After 8 Weeks of Treatment,Completed,No,Major Depressive Disorder,Depression,BEHAVIORAL: Mindfulness-Based Cognitive Therapy,MBCT,ALL,Adult only,43,OTHER,Interventional,2011,2012,2015,United States
NCT02845492,Evaluating Qigong as a Clinical Intervention for Cancer Survivors' Fatigue,Unknown,No,Fatigue,Sleep / Fatigue,OTHER: Qigong|OTHER: Complete Health Improvement Program (CHIP),Other,FEMALE,Adult + Older,60,OTHER,Interventional,2016,2017,2016,United States
NCT01833104,Plasticity of the Compassionate Brain,Completed,No,Healthy Subjects,Healthy Volunteers,BEHAVIORAL: Presence - Perspective - Affect|BEHAVIORAL: Presence - Affect - Perspective.|BEHAVIORAL:,Other,ALL,Adult only,332,OTHER,Interventional,2013,2016,2013,Germany
NCT07379736,Online Brief Advice Intervention for Heavy Cannabis Users,Recruiting,No,Cannabis User,Other,OTHER: Educational video|OTHER: Relaxation video,Other,ALL,Adult + Older,100,OTHER,Interventional,2025,2026,2026,United Kingdom
NCT01035788,Effects of Mindfulness-Based Cognitive-Behavioral Conjoint Therapy on PTSD and Relationship Function,Completed,Yes,PTSD,PTSD / Trauma,BEHAVIORAL: Mindfulness Based Cognitive Behavioral Conjoint Therapy|BEHAVIORAL: CBCT for PTSD - Comm,Mindfulness (General),ALL,Adult + Older,92,FED,Interventional,2010,2014,2009,United States
NCT05911412,Development of the Neuroimaging Biomarker-based Prediction Model of Anxiety-related Disorders: Effect of Mindfulness-bas,Unknown,No,Anxiety Depression,Depression,BEHAVIORAL: Mindfulness-based cognitive therapy using neuroscience (NMBCT),MBCT,ALL,Adult + Older,64,OTHER,Interventional,2023,2025,2023,
NCT05690230,Improving Patient Experience: BMBA,Completed,No,Bone Marrow Cancer|Leukemia|Lymphoma|Multiple Myeloma|Hematologic Cancer,Cancer,OTHER: Virtual reality|OTHER: Environmental changes,Other,ALL,Adult + Older,60,OTHER,Interventional,2022,2024,2023,United States
NCT02786771,Exploring the Effects of Muse and Spire on Stress Management,Completed,Yes,Stress,Stress / Burnout,DEVICE: Spire|DEVICE: Muse headband,Other,ALL,Adult + Older,126,OTHER,Interventional,2016,2016,2016,
NCT01679236,Pilot Study on Mindfulness for Tobacco and Alcohol in University Students,Completed,Yes,Nicotine Dependence|Alcohol Use,Substance Use,BEHAVIORAL: Mindfulness Training for Smokers|BEHAVIORAL: Interactive Learning for Smokers,Mindfulness (General),ALL,Adult only,55,OTHER,Interventional,2006,2009,2012,United States
NCT07408206,"Sleep, Dreaming, and Virtual Reality for Mental Health",Recruiting,No,Anxiety,Anxiety,BEHAVIORAL: Dream Yoga Inspired Intervention|BEHAVIORAL: Sleep Health Enhancement Program (SHEP),Yoga,ALL,Adult + Older,70,OTHER,Interventional,2026,2027,2026,United States
NCT00317304,Mindfulness Based Stress Reduction for Hot Flashes,Completed,No,Hot Flashes|Stress,Stress / Burnout,BEHAVIORAL: Mindfulness-based stress reduction,MBSR,FEMALE,Adult + Older,110,OTHER,Interventional,2005,2012,2006,United States
NCT01254214,Journeys to Wellness: A Transplant Candidate Study,Completed,Yes,End-stage Renal Disease,Other,BEHAVIORAL: tMBSR|BEHAVIORAL: Support group,MBSR,ALL,Adult + Older,63,OTHER,Interventional,2010,2015,2010,United States
NCT00104156,Qigong Therapy for Individuals With Knee Osteoarthritis,Completed,No,Osteoarthritis,Pain,PROCEDURE: External Qigong therapy,Other,ALL,Adult + Older,100,NIH,Interventional,2005,2007,2005,United States
NCT01159535,Mindfulness Based Relapse Prevention: Efficacy and Mechanisms,Completed,Yes,Substance Use Disorders,Substance Use,BEHAVIORAL: Mindfulness Based Relapse Prevention|BEHAVIORAL: Relapse Prevention|BEHAVIORAL: Treatmen,Mindfulness (General),ALL,Adult + Older,286,OTHER,Interventional,2009,2012,2010,United States
NCT06235177,Psychoneuromentalism Disorder: A Medical Condition That Affects People With Psychological Impairments From Health Issues,Not Yet Recruiting,No,"Schizoaffective Disorder, Bipolar Type|Bipolar Disorder|ADHD - Combined Type|Dissociative Disorder|S",Anxiety,COMBINATION_PRODUCT: Decompartmentalization Framework|DIETARY_SUPPLEMENT: Liquid Herbal TInctures|OT,Yoga,ALL,Adult + Older,30,OTHER,Interventional,2024,2025,2024,
NCT05528978,Impact of Inner Engineering on Relationships,Completed,No,"Relationship, Social",Other,BEHAVIORAL: Shambhavi Kriya,Other,ALL,Adult + Older,290,OTHER,Observational,2022,2024,2022,United States
NCT06267521,The STRENGTHEN Study,Completed,No,Cognitive Flexibility|Emotional Regulation,Neurological / Cognitive,OTHER: Healthy Minds Program|OTHER: Sham Meditation Didactic Material|DEVICE: Sham Stimulation in La,Meditation (General),ALL,Adult only,64,OTHER,Interventional,2024,2026,2024,United States
NCT02400502,Integrated Coping and Awareness Training,Completed,No,Schizophrenia,Other,BEHAVIORAL: I-CAT Therapy,Other,ALL,Adult only,6,OTHER,Interventional,2015,2016,2015,United States
NCT04210466,COMP.ACT for Chronic Pain Exercises in an ACT Group Intervention for Chronic Pain,Unknown,No,Chronic Pain,Pain,BEHAVIORAL: Acceptance & Commitment Therapy + Compassion (COMP.ACT)|BEHAVIORAL: Acceptance and Commi,Loving-Kindness / Compassion,FEMALE,Adult + Older,20,OTHER,Interventional,2019,2020,2019,Portugal
NCT07322042,Evaluating Screening Adherence Between Moment for Parents App and Attention Control,Recruiting,No,Mental Health Screening Adherence,Well-being / Mental Health,BEHAVIORAL: Perinatal Psychoeducation Articles|BEHAVIORAL: Bi-weekly Perinatal Mental Health Screeni,Meditation (General),FEMALE,Adult + Older,160,INDUSTRY,Interventional,2026,2026,2026,United States
NCT01605448,Mindfulness Based Stress Reduction for Adults With Mild Cognitive Impairment,Completed,No,Mild Cognitive Impairment,Neurological / Cognitive,BEHAVIORAL: Mindfulness Based Stress Reduction (MBSR),MBSR,ALL,Adult + Older,14,OTHER,Interventional,2010,2012,2012,United States
NCT02777905,Mindfulness-Based Cognitive Therapy for Depression and Anxiety,Completed,No,Symptoms of Depression|Symptoms of Anxiety,Depression,BEHAVIORAL: Mindfulness Based Cognitive Therapy,Mindfulness (General),ALL,Adult + Older,100,OTHER,Interventional,2016,2017,2016,Canada
NCT05183867,"Behavior, Biology and Well-Being Study",Completed,Yes,Depression|Psychological Distress,Depression,DEVICE: Healthy Minds Program,Other,ALL,Adult + Older,1157,OTHER,Interventional,2022,2024,2022,United States
NCT05771649,Recovery Strategies Based on Mindfulness and Physical Exercise on Levels of Stress and Inmunoglobulin A,Completed,No,Mental Health Wellness,Well-being / Mental Health,BEHAVIORAL: Mindfulness-based intervention|BEHAVIORAL: Physical exercise,Mindfulness (General),ALL,Adult + Older,150,OTHER,Interventional,2023,2023,2023,Spain
NCT05136586,Effects of Relaxing Breathing With Biofeedback or Meditative Stimulation on Performances During OSCE of Medical Students,Completed,No,"Stress, Psychological|Stress, Physiological|Exam Stress|Performance Anxiety|Rumination",Anxiety,OTHER: Biofeedback|OTHER: Meditation|OTHER: Control and biofeedback post OSCE|OTHER: Control and con,Meditation (General),ALL,Adult + Older,450,OTHER,Interventional,2021,2022,2021,France
NCT01464398,Stress Reduction for Overweight or Obese Women Either With Polycystic Ovary Syndrome (PCOS) or Without PCOS (Non-PCOS),Completed,No,"Polycystic Ovary Syndrome|Overweight|Obesity|Stress, Physiological|Stress, Psychological",Stress / Burnout,BEHAVIORAL: Stress reduction|BEHAVIORAL: Stress reduction with Health education,Other,FEMALE,Adult + Older,86,OTHER,Interventional,2011,2014,2011,United States
NCT06421909,"Mindfulness-based Educational Intervention on Anxiety, Depression, Stress and Quality of Life on Menopausal Woman",Recruiting,No,Menopause,Other,BEHAVIORAL: mindfulness-based educational intervention,Mindfulness (General),FEMALE,Adult + Older,120,OTHER,Interventional,2024,2024,2024,Egypt
NCT02433431,Mechanisms of Mindfulness and Stress Resilience: A Mobile App Mindfulness Training Study,Completed,No,Psychological Stress|Mindfulness,Stress / Burnout,BEHAVIORAL: Mindfulness Training|BEHAVIORAL: Mindful Attention Only Training|BEHAVIORAL: Analytic Th,Mindfulness (General),ALL,Adult + Older,153,OTHER,Interventional,2015,2016,2015,United States
NCT01330420,Behavioral Medicine Intervention With Depressed Patients in a Community Health Center Setting,Completed,Yes,Depression,Depression,BEHAVIORAL: Relaxation Response Resiliency Program for Depression,Other,ALL,Adult + Older,28,OTHER,Interventional,2007,2010,2011,United States
NCT05245305,The Effect of Mindfulness-Based Stress Reduction Program,Unknown,No,MBSR|Caregiver,Other,OTHER: Mindfulness Based Stress Reduction Program,Mindfulness (General),ALL,Adult + Older,56,OTHER,Interventional,2022,2023,2022,Turkey
NCT00106275,Mindfulness-Based Stress Reduction Program as an Intervention in Patients With Fibromyalgia,Unknown,No,Fibromyalgia,Pain,BEHAVIORAL: Mindfulness Based Stress Reduction,Mindfulness (General),FEMALE,Adult + Older,180,OTHER,Interventional,2003,2006,2005,Germany
NCT05374200,Mind-body Wellness Intervention in Primary Biliary Cholangitis (PBC),Completed,No,Primary Biliary Cirrhosis,Other,OTHER: Mind-body intervention with 1-1 support from study personnel,Other,ALL,Adult + Older,87,OTHER,Interventional,2021,2022,2022,Canada
NCT04862325,SOPHIE Trial: Surgery in Ovarian Cancer With PreHabilitation In ERAS,Active Not Recruiting,No,Advanced Ovarian Cancer,Cancer,OTHER: Multimodal Prehabilitation,Other,FEMALE,Adult + Older,146,OTHER,Interventional,2021,2026,2021,Spain
NCT00661271,Mindfulness-based Stress Reduction for Urban Youth,Completed,Yes,"Stress, Psychological",Stress / Burnout,BEHAVIORAL: Mindfulness-based stress reduction (MBSR)|BEHAVIORAL: Healthy topics,MBSR,ALL,Child + Adult,96,OTHER,Interventional,2007,2012,2008,United States
NCT05634278,Mindfulness Intervention in Orthopedic Trauma Patients,Completed,No,Pain|Anxiety,Pain,BEHAVIORAL: Preoperative mindfulness|BEHAVIORAL: Postoperative mindfulness|BEHAVIORAL: Mind wanderin,Mindfulness (General),ALL,Adult + Older,94,OTHER,Interventional,2022,2023,2022,United States
NCT03177655,Effect of Guided Imagery on Well-being in Patients With Multiple Sclerosis,Completed,No,Multiple Sclerosis (MS),Neurological / Cognitive,OTHER: Guided Imagery|OTHER: Journaling,Other,ALL,All ages,20,OTHER,Interventional,2012,2017,2017,United States
NCT03610594,Effects of Kalaripayattu on Psychological Wellbeing and Behavior in Children,Unknown,No,Psychological|Behavior,Other,OTHER: Kalaripayattu,Other,ALL,Child only,70,OTHER,Interventional,2018,2019,2018,India
NCT07316478,Stress Management and Mindfulness Intervention for Patients With Sickle Cell Disease,Recruiting,No,Sickle Cell Disease,Other,BEHAVIORAL: Stress Management and Mindfulness Intervention for Patients with Sickle Cell Disease,Mindfulness (General),ALL,Adult + Older,50,OTHER,Interventional,2026,2026,2026,United States
NCT03884374,Pain Relief for OsteoArthritis Through Combined Treatment (PROACT),Completed,Yes,Osteoarthritis of Knee,Pain,BEHAVIORAL: Focused Breathing and Attention Training (BAT)|BEHAVIORAL: Standard Breathing and Attent,Breathwork,ALL,Adult + Older,317,OTHER,Interventional,2020,2025,2019,United States
NCT05561283,Evaluation of the Satisfaction and Relevance of Leadership Training for Residents,Completed,No,Quality of Life|Medical Residents,Well-being / Mental Health,DIAGNOSTIC_TEST: Self-questionnaires,Other,ALL,Adult + Older,16,OTHER,Interventional,2022,2024,2022,France
NCT05273918,Monitoring and Evaluation of a Cognitive Behavioral Therapy Program Focused on Attention and Emotion Regulation for Chil,Withdrawn,No,Fetal Alcohol Spectrum Disorders|Hyperactivity Disorder|Attention Deficit,Substance Use,OTHER: cognitivo-comportmental therapy|OTHER: body mediation,Other,ALL,Child only,0,OTHER,Interventional,2023,2028,2022,France
NCT05080101,"Effects of Basic Body Awareness Therapy on Pain, Sleep, Disability and Quality of Life in Chronic Low Back Pain",Completed,No,Chronic Low-back Pain,Pain,OTHER: Conventional Therapy Program|OTHER: Basic Body Awareness Therapy Group Program,Other,ALL,Adult + Older,28,OTHER,Interventional,2020,2022,2021,Turkey
NCT05441774,Stimulating Compassion UsingTranscutaneous Vagus Nerve Stimulation,Completed,No,Healthy Volunteers,Healthy Volunteers,DEVICE: Active transcutaneous vagus nerve stimulation|BEHAVIORAL: Active self-compassion imagery|DEV,Loving-Kindness / Compassion,ALL,Adult only,120,OTHER,Interventional,2022,2023,2022,United Kingdom
NCT06004804,Group-Based Psychological Treatments Over Video Conference for Older Veterans With Chronic Pain,Recruiting,No,Chronic Musculoskeletal Pain,Pain,BEHAVIORAL: Emotional Awareness and Expression Therapy|BEHAVIORAL: Mindfulness Meditation|BEHAVIORAL,Mindfulness (General),ALL,Adult + Older,216,FED,Interventional,2023,2027,2023,United States
NCT04716920,"Tai Chi for Relieving Aromatase Inhibitor-Induced Arthralgia in Patients With Stage I-III Breast Cancer, the TaiChi4Join",Completed,No,Anatomic Stage I Breast Cancer AJCC v8|Anatomic Stage IA Breast Cancer AJCC v8|Anatomic Stage IB Bre,Cancer,OTHER: Tai Chi|DEVICE: FitBit|OTHER: Support Group Therapy|OTHER: Questionnaire Administration|OTHER,Other,FEMALE,Adult + Older,39,OTHER,Interventional,2020,2021,2021,United States
NCT04277026,Mindful Walking Intervention for Physical Inactivity,Completed,No,Physical Inactivity,Other,BEHAVIORAL: Mindful Walking,Other,ALL,Adult + Older,27,OTHER,Interventional,2020,2023,2020,United States
NCT02694432,Minding GOALS: An Internet-Assisted Mind-Body-Behavior Program for Blood Pressure Control,Completed,No,Hypertension,Cardiovascular / Metabolic,BEHAVIORAL: GOALS|BEHAVIORAL: Minding GOALS,Other,ALL,Adult + Older,76,OTHER,Interventional,2016,2018,2016,United States
NCT00390169,Randomized Controlled Trial Comparing MBSR to SET in Breast Cancer Patients,Unknown,No,Breast Neoplasms,Cancer,BEHAVIORAL: Mindfulness Meditation-Based Stress Reduction|BEHAVIORAL: Supportive-Expressive Group Th,Mindfulness (General),FEMALE,Adult + Older,300,OTHER,Interventional,2006,2009,2006,Canada
NCT04430309,Baduanjin on Patients With Schizophrenia,Completed,No,Schizophrenia,Other,BEHAVIORAL: Baduanjin exercise program|BEHAVIORAL: Brisk walking program,Other,ALL,Adult + Older,48,OTHER,Interventional,2021,2022,2020,Taiwan
NCT06392100,MBI in Generation Z Nursing Students During Clinical Practicum,Completed,No,Mental Health|Anxiety|Depression|Resilience,Depression,BEHAVIORAL: Mindfulness-Based Intervention,Mindfulness (General),ALL,Adult only,39,OTHER,Interventional,2024,2025,2024,Taiwan
NCT02816723,Mindfulness Training in Healthy Older Veterans,Completed,Yes,Aging,Other,BEHAVIORAL: Mindfulness-based Stress Reduction|BEHAVIORAL: Brain Health,MBSR,ALL,Adult + Older,60,FED,Interventional,2016,2019,2016,United States
NCT06213701,"Behavior, Biology and Well-Being Study",Completed,Yes,Depression|Psychological Distress,Depression,DEVICE: Healthy Minds Program|OTHER: Psychoeducation app,Other,ALL,Adult + Older,300,OTHER,Interventional,2022,2023,2024,United States
NCT00760994,Reducing Alcohol Use & Post-traumatic Stress Disorder (PTSD) With Cognitive Restructuring & Experiential Acceptance,Completed,Yes,"Alcoholism|Stress Disorders, Post-Traumatic",PTSD / Trauma,BEHAVIORAL: Experiential acceptance|BEHAVIORAL: Cognitive restructuring|OTHER: No-intervention contr,Other,ALL,Adult + Older,80,OTHER,Interventional,2009,2012,2008,United States
NCT05637736,Effects of an Immersive Virtual Reality Intervention,Unknown,No,Nurse's Role|COVID-19 Pandemic|Mental Stress,Stress / Burnout,BEHAVIORAL: Mindfulness-based Stress Reduction by Therapeutic VR|BEHAVIORAL: Mindfulness-based Stres,MBSR,ALL,Adult only,81,OTHER,Interventional,2022,2022,2022,China
NCT07551882,Oxytocin Plus Self-compassion Training in Borderline Personality Disorder,Recruiting,No,Self-compassion Training (SCT) Plus Intranasal Oxytocin|Self-compassion Training (SCT) Plus Intranas,Other,DRUG: Intranasal Oxytocin (IN-OXT)|DRUG: Intranasal Placebo|BEHAVIORAL: Self-Compassion Training (SC,Loving-Kindness / Compassion,ALL,Adult only,80,OTHER,Interventional,2024,2026,2026,Spain
NCT06034249,Mindfulness-Based VR for Family Caregivers of People With Dementia,Completed,No,Caregivers of People With Dementia|Quality of Life,Neurological / Cognitive,BEHAVIORAL: Mindfulness-Based VR|BEHAVIORAL: Audio,Mindfulness (General),ALL,Adult + Older,16,OTHER,Interventional,2022,2023,2023,Taiwan
NCT07130227,MBRS-Based Psychoeducation in Patients With Schizophrenia,Completed,No,Mindfulness Training,Well-being / Mental Health,OTHER: Session 1: Preparatory Session|OTHER: Session 2: Mindfulness|OTHER: Session 3: Our Perspectiv,Mindfulness (General),ALL,Adult only,75,OTHER,Interventional,2021,2022,2025,Turkey
NCT02037152,Smartphone-based Mindfulness Training for Chronic Pain,Withdrawn,No,Chronic Pain,Pain,BEHAVIORAL: Body scan exercise,Other,ALL,Adult + Older,0,OTHER,Interventional,2014,2014,2014,United States
NCT05317754,Effectiveness of Four Deconstructive Meditative Practices on Well-being and Self-deconstruction,Active Not Recruiting,No,Mental Health Wellness,Well-being / Mental Health,"BEHAVIORAL: Mindful breathing|BEHAVIORAL: Prostrations, according to Tibetan Buddhist tradition|BEHA",Breathwork,ALL,Adult + Older,240,OTHER,Interventional,2023,2025,2022,Spain
NCT06410157,Cardiac-Control Affecting Learning Through Mindfulness (CALM),Recruiting,No,Age-related Cognitive Decline|Alzheimer Disease,Neurological / Cognitive,BEHAVIORAL: Daily practice,Other,ALL,Adult + Older,240,OTHER,Interventional,2025,2027,2024,United States
NCT07270315,Self-Compassion and Problematic Gaming: A Randomized Trial,Completed,No,Problematic Gaming|Self-Compassion,Other,BEHAVIORAL: Positive Self - 14-Day Online Self-Compassion Course,Loving-Kindness / Compassion,ALL,Adult + Older,308,OTHER,Interventional,2023,2024,2025,China
NCT05101174,Exercise and Neurocognition in Adults Relative to ApoE Genotype,Unknown,No,Exercise Training|Neurocognitive Function|Aging,Neurological / Cognitive,BEHAVIORAL: Integrated Intervention Group (IIG)|BEHAVIORAL: Control Group,Other,ALL,Adult + Older,120,OTHER,Interventional,2022,2025,2021,Taiwan
NCT00653146,The Effects of MBSR in Improving Immune Response to Human Papillomavirus in Patients With Cervical Dysplasia,Completed,No,Cervical Cancer|Precancerous Condition,Cancer,BEHAVIORAL: Mindfulness-Based Stress Reduction|BEHAVIORAL: Healthy Lifestyles,MBSR,FEMALE,Adult + Older,186,OTHER,Interventional,2007,2014,2008,United States
NCT04168697,Effect of Behavioral Intervention on Cannabinoid Receptors in BAD,Unknown,No,"Bipolar Affective Disorder, Currently in Remission|Bipolar Disorder I|Bipolar Disorder II",Other,BEHAVIORAL: Wim Hof method,Other,ALL,Adult + Older,20,OTHER,Interventional,2020,2021,2019,United States
NCT01545466,Non-drug Interventions for Migraines,Completed,No,Migraine|Headache,Pain,BEHAVIORAL: Mindfulness Based Stress Reduction (MBSR),MBSR,ALL,Adult + Older,19,OTHER,Interventional,2012,2012,2012,United States
NCT06143852,Change in Social Media Use and Well-being Among College Students Receiving a One-week Exercise or Mindfulness Interventi,Completed,No,"Social Media Addiction|Depression, Anxiety|Well-Being, Psychological",Depression,BEHAVIORAL: Mindfulness|BEHAVIORAL: Social Media Reduction + Exercise,Mindfulness (General),ALL,Adult + Older,140,OTHER,Interventional,2024,2024,2023,United States
NCT01595490,Mind-Body Skills Groups for the Treatment of War-Related Trauma in Adolescents in Gaza,Completed,No,Posttraumatic Stress Disorder,PTSD / Trauma,BEHAVIORAL: Mind-Body Skills Group,Other,ALL,Child only,121,OTHER,Interventional,2012,2012,2012,Israel
NCT01595464,Mind-Body Skills Groups for the Treatment of War-Related Trauma in Adults in Gaza,Completed,No,Posttraumatic Stress Disorder,PTSD / Trauma,BEHAVIORAL: Mind-Body Skills Groups,Other,ALL,Adult + Older,148,OTHER,Interventional,2012,2012,2012,Israel
NCT01595477,Mind-Body Skills Groups for the Treatment of War-Related Trauma in Children in Gaza,Completed,No,Posttraumatic Stress Disorder,PTSD / Trauma,BEHAVIORAL: Mind-Body Skills Group,Other,ALL,Child only,114,OTHER,Interventional,2012,2012,2012,Israel
NCT04984252,Testing a Brief and Low Intensity Self-compassion Intervention,Completed,No,Body Image Disturbance|Body Image|Shame,Other,"BEHAVIORAL: Self-compassion comprising compassionate body scan-1, compassion body scan-2 and short n",Loving-Kindness / Compassion,FEMALE,Adult + Older,69,OTHER,Interventional,2021,2021,2021,United Kingdom
NCT04253691,Sleep Intervention for Chronic Insomnia Using Virtual Reality Pilot Study,Active Not Recruiting,No,"Insomnia Chronic|Pain, Chronic",Pain,DEVICE: Virtual Reality Mediated Relaxation,Other,ALL,Adult + Older,30,OTHER,Interventional,2020,2026,2020,United States
NCT00280020,Behavioral Treatment of Insomnia in Aging,Completed,No,Aging|Insomnia,Sleep / Fatigue,BEHAVIORAL: Tai Chi Chih (TCC)|BEHAVIORAL: Cognitive Behavior Therapy (CBT)|BEHAVIORAL: Sleep Semina,CBT,ALL,Adult + Older,123,OTHER,Interventional,2006,2011,2006,United States
NCT05997082,A Mindful Self-compassion Based Intervention for Specialist Rehabilitation Providers,Completed,No,"Burnout, Professional|Compassion Fatigue|Secondary Traumatic Stress",PTSD / Trauma,OTHER: Mindfulness Self-Compassion Course,Loving-Kindness / Compassion,ALL,Adult + Older,26,OTHER,Interventional,2023,2024,2023,Canada
NCT01641328,Cognitive Activation Therapy for MCI: A Randomized Control Study,Unknown,No,Mild Cognitive Impairment,Neurological / Cognitive,BEHAVIORAL: Cogntive Activation Training|BEHAVIORAL: Waitlist Control / Home-based training,Other,ALL,Adult + Older,30,OTHER,Interventional,2012,2013,2012,Canada
NCT06162741,Type I Hybrid Effectiveness-Implementation Trial of Primary Care Brief Mindfulness Training for Veterans,Recruiting,No,Post Traumatic Stress Disorder (PTSD)|Depression|Anxiety,Depression,BEHAVIORAL: Primary Care Brief Mindfulness Training (PCBMT)|BEHAVIORAL: Moving Forward (MF),Mindfulness (General),ALL,Adult + Older,300,FED,Interventional,2024,2027,2023,United States
NCT02727140,Yoga as a Supportive Therapy for Patients With Hypertension,Completed,No,Hypertension,Cardiovascular / Metabolic,BEHAVIORAL: Yoga with Asana (yoga postures)|BEHAVIORAL: Yoga without Asana (yoga postures),Yoga,ALL,Adult + Older,75,OTHER,Interventional,2016,2017,2016,Germany
NCT02936310,Mindful Living With Stress for Nurses Caring for HIV/AIDS Patients in China,Unknown,No,Stress,Stress / Burnout,BEHAVIORAL: Mindful Living With Stress,Other,ALL,Adult + Older,18,OTHER,Interventional,2017,2017,2016,China
NCT00992875,Does Mindfulness Training Change the Processing of Social Threat?,Completed,No,Healthy|Stress,Stress / Burnout,BEHAVIORAL: Mindfulness-Based Stress Reduction,MBSR,ALL,Adult only,28,OTHER,Interventional,2009,2011,2009,United States
NCT02087891,Stress Free Now in a Corporate Call Center,Completed,No,"Stress, Psychological",Stress / Burnout,BEHAVIORAL: Web-based Stress Management Program (WSM)|BEHAVIORAL: Group Support (WSMg1)|BEHAVIORAL:,Other,ALL,All ages,161,OTHER,Interventional,2011,2012,2014,United States
NCT06867367,REducing pSychological diSTress To Optimize Recovery of Elderly ICU Survivors and Caregivers (RESTORE-ICU),Not Yet Recruiting,No,"Relationship, Family|Well-Being, Psychological",Well-being / Mental Health,BEHAVIORAL: Isha Kriya and Naddi Shuddhi,Other,ALL,Adult + Older,14,OTHER,Interventional,2026,2027,2025,United States
NCT07216417,TeleYoga for Chronic Low Back Pain: A Quantitative and Qualitative Study,Active Not Recruiting,No,Low Back Pain,Pain,BEHAVIORAL: Yoga|BEHAVIORAL: Mindfulness,Yoga,ALL,Adult + Older,40,OTHER,Interventional,2025,2027,2025,United States
NCT05322161,Yoga in the NICU for Parents Study,Completed,No,Postpartum Depression|Anxiety|Depression|Stress Disorder|Prematurity,Depression,BEHAVIORAL: yoga classes,Yoga,ALL,All ages,51,OTHER,Interventional,2021,2024,2022,United States
NCT03340948,The Mindfulness Intervention as Myocardial Infarction Rehabilitation Additive (MIMIRA) Study,Completed,No,Coronary Artery Disease|Depressive Symptoms,Depression,BEHAVIORAL: Mindfulness Based Stress Reduction (MBSR),MBSR,ALL,Adult + Older,24,OTHER_GOV,Interventional,2012,2014,2017,Sweden
NCT04415528,Emotion-Focused Mindfulness Therapy: A Feasibility Study for Late Life Anxiety,Completed,No,Anxiety,Anxiety,OTHER: Emotion-Focused Mindfulness Therapy,Mindfulness (General),ALL,Adult + Older,48,OTHER,Interventional,2020,2021,2020,Canada
NCT02469779,Middle and High School Students' Reactions to a Health Interactive Website: ASPIRE Reactions,Completed,No,Tobacco Use Cessation|Tobacco Prevention,Substance Use,BEHAVIORAL: Surveys|BEHAVIORAL: ASPIRE Website|BEHAVIORAL: ASPIRE Text-Based Website|BEHAVIORAL: Fol,Other,ALL,Child + Adult,700,OTHER,Interventional,2013,2021,2015,United States
NCT04929613,Resilience Training for First Responders in the Opioid Epidemic,Completed,Yes,Compassion Fatigue|Burnout|Stress|Mindfulness,Stress / Burnout,BEHAVIORAL: Mindfulness-Based Resilience Training,Mindfulness (General),ALL,Adult + Older,30,OTHER,Interventional,2017,2018,2021,United States
NCT07097545,Change in Social Media Use and Well-being Among College Students Receiving a Two-week Exercise or Mindfulness Interventi,Recruiting,No,Social Media Addiction|Anxiety|Depression Disorder|Wellbeing,Depression,BEHAVIORAL: Mindfulness|BEHAVIORAL: Social Media Reduction|BEHAVIORAL: Exercise,Mindfulness (General),ALL,Adult + Older,300,OTHER,Interventional,2025,2027,2025,United States
NCT02222064,Pilot of Mindfulness Therapy for Inpatients With Gastro-intestinal Pain,Completed,No,Gastro-intestinal Pain,Pain,BEHAVIORAL: Mindfulness,Mindfulness (General),ALL,Adult + Older,15,OTHER,Interventional,2014,2015,2014,United Kingdom
NCT00962403,Evaluation of a Yoga Intervention for Post-Traumatic Stress Disorder,Completed,No,Post-Traumatic Stress Disorder,PTSD / Trauma,BEHAVIORAL: Yoga treatment,Yoga,ALL,Adult + Older,108,OTHER,Interventional,2009,2012,2009,United States
NCT04306952,Awareness and Self-Compassion Enhancing Narcolepsy Treatment,Completed,Yes,Narcolepsy|Narcolepsy Without Cataplexy|Narcolepsy With Cataplexy,Other,BEHAVIORAL: Brief MBI|BEHAVIORAL: Standard MBI|BEHAVIORAL: Extended MBI,Other,ALL,Adult + Older,60,OTHER,Interventional,2020,2022,2020,United States
NCT06155240,Yoga for a Healthy Heart,Completed,No,Hypertension,Cardiovascular / Metabolic,BEHAVIORAL: Therapeutic yoga,Yoga,ALL,Adult + Older,8,OTHER,Interventional,2024,2024,2023,United States
NCT07310004,Virtual Reality vs. Music Relaxation for Reducing Anxiety and Pain During Breast Biopsies,Recruiting,No,Breast Biopsy|Anxiety|Pain,Pain,OTHER: Virtual Reality (VR) Mindful App|OTHER: Standard Calming Music,Other,FEMALE,Adult + Older,600,OTHER,Interventional,2026,2027,2025,United States
NCT06901687,Home-Based Transcranial Direct Current Stimulation (tDCS) for Depression in Multiple Sclerosis (MS),Recruiting,No,Multiple Sclerosis|Depression,Depression,DEVICE: Active tDCS|DEVICE: Sham tDCS,Other,ALL,Adult + Older,170,OTHER,Interventional,2025,2028,2025,United States
NCT04834154,Mental Health Disparities in Spanish Speaking Latina Breast Cancer Patients,Completed,No,"Breast Cancer|Depression, Anxiety|Mindfulness|Sleep Disturbance",Cancer,BEHAVIORAL: Mindfulness|BEHAVIORAL: Control group,Mindfulness (General),ALL,Adult + Older,31,OTHER,Interventional,2021,2022,2021,United States
NCT04687852,Comparison of the Efficacy of Pharmacology and Non-pharmacological Treatment in Women With Primary Dysmenorrhea.,Completed,No,Pelvic Floor|Exercise|Telerehabilitation|Acupressure|Dysmenorrhea Primary|Drug Effect,Substance Use,OTHER: Conservative and Non-conservative treatments,Other,FEMALE,Adult only,85,OTHER,Interventional,2021,2021,2020,Turkey
NCT04820855,Mindfulness and Yoga for Pain With Interstitial Cystitis Evaluation,Completed,Yes,Interstitial Cystitis,Other,BEHAVIORAL: Treatment|OTHER: Usual Cares,Other,FEMALE,Adult + Older,97,OTHER,Interventional,2021,2023,2021,United States
NCT01823601,Behavioral Management and Psychological Well-Being,Completed,No,Psychological Well Being|Behavioral Management,Other,BEHAVIORAL: Behavioral Management Program|BEHAVIORAL: Seminars in Health,Other,ALL,Adult + Older,64,OTHER,Interventional,2013,2013,2013,Brazil
NCT06030427,Virtual Mindfulness and Weight Management to Mitigate Risk of Relapse and Improve Wellbeing in Cancer Survivors,Completed,No,Hematopoietic and Lymphoid System Neoplasm|Malignant Solid Neoplasm|Obesity-Related Malignant Neopla,Cancer,BEHAVIORAL: Behavioral Dietary Intervention|OTHER: Educational Intervention|OTHER: Health Promotion,Mindfulness (General),ALL,Adult + Older,19,OTHER,Interventional,2023,2024,2023,United States
NCT03351010,Mindfulness for Pain Management in Patients With Cancer,Completed,No,"Cancer, Metastatic|Pain, Chronic",Cancer,BEHAVIORAL: Mindfulness training program|DEVICE: Cancer pain educational program,Mindfulness (General),ALL,Adult only,17,OTHER,Interventional,2018,2019,2017,Thailand
NCT06975657,Well-being Skills for Reentry,Recruiting,No,Formerly Incarcerated Adults,Other,BEHAVIORAL: Wellbeing skills for reentry|DEVICE: Healthy Minds Program,Other,ALL,Adult + Older,60,OTHER,Interventional,2026,2027,2025,United States
NCT05877521,Mindfulness-oriented Recovery Enhancement (MORE) for Cancer Pain Relief,Active Not Recruiting,No,Chronic Pain|Cancer Pain,Cancer,BEHAVIORAL: MORE treatments|OTHER: Standard of Care for Pain Management,Other,ALL,Adult + Older,76,OTHER,Interventional,2023,2027,2023,United States
NCT03411057,Mindfulness Based Stress Reduction in Rheumatic Diseases,Terminated,No,Rheumatoid Arthritis|Psoriatic Arthritis|Scleroderma,Pain,BEHAVIORAL: Mindfulness Based Stress Reduction (MBSR)|OTHER: Control,MBSR,ALL,Adult + Older,5,OTHER,Observational,2018,2021,2018,United States
NCT05097521,"Assessing Pain, Patient Reported Outcomes and Complementary and Integrative Health",Completed,Yes,Chronic Musculoskeletal Pain,Pain,OTHER: Practitioner-delivered CIH therapies|OTHER: Combination of practitioner-delivered and self-ca,Other,ALL,Adult + Older,3603,FED,Observational,2021,2023,2021,United States
NCT06184217,Effects of a Mindfulness Programme on Competitive Athletes With Physical Disabilities,Completed,No,Athletic Injuries|Physical Disability|Chronic Pain,Pain,OTHER: Experimental group (MSPE programme group).|OTHER: Control group (relaxation group).,Other,ALL,Child + Adult,36,OTHER,Interventional,2022,2023,2023,Spain
NCT04010227,Telephone Support for Advanced Gastrointestinal Cancer Patients and Caregivers,Completed,Yes,Gastrointestinal Neoplasms,Cancer,BEHAVIORAL: Acceptance and Commitment Therapy|BEHAVIORAL: Education/Support,Other,ALL,Adult + Older,84,OTHER,Interventional,2019,2021,2019,United States
NCT03998618,Telephone Support for Metastatic Breast Cancer Patients,Completed,Yes,Metastatic Breast Cancer,Cancer,BEHAVIORAL: Acceptance and Commitment Therapy|BEHAVIORAL: Education/Support,Other,FEMALE,Adult + Older,250,OTHER,Interventional,2019,2023,2019,United States
NCT04809610,Efficacy of Attachment-based Compassion Therapy in Population With Chronic Medical Illness (CUIDA-TEC),Unknown,No,Chronic Medical Illness,Other,BEHAVIORAL: Internet attachment-based compassion therapy (iABCT).,Loving-Kindness / Compassion,ALL,Adult + Older,68,OTHER,Interventional,2021,2023,2021,Spain
NCT00943033,Study of Mindfulness-Based Cognitive Therapy,Completed,No,Major Depressive Disorder,Depression,BEHAVIORAL: Mindfulness-Based Cognitive Therapy,MBCT,ALL,Adult + Older,48,OTHER,Interventional,2009,2010,2009,
NCT05447689,Mind-Body Skills Group for Graduate Students,Recruiting,No,Mood Change|Depressive Symptoms|Anxiety Generalized,Depression,BEHAVIORAL: Integrative-Mind-Body Skills Group,Other,ALL,Adult + Older,60,OTHER,Interventional,2023,2027,2022,United States
NCT06322069,The Effect and Mechanism of Self-compassion on Reducing Materialism,Completed,No,Self-Compassion|Group B,Other,OTHER: Self-compassion intervention group,Loving-Kindness / Compassion,ALL,Adult only,309,OTHER,Interventional,2020,2021,2024,China
NCT04034914,Yoga Intervention in Supporting Children With Cancer and Their Parents During Chemotherapy Infusion,Terminated,No,Malignant Neoplasm,Cancer,OTHER: Questionnaire administration,Other,ALL,Child only,10,OTHER,Interventional,2019,2020,2019,United States
NCT03856892,"Breath, Stress and Health: a Biocultural Study of Hatha Yoga Practice",Completed,No,"Stress, Physiological|Stress, Psychological",Stress / Burnout,OTHER: High Dose Yoga|OTHER: Medium Dose Yoga,Yoga,ALL,Adult + Older,97,OTHER,Interventional,2019,2019,2019,India
NCT05938816,"Feasibility and Acceptability of Stress Induction, Physiological Data Collection, and Mindfulness-Based Stress Reduction",Terminated,Yes,Ptsd,PTSD / Trauma,BEHAVIORAL: Mindfulness-Based Stress Reduction (MBSR)|BEHAVIORAL: Health and Wellness Education (HWE,MBSR,ALL,Adult + Older,7,OTHER,Interventional,2023,2024,2023,United States
NCT06434168,Impact of Yoga on Cognitive Function,Enrolling By Invitation,No,Heart Failure|Mild Cognitive Impairment,Cardiovascular / Metabolic,BEHAVIORAL: Yoga intervention|BEHAVIORAL: Control condition,Yoga,ALL,Adult + Older,24,OTHER,Interventional,2024,2027,2024,United States
NCT05230693,SPARC Smartphone Application for the Management of Sarcoidosis-Associated Fatigue,Completed,Yes,Sarcoidosis|Fatigue,Sleep / Fatigue,BEHAVIORAL: Sarcoidosis Patient Assessment and Resource Companion App|BEHAVIORAL: Enhanced Standard,Other,ALL,Adult + Older,50,OTHER,Interventional,2022,2023,2022,United States
NCT03753360,Online Mindfulness Program for Stress Management,Completed,No,"Stress, Psychological|Burnout, Professional",Stress / Burnout,BEHAVIORAL: Internet-Based Mindfulness Program - Stress Free Now for Healers|BEHAVIORAL: Active Cont,Mindfulness (General),ALL,Adult + Older,61,OTHER,Interventional,2018,2019,2018,United States
NCT03560843,The Effects of MBSR on Patients With TBI and Chronic Insomnia,Unknown,No,Chronic Insomnia|TBI (Traumatic Brain Injury),PTSD / Trauma,BEHAVIORAL: MBSR,MBSR,ALL,Adult only,50,OTHER,Interventional,2018,2019,2018,United States
NCT07132216,"Effect of Virtual Reality on Anxiety, Stress, and Patient's Satisfaction Among Patients Undergoing Regional Anesthesia",Completed,No,Perioperative Anxiety|Perioperative Stress|Patient Satisfaction|Regional Anesthesia|Elective Surgery,Anxiety,DEVICE: Meta Quest 2 VR headset,Other,ALL,Adult + Older,150,OTHER,Interventional,2024,2024,2025,Palestinian Territories
NCT02888600,Stress Management Training for Healthy Aging,Completed,No,Psychological Stress|Loneliness,Stress / Burnout,BEHAVIORAL: Mindfulness Training|BEHAVIORAL: Health Education,Mindfulness (General),ALL,Adult + Older,190,OTHER,Interventional,2016,2020,2016,United States
NCT00661843,A Study of Yoga for Treating Geriatric Insomnia,Completed,No,Primary Geriatric Insomnia|Sleep Initiation and Maintenance Disorders,Sleep / Fatigue,OTHER: Integrated Yoga style practice,Yoga,ALL,Adult + Older,74,OTHER,Interventional,2008,2009,2008,Israel
NCT03174808,Mindfulness Interventions and Cutaneous T Cell Lymphoma (CTCL),Terminated,No,Anxiety|Quality of Life,Anxiety,BEHAVIORAL: Mindfulness-Based Stress Reduction (MBSR),MBSR,ALL,Adult + Older,3,OTHER,Interventional,2017,2018,2017,United States
NCT04722367,Being Present With Art: The Impact of Mindful Engagement With Art on Awareness and Connection,Completed,No,Stress,Stress / Burnout,BEHAVIORAL: Art Pedagogy and Mindfulness,Mindfulness (General),ALL,Adult + Older,45,OTHER,Interventional,2020,2020,2021,United States
NCT03895190,Effects of a Application (Flourish App) in Medical Students,Completed,No,Emotional Stress,Stress / Burnout,BEHAVIORAL: Flourishing App Program,Other,ALL,All ages,50,OTHER,Interventional,2019,2020,2019,Brazil
NCT07217340,Feasibility of a Mental-Health Intervention Based on Contemplative Sleep Practices,Completed,No,Anxiety,Anxiety,BEHAVIORAL: Dream Yoga Inspired Intervention|BEHAVIORAL: Sleep Health Enhancement program,Yoga,ALL,Adult + Older,25,OTHER,Interventional,2025,2025,2025,United States
NCT06595849,"Acceptability, Feasibility, and Effectiveness of a Four-Week Feeling Tone Mindfulness Course",Not Yet Recruiting,No,Mindfulness|Depression|Anxiety|Stress|Wellbeing|Self-compassion,Depression,BEHAVIORAL: 4-week feeling tone intervention program,Other,ALL,Adult + Older,80,OTHER,Interventional,2024,2026,2024,Hong Kong
NCT02067351,Mindfulness-Based Intervention in Breast Cancer Patients Undergoing Chemotherapy,Completed,No,Breast Cancer,Cancer,BEHAVIORAL: Mindfulness,Mindfulness (General),FEMALE,Adult + Older,6,OTHER,Interventional,2014,2017,2014,United States
NCT03626532,Mind-body Interventions for Healthy Aging,Completed,No,Aging,Other,BEHAVIORAL: Mindfulness-Based Stress Reduction (MBSR)|BEHAVIORAL: Lifestyle Education (LifeEd),MBSR,ALL,Adult + Older,173,OTHER,Interventional,2018,2023,2018,United States
NCT07272941,Mindfulness-Based Intervention for Pediatric Mild Traumatic Brain Injury,Not Yet Recruiting,No,"Concussions|Mild Traumatic Brain Injury, Concussion|Concussion Mild",PTSD / Trauma,BEHAVIORAL: Mindfulness Based Intervention (MBI)|BEHAVIORAL: Cognitive Sham,Mindfulness (General),ALL,Child + Adult,362,OTHER,Interventional,2026,2029,2025,Canada
NCT02241226,Self-Directed Biological Transformation Initiative,Completed,No,Healthy,Healthy Volunteers,BEHAVIORAL: Perfect Health Course,Other,ALL,Adult + Older,115,OTHER,Interventional,2014,2015,2014,United States
NCT07481643,Evaluation Of The Effect Of Affirmations During Cesarean Section Accompanying By Musıc On Breastfeeding,Completed,No,Cesarean Section|Anxiety|Breastfeeding|Lactation,Anxiety,BEHAVIORAL: pozitif affirmation with music|BEHAVIORAL: Music listening,Other,FEMALE,Adult only,99,OTHER,Interventional,2024,2025,2026,Turkey
NCT03695263,Massive Individualized N-of-1 Experiments (MINEs),Completed,No,"Stress, Psychological|Happiness|Cognition",Stress / Burnout,BEHAVIORAL: Choice of one of five behavioral interventions,Other,ALL,Adult + Older,483,OTHER,Interventional,2019,2019,2018,United States
NCT01094223,Mindfulness Based Relapse Prevention for Stimulant Users,Completed,No,Stimulant Dependence,Other,BEHAVIORAL: Mindfulness Based Relapse Prevention|BEHAVIORAL: Health Education,Mindfulness (General),ALL,Adult only,62,OTHER,Interventional,2010,2012,2010,United States
NCT07543835,"Comparing Yoga Nidra, Yoga, and Control Condition on Pain in Individuals With Chronic Low Back Pain",Not Yet Recruiting,No,Low Back Pain,Pain,OTHER: Yoga|OTHER: Yoga Nidra|OTHER: Control Condition,Yoga,ALL,Adult + Older,27,OTHER,Interventional,2026,2027,2026,United States
NCT01033851,Stress Reduction Techniques and Anxiety: Therapeutic and Neuroendocrine Effects,Completed,Yes,Generalized Anxiety Disorder,Anxiety,BEHAVIORAL: Mindfulness Based Stress Reduction|BEHAVIORAL: Stress Management Education,Mindfulness (General),ALL,Adult + Older,89,OTHER,Interventional,2008,2013,2009,United States
NCT04738084,Meru Health Program Versus Waitlist Control for Adults With Depression,Completed,No,Depression,Depression,BEHAVIORAL: Meru Health Program,Other,ALL,Adult + Older,100,INDUSTRY,Interventional,2020,2021,2021,United States
NCT04565470,Strategies of Self-management of Endometriosis Symptoms,Completed,No,Endometriosis,Other,OTHER: online questionnaire,Other,FEMALE,Adult + Older,165,OTHER,Observational,2020,2024,2020,Switzerland
NCT06456931,A Pilot Study Comparing the Efficacy of Traditional Buddhist Mindfulness Training Versus Secular Mindfulness-based Cogni,Recruiting,No,Depression Moderate|Depression Mild,Depression,BEHAVIORAL: Traditional Buddhist mindfulness|BEHAVIORAL: secular mindfulness based cognitive therapy,Mindfulness (General),ALL,Adult + Older,60,OTHER,Interventional,2024,2025,2024,Sri Lanka
NCT03526523,Testing the Efficacy of Mindfulness-based Stress Reduction in the Prevention of Perimenopausal Depression,Completed,No,Perimenopausal Depression|Depressive Symptoms,Depression,BEHAVIORAL: Mindfulness-based stress reduction,MBSR,FEMALE,Adult only,104,OTHER,Interventional,2018,2020,2018,Canada
NCT06403228,The Effect of Mindfulness Based Structured Nursing Interventions on Mental Health Parameters,Completed,No,Mindfulness|Mental Health,Well-being / Mental Health,OTHER: Mindfulness Based Structured Nursing Interventions,Mindfulness (General),FEMALE,Adult + Older,40,OTHER_GOV,Interventional,2022,2023,2024,Turkey
NCT02794376,Mindfulness for Irritable Bowel Syndrome,Completed,No,Irritable Bowel Syndrome,Other,BEHAVIORAL: Mindfulness Based Cognitive Therapy (MBCT)|BEHAVIORAL: Waiting Period,MBCT,FEMALE,Adult + Older,67,OTHER,Interventional,2016,2017,2016,
NCT05370768,Parenting Mindfully Study II,Active Not Recruiting,No,Adolescent Substance Use|Adolescent Psychological Symptoms|Parent Stress|Parenting,Stress / Burnout,BEHAVIORAL: Parenting Mindfully Intervention,Other,ALL,Child only,269,OTHER,Interventional,2022,2027,2022,United States
NCT04702477,Mindfulness Training and Group Counseling Among Prediabetes and Diabetes Patients,Completed,No,Stress|Diabetes|Pre-Diabetes|Health Behavior|Quality of Life,Stress / Burnout,BEHAVIORAL: Mindfulness Based Stress Reduction,Mindfulness (General),ALL,Adult + Older,19,OTHER,Interventional,2018,2020,2021,United States
NCT05050123,Smartphone-based Virtual Reality Exposure and Standard Relaxation Training for Anxiety on an Inpatient Psychiatric Unit,Terminated,No,Anxiety|Pain,Pain,BEHAVIORAL: iPhone Google Cardboard virtual reality meditation/relaxation app|BEHAVIORAL: Standard r,Meditation (General),ALL,Adult only,10,OTHER,Interventional,2021,2021,2021,United States
NCT01599143,Identifying Therapeutic Factors in an 8-Week (30 Hour) Mindfulness-Based Stress Reduction (MBSR) Program,Completed,No,Cancer|Diabetes|Hypertension,Cancer,BEHAVIORAL: Teaching Mindfulness-based Stress Reduction strategies,MBSR,ALL,Adult + Older,135,OTHER,Interventional,2009,2012,2012,
NCT01542359,Effectiveness of Yoga on Ambulatory Blood Pressure in Patients With Pre- and Stage I Hypertension,Completed,No,Hypertension,Cardiovascular / Metabolic,OTHER: Yogic practice|OTHER: Conventional Exercise,Other,ALL,Adult + Older,90,OTHER,Interventional,2011,2012,2012,United States
NCT01866670,"Effect of the Nursing Intervention ""Spiritual Support""",Unknown,No,Breast Neoplasms,Cancer,BEHAVIORAL: spiritual support|BEHAVIORAL: relaxation therapy,Other,FEMALE,Adult + Older,25,OTHER,Interventional,2013,2014,2013,Brazil
NCT06072677,Adolescent Mood During Puberty and Testosterone,Recruiting,No,Adolescent Depression,Depression,BEHAVIORAL: Healthy Minds Program,Other,ALL,Child only,60,OTHER,Interventional,2023,2027,2023,United States
NCT07352943,Development of a Mindfulness-Based Smartphone Application for BMT Caregivers,Not Yet Recruiting,No,Caregivers of Hematopoietic Stem Cell Transplant (HCT) Patients,Other,BEHAVIORAL: App,Other,ALL,Adult + Older,30,OTHER,Interventional,2026,2026,2026,United States
NCT06625125,PMR vs MM for Patients on Hemodialysis,Not Yet Recruiting,No,End Stage Renal Disease,Other,BEHAVIORAL: Mindfulness-based intervention|BEHAVIORAL: Progressive muscle relaxation,Mindfulness (General),ALL,Adult + Older,159,OTHER,Interventional,2024,2025,2024,Jordan
NCT06053268,"Mindfulness Interventions to Improve Health Activation, Coping, and Stress Among Childhood Cancer Survivors",Active Not Recruiting,No,Leukemia|Lymphoma|Childhood Cancer,Cancer,DEVICE: Headspace,Other,ALL,Adult + Older,50,OTHER,Interventional,2024,2026,2023,United States
NCT04213872,"Gene Expression, Meditative Movement, and Emotional Distress (GME)",Completed,Yes,Cognitive Impairment,Neurological / Cognitive,BEHAVIORAL: Meditative Movement,Other,FEMALE,Adult + Older,27,OTHER,Interventional,2017,2020,2019,United States
NCT05620368,Mindfulness for Mothers of Children With Disabilities,Completed,No,Parental Burnout|Caregiver Burnout,Stress / Burnout,BEHAVIORAL: Mindfulness and Compassionate Living Course (MCLC)|BEHAVIORAL: Usual care intervention,Loving-Kindness / Compassion,FEMALE,All ages,24,OTHER,Interventional,2021,2023,2022,Poland
NCT06801171,A Mixed Intervention to Improve Resilience for Patient With Neurocognitive Disorders,Recruiting,No,Cognitive Disorder,Neurological / Cognitive,OTHER: cognitive stimulation|OTHER: mixed intervention,Other,ALL,Adult + Older,90,OTHER,Interventional,2025,2027,2025,France
NCT01669109,Hatha Yoga for Patients With Colorectal Cancer,Completed,No,Colorectal Neoplasms,Cancer,BEHAVIORAL: Hatha yoga,Yoga,ALL,Adult + Older,54,OTHER,Interventional,2012,2013,2012,Germany
NCT05685589,Mindfulness-Based Intervention for Teens With Autism Spectrum Disorder and Their Caregivers,Completed,No,Autism Spectrum Disorder,Other,BEHAVIORAL: MINDful TIME,Other,ALL,Child + Adult,42,OTHER,Interventional,2023,2024,2023,United States
NCT06397651,A Randomised Controlled Trial to Evaluate the Impact of Complement Theory's Live CoActive Exercise Coaching and Personal,Active Not Recruiting,No,Breast Cancer|Lung Cancer|Prostate Cancer|Colorectal Cancer|Other Cancer,Cancer,BEHAVIORAL: Complement Theory's Live CoActive Exercise Coaching and Personalized Digital Application,Other,ALL,Adult + Older,146,INDUSTRY,Interventional,2024,2026,2024,United States
NCT06671574,Emotional Intelligence and Relaxation Techniques for Mental Health and Sleep in Older Adults,Completed,No,Older People,Other,OTHER: Emotional intelligence and Relaxation techniques,Other,ALL,Adult + Older,98,OTHER,Interventional,2024,2025,2024,Spain
NCT02872324,Evaluation of the Impact of the Level of Mindfulness on the Management of Patients With Recurrent Depressive Disorders b,Unknown,No,Patients With Recurrent Depressive Disorders,Depression,OTHER: Procurement questionnaires,Other,ALL,Adult + Older,66,OTHER,Interventional,2016,2018,2016,France
NCT02714426,A 14 Week Study of Mindfulness Effects on Attentional Control in Older Adults,Completed,Yes,Cognitive Aging,Neurological / Cognitive,BEHAVIORAL: Mindfulness-inspired treatment|OTHER: Brain health,Mindfulness (General),ALL,Adult + Older,42,OTHER,Interventional,2016,2018,2016,United States
NCT03862638,Yoga Therapy for Chronic Tension-Type Headache,Completed,No,Chronic Tension-Type Headache,Pain,OTHER: Yoga Therapy,Yoga,ALL,Adult only,68,OTHER,Interventional,2010,2013,2019,India
NCT05657600,Effectiveness of Video-based Yoga Practices for Sedentary Women in Pandemic Days,Completed,No,Women,Other,"BEHAVIORAL: Sociodemographic profile, quality of life, sleep, fatigue, physical function and balance",Yoga,FEMALE,Adult only,48,OTHER,Observational,2020,2022,2022,Turkey
NCT03607708,Alternative Treatments To Prevent Cognitive Decline in Older Adults With Depression and Anxiety,Suspended,No,Depression Anxiety Disorder,Depression,OTHER: Mindfulness-Based Cognitive Therapy (MBCT)|OTHER: Health Enhancement Program (HEP),MBCT,ALL,Adult + Older,30,OTHER,Interventional,2019,2026,2018,Canada
NCT00297479,Group Therapy for Nicotine Dependence: Mindfulness and Smoking,Completed,Yes,Smoking|Tobacco Use Cessation,Substance Use,BEHAVIORAL: MBAT Group Therapy|DRUG: Nicotine|BEHAVIORAL: Group Therapy|BEHAVIORAL: Individual Thera,Other,ALL,Adult + Older,650,OTHER,Interventional,2005,2016,2006,United States
NCT02647801,Self-control and Mindfulness Within Ambulatorily Assessed Network Systems Across Health Related Domains,Completed,No,Self Regulation,Other,BEHAVIORAL: Mindfulness intervention,Mindfulness (General),ALL,Adult + Older,137,OTHER,Interventional,2015,2016,2016,Germany
NCT05083091,Smartphone Training for Attention Regulation for IBS,Completed,No,Irritable Bowel Syndrome,Other,BEHAVIORAL: Mindfulness and Attention Training|BEHAVIORAL: Mindfulness training|BEHAVIORAL: Coping C,Mindfulness (General),ALL,Adult + Older,359,OTHER,Interventional,2022,2025,2021,United States
NCT07314021,Primary Dysmenorrhea and Mobilization.,Active Not Recruiting,No,Primary Dysmenorrhea,Other,OTHER: FEMOB|OTHER: MOPEXE|OTHER: CONTROL,Other,FEMALE,Adult only,42,OTHER,Interventional,2025,2026,2026,Turkey
NCT05366088,RCT of MBCT vs HEP for Late-Life Depression,Terminated,No,Depression in Old Age|Quality of Life,Depression,BEHAVIORAL: Mindfulness-Based Cognitive Therapy|BEHAVIORAL: Health Enhancement Program,MBCT,ALL,Adult + Older,100,OTHER,Interventional,2023,2025,2022,Canada
NCT05191108,Premenstrual Syndrome (PMS) and Mindfulness Stress Reduction Program (MSRP),Completed,No,Premenstrual Syndrome,Other,BEHAVIORAL: mindfulness stres reduction programe,Mindfulness (General),FEMALE,Child + Adult,74,OTHER,Interventional,2022,2022,2022,Turkey
NCT02059200,Mindfulness Based Compassionate Living in Recurrent Depression,Completed,No,Recurrent Depression,Depression,BEHAVIORAL: Mindfulness Based Compassionate Living,Loving-Kindness / Compassion,ALL,Adult + Older,122,OTHER,Interventional,2013,2015,2014,Netherlands
NCT00584142,Mindfulness-based Stress Reduction in Breast Cancer Recovery,Completed,No,Breast Cancer,Cancer,BEHAVIORAL: Mindfulness-Based Stress Reduction,MBSR,FEMALE,Adult + Older,84,OTHER,Interventional,2006,2012,2008,United States
NCT01790789,Stress Reduction in Ovarian Cancer,Completed,No,"Ovarian, Fallopian, and Primary Peritoneal Cancer",Cancer,BEHAVIORAL: Daily stress reduction program|OTHER: Attention control,Other,FEMALE,Adult + Older,41,OTHER,Interventional,2013,2016,2013,United States
NCT01695525,Influence of Yoga in Patients With Neurocardiogenic Syncope,Completed,No,"Syncope, Vasovagal",Other,OTHER: Yoga,Yoga,ALL,Adult only,8,OTHER,Interventional,2012,2015,2012,United States
NCT00792454,Reduction of Mortality Prior to and During the First 90 Days of Dialysis Through a Renal Rehabilitation Program,Completed,No,Chronic Kidney Disease|End Stage Kidney Disease|Cardiovascular Disease,Cardiovascular / Metabolic,BEHAVIORAL: exercise training,Other,ALL,Adult + Older,116,OTHER,Interventional,2008,2015,2008,United States
NCT02454244,Efficacy of Amygdala Retraining With Mindfulness (ART+MF) vs Compassion Therapy (CT) for the Treatment of Patients With,Completed,No,Fibromyalgia,Pain,BEHAVIORAL: ART with Mindfulness|BEHAVIORAL: Mindfulness Compassion|BEHAVIORAL: Relaxation,Loving-Kindness / Compassion,ALL,Adult + Older,60,OTHER,Interventional,2015,2016,2015,
NCT03332381,Attention Training Technique and Mindful Self-Compassion,Completed,No,"Anxiety|Depression|Stress, Psychological",Depression,BEHAVIORAL: Attention training technique|BEHAVIORAL: Mindful self-compassion,Loving-Kindness / Compassion,ALL,Adult + Older,81,OTHER,Interventional,2015,2017,2017,Norway
NCT04564768,The SERENITY Study: Online Mindfulness-Based Cancer Recovery for Patients With Gynecological Cancer,Completed,No,Gynecologic Cancer,Cancer,BEHAVIORAL: Online Mindfulness-Based Cancer Recovery (MBCR),Mindfulness (General),FEMALE,Adult + Older,62,OTHER,Interventional,2019,2022,2020,Switzerland
NCT04968093,Mindfulness for Adolescents for CM and HFEM,Completed,No,Migraine in Children|Migraine With Aura,Pain,BEHAVIORAL: Mindfulness-based therapy.,Mindfulness (General),ALL,Child + Adult,37,OTHER,Interventional,2016,2021,2021,Italy
NCT01335776,A Comparison of MBSR and CBT for the Treatment of Insomnia in Cancer,Completed,No,Cancer|Insomnia,Cancer,BEHAVIORAL: Mindfulness-Based Stress Reduction|BEHAVIORAL: Cognitive Behavior Therapy,MBSR,ALL,Adult + Older,111,OTHER,Interventional,2008,2012,2011,Canada
NCT07535892,Scalable Behavioral Program for Weight Loss Maintenance After GLP-1 and Anti-Obesity Medication Discontinuation,Not Yet Recruiting,No,Weight Loss|GLP - 1|Weight Loss Maintenance|Obesity & Overweight,Cardiovascular / Metabolic,BEHAVIORAL: Weight Loss Maintenance Program (Foundational)|BEHAVIORAL: Mom's Meals|BEHAVIORAL: YMCA,Meditation (General),ALL,Adult + Older,64,OTHER,Interventional,2026,2029,2026,United States
NCT05801588,Participating in T'ai Chi to Reduce Back Pain and Improve Quality of Life,Completed,No,Low Back Pain,Pain,OTHER: T'ai Chi and Qigong Rehabilitation|OTHER: Usual care,Other,ALL,Adult + Older,350,OTHER,Interventional,2022,2023,2023,United States
NCT05105802,Mindfulness-Based Intervention for Mild Traumatic Brain Injury,Completed,No,"Concussion, Mild",Other,BEHAVIORAL: Mindfulness-Based Intervention|BEHAVIORAL: Cognitive Sham + Usual Care,Mindfulness (General),ALL,Child + Adult,99,OTHER,Interventional,2022,2024,2021,Canada
NCT02457182,Mindfulness-Based Therapy for Interstitial Cystitis/Bladder Pain Syndrome,Completed,Yes,Interstitial Cystitis|Mindfulness|Complementary Medicine|Painful Bladder Syndrome,Pain,OTHER: Mindfulness-based Stress Reduction (MBSR)|OTHER: Usual medical therapy,MBSR,FEMALE,Adult + Older,20,OTHER,Interventional,2014,2015,2015,United States
NCT01177124,Mindfulness-Based Stress Reduction (MBSR) Symptom Cluster Trial for Breast Cancer Survivors,Completed,No,Breast Cancer,Cancer,BEHAVIORAL: MBSR 6 Weeks Program,MBSR,FEMALE,Adult + Older,300,OTHER,Interventional,2009,2013,2010,United States
NCT02148406,Programs to Support You During Chemotherapy (Pro-You),Completed,No,Depressive Symptoms|Fatigue|Psychosocial Effects of Cancer and Its Treatment|Stage IIA Colon Cancer|,Cancer,BEHAVIORAL: Yoga Skills Training (YST)|OTHER: questionnaire administration|OTHER: fatigue and depres,Yoga,ALL,Adult + Older,3,OTHER,Interventional,2014,2015,2014,United States
NCT01564394,Body Mind Training Project,Completed,Yes,Cancer Related Fatigue,Cancer,BEHAVIORAL: Qigong|BEHAVIORAL: Non-aerobic stretching,Other,ALL,Adult + Older,60,OTHER,Interventional,2011,2012,2012,United States
NCT04951466,Mindfulness Based Therapy for Insomnia in Black Women,Completed,No,Insomnia,Sleep / Fatigue,BEHAVIORAL: Mindfulness-based therapy for insomnia (MBTI)|BEHAVIORAL: Healthy lifestyle intervention,Mindfulness (General),FEMALE,Adult only,30,OTHER,Interventional,2022,2022,2021,United States
NCT05408832,Personalized Trials for Stress Management Against Standard of Care,Completed,Yes,Stress,Stress / Burnout,BEHAVIORAL: Personalized Trial ABCCBA|BEHAVIORAL: Personalized Trial CBAABC|BEHAVIORAL: Stress Manag,Other,ALL,Adult + Older,212,OTHER,Interventional,2022,2024,2022,United States
NCT02741804,Lifestyle Intervention Program for Cognitive Impairment,Unknown,No,Mild Cognitive Impairment,Neurological / Cognitive,DIETARY_SUPPLEMENT: BBH-1001 Brain Health Supplement|OTHER: Lifestyle Intervention|DIETARY_SUPPLEMEN,Other,ALL,Adult + Older,150,OTHER,Interventional,2016,2019,2016,United States
NCT05121116,Effects of Mindfulness Training on Memories of Personal Past Events,Completed,No,Depression|Mindfulness-Based Stress Reduction,Depression,BEHAVIORAL: Online Mindfulness-Based Stress Reduction (MBSR),MBSR,ALL,Adult + Older,63,OTHER,Interventional,2018,2020,2021,United Kingdom
NCT07451418,The Effect of Mindfulness Compassionate Living Training on Unwanted Pregnancies,Not Yet Recruiting,No,Mindfulness Compassionate Living Training,Well-being / Mental Health,"BEHAVIORAL: Session 1: How We Evolved - Threat, Impulse, and Soothing Systems|BEHAVIORAL: Session 2:",Loving-Kindness / Compassion,FEMALE,Adult only,68,OTHER,Interventional,2026,2026,2026,
NCT01446588,Ocular Hypertension And Yoga Study,Withdrawn,No,Ocular Hypertension|Sleep Disturbance|Stress|Anxiety|Depression,Depression,BEHAVIORAL: Yoga Intervention,Yoga,ALL,Adult + Older,0,OTHER,Interventional,2012,2012,2011,United States
NCT06840301,The Effect of Mindfulness Compassionate Living Training on Ruminative Thinking and Sleep Quality,Completed,No,Mindfulness Compassionate Living Training,Well-being / Mental Health,"BEHAVIORAL: Session 1: How We Evolved - Threat, Impulse, and Soothing Systems|BEHAVIORAL: Session 2:",Loving-Kindness / Compassion,ALL,Adult + Older,59,OTHER,Interventional,2024,2025,2025,Turkey
NCT02228343,A Prospective Trial of Ayurveda for Coronary Artery Disease,Completed,Yes,Coronary Artery Disease,Other,OTHER: Ayurveda,Other,ALL,Adult only,22,OTHER,Interventional,2013,2014,2014,United States
NCT00615082,The Balance Study Balancing Life and Reducing Stress For Those Providing Elder Care,Completed,No,Dementia|Caregivers|Stress,Stress / Burnout,BEHAVIORAL: Mindfulness-Based Stress Reduction|BEHAVIORAL: Caregiver Education & Social Support,MBSR,ALL,Adult + Older,78,OTHER,Interventional,2007,2011,2008,United States
NCT04747340,Clinical Effectiveness of TARA Compared to Standard Treatment for Adolescents and Young Adults With Depression,Active Not Recruiting,No,Depression in Adolescence|Depressive Disorder|Dysthymia and Chronic Depression,Depression,BEHAVIORAL: Training for Awareness Resilience and Action (TARA)|OTHER: Standard treatment,Other,ALL,Child + Adult,136,OTHER,Interventional,2021,2029,2021,Sweden
NCT04015817,Interdisciplinary Approach for Refractory Dyspnoea,Completed,No,Dyspnea,Other,OTHER: paramedical and non-pharmacological services,Other,ALL,Adult + Older,45,OTHER,Interventional,2019,2022,2019,Switzerland
NCT06850701,"The Effect of Mindfulness-Based Stress Reduction Programme on Stress, Anxiety, Self-Compassion and Prenatal Attachment",Completed,No,28 Weeks of Gestation|18 Years and Over,Other,BEHAVIORAL: mbsr,MBSR,FEMALE,Adult only,80,OTHER,Interventional,2025,2025,2025,Turkey
NCT05773482,Effects of Breathing and Attention Training (BAT) on Pain Modulation,Recruiting,No,Fibromyalgia,Pain,BEHAVIORAL: Breathing and Attention Training (BAT)|BEHAVIORAL: Breathing Control,Breathwork,ALL,Adult + Older,40,OTHER,Interventional,2023,2028,2023,United States
NCT02474940,MS Symptom Management Study,Completed,No,Multiple Sclerosis|Chronic Pain|Fatigue,Pain,BEHAVIORAL: Intervention #1|BEHAVIORAL: Intervention #2|BEHAVIORAL: Intervention #3,Other,ALL,Adult + Older,37,OTHER,Interventional,2015,2016,2015,United States
NCT05567991,Studying the Effect of a Mindfulness-based Intervention on Medical Students,Completed,No,Mental Well-being,Well-being / Mental Health,BEHAVIORAL: Comprehensive Mindulness-Based Intervention (C-MBI),Other,ALL,Adult + Older,530,OTHER,Interventional,2021,2021,2022,Italy
NCT06449105,The Effect of Mindfulness Compassionate Living Practice on Hemodialysis Patients,Not Yet Recruiting,No,Hemodialysis Patients,Other,"BEHAVIORAL: 1: How We Evolved - Threat, Impulse, and Soothing Systems|BEHAVIORAL: Session 2: Threat ",Loving-Kindness / Compassion,ALL,Adult + Older,68,OTHER,Interventional,2024,2024,2024,
NCT03581461,Trauma-Informed Mindfulness-Based Yoga,Completed,No,Trauma,PTSD / Trauma,BEHAVIORAL: Trauma-Informed Mindfulness-Based Yoga,Yoga,MALE,Child + Adult,71,OTHER,Interventional,2019,2023,2018,United States
NCT02443519,Bronx MBCT-Migraine,Completed,Yes,Migraine,Pain,BEHAVIORAL: MBCT for Migraine,MBCT,ALL,Adult + Older,60,OTHER,Interventional,2015,2019,2015,United States
NCT07066800,Mindfulness Intervention for Maltreatment-Related Cognitive Decline,Active Not Recruiting,No,Health Adult Subjects|Maltreament,Other,BEHAVIORAL: Mindfulness-Based Online Training Program,Mindfulness (General),ALL,Adult only,104,OTHER,Interventional,2025,2027,2025,South Korea
NCT04802460,Virtual Reality Effects on Pain During Hysteroscopy Hysteroscopy: A Randomized Control Trial,Completed,No,Pain and Hysteroscopy,Pain,DEVICE: Virtual reality headset (The Guided Meditation VR App through Oculus Go headset),Meditation (General),FEMALE,Adult + Older,50,OTHER,Interventional,2020,2021,2021,United States
NCT05891223,"The Effect of ""Mindfulness-Based Compassionate Life Training"" for University Students Affected by the Earthquake",Unknown,No,"Earthquake|Trauma|Stress, Psychological",PTSD / Trauma,"OTHER: Session 1: How We Evolved - Threat, Impulse, and Soothing Systems|OTHER: Session 2: Threat an",Loving-Kindness / Compassion,ALL,Adult + Older,68,OTHER,Interventional,2024,2024,2023,
NCT05886959,The Effect of Mindfulness-Based Compassionate Living Training Given to Caregivers of Inpatients in Palliative Clinic,Completed,No,Informal Caregiver,Other,"OTHER: Session 1: How We Evolved - Threat, Impulse, and Soothing Systems|OTHER: Session 2: Threat an",Loving-Kindness / Compassion,ALL,Adult only,54,OTHER,Interventional,2023,2023,2023,Turkey
NCT04825535,Non-Inferiority RCT Comparing Online and On-Site CBT in MDDi,Withdrawn,No,Major Depressive Disorder,Depression,BEHAVIORAL: Standard psychiatry and cognitive behavioral online intervention|BEHAVIORAL: Standard ps,CBT,ALL,Adult only,0,OTHER,Interventional,2020,2025,2021,Canada
NCT02012439,Comparison of the Efficacy and Mechanisms for MBCT and CT for Multiple Sclerosis (MS) Chronic Pain,Completed,No,Multiple Sclerosis,Neurological / Cognitive,BEHAVIORAL: Mindfulness Based Cognitive Therapy|BEHAVIORAL: Cognitive Therapy,Mindfulness (General),ALL,Adult + Older,8,OTHER,Interventional,2013,2016,2013,United States
NCT02616549,Multicomponent Yoga Intervention for Major Depressive Disorder,Completed,No,Major Depressive Disorder,Depression,BEHAVIORAL: Sudarshan Kriya Yoga,Yoga,ALL,Adult + Older,25,OTHER,Interventional,2014,2015,2015,United States
NCT03388489,Mind-Body Walking Exercise for Chronic Obstructive Pulmonary Disease,Completed,No,Chronic Obstructive Pulmonary Disease|Exercise|Anxiety|Depression|Dyspnea|Quality of Life|Heart Rate,Depression,BEHAVIORAL: Mind-Body Walking,Other,ALL,Adult + Older,84,OTHER,Interventional,2014,2015,2018,
NCT07143162,YOGA-FIT: Protocol for a Crossover Trial Investigating the Feasibility and Impact of Yoga for People With Stroke,Not Yet Recruiting,No,Stroke,Other,BEHAVIORAL: LoveYourBrain Yoga,Yoga,ALL,Adult + Older,40,OTHER,Interventional,2026,2027,2025,Canada
NCT02366078,Stress Management Training for School Staff,Completed,No,Stress,Stress / Burnout,BEHAVIORAL: SMART,Other,ALL,Adult + Older,105,OTHER,Interventional,2015,2016,2015,United States
NCT02518308,Mindfulness Intervention in Reducing Anxiety in Patients Who Have Been Treated for Gynecologic Cancer,Completed,No,Anxiety|Cancer Survivor|Cognitive Impairment|Depression|Distress|Fatigue|Malignant Female Reproducti,Cancer,BEHAVIORAL: Mindfulness-Based Stress Reduction,MBSR,FEMALE,Adult + Older,38,OTHER,Interventional,2015,2019,2015,United States
NCT07394023,The Effect of Mindfulness-Based Compassionate Living Practice on Primary Dysmenorrhea,Not Yet Recruiting,No,Mindfulness Training,Well-being / Mental Health,"BEHAVIORAL: Session 1: How We Evolved - Threat, Impulse, and Soothing Systems|BEHAVIORAL: Session 2:",Loving-Kindness / Compassion,FEMALE,Adult only,68,OTHER,Interventional,2026,2026,2026,
NCT01586546,A Pilot Study To Assess Guidance in and Subsequent Use of Mind-Body Techniques on the Quality of Life of Cancer Patients,Terminated,No,Quality of Life|Life Change Events|Neoplasms,Cancer,BEHAVIORAL: Face-to-Face MBM Skills Group|OTHER: Waitlist Control I|OTHER: Waitlist Control II|BEHAV,Other,ALL,Adult + Older,32,OTHER,Interventional,2012,2012,2012,United States
NCT05533268,Effect of Mental and Physical Training on Blood Pressure,Completed,No,Elevated Blood Pressure,Cardiovascular / Metabolic,OTHER: Mental training|OTHER: Physical training|OTHER: Mental & physical training|OTHER: DASH diet,Other,MALE,Adult only,62,OTHER,Interventional,2022,2023,2022,Malaysia
NCT00508612,Effectiveness of an Anger and Stress Management Program on Reducing Blood Pressure Levels in Youth,Completed,No,Cardiovascular Diseases|Hypertension,Cardiovascular / Metabolic,BEHAVIORAL: Williams LifeSkills Stress and Anger Management Workshop|BEHAVIORAL: High school classes,Other,ALL,Child + Adult,259,NIH,Interventional,2007,2010,2007,United States
NCT02099968,Comprehensive Lifestyle Modification for Patients With Hypertension and Metabolic Syndrome: a Multicenter Randomized Con,Completed,No,Hypertension|Metabolic Syndrome,Cardiovascular / Metabolic,BEHAVIORAL: Comprehensive Lifestyle Modification|BEHAVIORAL: Standard Lifestyle Modification / modif,Other,ALL,Adult + Older,145,OTHER,Interventional,2014,2015,2014,Germany
NCT00072657,Cognitive-Behavioral Therapy and Tai Chi Chih for Patients With Rheumatoid Arthritis,Completed,No,Rheumatoid Arthritis,Pain,BEHAVIORAL: Cognitive Behavioral Therapy|BEHAVIORAL: Tai Chi Chih|BEHAVIORAL: Health Education Semin,CBT,ALL,Adult + Older,106,OTHER,Interventional,2004,2009,2003,United States
NCT04000841,Culturally Responsive Stress Reduction: A Mobile Mindfulness Application for African Americans (CRSR),Completed,No,Behavior,Other,BEHAVIORAL: Mindful You mobile app,Other,ALL,Adult + Older,212,OTHER,Interventional,2021,2022,2019,United States
NCT06807086,"Efficacy of Synchronous, Virtual Cognitive Behavioral Therapy for Insomnia Across Phases of Cancer Survivorship",Recruiting,No,Insomnia Chronic,Sleep / Fatigue,BEHAVIORAL: Cognitive Behavioral Therapy - Insomnia|BEHAVIORAL: Enhanced Usual Care,CBT,ALL,All ages,198,OTHER,Interventional,2025,2028,2025,United States
NCT03286192,Compassion Cultivation Training for Nurses,Completed,No,Feasibility,Other,BEHAVIORAL: compassion cultivation training,Loving-Kindness / Compassion,ALL,Adult + Older,16,OTHER,Interventional,2017,2018,2017,United States
NCT05650177,Effects of Mindfulness on Brain Functioning in Depressed Patients,Completed,No,Persistent Depressive Disorder,Depression,BEHAVIORAL: blended Mindfulness-Based Intervention (bMBI),Mindfulness (General),ALL,Adult + Older,44,OTHER,Interventional,2022,2023,2022,United Kingdom
NCT07224503,C-SMART vs BE Well for Patients With Brain Tumors,Recruiting,No,Brain Tumor,Cancer,BEHAVIORAL: C-SMART|BEHAVIORAL: BE Well,Other,ALL,Adult + Older,42,OTHER,Interventional,2025,2027,2025,United States
NCT04959227,"Investigation of Anxiety, Depression and Physical Activity Level in Whirling Dervishes",Enrolling By Invitation,No,"Depression, Anxiety",Depression,OTHER: Sema activity,Other,MALE,Adult only,60,OTHER,Observational,2021,2024,2021,Turkey
NCT00680693,Mindfulness vs. Support Groups for Irritable Bowel Syndrome,Completed,No,Irritable Bowel Syndrome,Other,BEHAVIORAL: Mindfulness training|BEHAVIORAL: Psycho-educational support group for women with IBS,Mindfulness (General),FEMALE,Adult + Older,75,OTHER,Interventional,2006,2010,2008,United States
NCT05055674,The Effects of Motherly on Postpartum Depression,Unknown,No,Postpartum Depression,Depression,BEHAVIORAL: Motherly app|BEHAVIORAL: COMVC app,Other,FEMALE,Adult only,264,OTHER,Interventional,2021,2022,2021,
NCT06317259,Effects of Hypoxic Breathwork,Recruiting,No,Hypoxic Breathwork With Music and Affirmative Messaging|Hypoxic Breathwork Only|Music and Affirmativ,Other,BEHAVIORAL: Hypoxic breathwork plus music and messaging|BEHAVIORAL: Hypoxic breathwork only|BEHAVIOR,Meditation (General),ALL,Adult only,75,OTHER,Interventional,2024,2025,2024,United States
NCT04676750,MBSR for Work Active Seniors,Unknown,No,Health Promotion and Stress Prevention,Stress / Burnout,BEHAVIORAL: Mindfulness-Based Stress Reduction,MBSR,ALL,Adult + Older,192,OTHER,Interventional,2019,2022,2020,Denmark
NCT04690452,Evaluation of the Efficacy and Mechanisms of Change of Compassion Cultivation Training in Medical Students,Completed,No,Stress|Depression|Anxiety|Burn Out|Well-being|Resilience|MIndfulness|Compassion|Self-Compassion|Empa,Depression,BEHAVIORAL: Compassion Cultivation Training,Loving-Kindness / Compassion,ALL,Adult + Older,40,OTHER,Interventional,2020,2021,2020,Spain
NCT05622799,Mind-Body Medicine Training for Incarcerated Men and Women,Completed,No,Resilience,Well-being / Mental Health,BEHAVIORAL: Mind-Body Medicine Training Program,Other,ALL,Adult + Older,46,OTHER,Interventional,2022,2024,2022,United States
NCT04809519,Integrative Nursing Based Multimodal Interventions for Uncontrolled Hypertensives,Completed,No,"Uncontrolled Hypertension|Treatment Compliance|Behavior, Health|Nurse's Role",Cardiovascular / Metabolic,OTHER: Integrative Nursing based Multimodal Interventions for Uncontrolled Hypertensives|OTHER: Ongo,Other,ALL,Adult + Older,48,OTHER,Interventional,2021,2022,2021,Turkey
NCT05693662,The Effect of Mindfulness-Based Self-Compassion Education Given to Parents of Children With Autism Spectrum Disorder,Completed,No,Autism Spectrum Disorder,Other,BEHAVIORAL: Session 1|BEHAVIORAL: Session 2|BEHAVIORAL: Session 3|BEHAVIORAL: Session 4|BEHAVIORAL:,Other,ALL,Adult only,68,OTHER,Interventional,2023,2024,2023,Turkey
NCT04548544,A Study of Adolescents Undergoing a Mindfulness Training During COVID-19,Completed,Yes,Healthy,Healthy Volunteers,"BEHAVIORAL: Training for Awareness, Resilience, and Action (TARA)",Other,ALL,Child + Adult,21,OTHER,Interventional,2019,2020,2020,United States
NCT06409975,Feasibility and Acceptability of Mindful Self-Compassion Among Transgender and Nonbinary Young Adults,Recruiting,No,Healthy,Healthy Volunteers,BEHAVIORAL: Mindful Self-Compassion (MSC),Loving-Kindness / Compassion,ALL,Adult only,50,OTHER,Interventional,2025,2028,2024,United States
NCT06268197,Interoception-Based Yoga for Chronic Pain,Completed,No,Chronic Pain,Pain,BEHAVIORAL: Yoga Intervention,Yoga,ALL,Adult only,26,OTHER,Interventional,2024,2025,2024,United States
NCT05764382,Remote Tai Ji for Low Back Pain,Unknown,No,Low Back Pain,Pain,BEHAVIORAL: T'ai Chi and Qigong Rehabilitation|OTHER: Usual care,Other,ALL,Adult + Older,300,OTHER,Interventional,2023,2023,2023,United States
NCT02707510,A Trial to Strengthen Existential Resiliency Among Women With Metastatic Breast Cancer,Completed,No,Breast Neoplasms|Neoplasm Metastasis,Cancer,OTHER: Growing Resiliency And CouragE with Cancer™ (GRACE),Other,FEMALE,Adult + Older,71,OTHER,Interventional,2016,2020,2016,United States
NCT03403335,Mindfulness Practices for Healthcare Professional Trainees,Completed,No,Stress,Stress / Burnout,BEHAVIORAL: Mindfulness Based Practices for Health Care Professionals in Training,Mindfulness (General),ALL,Adult + Older,57,OTHER,Interventional,2018,2019,2018,United States
NCT05980650,"Reiki Effect on Risky Pregnants in Terms of Holistic Well-being, Prenatal, Maternal Attachment and Physical Symptoms",Unknown,No,Pregnancy Complications,Pregnancy / Maternal,OTHER: Reiki implication,Other,FEMALE,Adult only,46,OTHER,Interventional,2023,2024,2023,Turkey
NCT05708937,THE EFFECT OF COGNITIVE AWARENESS SUPPORT ON THE PSYCHOSOCIAL STATUS OF WOMEN TREATED FOR INFERTILITY,Completed,No,"Infertility|Infertility, Female",Other,BEHAVIORAL: Mindfulness based phone app,Mindfulness (General),FEMALE,Adult + Older,34,OTHER,Interventional,2021,2022,2023,Turkey
NCT05730504,Evaluating the Effectiveness of Mobile Self-guided Psychological Interventions to Reduce Relapse in Substance Use Disord,Unknown,No,"Substance Use Disorders|Addiction, Alcohol|Addiction, Substance",Substance Use,OTHER: Mobile app-based self-guided interventions,Other,ALL,Adult + Older,400,INDUSTRY,Interventional,2023,2023,2023,Poland
NCT05013489,Mindfulness and Intercare Based Intervention for Physicians Burnout Reduction,Completed,No,Burnout|Mental Health Wellness 1,Stress / Burnout,BEHAVIORAL: Mindfulness and intercare based intervention,Mindfulness (General),ALL,Adult + Older,795,OTHER,Interventional,2020,2021,2021,Chile
NCT01988311,"Pilot Study: Effects of Psilocybin on Behavior, Psychology and Brain Function in Long-term Meditators",Completed,No,Psilocybin|Hallucinogens|Pharmacologic Actions|Central Nervous System Agents|Therapeutic Uses|Psycho,Substance Use,DRUG: psilocybin,Other,ALL,Adult + Older,10,OTHER,Interventional,2013,2014,2013,United States
NCT07497516,Mindfulness-Based Yoga in Schizophrenia,Completed,No,SCHIZOPHRENIA 1 (Disorder),Other,BEHAVIORAL: Mindfulness-Based Yoga,Yoga,ALL,Adult + Older,91,OTHER,Interventional,2024,2024,2026,Turkey
NCT01601548,Cancer and Mindfulness-Based Cancer Recovery After Chemotherapy,Completed,No,Breast Cancer|Colorectal Cancer|Ovarian Cancer|Uterine Cancer,Cancer,BEHAVIORAL: Mindfulness Based Cancer Recovery,Mindfulness (General),ALL,Adult + Older,45,OTHER,Interventional,2012,2013,2012,United States
NCT02495376,"Reducing Emotional Distress, Enhancing Function and Improving Network Engagement in Adolescent and Young Adult Oncology",Completed,No,Cancer,Cancer,BEHAVIORAL: MBSR,MBSR,ALL,Adult only,151,OTHER,Interventional,2014,2017,2015,United States
NCT04836247,Disclosure Intervention for People in Recovery From Opioid Use Disorder,Completed,Yes,Opioid-use Disorder,Substance Use,BEHAVIORAL: Disclosing Recovery: A Decision Aid and Toolkit|BEHAVIORAL: Mindfulness,Mindfulness (General),ALL,Adult + Older,50,OTHER,Interventional,2021,2022,2021,United States
NCT06402461,Comparing Random Allocation and Allocation by Preference to Mindfulness Practice,Completed,No,Healthy,Healthy Volunteers,BEHAVIORAL: Mindfulness of the breath|BEHAVIORAL: Mindfulness of sounds|BEHAVIORAL: Audiobook contro,Mindfulness (General),ALL,Adult + Older,241,OTHER,Interventional,2025,2025,2024,United Kingdom
NCT05922423,Exploration of Management Model and Intervention Research on Fear of Cancer Recurrence,Unknown,No,Cancer Patients,Cancer,BEHAVIORAL: MBSR|BEHAVIORAL: health education,MBSR,ALL,Adult + Older,130,OTHER,Interventional,2024,2024,2023,
NCT03780751,Waitlist Controlled Comparison of Cognitive-behavioral vs. Mindfulness-based Online-treatments for Women With Low Sexual,Completed,No,Hypoactive Sexual Desire Disorder,Other,BEHAVIORAL: Cognitive-behavioral treatment|BEHAVIORAL: Mindfulness-based treatment,Mindfulness (General),FEMALE,Adult + Older,266,OTHER,Interventional,2018,2022,2018,Germany
NCT05309083,Moving Mindfully for Freezing in Parkinsons,Completed,Yes,Parkinson Disease|Freezing of Gait,Neurological / Cognitive,BEHAVIORAL: Mindfulness Based Walking Therapy (MBWT),Mindfulness (General),ALL,Adult + Older,9,OTHER,Interventional,2022,2023,2022,United States
NCT03883646,Mindfulness for Alcohol Abusing Offenders,Completed,No,Alcohol Abuse|Criminal Behavior,Substance Use,BEHAVIORAL: Mindfulness|BEHAVIORAL: Relapse Prevention,Mindfulness (General),FEMALE,Adult + Older,392,OTHER,Interventional,2018,2025,2019,United States
NCT03096171,Flourishing App: An Evaluation With High School Students,Completed,No,Emotional Stress,Stress / Burnout,BEHAVIORAL: Flourishing App Program,Other,ALL,Child + Adult,60,OTHER,Interventional,2016,2017,2017,Brazil
NCT03636126,Virtual Reality and tACS for Performance Enhancement,Completed,No,Law Enforcement Officers,Other,DEVICE: VR + TACS,Other,ALL,Adult + Older,45,OTHER,Interventional,2019,2020,2018,United States
NCT02837016,Biofeedback-aided Intervention for Self-regulation,Unknown,No,Anxiety,Anxiety,DEVICE: Wearable biofeedback|BEHAVIORAL: Relaxation Treatment,Other,ALL,Adult + Older,40,OTHER,Interventional,2016,2019,2016,United States
NCT05476614,Testing the Efficacy of Social Robot-led Yoga,Completed,No,Testing the Efficacy of Social Robot-led Yoga,Other,OTHER: Yoga (Robot-instructed)|OTHER: Yoga (Human-instructed),Yoga,ALL,Adult + Older,6,INDUSTRY,Interventional,2022,2022,2022,United States
NCT03535493,The Effect of ACT and Float REST on Burnout Syndrome.,Terminated,No,Burnout Syndrome,Stress / Burnout,BEHAVIORAL: Acceptance and Commitment Therapy (ACT)|BEHAVIORAL: Float REST|BEHAVIORAL: ACT + Float R,Other,All,All ages,45,OTHER,Interventional,2018,2018,2018,United States
NCT03527849,Effects of Mindfulness-Based Stress Reduction on Knee Osteoarthritis,Completed,No,Knee Osteoarthritis,Pain,BEHAVIORAL: Mindfulness-Based Stress Reduction|BEHAVIORAL: Health Enhancement Program,MBSR,ALL,Adult + Older,9,OTHER,Interventional,2018,2020,2018,United States
NCT03488966,Mindfulness Based Eating Awareness Training for Bariatric Surgery Patients,Active Not Recruiting,No,"Obesity, Morbid|Eating Disorder Symptom",Cardiovascular / Metabolic,BEHAVIORAL: Mindfulness Based Eating and Awareness Training,Mindfulness (General),ALL,Adult + Older,85,OTHER,Interventional,2017,2025,2018,Canada
NCT03480113,The Effectiveness of Mindfulness-based Intervention on Smoking Cessation,Unknown,No,Smoking Cessation,Substance Use,BEHAVIORAL: Mindfulness-based Intervention|BEHAVIORAL: Physical fitness intervention,Mindfulness (General),ALL,Adult + Older,100,OTHER,Interventional,2018,2019,2018,Taiwan
NCT04548089,Mindful-Compassion Art Therapy for Dementia Care (MCAT-DC) : A Waitlist Randomized Controlled Trial,Unknown,No,Caregiver Burnout|Caregiver Stress,Stress / Burnout,BEHAVIORAL: Mindful-Compassion Art Therapy for Dementia Care (MCAT-DC),Loving-Kindness / Compassion,ALL,Adult + Older,102,OTHER,Interventional,2019,2022,2020,Singapore
NCT02326363,Mindfulness-Based Recovery in Veterans,Completed,Yes,Substance Abuse|Depression|Anxiety Disorder,Depression,BEHAVIORAL: Mindfulness Based Relapse Prevention (MBRP)|BEHAVIORAL: Twelve-Step Facilitation Interve,Mindfulness (General),ALL,Adult + Older,204,FED,Interventional,2015,2018,2014,United States
NCT06490315,Effectiveness and Cost Effectiveness of OkeyMind for Social Anxiety Among Youth,Enrolling By Invitation,No,Depression|Social Anxiety,Depression,BEHAVIORAL: OkeyMind intervention|BEHAVIORAL: Wait-list control,Other,ALL,Child + Adult,180,OTHER,Interventional,2024,2026,2024,Hong Kong
NCT03055663,Sedation Using Virtual Reality During Surgery Under Spinal Anesthesia,Completed,No,Sedation|Spinal Anesthesia,Other,OTHER: Sedation by watching virtual reality sedative program|PROCEDURE: Sedation by using intravenou,Other,ALL,Adult + Older,37,OTHER,Interventional,2017,2017,2017,South Korea
NCT03513419,The AMOR Method: Resilience Training for Parents of Children With Autism,Completed,No,Autism Spectrum Disorder,Other,BEHAVIORAL: The AMOR Method,Other,ALL,All ages,36,OTHER,Interventional,2018,2020,2018,United States
NCT07214441,Evaluating the Feasibility and Preliminary Effects of BE+,Enrolling By Invitation,No,Lung Cancer (Non-Small Cell)|Self-management Behavior|Physical Activity|Stress|Quality of Life|Resis,Cancer,BEHAVIORAL: Breathe Easier+,Breathwork,ALL,Adult + Older,20,OTHER,Interventional,2025,2026,2025,United States
NCT06335615,A Brief Acceptance Intervention for Stress to Improve Students' Well-Being,Completed,No,Stress,Stress / Burnout,BEHAVIORAL: Brief Acceptance Intervention|BEHAVIORAL: Psychoeducation,Other,ALL,Child + Adult,116,OTHER,Interventional,2023,2023,2024,Netherlands
NCT02402010,Pilot Study of Adjunctive Yoga for Bipolar Depression,Completed,No,Bipolar Disorder,Other,BEHAVIORAL: Adjunctive Yoga|BEHAVIORAL: Enhanced Treatment as Usual,Yoga,ALL,Adult + Older,37,OTHER,Interventional,2014,2016,2015,United States
NCT02138513,(Cost-)Effectiveness of Mindfulness-Based Cognitive Therapy (MBCT) in Cancer Patients,Completed,No,Distress|Anxiety|Depression,Depression,BEHAVIORAL: Mindfulness Based Cognitive Therapy,Mindfulness (General),ALL,Adult + Older,245,OTHER,Interventional,2014,2017,2014,Netherlands
NCT04961242,Pilot Evaluation of Together for Wellness Website in COVID-19,Completed,No,Digital Mental Health Resources (Website) for Coping With Stress and Information,Stress / Burnout,DEVICE: Together for Wellness digital mental health website,Other,ALL,Adult + Older,315,OTHER,Observational,2021,2023,2021,United States
NCT01374100,Effect of Qigong Therapy in Patients With Advanced Lung and Gastrointestinal Cancer Undergoing Chemotherapy,Terminated,No,"Carcinoma, Non-Small-Cell Lung|Cancer of the Gastrointestinal Tract",Cancer,BEHAVIORAL: Standard Exercise|BEHAVIORAL: Qigong Exercise,Other,ALL,Adult + Older,52,OTHER,Interventional,2009,2011,2011,Canada
NCT05393219,"Cardiac Biofeedback, Mindfulness, and Inner Resources Mobilization Interventions on Performances of Medical Students",Completed,No,"Stress, Psychological|Stress|Stress, Physiological|Exam Stress|Performance|Mindfulness|Communication",Stress / Burnout,OTHER: Cardiac biofeedback|OTHER: Mindfulness|OTHER: Resources mobilization|OTHER: Control,Mindfulness (General),ALL,Adult + Older,490,OTHER,Interventional,2022,2023,2022,France
NCT05376306,Stress Interventions in STEM and Non-STEM,Completed,No,MBSR-STEM|PMR-STEM|MBSR-NON-STEM|PMR -NON-STEM,Other,BEHAVIORAL: Stress Reduction: MBSR|BEHAVIORAL: Stress Reduction : PMR,MBSR,ALL,Adult only,24,OTHER,Interventional,2022,2022,2022,United States
NCT06017388,Mystical Experience in Hypnosis: a Neurophenomenological Study,Unknown,No,Healthy,Healthy Volunteers,BEHAVIORAL: Hypnosis|BEHAVIORAL: Control,Other,ALL,Adult only,50,OTHER,Interventional,2023,2025,2023,Belgium
NCT03363750,Study of Mind-Body Skills Groups for Adolescents With Depression in Primary Care,Completed,No,Depression|Depressive Disorder,Depression,BEHAVIORAL: mind-body-skills group,Other,ALL,Child only,49,OTHER,Interventional,2018,2019,2017,United States
NCT01057056,The Role of Mind Body Therapy in Geriatric Rehabilitation,Unknown,No,Elderly|Treatment,Other,OTHER: mind-body intervention,Other,ALL,Adult + Older,,OTHER_GOV,Interventional,2010,,2010,
NCT03685227,A Closer Look at Yoga Nidra: Sleep Lab Analyses,Completed,No,Electroencephalography|Electrocardiography|Respiratory Rate|Surveys and Questionnaires,Respiratory,OTHER: Yoga Nidra,Yoga,ALL,Adult only,22,OTHER,Interventional,2018,2019,2018,United States
NCT06276387,Defining Stress REsilience And Mindfulness Effects in Rheumatoid Arthritis,Completed,No,"Arthritis, Rheumatoid",Pain,BEHAVIORAL: Mindfulness Program,Mindfulness (General),ALL,Adult + Older,38,OTHER,Interventional,2024,2025,2024,United States
NCT07207096,Observational Case Series of Patients With Parkinson's Disease (PD) Attending a Complementary Medicine Neuro-degenerativ,Recruiting,No,Parkinson Disease|Parkinsonism,Neurological / Cognitive,COMBINATION_PRODUCT: complementary medicine,Other,ALL,Adult + Older,100,OTHER,Observational,2025,2027,2025,United Kingdom
NCT05435807,Therapeutic Neuroscience Education in Individuals With Fibromyalgia,Completed,No,Fibromyalgia,Pain,BEHAVIORAL: Therapeutic Neuroscience Education,Other,FEMALE,Adult + Older,25,OTHER,Interventional,2019,2021,2022,Turkey
NCT02492893,Yoga Intervention for Substance Use and ART Adherence in Community Reentry,Completed,No,Substance Related Disorders|HIV,Substance Use,OTHER: Hatha yoga,Yoga,ALL,Adult + Older,72,OTHER,Interventional,2014,2016,2015,United States
NCT07346612,Development of the Online Mindfulness-based Intervention (Mind Space Application) for Thai-university Students: Phase II,Not Yet Recruiting,No,University Students|Psychological Well Being|Mindfulness,Well-being / Mental Health,BEHAVIORAL: mind space intervention,Other,ALL,Adult only,450,OTHER,Interventional,2026,2027,2026,Thailand
NCT01695538,Yoga and Rate and Duration of Inappropriate Sinus Tachycardia (IST) Episodes,Withdrawn,No,Inappropriate Sinus Tachycardia,Other,OTHER: Yoga,Yoga,ALL,Adult only,0,OTHER,Interventional,2011,2015,2012,United States
NCT05606861,Mindfulness Based Interventions in Pediatric Nurses,Completed,No,"Behavior, Health",Other,OTHER: Mindfulness Based Interventions in Pediatric Nurses,Mindfulness (General),ALL,Adult only,29,OTHER,Interventional,2018,2019,2022,Turkey
NCT04139421,Shinrin-Yoku (Forest Bathing) on Psychological Well-being,Unknown,No,Mental Health Wellness,Well-being / Mental Health,BEHAVIORAL: Shinrin-Yoku,Other,ALL,Adult + Older,30,OTHER,Interventional,2019,2020,2019,Hong Kong
NCT05948917,Mind-Body Skills Groups for Incarcerated Men and Women,Completed,No,Resilience,Well-being / Mental Health,BEHAVIORAL: Mind-Body Skills Groups,Other,ALL,Adult + Older,140,OTHER,Interventional,2023,2025,2023,United States
NCT03856385,Impact of Mindful Walking Intervention on Daily Step Count,Completed,No,Physical Inactivity,Other,BEHAVIORAL: Mindful Walking,Other,ALL,Adult + Older,40,OTHER,Interventional,2017,2017,2019,United States
NCT06704061,Online Yoga vs Acceptance and Commitment Therapy for Treating Chronic Musculoskeletal Pain,Recruiting,No,Chronic Pain|Musculoskeletal Pain,Pain,BEHAVIORAL: Yoga|BEHAVIORAL: Acceptance and Commitment Therapy (ACT),Yoga,ALL,Adult + Older,274,OTHER,Interventional,2026,2029,2024,United States
NCT07180784,Psychological Interventions for Students With Insomnia,Completed,No,Insomnia,Sleep / Fatigue,BEHAVIORAL: Mindfulness-based stress reduction (MBSR)|BEHAVIORAL: Cognitive Behaviour Therapy for In,MBSR,ALL,Adult only,57,OTHER,Interventional,2021,2023,2025,Canada
NCT04605198,"Mindfulness-based Intervention to Address PTSD in Trauma-exposed, Homeless Women",Completed,Yes,"Stress Disorders, Post-Traumatic|Depressive Symptoms|Hydrocortisone|Substance Use",Depression,BEHAVIORAL: Modified Mindfulness-based Stress Reduction|BEHAVIORAL: Health Promotion Wellness Classe,MBSR,FEMALE,Adult + Older,156,OTHER,Interventional,2020,2023,2020,United States
NCT01908270,Effects of Yoga on Menopausal Symptoms in Women With Breast Cancer,Completed,No,Menopause|Breast Cancer,Cancer,BEHAVIORAL: Yoga|OTHER: Usual care,Yoga,FEMALE,Adult + Older,40,OTHER,Interventional,2013,2014,2013,Germany
NCT06784934,Mindful Minds: Mindfulness-Based Neurofeedback for Underrepresented College Students,Completed,No,Academic Performance|Anxiety,Anxiety,DEVICE: NeuroSky Mindfulness-Based Neurofeedback,Mindfulness (General),ALL,Adult only,39,OTHER,Interventional,2025,2025,2025,United States
NCT06987799,Community-based Approach to Lowering Stress Through Mindfulness,Recruiting,No,Depression|Hypertension,Depression,BEHAVIORAL: Mindfulness-Based Stress Reduction (MBSR; CALM-Chicago Study),MBSR,ALL,Adult + Older,60,OTHER,Interventional,2025,2028,2025,United States
NCT01428674,"Time, Touch, Attention and the Autonomic Nervous System",Completed,No,Stress,Stress / Burnout,OTHER: Interpersonal Mindful Compassion with Touch|OTHER: Reading while extending loving kindness,Loving-Kindness / Compassion,ALL,Adult only,20,OTHER,Interventional,2011,2011,2011,
NCT02660307,A Stress Reduction Program for Companies,Completed,No,Stress,Stress / Burnout,OTHER: PROGRESS group,Other,ALL,Adult only,41,OTHER,Interventional,2014,2014,2016,
NCT05451758,The Effectiveness of MBSR in Natural Environments,Completed,No,Stress-related Problem,Stress / Burnout,OTHER: Mindfulness-based stress reduction (MBSR),MBSR,ALL,Adult + Older,99,OTHER,Interventional,2017,2017,2022,United Kingdom
NCT06749938,Holistic Intervention for Cancer Survivors,Completed,No,Cancer,Cancer,OTHER: Holistic Intervention,Other,ALL,Adult + Older,29,OTHER,Interventional,2020,2020,2024,United States
NCT03222479,Smartphone-based Stress Management Intervention for Employees,Completed,No,"Stress, Psychological",Stress / Burnout,BEHAVIORAL: Stress guide,Other,ALL,Adult only,68,OTHER,Interventional,2013,2014,2017,South Korea
NCT06416176,The Effect of a Mindfulness-Based Stress Reduction Program in Patients With Multiple Sclerosis,Completed,No,Multiple Sclerosis|Mindfulness|Upper Motor Neuron Lesion,Neurological / Cognitive,OTHER: Mindfulness-Based Stress Reduction (MBSR) Program,MBSR,ALL,Adult + Older,30,OTHER,Interventional,2020,2020,2024,Turkey
NCT02161887,The Healing Context in Complementary and Alternative Medicine (CAM): Initial Validation Study,Completed,No,Chronic Low Back Pain|Neck Pain,Pain,,Other,ALL,Adult + Older,207,OTHER,Observational,2014,2016,2014,United States
NCT06452043,Nature-based Therapy Program for Parkinson's Disease (PARC),Completed,No,Chronic Disease|Fall Patients|Aging Problems|Parkinson Disease,Neurological / Cognitive,OTHER: PARC program,Other,ALL,Adult + Older,11,OTHER,Interventional,2024,2024,2024,Canada
NCT07014267,Virtual Reality for Mindfulness and Anxiety Reduction in Fertility Procedures,Recruiting,No,Virtual Reality|Patient Experience,Other,DEVICE: Intervention Group (Virtual Reality intervention),Other,ALL,Adult only,500,OTHER,Interventional,2025,2025,2025,United Arab Emirates
NCT05779137,The Effects of Mindfulness-based Cognitive Therapy in People With Parkinson's Disease,Active Not Recruiting,No,Parkinson's Disease,Neurological / Cognitive,BEHAVIORAL: MBCT,MBCT,ALL,All ages,174,OTHER,Interventional,2023,2026,2023,Netherlands
NCT05911334,Feasibility of the ROADE Program,Terminated,No,Bulimia Nervosa|Anorexia Nervosa|Binge-Eating Disorder|Avoidant/Restrictive Food Intake Disorder,Other,BEHAVIORAL: ROADE Program,Other,ALL,All ages,9,OTHER,Interventional,2023,2024,2023,United States
NCT06637891,Mandala Coloring and Postpartum Blues,Completed,No,"Post Partum Depression|Depression, Anxiety",Depression,OTHER: Mandala coloring,Other,FEMALE,Adult only,77,OTHER,Interventional,2024,2025,2024,Turkey
NCT02911207,"Evaluation of Emotion Management Skill Strengthening in Chronically Ill Patients, Benefiting From Creative and Physical ",Completed,No,Emotion Management Skill|Educational Therapy|Creative and Physical Activities,Other,BEHAVIORAL: patients choose one creative activity and one physical activity,Other,ALL,Adult + Older,150,OTHER,Interventional,2016,2018,2016,France
NCT06191536,"The Effect of PVE Applied in Addition to Pilates on Premenstrual Symptoms, Pain, Sleep and QoL in Individuals With PMS",Completed,No,Premenstrual Syndrome|Pelvic Floor Disorders|Quality of Life,Well-being / Mental Health,OTHER: Pilates|OTHER: Pelvic floor exercises,Other,FEMALE,Adult only,30,OTHER,Interventional,2013,2024,2024,Turkey
NCT04848428,Online Mindfulness-based Intervention to Prevent Chronic Pain,Completed,No,"Pain, Postoperative|Chronic Pain|Pain Catastrophizing|Pain, Acute",Pain,BEHAVIORAL: Online mindfulness-based cognitive therapy|BEHAVIORAL: Online standardized education,MBCT,ALL,Adult + Older,36,OTHER,Interventional,2021,2022,2021,United States
NCT06075329,Dementia Caregivers and Contemplative Practice: A Pilot Study,Completed,No,Loneliness,Other,BEHAVIORAL: Contemplative Practice,Other,ALL,Adult + Older,113,OTHER,Interventional,2024,2024,2023,United States
NCT05434143,Chorus Sleep Trial,Completed,No,Sleep Disturbance,Sleep / Fatigue,BEHAVIORAL: Chorus Sleep,Other,ALL,Adult + Older,144,INDUSTRY,Interventional,2022,2022,2022,United States
NCT07283744,"A Mindfulness-Based Intervention to Reduce Stress Through the Cultivation of Loving-Kindness, Compassion, Joy, and Equan",Recruiting,No,Stress (Psychology)|Inflamation|Psychosocial Functioning,Stress / Burnout,BEHAVIORAL: Building Emotional Strength Training,Other,ALL,Adult + Older,80,OTHER,Interventional,2025,2027,2025,United States
NCT07069283,The Effect of Self-Compassion Practices on Nomophobia Symptoms in Young Adults,Not Yet Recruiting,No,Nomophobia,Other,BEHAVIORAL: Self-Compassion Program,Loving-Kindness / Compassion,ALL,Adult only,120,OTHER,Interventional,2025,2026,2025,Turkey
NCT05895084,Neural Markers of Balance in Adults With Brain Injury,Completed,No,Brain Injuries,Neurological / Cognitive,BEHAVIORAL: Group Yoga,Yoga,ALL,Adult + Older,12,OTHER,Interventional,2021,2021,2023,United States
NCT05952960,Optimizing Open Label Placebo Rationales,Completed,No,Chronic Pain,Pain,OTHER: Placebo,Other,ALL,Adult + Older,11,OTHER,Interventional,2023,2023,2023,United States
NCT05846425,"Investigating the Effect of Yoga-based Breathing Styles on the Human Brain, With a Focus on Memory",Unknown,No,Hypoventilation|Hyperventilation,Other,OTHER: Nose-breathing training|OTHER: Mouth-breathing training,Breathwork,ALL,Adult + Older,75,OTHER,Interventional,2023,2024,2023,Germany
NCT04746118,Diet and Other Non Pharmacological Interventions to Reduce Cardiovascular Risk in Hypertensive Patients,Unknown,No,Hypertension,Cardiovascular / Metabolic,BEHAVIORAL: DIET CHANGE|BEHAVIORAL: PHYSICAL ACTIVITY|OTHER: INTEGRATIVE PRACTICES,Other,ALL,Adult + Older,240,OTHER,Interventional,2021,2023,2021,Brazil
NCT06960668,Nature for Body Image,Recruiting,No,Body Image|Eating Behaviors|Self-Compassion|Interoception,Other,BEHAVIORAL: Nature for Body Image|BEHAVIORAL: Simple nature exposure|BEHAVIORAL: Structured Built En,Other,FEMALE,Adult only,60,OTHER,Interventional,2025,2026,2025,Italy
NCT03737084,Effects of Compassion Training to Patients Undergoing HSCT on Biological and Psychosocial Parameters,Completed,No,Hematopoietic Stem Cell Transplant,Other,BEHAVIORAL: CBCT Intervention,Other,ALL,Adult only,80,OTHER,Interventional,2018,2020,2018,Brazil
NCT02120937,Mindfulness in Mood Dysregulated Youth,Completed,No,Bipolar Disorder|Mood Disorder|Emotional Disturbance,Well-being / Mental Health,BEHAVIORAL: MBCT-C Therapy,MBCT,ALL,Child only,10,OTHER,Interventional,2014,2016,2014,United States
NCT05053230,A Study Evaluating the Integrative Medicine at Home (IM@HOME) Program in People With Cancer,Recruiting,No,Head and Neck Cancer|Head and Neck Tumor|Thoracic Tumor|Thoracic Cancer|Gynecologic Cancer|Gynecolog,Cancer,BEHAVIORAL: IM@Home|BEHAVIORAL: Enhanced usual care,Other,ALL,Adult + Older,480,OTHER,Interventional,2021,2026,2021,United States
NCT06304662,Yoga for Physical and Mental Health,Completed,No,Stress,Stress / Burnout,OTHER: Yoga intervention,Yoga,ALL,Adult only,142,OTHER,Interventional,2023,2024,2024,Spain
NCT07170488,Yoga and Female Concussion,Completed,Yes,Concussion Mild,Other,BEHAVIORAL: Yoga|BEHAVIORAL: Yoga for wait list control,Yoga,FEMALE,Adult + Older,27,OTHER,Interventional,2023,2024,2025,United States
NCT03803865,30 Day Mobile App Programs for Stress Management in Customer Service Representatives,Completed,No,Psychological Stress|Inflammation,Stress / Burnout,BEHAVIORAL: Mindfulness Training|BEHAVIORAL: Reflection and Problem Solving,Mindfulness (General),ALL,Adult + Older,100,OTHER,Interventional,2019,2019,2019,United States
NCT02659007,Less Neuropathy After Yoga- Managing Diabetic Neuropathy With Yoga,Completed,No,Diabetic Neuropathy,Other,OTHER: yoga,Yoga,ALL,Adult + Older,15,OTHER,Interventional,2014,2015,2016,
NCT02378025,Treating Chronic Pain in Gulf War Illness,Completed,Yes,Chronic Pain|Gulf War Illness|Chronic Illness,Pain,BEHAVIORAL: Yoga Group|BEHAVIORAL: Pain Management Wellness Group,Yoga,ALL,Adult + Older,75,OTHER,Interventional,2015,2018,2015,United States
NCT04674124,Evaluation of an Online Mindfulness-based Course for New Mothers,Completed,No,New Mothers Well-being|Mindfulness,Well-being / Mental Health,BEHAVIORAL: Brief Online Mindfulness Intervention,Mindfulness (General),FEMALE,Adult + Older,112,OTHER,Interventional,2020,2021,2020,United Kingdom
NCT06532773,Mindfulness Intervention for Sleep Disturbance and Symptom Management in Hematologic Cancer Patients During and After In,Recruiting,No,Hematologic Malignancy,Other,BEHAVIORAL: Nite2Day+,Other,ALL,Adult + Older,60,OTHER,Interventional,2026,2029,2024,United States
NCT07282964,"Mindful Moms, Mindful Meals (MMMM) Study",Recruiting,No,Nutrition in Early Infancy|Nutrition Habits|Postpartum Nutrition|Mindful Eating Intervention,Pregnancy / Maternal,BEHAVIORAL: Mindfulness-Based Eating Awareness Training Postpartum|BEHAVIORAL: Waitlist Mindfulness-,Mindfulness (General),FEMALE,Adult only,72,OTHER,Interventional,2025,2028,2025,Canada
NCT03198598,Effects of Yoga Practice in Multiple Sclerosis Patients: a Multidimensional Approach,Active Not Recruiting,No,Multiple Sclerosis,Neurological / Cognitive,BEHAVIORAL: Iyengar Yoga|BEHAVIORAL: Yoga app,Yoga,ALL,Adult only,130,OTHER,Interventional,2017,2026,2017,Brazil
NCT02920320,iCompassion: Internet-based Self-help for More Self-compassion,Completed,No,Self-criticism,Other,OTHER: Internet-based self-help program,Other,ALL,Adult + Older,122,OTHER,Interventional,2016,2017,2016,Switzerland
NCT07071883,Group Activities to Support Addiction Recovery,Completed,No,Addiction|Substance Use Disorders (SUD),Substance Use,BEHAVIORAL: Holotropic breathwork|BEHAVIORAL: Multiple modality,Breathwork,ALL,Adult + Older,25,OTHER,Interventional,2025,2026,2025,United States
NCT05347719,Virtual Mindfulness Training for Adults With History of Depression,Completed,No,Major Depressive Disorder,Depression,BEHAVIORAL: MBCT Intervention,MBCT,ALL,Adult + Older,28,OTHER,Interventional,2022,2024,2022,United States
NCT05431556,Virtual Mind-Body Exercises for People Having Pancreatic Surgery,Completed,No,Pancreas Disease,Other,OTHER: Virtual mind-body group exercise classes|OTHER: Enhanced usual care,Other,ALL,Adult + Older,29,OTHER,Interventional,2022,2024,2022,United States
NCT05086198,"Two Recovery Strategies at Work, Based on Mindfulness and Physical Exercise, on Levels of Job Stress",Completed,No,Mental Health Wellness,Well-being / Mental Health,BEHAVIORAL: Mindfulness-based intervention|BEHAVIORAL: Physical exercise,Mindfulness (General),ALL,Adult + Older,181,OTHER,Interventional,2021,2022,2021,Spain
NCT02873429,Measuring the Context of Healing in Chronic Pain Treatment,Completed,Yes,Chronic Pain,Pain,,Other,ALL,Adult + Older,218,OTHER,Observational,2015,2017,2016,United States
NCT02786797,Efficacy of MBSR Treatment of Cognitive Impairment Among Breast Cancer Survivors,Completed,No,Breast Cancer,Cancer,BEHAVIORAL: MBSR(BC) 6 Week Program|BEHAVIORAL: BCES 6 Week Program,MBSR,FEMALE,Adult + Older,214,OTHER,Interventional,2016,2020,2016,United States
NCT02830529,Mindfulness Attitude to Deliver Dietary Approach to Stop Hypertension,Completed,No,Prehypertension,Cardiovascular / Metabolic,BEHAVIORAL: MAD DASH|BEHAVIORAL: DASH diet education,Other,ALL,Adult + Older,31,OTHER,Interventional,2015,2017,2016,
NCT03450993,SMART Program for Paroxysmal Atrial Fibrillation,Completed,No,Paroxysmal Atrial Fibrillation|Stress,Stress / Burnout,OTHER: SMART Program,Other,ALL,Adult + Older,18,OTHER,Interventional,2018,2019,2018,United States
NCT05101226,Healthy University Bern Through Yoga - A Worksite Wellness Intervention,Completed,No,Healthy,Healthy Volunteers,BEHAVIORAL: Yoga attended in person|BEHAVIORAL: Yoga attended online,Yoga,ALL,Adult + Older,35,OTHER,Interventional,2021,2022,2021,Switzerland
NCT06782503,An Evaluation of a Mind-Body Medicine Training Program for Parole Services Division Staff,Terminated,No,Healthy,Healthy Volunteers,OTHER: Mind-Body Medicine Training Program,Other,ALL,Adult + Older,27,OTHER,Interventional,2025,2025,2025,United States
NCT03352011,Primary Care Brief Mindfulness Training for Veterans With PTSD,Completed,Yes,Post-traumatic Stress Disorder,PTSD / Trauma,BEHAVIORAL: Primary Care Brief Mindfulness Training|BEHAVIORAL: PTSD Psychoeducational Class,Mindfulness (General),ALL,Adult + Older,55,FED,Interventional,2018,2020,2017,United States
NCT07321964,"The Effect of a Digital MediYoga Program on Quality of Life, Blood Pressure and Heart Rate Among Patients With Atrial Fi",Recruiting,No,Atrial Fibrillation (AF)|Atrial Fibrillation (Paroxysmal)|Quality of Life|Mental Health,Well-being / Mental Health,BEHAVIORAL: Yoga 20 minutes|BEHAVIORAL: Yoga 60 minutes,Yoga,ALL,All ages,456,OTHER,Interventional,2025,2028,2026,Denmark
NCT02361268,End-Stage Renal Disease Intra-dialysis Lifestyle Education Study,Completed,No,End-stage Renal Disease,Other,BEHAVIORAL: Intradialysis-yoga|BEHAVIORAL: Educational program,Yoga,ALL,Adult + Older,67,OTHER,Interventional,2015,2017,2015,United States
NCT01055639,Telehealth Therapy for Chronic Pain: Comparison of In-person vs. Video-administered ACT for Pain,Completed,Yes,Chronic Pain,Pain,BEHAVIORAL: In-Person ACT|BEHAVIORAL: Telehealth ACT,Other,ALL,Adult + Older,126,FED,Interventional,2010,2013,2010,United States
NCT00990977,Mindfulness and Cancer Mamma - Clinical Trial MBSR Among Women Operated for Breast Cancer,Completed,No,Breast Cancer,Cancer,BEHAVIORAL: mindfulness based stress reduction (MBSR),MBSR,FEMALE,Adult + Older,336,OTHER,Interventional,2008,2011,2009,Denmark
NCT02691221,ReliefLink: A Preventative Mobile Toolkit for Follow-Up Care of Psychiatric Patients,Completed,No,"Suicide, Suicidal Ideation",Other,BEHAVIORAL: Relief Link Application Daily Tasks,Other,ALL,Adult only,13,OTHER,Interventional,2016,2017,2016,United States
NCT00985400,Doctor-Recommended Home-Based Exercise Program or Relaxation Training in Improving Physical Function and Controlling Sym,Unknown,No,Colorectal Cancer,Cancer,BEHAVIORAL: Exercise Program|BEHAVIORAL: Telephone-based intervention|OTHER: Counseling intervention,Other,ALL,Adult + Older,154,OTHER,Interventional,2010,2023,2009,United States
NCT03910192,Mindfulness to Reduce Ambulatory Hypertension in Atrial Fibrillation,Unknown,No,Atrial Fibrillation|Hypertension|Mindfulness|Cardiovascular Risk Reduction,Cardiovascular / Metabolic,BEHAVIORAL: Mindfulness-based coaching|BEHAVIORAL: Dietary cardiovascular risk reduction coaching,Mindfulness (General),ALL,Adult + Older,50,OTHER,Interventional,2017,2019,2019,Canada
NCT01457222,"Cognition and Health in Adolescents, Mindfulness as Prevention of Stress.",Unknown,No,Stress|Complete Psychological Check Up|Sleep|Cognition - Other|Personality,Stress / Burnout,BEHAVIORAL: Mindfulness intervention|BEHAVIORAL: Music relaxation,Mindfulness (General),ALL,Child + Adult,150,OTHER,Interventional,2011,2012,2011,Sweden
NCT04016415,Decreasing Stress in Diabetes,Completed,Yes,"Stress|Diabetes Mellitus, Type 2|Diabetes Mellitus, Type 1",Stress / Burnout,BEHAVIORAL: Mindfulness Based Stress Reduction|BEHAVIORAL: Stress Management Education,Mindfulness (General),ALL,Adult + Older,309,OTHER,Interventional,2020,2024,2019,United States
NCT05622604,The Effect of Religious Practices on Mental and Spiritual Health,Completed,Yes,Stress,Stress / Burnout,BEHAVIORAL: pray.com app (autonomous use)|BEHAVIORAL: pray.com app (meditative prayer condition),Other,ALL,Adult + Older,312,OTHER,Interventional,2022,2023,2022,United States
NCT05336916,Effectiveness of Blended and Unguided Delivery of Mindfulness-based Cognitive Therapy for Cancer Patients,Unknown,No,Cancer,Cancer,BEHAVIORAL: Buddy,Other,ALL,Adult + Older,254,OTHER,Interventional,2021,2023,2022,Netherlands
NCT05168735,Ketamine + Mindfulness for Depression,Completed,Yes,"Depression, Unipolar",Depression,DRUG: Intravenous Ketamine|BEHAVIORAL: Brief Mindfulness Exercises|BEHAVIORAL: Academic Exercises,Mindfulness (General),ALL,Adult + Older,43,OTHER,Interventional,2022,2023,2021,United States
NCT04284605,Effects Exercise Training in Patients With Pituitary Adenoma,Completed,No,Pituitary Adenoma,Other,OTHER: Aerobic exercise combined with strength training|OTHER: Yoga,Yoga,ALL,Adult + Older,10,OTHER,Interventional,2020,2021,2020,Turkey
NCT03194438,Urban Zen Integrative Therapy for Persons With Pulmonary Hypertension,Completed,Yes,Pulmonary Hypertension|Chronic Disease,Cardiovascular / Metabolic,BEHAVIORAL: Urban Zen Integrative Therapy (UZIT),Other,ALL,Adult + Older,14,OTHER,Interventional,2017,2018,2017,United States
NCT02993887,Resourcefulness Training and Decentering on Self-Management in Caregivers of Technology Dependent Children,Completed,No,Caregiver|Mindfulness|Mechanical Ventilation Pressure High|Gastrostomy|Chronic Illness,Well-being / Mental Health,BEHAVIORAL: Resourcefulness Training|BEHAVIORAL: Mindfulness,Mindfulness (General),ALL,Adult + Older,31,OTHER,Interventional,2017,2019,2016,United States
NCT07002853,Nature-based Intervention for Chronic Pain in Older People,Recruiting,No,Chronic Disease|Chronic Pain (Back / Neck)|Older Adults (65 Years and Older),Pain,OTHER: Nature-based Intervention,Other,ALL,Adult + Older,15,OTHER,Interventional,2025,2026,2025,Canada
NCT04584268,Longitudinal Mindfulness Intervention to Decrease Burnout in Medical Residents,Completed,No,Burnout,Stress / Burnout,BEHAVIORAL: mindfulness|OTHER: standard medical education,Mindfulness (General),ALL,All ages,88,OTHER,Interventional,2019,2020,2020,United States
NCT02753972,Mindful Eating and Living for Obese Women,Terminated,No,Obesity,Cardiovascular / Metabolic,BEHAVIORAL: Mindful Eating and Living|BEHAVIORAL: Active Weight Loss Control,Other,FEMALE,Adult + Older,36,OTHER,Interventional,2006,2007,2016,
NCT04536935,Mobile Mental Health Apps for Suicide Prevention,Completed,Yes,Depression|Anxiety|Emotional Regulation,Depression,BEHAVIORAL: Mobile Mental Health App - 1|BEHAVIORAL: Mobile Mental Health App - 2|BEHAVIORAL: Mobile,Other,ALL,Adult + Older,838,OTHER,Interventional,2020,2021,2020,United States
NCT07125027,A Multicomponent Intervention for Patients With Lumbosacral Radiculopathy: Move-MORE,Recruiting,No,Lumbosacral Radiculopathy|Sciatica|Chronic Low Back Pain With a Neuropathic Component|Radiculopathy,Pain,BEHAVIORAL: Move-MORE,Other,ALL,Adult + Older,32,OTHER,Interventional,2025,2026,2025,United States
NCT06656910,The Effect of the Self-compassion Development Program on Bullying and Victimization in Middle School Students,Completed,No,Bullying|Bullying Victimisation,Other,BEHAVIORAL: Self Compassion Group,Loving-Kindness / Compassion,ALL,Child only,115,OTHER,Interventional,2025,2025,2024,Turkey
NCT00826475,Randomized Trial to Evaluate the Effectiveness of a Mindfulness Based Intervention (MBSR) for Patients Suffering From Mi,Completed,No,Migraine,Pain,BEHAVIORAL: Mindfulness Based Stress Reduction MBSR|BEHAVIORAL: Psychoeducation,MBSR,ALL,Adult + Older,62,OTHER,Interventional,2009,2010,2009,Germany
NCT05133583,Effect of Laughter Yoga Therapy on Postpartum Depression,Completed,No,Postpartum Depression,Depression,OTHER: Laughter yoga,Yoga,FEMALE,Adult only,104,OTHER,Interventional,2021,2021,2021,Turkey
NCT05872100,THE EFFECT OF MINDFULNESS-BASED PRACTICES GIVEN TO NURSING,Unknown,No,Nurse's Role,Other,BEHAVIORAL: MINDFULNESS BASED APPLICATION,Mindfulness (General),ALL,Adult + Older,80,OTHER,Interventional,2023,2023,2023,Turkey
NCT04994873,Skills to Enhance Positivity in Suicidal Youth,Recruiting,No,"Suicide, Attempted",Other,BEHAVIORAL: STEP|BEHAVIORAL: Enhanced TAU,Other,ALL,Child + Adult,216,OTHER,Interventional,2021,2026,2021,United States
NCT04957693,Effect of Vegan Diet and Lifestyle Changes on Indolent Lymphoma During Controlled Waiting Period,Unknown,No,Indolent Lymphoma,Cancer,BEHAVIORAL: vegan diet and lifestyle changes,Other,ALL,Adult + Older,40,OTHER_GOV,Interventional,2021,2025,2021,Israel
NCT04038567,Optimizing a Mobile Mindfulness Intervention for ICU Survivors,Completed,Yes,Cardiorespiratory Failure,Respiratory,BEHAVIORAL: Mobile mindfulness-based training,Mindfulness (General),ALL,Adult + Older,247,OTHER,Interventional,2019,2023,2019,United States
NCT06455345,Online Psychology Program for Chronic Pain After Surgery,Completed,No,"Post-surgical Pain|Pain, Acute|Pain, Chronic|Post-Surgical Pain, Chronic",Pain,DEVICE: Self-Guided Online ACT Program|OTHER: Treatment As Usual,Other,ALL,Adult + Older,68,OTHER,Interventional,2024,2026,2024,Canada
NCT07061158,A Multidimensional Health Perspective: Analysis of the Effects of Yoga Intervention on Sleep Disorders in Older Adults,Completed,No,Sleep Disorders|Insomnia|Aging|Yoga,Sleep / Fatigue,BEHAVIORAL: Structured Yoga Course Intervention,Yoga,ALL,Adult + Older,73,OTHER,Interventional,2024,2025,2025,China
NCT03570853,Stress Management and Resiliency Training for Physicians,Unknown,No,"Burnout, Professional|Stress",Stress / Burnout,BEHAVIORAL: SMART-3RP,Other,ALL,Adult + Older,160,OTHER,Interventional,2018,2021,2018,United States
NCT06641102,Healing Track Clinical Trial,Recruiting,No,Chronic Back Pain,Pain,OTHER: Self-Guided Program (Tier 1)|OTHER: Coach Assisted Program (Tier 3)|OTHER: Standard of Care (,Other,ALL,Adult + Older,180,OTHER,Interventional,2025,2026,2024,United States
NCT06969053,Effect of MIT for CI With Anxiety,Recruiting,No,Chronic Insomnia|Anxiety Disorders,Anxiety,BEHAVIORAL: Mindfulness Intervention Therapy plus Sleep Hygiene Education|BEHAVIORAL: Sleep Hygiene,Mindfulness (General),ALL,All ages,70,OTHER,Interventional,2024,2025,2025,China
NCT06595524,Development of the Online Mindfulness-based Intervention (MFU-Mindful Application) for Thai-university Students,Completed,No,Depression in Adolescence|Psychological Well-Being,Depression,BEHAVIORAL: online mindfulness-based intervention,Mindfulness (General),ALL,Adult + Older,50,OTHER,Interventional,2022,2024,2024,Thailand
NCT05826860,Storytelling and Mindfulness for Graduate Student Wellbeing,Recruiting,No,"Depression|Anxiety|Burnout, Student",Depression,BEHAVIORAL: Mindfulness Practice|BEHAVIORAL: Storytelling Workshop,Mindfulness (General),ALL,Adult + Older,20,OTHER,Interventional,2023,2027,2023,United States
NCT03660085,Prostate Cancer - Patient Empowerment Program,Completed,Yes,Prostate Cancer,Cancer,BEHAVIORAL: PC-PEP,Other,MALE,Adult + Older,140,OTHER,Interventional,2019,2022,2018,Canada
NCT01267045,Mindfulness-Based Stress Reduction for Gulf War Syndrome,Completed,Yes,Persian Gulf Syndrome,Other,BEHAVIORAL: Mindfulness-based stress reduction,MBSR,ALL,Adult + Older,55,FED,Interventional,2010,2014,2010,United States
NCT02164188,The Flourishing Project: Evaluation of the Effectiveness of a Well-being Program,Completed,No,Emotional Stress,Stress / Burnout,BEHAVIORAL: Flourishing protocol,Other,FEMALE,Adult only,120,OTHER,Interventional,2014,2017,2014,Brazil
NCT02987582,A Feasibility Study of an Emotion-Focused Mindfulness Group,Completed,No,Depression|Anxiety,Depression,BEHAVIORAL: Emotion-focused mindfulness group,Mindfulness (General),ALL,Adult + Older,30,OTHER,Interventional,2016,2017,2016,Canada
NCT05595850,A Mindful Community for People With ALS and Their Primary Caregivers,Completed,No,Amyotrophic Lateral Sclerosis|Caregiver Burden,Other,BEHAVIORAL: Mindfulness|BEHAVIORAL: Mindful Learning,Mindfulness (General),ALL,Adult + Older,100,OTHER,Interventional,2020,2025,2022,United States
NCT06348082,Project Women's Insomnia Sleep Health Equity Study (WISHES),Recruiting,No,Insomnia|Sleep Health|Cardiometabolic Health,Sleep / Fatigue,BEHAVIORAL: Mindfulness-based therapy for insomnia (MBTI),Mindfulness (General),FEMALE,Adult + Older,340,OTHER,Interventional,2026,2028,2024,United States
NCT06208514,Brief Pain Exposure Therapy (BPET) For Nociplastic Pain,Recruiting,No,"Fibromyalgia|Lupus Erythematosus, Systemic|Chronic Pelvic Pain|Chronic Low Back Pain (CLBP)",Pain,BEHAVIORAL: Brief pain exposure therapy (BPET),Other,ALL,Adult + Older,125,OTHER,Interventional,2024,2027,2024,United States
NCT05634317,Supporting Caregivers of PWD and Identifying an Effective Intervention to Reduce Their Depressive Symptoms,Unknown,No,Dementia,Neurological / Cognitive,BEHAVIORAL: Smartphone delivered Behavioral activation|BEHAVIORAL: Smartphone delivered Mindfulness,Mindfulness (General),ALL,Adult + Older,136,OTHER,Interventional,2022,2025,2022,Hong Kong
NCT07322354,Effectiveness of a Multi-Modal Workplace Rest Cabin on Worker Well-Being,Completed,No,Employee Well-being|Work-related Outcomes,Well-being / Mental Health,DEVICE: Recharjme Multi-Modal Rest Cabin,Other,ALL,Adult + Older,82,OTHER,Interventional,2024,2025,2026,Canada
NCT06064110,"Pictou County PEP: A 6-Month, Home-Based, Personal Empowerment Program for Adults With a Chronic Medical Condition Livin",Completed,No,Chronic Condition,Other,BEHAVIORAL: Pictou County Person Empowerment Program,Other,ALL,Adult + Older,185,OTHER,Interventional,2023,2025,2023,Canada
NCT06732453,Brain-Gut Yoga for Functional Dyspepsia and Gastroparesis (FD-GP),Recruiting,No,Functional Dyspepsia|Gastroparesis,Other,OTHER: Seated Yoga Skills Training in Functional Dyspepsia and Gastroparesis (FD-GP),Yoga,ALL,Adult + Older,10,OTHER,Interventional,2025,2026,2024,United States
NCT06800989,To Assess the Contribution of Sophrology Assisted by an Ambulatory Device on the Anxiety of Patients Undergoing Chemothe,Recruiting,No,Breast Cancer Female,Cancer,BEHAVIORAL: sophrology sessions|DEVICE: Morphee Device,Other,FEMALE,Adult + Older,63,OTHER,Interventional,2025,2027,2025,France
NCT07161245,RELIEF: Multimodal Prehabilitation to Treat Fatigue in Patients With Primary Biliary Cholangitis,Recruiting,No,Primary Biliary Cholangitis (PBC),Other,OTHER: Multimodal prehabilitation|OTHER: standard of care,Other,ALL,Adult + Older,64,OTHER,Interventional,2025,2026,2025,Spain
NCT07357389,Virtual Reality for ICU Delirium Prevention,Recruiting,No,ICU Delirium,Other,DEVICE: Virtual Reality therapeutics,Other,ALL,Adult + Older,822,OTHER,Interventional,2026,2028,2026,United States
NCT07337031,A Trial of Behavioral Intervention on Prognostic Survival of Patients With Unresectable Liver Cancer,Not Yet Recruiting,No,Primary Hepatocellular Carcinoma|Unresectable Liver Cancer,Cancer,BEHAVIORAL: complex behavioral intervention,Other,ALL,Adult + Older,193,OTHER,Interventional,2026,2028,2026,China
NCT02824250,Mindfulness and Migraine Research Study,Completed,No,Migraine|Chronic Pain,Pain,BEHAVIORAL: MBSR,MBSR,ALL,Adult + Older,66,OTHER,Interventional,2017,2020,2016,United States
NCT04106375,"Neural Effects of Wellness Classes in Women With Vulnerability to Depression (""The Women's Wellness Study"")",Completed,No,Recurrent Major Depression,Depression,BEHAVIORAL: Online mindfulness based cognitive therapy intervention,Mindfulness (General),FEMALE,Adult only,50,OTHER,Interventional,2016,2018,2019,
NCT00120627,Mantram Repetition to Manage PTSD in Veterans,Completed,Yes,"Stress Disorders, Post Traumatic",PTSD / Trauma,BEHAVIORAL: Mantram Repetition Program (MRP) plus Usual Care|OTHER: Usual care consisting of medicat,Other,ALL,Adult + Older,146,FED,Interventional,2005,2010,2005,United States
NCT05941143,Effect of Mindfulness on EEG Brain Activity for Cognitive and Psychological Well-being in the Elderly,Completed,No,Healthy Aging,Healthy Volunteers,OTHER: mindfulness-based intervention,Mindfulness (General),ALL,Adult + Older,77,OTHER,Interventional,2019,2021,2023,Italy
NCT05444881,Boricua Youth Study COVID-19 Coping Intervention Study,Suspended,No,Psychological Stress|Depression|Anxiety,Depression,BEHAVIORAL: Mindfulness-based Intervention (Headspace TM),Mindfulness (General),ALL,All ages,40,OTHER,Interventional,2022,2026,2022,United States
NCT04693130,Mindfulness-based Prenatal Education on Women,Completed,No,"Depression, Anxiety",Depression,BEHAVIORAL: Mindfulness-based prenatal education|BEHAVIORAL: Hospital-based antenatal care,Mindfulness (General),FEMALE,Adult + Older,102,OTHER,Interventional,2020,2023,2021,Taiwan
NCT06263062,Management With Fear of Cancer in Women Undergoing Colposcopy: Randomized Controlled Study,Unknown,No,Cancer Fear|Cervical Cancer,Cancer,BEHAVIORAL: Awareness-Based Coping with Fear of Cancer Programme,Other,FEMALE,Adult + Older,60,OTHER,Interventional,2021,2024,2024,Turkey
NCT04459728,KickStart30: A 30-Day Nursing Wellness Initiative,Completed,No,Substance Use,Substance Use,BEHAVIORAL: Wellness Element 1: Exercise|BEHAVIORAL: Wellness Element 2: Mindfulness|BEHAVIORAL: Wel,Mindfulness (General),ALL,Adult + Older,48,OTHER,Interventional,2020,2022,2020,United States
NCT07307196,"The Effect of a Mindfulness-Based Stress Reduction Program on Pregnancy Adaptation, Stress, and Fetal Anxiety Levels in ",Not Yet Recruiting,No,Infertile Females or Females With Ovarian Insufficiency|Pre - Delivery Pregnant Women,Other,BEHAVIORAL: MBSR,MBSR,FEMALE,All ages,44,OTHER,Interventional,2026,2026,2025,Turkey
NCT02629016,Stress Reduction: A Pilot Study With Adolescents,Completed,No,Physiological Stress|Psychological Stress,Stress / Burnout,OTHER: Mindfulness|OTHER: Wellness,Mindfulness (General),ALL,All ages,285,OTHER,Interventional,2015,2016,2015,
NCT05068271,Multi-Domain Exercise and Memory in Adults Relative to ApoE Genotype: A fMRI Study,Unknown,No,Exercise Training|Executive Function|Aging,Other,BEHAVIORAL: Multi-Domain Exercise Program|BEHAVIORAL: Control Group,Other,ALL,Adult + Older,100,OTHER,Interventional,2022,2025,2021,Taiwan
NCT00682669,Asthma and Mindfulness-Based Stress Reduction (MBSR),Completed,No,Asthma,Respiratory,BEHAVIORAL: MBSR|BEHAVIORAL: HLC,MBSR,ALL,Adult + Older,83,OTHER,Interventional,2006,2009,2008,United States
NCT07480174,"Effects of Tai Chi and Yoga on Flexibility, Anxiety, and Sleep Quality in Women",Recruiting,No,Healthy Lifestyle,Healthy Volunteers,OTHER: Tai Chi|OTHER: Yoga,Yoga,FEMALE,Adult only,40,OTHER,Interventional,2026,2026,2026,Turkey
NCT03993548,KickStart30: A 30-Day Intervention for Patients With Rheumatoid Arthritis (RA),Completed,No,Chronic Pain|Stress|Psychological|Healthy|Rheumatoid Arthritis,Pain,BEHAVIORAL: Wellness Element 1 - Exercise|BEHAVIORAL: Wellness Element 2 - Mindfulness|BEHAVIORAL: W,Mindfulness (General),ALL,Adult + Older,13,OTHER,Interventional,2019,2020,2019,United States
NCT00440596,Mindfulness Based Stress Reduction for High Blood Pressure,Completed,Yes,Hypertension,Cardiovascular / Metabolic,BEHAVIORAL: Mindfulness based stress reduction|BEHAVIORAL: Progressive Muscle Relaxation,Mindfulness (General),ALL,Adult only,56,OTHER,Interventional,2006,2009,2007,United States
NCT03933124,The Effect of Virtual Reality on Post-surgical Pain and Recovery.,Completed,No,Pain|Post-surgical Pain|Pain Management,Pain,DEVICE: Virtual Reality,Other,ALL,All ages,100,OTHER,Interventional,2019,2021,2019,Netherlands
NCT06593470,Mindfulness-Based Substance Use Prevention (MINDS-UP),Not Yet Recruiting,No,Substance Use,Substance Use,BEHAVIORAL: MINDS-UP|BEHAVIORAL: Prevention Plus Wellness|DIAGNOSTIC_TEST: fMRI,Other,ALL,Child only,45,OTHER,Interventional,2026,2028,2024,
NCT07029022,Monthly Mood Improvement After Workplace Mindfulness,Completed,No,Mental Health Mood Disturbance Occupational Stress,Stress / Burnout,BEHAVIORAL: Mindfulness-Based Intervention (MBI),Mindfulness (General),ALL,Adult only,25,OTHER,Interventional,2025,2025,2025,Japan
NCT03500276,Yoga for Patients With Rheumatoid Arthritis,Completed,No,Rheumatoid Arthritis,Pain,BEHAVIORAL: Yoga program|BEHAVIORAL: Arthritis-education,Yoga,ALL,Adult + Older,57,OTHER,Interventional,2018,2020,2018,Croatia
NCT04313426,Chronic Pain Self-Management With Integrative Yoga Therapy (IYT),Completed,No,Chronic Pain|Chronic Nonmalignant Pain,Pain,OTHER: Integrative Yoga Therapy,Yoga,ALL,Adult only,42,OTHER,Interventional,2019,2020,2020,United Kingdom
NCT05938426,Digital Therapeutics Research on Efficiency About Mild Cognitive Impairment Study,Unknown,No,Mild Cognitive Impairment,Neurological / Cognitive,DEVICE: ET-101|DEVICE: Sham Device,Other,ALL,Adult + Older,100,INDUSTRY,Interventional,2023,2024,2023,South Korea
NCT02480257,"UCSF TARA Study: Training for Awareness, Resilience and Action",Completed,No,Depression|Anxiety,Depression,BEHAVIORAL: TARA,Other,ALL,Child + Adult,26,OTHER,Interventional,2014,2015,2015,United States
NCT07180108,PRoMiSS: Psilocybin and the Role of Music in Set and Setting,Enrolling By Invitation,No,Psilocybin|Music Intervention,Other,DRUG: Psilocybin (high dose)|BEHAVIORAL: Playlist 1|BEHAVIORAL: Playlist 2|BEHAVIORAL: Playlist 3|BE,Other,ALL,Adult + Older,100,OTHER,Interventional,2025,2028,2025,United States
NCT06528132,Social Worker-led Mindfulness-based Intervention for Older People,Recruiting,No,Depressive Symptoms,Depression,BEHAVIORAL: Mindfulness-based intervention (MBI) (enhanced with peer supporters)|BEHAVIORAL: Experim,Mindfulness (General),ALL,Adult + Older,207,OTHER,Interventional,2024,2026,2024,Hong Kong
NCT05564533,Heart-Smile Training Intensive Introduction Program,Completed,No,Depression,Depression,BEHAVIORAL: Heart-Smile Training Intensive Introduction Program (HST-IIP),Other,ALL,Adult + Older,35,OTHER,Interventional,2023,2024,2022,United States
NCT00495768,Reducing Depressive Symptoms During HCV Therapy: A Randomized Study,Unknown,No,Hepatitis C|Depression,Depression,BEHAVIORAL: Group Training,Other,ALL,Adult + Older,90,FED,Interventional,2004,2007,2007,United States
NCT06240676,Examining the Effect of Breastfeeding Education Given to Mothers Based on Postpartum Awareness Practices on Breast Milk,Unknown,No,Mother Fetus Relations|Health Behavior,Other,BEHAVIORAL: AWARENESS-BASED COGNITIVE THERAPY,Other,FEMALE,Adult only,54,OTHER,Interventional,2024,2024,2024,Turkey
NCT06123429,Mindfulness in Hidradenitis Suppurativa,Completed,No,Hidradenitis Suppurativa,Other,BEHAVIORAL: Mindfulness Based Stress reduction,Mindfulness (General),ALL,Adult + Older,25,OTHER,Interventional,2023,2024,2023,United States
NCT05776901,C-STRESS: A Mental Health App for College Students With Depression,Terminated,Yes,"Depression|Anxiety|Stress, Psychological|Mobile Phone Use",Depression,DEVICE: C-STRESS,Other,ALL,Adult only,3,INDUSTRY,Interventional,2022,2022,2023,United States
NCT05768256,Treatment Efficacy of Mindfulness-based Cognitive Therapy for Distress in Advanced Cancer Patients,Unknown,No,"Cancer Pain|Cancer|Distress, Emotional|Therapy-Associated Cancer|Psychiatric or Mood Diseases or Con",Cancer,BEHAVIORAL: Mindfulness-Based Cognitive-behavioral Therapy for Distress,Mindfulness (General),ALL,Adult + Older,40,OTHER,Interventional,2023,2024,2023,South Korea
NCT06021236,Efficacy of a Mindfulness-Based Intervention in Patients With Cardiovascular Implantable Electronic Device,Terminated,No,"Mindfulness Training|Cardiac Resynchronization Therapy Devices|Resilience, Psychological|Anxiety|Dep",Depression,BEHAVIORAL: mindfulness-based intervention|OTHER: CIED procedure routine care,Mindfulness (General),ALL,Adult + Older,34,OTHER,Interventional,2024,2025,2023,Taiwan
NCT05831293,Mindfulness-Based Reduction Stress Program,Completed,No,Cancer|Caregiver Stress|Quality of Life,Cancer,BEHAVIORAL: Mindfulness Based Stress Reduction Program,Mindfulness (General),ALL,Adult + Older,104,OTHER,Interventional,2023,2023,2023,Turkey
NCT05678972,Pause and Breathe: Online Self-Help Mindfulness-Based Intervention: Investigation of Its Efficacy and Mechanism of Chang,Completed,No,Mindfulness,Well-being / Mental Health,OTHER: Self-help online mindfulness-based intervention,Mindfulness (General),ALL,Adult + Older,939,OTHER,Interventional,2023,2023,2023,Hong Kong
NCT02637414,Flourishing App: Evaluation of the Effectiveness of a Well-being Application for Mobile Devices,Completed,No,Emotional Stress,Stress / Burnout,BEHAVIORAL: Flourishing App Program,Other,FEMALE,Adult only,500,OTHER,Interventional,2016,2017,2015,Brazil
NCT05434416,The Efficacy of a Mobile Application in Reducing Craving and Lapse Risk in Alcohol and Stimulants Problematic Use,Unknown,No,"Addiction|Addiction, Alcohol|Addiction, Substance",Substance Use,OTHER: mobile app,Other,ALL,Adult + Older,600,INDUSTRY,Interventional,2022,2023,2022,Poland
NCT06699550,"Haptonomy and Mindfulness on Psychological Well-being Levels, Perceived Stress, Fear of Childbirth",Completed,No,Mindfulness-Based Stress Reduction,Stress / Burnout,OTHER: Haptonomy|OTHER: Mindfulness-Based Stress Reduction Program,MBSR,FEMALE,Adult only,40,OTHER,Interventional,2024,2024,2024,Turkey
NCT03941041,Impact of Prenatal Yoga Practice on Birth Outcome,Unknown,No,Pregnancy,Pregnancy / Maternal,BEHAVIORAL: Prenatal Yoga Course,Yoga,FEMALE,Adult only,210,OTHER,Interventional,2019,2023,2019,Slovenia
NCT05413577,Reducing Parental Stress Via Instant Messaging During COVID-19 Pandemic: A Randomized Controlled Trial,Completed,No,Parents|Parenting|Stress,Stress / Burnout,BEHAVIORAL: Mindfulness training,Mindfulness (General),ALL,Adult + Older,491,OTHER,Interventional,2021,2022,2022,Hong Kong
NCT03743844,Psychosocial Intervention for Women With Mood Disorders Seeking Treatment for Obesity,Completed,No,Obesity|Mood Disorders,Cardiovascular / Metabolic,BEHAVIORAL: Compassion-focused psychoeducation group,Loving-Kindness / Compassion,FEMALE,Adult + Older,47,OTHER,Interventional,2018,2021,2018,Canada
NCT05413538,Effects of a Mindfulness-Based Intervention Delivered Via Instant Messaging on Parents' Wellbeing: A Randomized Controll,Unknown,No,Parents|Stress,Stress / Burnout,BEHAVIORAL: Mindfulness training,Mindfulness (General),ALL,Adult + Older,200,OTHER,Interventional,2022,2022,2022,Hong Kong
NCT01886885,Mindfulness Based Chronic Pain Management: A Pilot Study,Completed,No,Chronic Pain,Pain,BEHAVIORAL: Mindfulness Based Chronic Pain Management Intervention,Mindfulness (General),ALL,Adult + Older,20,OTHER,Observational,2013,2013,2013,United States
NCT04184557,Effectiveness of a Mindfulness Smartphone App to Reduce Emotional Distress in People With Cancer Waiting for Surgery,Completed,No,Cancer,Cancer,BEHAVIORAL: Staying Calm in the OR,Other,ALL,Adult + Older,102,OTHER,Interventional,2019,2020,2019,Spain
NCT01521442,Mindful Yoga Therapy as an Adjunctive Treatment for PTSD Among OEF/OIF Veterans,Withdrawn,No,PTSD,PTSD / Trauma,BEHAVIORAL: Mindful Yoga Therapy|BEHAVIORAL: Wait-list Control,Yoga,ALL,Adult only,0,FED,Interventional,2013,2015,2012,United States
NCT04655196,Evaluation of the Efficacy of Two Internet-based Self-help Interventions for Loneliness.,Completed,No,Loneliness,Other,OTHER: SOLUS-D + weekly feedback by a coach|OTHER: SOLUS-D + weekly automated messages,Other,ALL,Adult + Older,243,OTHER,Interventional,2021,2023,2020,Switzerland
NCT01971541,Groups for Regaining Our Wellbeing (GROW),Withdrawn,No,Posttraumatic Stress Disorder|Depression,Depression,BEHAVIORAL: Mindfulness-Based Stress Reduction|BEHAVIORAL: Cognitive Processing Therapy,MBSR,ALL,Adult + Older,0,FED,Interventional,2014,2017,2013,United States
NCT07340840,Recreational Yoga and Emotional-Autonomic Health in Older Adults,Completed,No,Depression in Older Adults|Heart Rate Variability (HRV),Depression,BEHAVIORAL: Recreational Therapy-Based Yoga,Yoga,ALL,Adult + Older,36,OTHER,Interventional,2023,2023,2026,Turkey
NCT01646463,Pilot Trial of CenteringPregnancy With Mindfulness Skills,Completed,No,Premature Birth|Low Birth Weight|Postpartum Depression,Depression,BEHAVIORAL: CenteringPregnancy|BEHAVIORAL: CenteringPregnancy with Mindfulness Skills,Mindfulness (General),FEMALE,Adult + Older,49,OTHER,Interventional,2011,2017,2012,United States
NCT04559854,Mindful After Cancer: A Mindfulness-based Therapy Intervention for Sexual Health After Cancer,Completed,Yes,Breast Cancer|Gynecologic Cancer,Cancer,BEHAVIORAL: Mindful After Cancer,Other,FEMALE,Adult + Older,22,OTHER,Interventional,2019,2020,2020,United States
NCT04287699,The Effect of Labor Dance on Traumatic Birth Perception and Comfort,Unknown,No,Labor Pain|Fear of Childbirth,Pain,OTHER: labor dance,Other,FEMALE,Adult only,160,OTHER,Interventional,2019,2020,2020,Turkey
NCT02395289,Cognitive-Based Compassion Training (CBCT) for People Living With HIV (PLHIV),Completed,No,Human Immunodeficiency Virus,Other,BEHAVIORAL: Cognitive-Based Compassion Training (CBCT)|BEHAVIORAL: Health discussion,Loving-Kindness / Compassion,ALL,Adult + Older,54,OTHER,Interventional,2016,2016,2015,United States
NCT04071886,Effect of Short-Term Mindfulness-Based Training For Major Depression Disorder: An Eye-Tracking Study,Unknown,No,MDD,Other,BEHAVIORAL: Mindfulness-Based Training|BEHAVIORAL: Relaxation Training,Mindfulness (General),ALL,Adult only,60,OTHER,Interventional,2019,2020,2019,China
NCT04726072,Kundalini Yoga & Healthy Neurological Aging,Completed,No,Neurological Aging,Neurological / Cognitive,BEHAVIORAL: Kundalini Yoga|BEHAVIORAL: Psychoeducation,Yoga,ALL,Adult + Older,11,OTHER,Interventional,2017,2018,2021,Canada
NCT02153385,Effects of Yoga on Heart Rate Variability and Mood in Women,Completed,No,Heart Rate Variability,Cardiovascular / Metabolic,OTHER: Yoga,Yoga,FEMALE,Adult only,52,OTHER,Interventional,2010,2011,2014,Taiwan
NCT07031622,The Effect of Yoga on Mental Health and Trauma in Pregnant Women,Completed,No,Yoga Exercises,Other,OTHER: Yoga Exercises,Yoga,FEMALE,Adult only,64,OTHER,Interventional,2023,2024,2025,Turkey
NCT02867657,Bringing the Practice of Mindfulness Into Nature - Preventing Mental Fatigue in Healthcare Professionals.,Completed,No,"Stress, Psychological|Inflammation|Stress, Physiological",Stress / Burnout,BEHAVIORAL: Mindfulness,Mindfulness (General),ALL,Adult + Older,93,OTHER,Interventional,2016,2018,2016,Denmark
NCT06858774,Use of Circadian Reset Technology to Alter REM Sleep and Appetitive Control in Patients With Binge Eating Disorder,Recruiting,No,Binge-Eating Disorder,Other,BEHAVIORAL: Circadian Reset Technology|BEHAVIORAL: VR Headset,Other,ALL,Adult + Older,40,OTHER,Interventional,2025,2026,2025,United States
NCT06737679,The Effects of Body Scan on Enteroception in Patients With Heart Failure,Recruiting,No,Heart Failure,Cardiovascular / Metabolic,BEHAVIORAL: Body Scan,Other,ALL,Adult + Older,110,OTHER,Interventional,2025,2026,2024,Italy
NCT01556074,Evaluation of Yoga for Sleep Disturbances in Post Traumatic Stress Disorder (PTSD),Completed,No,Post Traumatic Stress Disorder|Insomnia,PTSD / Trauma,BEHAVIORAL: Yoga treatment,Yoga,ALL,Adult + Older,50,OTHER,Interventional,2012,2014,2012,United States
NCT03240497,Effects of Cold Exposure and Breathing Techniques on Immune Response,Completed,No,Cold Exposure|Hyperventilation|Inflammation|Endotoxemia,Immune / Inflammatory,BEHAVIORAL: Cold Exposure|BEHAVIORAL: Strength Ventilation,Other,MALE,Adult only,48,OTHER,Interventional,2016,2018,2017,Netherlands
NCT06440668,Management of Chronic Non-Cancer Pain With Non-Pharmacological Therapies,Not Yet Recruiting,No,"Chronic Pain Syndrome|Sensitization, Central|Quality of Life|Patient Empowerment",Pain,BEHAVIORAL: Chronic Pain Management Workshop with Non-Pharmacological Therapies,Other,ALL,Adult + Older,128,OTHER,Interventional,2024,2025,2024,Spain
NCT02801513,Maintaining Mechanisms of Chronic Depression and Their Changeability,Completed,No,Major Depressive Disorder,Depression,BEHAVIORAL: Brief Mindfulness Training|BEHAVIORAL: Resting Control Training,Mindfulness (General),ALL,Adult + Older,74,OTHER,Interventional,2013,2015,2016,
NCT03072810,Positive Mindfulness Program and Wellbeing in Chronic Pain,Completed,No,"Pain, Chronic",Pain,BEHAVIORAL: Positive mindfulness program,Mindfulness (General),ALL,Adult + Older,73,OTHER,Interventional,2017,2018,2017,United Kingdom
NCT01305876,Yoga in an Urban School for Children With Emotional Behavioral Disorders,Completed,No,Emotional Behavioral Disorders,Well-being / Mental Health,BEHAVIORAL: yoga intervention,Yoga,ALL,Child only,41,OTHER,Interventional,2008,2009,2011,United States
NCT06379503,"Effect of Heart Yoga Applıed To Patıents Undergoıng Cardıovascular Surgery on Sleep, Depressıon And Qualıty of Lıfe",Completed,No,Cardiac Disease|Yoga|Nursing Caries,Other,OTHER: HEART YOGA|OTHER: routine nursing care,Yoga,ALL,Adult + Older,60,OTHER,Interventional,2021,2023,2024,Turkey
NCT02918513,WILD 5 Wellness: A 90-Day Intervention (WILD = Wellness Interventions for Life's Demands),Completed,No,"Chronic Pain|Stress, Psychological|Healthy",Pain,BEHAVIORAL: Wellness Element 1 - Exercise|BEHAVIORAL: Wellness Element 2 - Mindfulness|BEHAVIORAL: W,Mindfulness (General),ALL,Adult + Older,150,OTHER,Interventional,2016,2018,2016,United States
NCT01169428,Engaging Motivation for the Prevention of Weight Regain,Completed,No,Obesity,Cardiovascular / Metabolic,BEHAVIORAL: Mindfulness Based Weight Loss Maintenance (MBWLM)|BEHAVIORAL: Behavioral: Standard Behav,Mindfulness (General),ALL,Adult + Older,95,OTHER,Interventional,2007,2010,2010,United States
NCT02502227,Mechanisms of Mindfulness Training and Stress Reduction,Completed,No,Psychological Stress|Mindfulness,Stress / Burnout,BEHAVIORAL: Mindfulness,Mindfulness (General),ALL,Adult + Older,137,OTHER,Interventional,2015,2017,2015,United States
NCT06757842,Acceptability and Feasibility of an In-person 8-week Mindfulness-Based Cognitive Therapy Program Among Undergraduates,Recruiting,No,Depression/Anxiety,Depression,BEHAVIORAL: Mindfulness in Students,Mindfulness (General),ALL,Adult only,45,OTHER,Interventional,2024,2026,2025,Chile
NCT01981070,Parent Supports Intervention Project,Completed,No,Stress,Stress / Burnout,BEHAVIORAL: Mindfulness Intervention for Parents|BEHAVIORAL: Support and Information for Parents,Mindfulness (General),ALL,All ages,50,OTHER,Interventional,2013,2015,2013,Canada
NCT02965651,Engaging Women With the Gabby System to Deliver Multiple Health-Related Behavioral Changes: A Feasibility Study,Completed,No,"Stress, Emotional",Stress / Burnout,BEHAVIORAL: ECA System,Other,FEMALE,Adult only,61,OTHER,Interventional,2015,2016,2016,United States
NCT04443959,Telemedicine Mindfulness-based Therapy for Perinatal Insomnia: An Open-label Trial.,Completed,No,Insomnia,Sleep / Fatigue,BEHAVIORAL: PUMAS,Other,FEMALE,Adult only,12,OTHER,Interventional,2022,2022,2020,United States
NCT02954250,Mindfulness Based Cognitive Therapy for Depression and Cognitive Inhibition in Suicide,Completed,No,"Depression, Anxiety",Depression,BEHAVIORAL: Mindfulness Based Cognitive Therapy,Mindfulness (General),ALL,Adult + Older,30,OTHER,Interventional,2016,2017,2016,Canada
NCT01796834,Managing Diabetes Mindfully Study,Completed,No,Diabetes Mellitus,Cardiovascular / Metabolic,BEHAVIORAL: Mindfulness-Based Stress Reduction (MBSR),MBSR,ALL,Adult + Older,38,OTHER,Interventional,2012,2013,2013,United States
NCT06506513,Targeting the Skeletal Muscle to Treat Metabolic Dysfunction-associated Steatotic Liver Disease,Not Yet Recruiting,No,Metabolic Dysfunction-associated Steatotic Liver Disease,Cardiovascular / Metabolic,OTHER: High-intensity interval training|OTHER: Moderate intensity exercise training|OTHER: Low inten,Other,ALL,Adult + Older,60,OTHER,Interventional,2024,2026,2024,Belgium
NCT04800419,RCT of Effects of Mindfulness-based Stress Reduction in Head and Neck Cancer,Completed,No,Cancer of Head and Neck,Cancer,BEHAVIORAL: Mindfulness-based Stress Reduction (MBSR),MBSR,ALL,Adult + Older,110,OTHER,Interventional,2022,2023,2021,Malaysia
NCT06188793,Virtual Reality (VR) -Directed Brain Gut Behavioral Treatment (BGBT) for Inflammatory Bowel Disease (IBD) Inpatients,Recruiting,No,Inflammatory Bowel Diseases,Other,DEVICE: Virtual reality-directed BGBT,Other,ALL,Adult + Older,40,OTHER,Interventional,2024,2026,2024,United States
NCT05541692,Efficacy of a Sleep Hygiene Toolkit for Patients in ARU,Completed,No,Sleep Disturbance|Sleep Disorder|Insomnia|Critical Illness Myopathy,Sleep / Fatigue,BEHAVIORAL: Sleep Hygiene Toolkit,Other,ALL,Adult + Older,30,OTHER,Interventional,2022,2022,2022,United States
NCT05859386,Optimizing Mindfulness Based Cognitive Therapy (MBCT) Maintenance,Completed,No,Depression,Depression,BEHAVIORAL: Mindfulness maintenance program,Mindfulness (General),ALL,Adult + Older,34,OTHER,Interventional,2023,2024,2023,United States
NCT04428853,Effects of Iyengar Yoga Therapy in the Management of Stress Urinary Incontinence Among Young Females,Completed,No,Stress Urinary Incontinence,Stress / Burnout,BEHAVIORAL: iyengar yoga,Yoga,FEMALE,Child + Adult,44,OTHER,Interventional,2020,2021,2020,Pakistan
NCT02721836,Yoga for Patients With Irritable Bowel Syndrome,Completed,No,Irritable Bowel Syndrome,Other,BEHAVIORAL: Yoga|BEHAVIORAL: Nutrition Counselling,Yoga,ALL,Adult + Older,59,OTHER,Interventional,2016,2017,2016,Germany
NCT05871554,Efficacy of a Brief Online Mindfulness and Self-Compassion Intervention (Mind-OP+) to Increase Connectedness,Completed,No,Depression|Stress|Social Isolation|Anxiety,Depression,BEHAVIORAL: Mind-OP+,Other,ALL,Adult + Older,118,OTHER,Interventional,2022,2022,2023,Canada
NCT03356275,Mobile Coach for Parents of Children and Adolescents With Chronic Pain,Completed,No,Parents|Chronic Pain|Pediatric Disorder,Pain,BEHAVIORAL: Mindfulness for Resilience in Illness: Support for Parents,Mindfulness (General),ALL,All ages,34,OTHER,Interventional,2017,2018,2017,United States
NCT05850533,"Tai Chi Easy for Opioid Use Disorder, Anxiety, and Chronic Pain",Completed,No,Opioid Use Disorder|Chronic Pain|Anxiety,Pain,BEHAVIORAL: Virtual Tai Chi Easy,Other,ALL,Adult + Older,19,OTHER,Interventional,2023,2023,2023,United States
NCT05698290,HELP Pain Training Program,Active Not Recruiting,No,Pain,Pain,OTHER: HELP Pain Training Program,Other,ALL,Adult + Older,68,OTHER,Observational,2022,2026,2023,United States
NCT07294443,Qigong Relaxation Exercise,Completed,No,Qigong|Anxiety|Depression|Psychiatric Disorders|Relaxation,Depression,OTHER: Qigong relaxation exercises|OTHER: Ongoing treatment,Other,ALL,Adult + Older,70,OTHER,Interventional,2025,2025,2025,Turkey
NCT07228637,Pursuing Exploration Into the Supportive Care Needs and Intervention Preferences of Survivors of Testicular Cancer,Active Not Recruiting,No,Testicular Cancer,Cancer,BEHAVIORAL: Acceptance and Commitment Therapy (ACT) Coaching|BEHAVIORAL: Education and Support Coach,Other,MALE,Adult only,70,OTHER,Interventional,2025,2026,2025,United States
NCT02329015,Curriculum Evaluation of a Novel Health and Wellness Program Within New York City Schools,Completed,Yes,Adolescent Behavior,Other,BEHAVIORAL: Yoga-informed Health and Wellness Program|BEHAVIORAL: Physical Education Class,Yoga,ALL,Child + Adult,112,OTHER,Interventional,2014,2015,2014,United States
NCT07028788,"Virtual Mindfulness and Breathing Training for Stress, Burnout, Sleep, and Cognition in Rotating-Shift Nurses",Not Yet Recruiting,No,Occupational Burnout|Work-Related Stress|Sleep Disturbance|Cognitive Dysfunction|Shift Work Disorder,Stress / Burnout,OTHER: Health Education Material|BEHAVIORAL: Mobile-Based Mindfulness|BEHAVIORAL: Mobile-Based Mindf,Mindfulness (General),ALL,Adult + Older,300,OTHER,Interventional,2026,2027,2025,
NCT06111144,Effects of Polarized and Pyramidal Training Combined With or Without Mindfulness in Amateur Runners,Completed,No,Healthy Volunteers,Healthy Volunteers,BEHAVIORAL: Polarized training intensity distribution (TID) and mental training using mindfulness|BE,Mindfulness (General),ALL,Adult only,39,OTHER,Interventional,2023,2023,2023,Colombia
NCT05227794,Compassion Training and Mindfulness Training for Social Well-Being and Mental Health,Completed,No,Anxiety|Depression|Stress|Burnout|Emotion Regulation|Social Acceptance|Loneliness|Compassion,Depression,BEHAVIORAL: Compassion Cultivation Training (CCT)|BEHAVIORAL: Mindfulness-Based Stress Reduction (MB,MBSR,ALL,Adult + Older,290,OTHER,Interventional,2022,2022,2022,United States
NCT03730155,Compassion Cultivation Training (CCT): An Intervention for Caregivers,Completed,No,Psychological Distress,Stress / Burnout,OTHER: CCT intervention.,Other,ALL,Adult + Older,160,OTHER,Interventional,2018,2020,2018,Denmark
NCT06917417,"The Effect of Laughter Therapy on Marital Adjustment, Life Satisfaction and Maternal Attachment Level in Mothers",Recruiting,No,Postpartum|Mothers,Pregnancy / Maternal,BEHAVIORAL: Laughter Therapy,Other,FEMALE,Adult + Older,90,OTHER,Interventional,2025,2025,2025,Turkey
NCT01957371,Mindful Yoga Therapy for Veterans With PTSD and Pain,Withdrawn,No,PTSD|Chronic Pain,Pain,BEHAVIORAL: Mindful Yoga Therapy,Yoga,ALL,Adult only,0,FED,Interventional,2013,2015,2013,United States
NCT06739681,The Effect of Imagery Exercises on Attention and Performance in Olympic Archers,Enrolling By Invitation,No,Performance Improvement in Beginner Archers,Other,OTHER: Routine Intervention|OTHER: Mental Imagery Intervention|OTHER: Breathing Exercise Interventio,Breathwork,ALL,Child only,36,OTHER,Interventional,2024,2025,2024,Turkey
NCT06656741,Neurological Evidence of Diverse Self-Help Breathing Trainings with Virtual Reality and Bio-Feedback Assistance,Completed,No,Breath Training Styles,Other,BEHAVIORAL: Resting State|BEHAVIORAL: Mindful Breathing|BEHAVIORAL: Guided Breathing|BEHAVIORAL: Bre,Breathwork,ALL,Adult + Older,53,OTHER,Interventional,2021,2022,2024,Taiwan
NCT03185910,Mindfulness-Based Childbirth and Parenting Education on Pregnant Women,Unknown,No,"Stress, Psychological|Pregnancy Related",Stress / Burnout,BEHAVIORAL: MBCP education|BEHAVIORAL: Hospital-based antenatal education,Other,FEMALE,Adult + Older,104,OTHER,Interventional,2016,2018,2017,
NCT04978792,Does Cultivating Self-compassion Improve Resilience to Criticism and Improve Mental Health in Adults With ADHD?,Unknown,No,ADHD|Depression|Stress|Self-Criticism|Anxiety|Wellbeing|Self-compassion,Depression,BEHAVIORAL: Online self-compassion intervention|BEHAVIORAL: Active Control,Loving-Kindness / Compassion,ALL,Adult + Older,114,OTHER,Interventional,2021,2022,2021,United Kingdom
NCT03989934,Teenage Health and Wellness Study,Completed,No,Stress|Externalizing Symptoms|Depression Symptoms|Anxiety,Depression,BEHAVIORAL: The Mind in Action|BEHAVIORAL: Healthy Topics,Other,ALL,Child only,203,OTHER,Interventional,2019,2022,2019,United States
NCT02931864,Effects of an e-Home Based Symptom Management and Mindfulness Training Programme on QoL in Breast Cancer Survivors,Completed,No,Breast Cancer Survivors|Symptom Management|Mindfulness Based Cognitive Therapy|Quality of Life|Oncol,Cancer,OTHER: Online mindfulness training|OTHER: Online symptom management,Mindfulness (General),FEMALE,Adult + Older,172,OTHER,Interventional,2016,2020,2016,Singapore
NCT06094803,Mindfulness-based Zentangle for Parents,Completed,No,"Depressive Symptoms|Anxiety|Well-Being, Psychological",Depression,BEHAVIORAL: Mindfulness-based Zentangle Program,Mindfulness (General),ALL,Adult only,61,OTHER,Interventional,2023,2024,2023,Hong Kong
NCT03736434,Brain Connections and Blood Pressure,Completed,Yes,Hypertension|Mild Cognitive Impairment,Cardiovascular / Metabolic,BEHAVIORAL: Mindfulness and DASH Diet Education|BEHAVIORAL: Education group,Mindfulness (General),ALL,Adult + Older,38,OTHER,Interventional,2018,2020,2018,United States
NCT01902966,Feasibility - Beta Adrenergic Blockade (BB) in Cervical Cancer (CX),Terminated,Yes,Cervical Cancer,Cancer,DRUG: Propranolol|BEHAVIORAL: Diary|BEHAVIORAL: Relaxation Audio Recording|BEHAVIORAL: Questionnaire,Other,ALL,Adult + Older,6,OTHER,Interventional,2013,2020,2013,United States
NCT02683330,Distant Delivery of a Mindfulness-based Intervention for People Affected by Parkinson's Disease,Completed,No,Parkinson's Disease,Neurological / Cognitive,BEHAVIORAL: Mindfulness-based intervention (MBI),Mindfulness (General),ALL,Adult + Older,60,OTHER,Interventional,2016,2017,2016,United Kingdom
NCT05793827,Pilot Trial for Adults With Acquired Brain Injury,Completed,No,Acquired Brain Injury|Traumatic Brain Injury|Stroke,PTSD / Trauma,BEHAVIORAL: Adapted Hatha Yoga|BEHAVIORAL: Low-Impact Exercise,Yoga,ALL,Adult + Older,29,OTHER,Interventional,2023,2023,2023,United States
NCT05776680,The Effects of Multi-Psycho-Oncology Care Courses,Recruiting,No,Cancer|Psychological|Oncology|Empathy,Cancer,OTHER: Psychological support,Other,ALL,Adult + Older,280,OTHER,Interventional,2022,2024,2023,Taiwan
NCT04962659,Telehealth Mindfulness-Based Music and Songwriting for Parents of Children With Intellectual/Developmental Disabilities,Completed,No,Parents|Stress|Developmental Disability|Intellectual Disability|Autism Spectrum Disorder,Stress / Burnout,BEHAVIORAL: Mindfulness-Based Music and Songwriting,Mindfulness (General),ALL,Adult + Older,33,OTHER,Interventional,2021,2022,2021,United States
NCT01432288,Touch and Attention MRI Study,Completed,No,Central Nervous System,Other,,Other,ALL,Adult only,10,OTHER,Observational,2011,2011,2011,United States
NCT00437411,Healing Through Affective Self-Awareness in Fibromyalgia: a Randomized Controlled Trial,Completed,No,Fibromyalgia,Pain,BEHAVIORAL: Affective Self-Awareness workshop,Other,ALL,Adult + Older,66,OTHER,Interventional,2007,2008,2007,United States
NCT07482839,Feasibility Study of a Compassionate Mindful Resilience (CMR) Intervention to Improve Mental Health Well-being Outcomes,Not Yet Recruiting,No,Mental Health Well-being|Emotional Regulation|Psychological Resilience|Substance Use Prevention,Substance Use,BEHAVIORAL: Four-Week Compassionate Mindful Resilience (CMR) Intervention,Loving-Kindness / Compassion,ALL,Child + Adult,46,OTHER,Interventional,2026,2027,2026,
NCT03924687,Evaluating the Effectiveness of an ACT-Based Bibliotherapy Intervention Among Adults Living With Chronic Pain,Completed,No,Chronic Pain,Pain,BEHAVIORAL: Acceptance and Commitment Therapy (ACT) bibliotherapy for chronic pain,Other,ALL,Adult + Older,140,OTHER,Interventional,2016,2016,2019,
NCT01103531,Exercise to Improve Outcomes of Treatment for Methamphetamine Users,Completed,No,Addiction,Substance Use,BEHAVIORAL: Aerobic and Resistance Exercise|BEHAVIORAL: Educational information about health topics,Other,ALL,Adult only,135,OTHER,Interventional,2010,2015,2010,United States
NCT07424859,Evaluation of Yoga and Conventional Physical Exercise for Pain and Quality of Life in Women With Endometriosis: A Random,Completed,No,Endometriosis|Chronic Pain|Dysmenorrhea|Dyspareunia,Pain,OTHER: YOGA|OTHER: physical exercise,Yoga,FEMALE,Adult only,52,OTHER,Interventional,2022,2025,2026,Brazil
NCT01299909,Study Two on the Effectiveness of Mindfulness Training for Smokers,Completed,Yes,Nicotine Dependence,Other,BEHAVIORAL: Integrated Training for Smokers|BEHAVIORAL: Mindfulness Training for Smokers|BEHAVIORAL:,Mindfulness (General),ALL,Adult + Older,175,OTHER,Interventional,2011,2013,2011,United States
NCT06910982,Yoga and Mindfulness for Chronic Low Back Pain: A Randomized Controlled Trial,Enrolling By Invitation,No,Chronic Low-back Pain (cLBP),Pain,BEHAVIORAL: Sphinx Pose Yoga Therapy,Yoga,ALL,Adult only,220,OTHER,Interventional,2025,2027,2025,Pakistan
NCT00939146,Outlook: An Intervention to Improve Quality of Life in Serious Illness,Completed,No,"Neoplasms|Pulmonary Disease, Chronic Obstructive|Heart Failure|Renal Disease",Cancer,OTHER: Outlook Attention Control|OTHER: Outlook Intervention,Other,ALL,Adult + Older,154,OTHER,Interventional,2010,2013,2009,United States
NCT06189430,Effect of Vinyasa Yoga on Frailty and Anthropometric Measurements in Elderly Individuals,Completed,No,Geriatrics|Yoga|Complementary Therapies|Nursing Caries,Other,OTHER: Yoga|OTHER: Standard exercise,Yoga,ALL,Adult + Older,70,OTHER,Interventional,2023,2023,2024,Turkey
NCT04132141,VR Breaks on Shift-worker Alertness,Terminated,No,"Burnout, Professional",Stress / Burnout,OTHER: Virtual Reality Headset with curated content,Other,ALL,Adult + Older,25,OTHER,Interventional,2019,2020,2019,United States
NCT07179172,"Neurobiological Investigations of Mindfulness, Depression and Sleep Disturbances in Medical Staffs and Community Elders",Recruiting,No,Sleep Disturbances|Depression,Depression,BEHAVIORAL: Mindfulness-Based Stress Reduction (MBSR) 8-Week Program,MBSR,ALL,Adult + Older,40,OTHER,Interventional,2025,2025,2025,Taiwan
NCT06254924,Qoyangnuptu: Qoyangnuptu Intervention (QI) App,Recruiting,No,Mental Health Wellness 1,Well-being / Mental Health,BEHAVIORAL: QI App Users|BEHAVIORAL: Parents/Guardians of QI App Users,Other,ALL,Child + Adult,24,OTHER,Interventional,2024,2026,2024,United States
NCT06019416,Culturally Tailored Mindfulness-Positive Psychological Intervention Using Virtual Reality,Completed,No,Mental Health Issue,Well-being / Mental Health,BEHAVIORAL: culturally tailored mindfulness-positive psychological intervention,Mindfulness (General),ALL,Adult + Older,31,OTHER,Interventional,2023,2023,2023,United States
NCT00690196,Tai Chi Effects on Chronic Insomnia in Breast Cancer Survivors: Immune Mechanisms,Active Not Recruiting,No,Sleep Disorders|Sleep Initiation and Maintenance Disorders|Dyssomnias|Mental Disorders|Nervous Syste,Sleep / Fatigue,BEHAVIORAL: Tai Chi Chih|BEHAVIORAL: Cognitive Behavioral Therapy,CBT,FEMALE,Adult + Older,90,OTHER,Interventional,2008,2027,2008,United States
NCT07489222,PRAY.COM for Mental Health and Well-Being Among University Students,Completed,No,Mental Health|Well-Being,Well-being / Mental Health,BEHAVIORAL: PRAY.COM Mobile Application,Other,ALL,Adult + Older,450,INDUSTRY,Interventional,2025,2025,2026,United States
NCT03816007,Yoga and Mantram for Chronic Pain and PTSD,Completed,Yes,Post-Traumatic Stress Disorder|Chronic Low Back Pain|Chronic Neck Pain,Pain,BEHAVIORAL: Yoga and Mantram Repetition|BEHAVIORAL: Veteran Calm,Yoga,ALL,Adult + Older,32,FED,Interventional,2021,2022,2019,United States
NCT06858202,Structured Post-Operative Pain and Distress Treatment Intervention for Patients Undergoing Surgery for Intra-Abdominal M,Active Not Recruiting,No,Psychological Distress|Intra-abdominal Cancer,Cancer,BEHAVIORAL: Mindfulness Intervention|BEHAVIORAL: Non-mindfulness Intervention,Mindfulness (General),ALL,Adult + Older,95,OTHER,Interventional,2025,2026,2025,United States
NCT03681405,Supportive Programs for Supporting Optimal Recovery in Participants Undergoing Gynecological Surgery,Completed,Yes,Ovarian Neoplasm|Uterine Neoplasm,Cancer,OTHER: Informational Intervention|OTHER: Questionnaire Administration|BEHAVIORAL: Telephone-Based In,Other,FEMALE,Adult + Older,31,OTHER,Interventional,2018,2020,2018,United States
NCT05179096,"Effects of a Mindfulness Intervention on Temperament, Anxiety and Depression: the Mind the Child Study",Completed,No,"Child, Only|Temperament|Anxiety|Depression",Depression,BEHAVIORAL: Mindfulness-based intervention,Mindfulness (General),ALL,Child only,41,OTHER,Interventional,2021,2021,2022,Italy
NCT06446115,Decreasing Chemotherapy Induced Distress Using Immersive Virtual Reality in Patients With Cancer,Completed,No,Malignant Neoplasm|Cancer,Cancer,DEVICE: Virtual Reality|OTHER: Preferred activity|OTHER: Questionnaires,Other,ALL,Adult + Older,68,OTHER,Interventional,2024,2025,2024,United States
NCT05517148,Effects of an Immersive Virtual Reality Intervention Combined With Mindfulness-based Stress Reduction,Completed,No,Stress|COVID-19 Pandemic|Nurse's Role,Stress / Burnout,DEVICE: Therapeutic VR,Other,ALL,All ages,80,OTHER,Interventional,2022,2023,2022,China
NCT03539835,Resistance Training to Improve Fatigue and Physical Function in Postmenopausal Breast Cancer Survivors,Completed,No,Cancer,Cancer,OTHER: Resistance training (RT)|BEHAVIORAL: Cognitively-based compassion training control (CBCT),Loving-Kindness / Compassion,FEMALE,Adult + Older,28,OTHER,Interventional,2018,2020,2018,United States
NCT00263419,Stress-relief Management for Treatment of Late Complications in Type 2 Diabetes,Unknown,No,"Albuminuria|Diabetes Mellitus, Type 2|Diabetes Complications",Cardiovascular / Metabolic,BEHAVIORAL: Mindfulness Based Stress Reduction,Mindfulness (General),ALL,Adult + Older,110,OTHER,Interventional,2005,2012,2005,Germany
NCT06523790,The Impact of Exercise Methods on Human Body Functions and Metabolism,Recruiting,No,Metabolic Syndrome,Cardiovascular / Metabolic,BEHAVIORAL: Yoga|BEHAVIORAL: Brisk walking,Yoga,FEMALE,Adult + Older,84,OTHER,Interventional,2024,2025,2024,China
NCT04902313,Cultivating Resilience in Oncology Practice,Completed,No,Childhood Cancer|Depressive Symptoms|Anxiety Disorders and Symptoms|Mental Health Issue,Cancer,BEHAVIORAL: Awareness and insight Modules (AiM),Other,ALL,Child + Adult,40,OTHER_GOV,Interventional,2021,2023,2021,Sweden
NCT03203902,Comparative Effectiveness of Stress Management,Completed,No,Stress,Stress / Burnout,OTHER: Psychoeducation and Therapeutic Touch,Other,ALL,Adult + Older,20,OTHER,Interventional,2017,2018,2017,United States
NCT06415552,Implementation of Online Mindfulness-Based Stress Reduction Tailored for People with Multiple Sclerosis,Not Yet Recruiting,No,Multiple Sclerosis,Neurological / Cognitive,BEHAVIORAL: Mindfulness-Based Stress Reduction,MBSR,ALL,Adult only,120,OTHER,Interventional,2025,2027,2024,Canada
NCT06257121,Comparing Radiotherapy Immobilization Systems for Anxious HNC Patients,Unknown,No,Head and Neck Cancer|Claustrophobia|Anxiety,Cancer,DEVICE: OSMS position management,Other,ALL,Adult + Older,15,OTHER,Interventional,2024,2026,2024,
NCT01270568,Mind-body Interventions in Cardiac Patients,Completed,No,Acute Coronary Syndrome|Congestive Heart Failure,Cardiovascular / Metabolic,OTHER: Positive Psychology|BEHAVIORAL: Relaxation Response|BEHAVIORAL: Recollection,Other,ALL,Adult + Older,60,OTHER,Interventional,2010,2011,2011,United States
NCT04313413,Yoga@Work for Reducing Musculoskeletal Pain in Neck and Shoulder,Completed,No,Neck Pain|Shoulder Pain|Musculoskeletal Pain,Pain,OTHER: Yoga,Yoga,ALL,Adult only,34,OTHER,Interventional,2019,2019,2020,United Kingdom
NCT07283601,A Randomized Controlled Trial of Mindfulness-Based Stress Reduction for Reducing Perceived Stress in Women Impacted by L,Completed,No,"Mindfulness, Woman, Stress, Disaster",Stress / Burnout,BEHAVIORAL: MBSRP,MBSR,FEMALE,Adult + Older,70,OTHER,Interventional,2023,2023,2025,Turkey
NCT05312203,Alleviating Stress by Mobile Application' for Depression,Unknown,No,Major Depressive Disorder,Depression,OTHER: the App,Other,ALL,Adult + Older,42,OTHER,Interventional,2022,2023,2022,South Korea
NCT05426655,Effects of a Self-management Program for Temporomandibular Myalgia in Subjects With Fibromyalgia: a Single Arm Study,Completed,No,Temporomandibular Disorder|Fibromyalgia|Self Management,Pain,OTHER: Self management,Other,ALL,Adult + Older,107,OTHER,Interventional,2022,2025,2022,Spain
NCT05042388,Mindfulness-Based Relapse Prevention to Improve Medication Assisted Treatment Adherence and Drug-use Outcomes for Opioid,Completed,Yes,Opioid-use Disorder,Substance Use,BEHAVIORAL: Mindfulness-Based Relapse Prevention - Rolling Admission (MBRP-RA)|BEHAVIORAL: Treatment,Mindfulness (General),ALL,Adult + Older,105,OTHER,Interventional,2021,2024,2021,United States
NCT05318651,Use Determinants of Smoking Cessation App,Completed,No,Smoking Cessation|Technology Acceptance Model|CBT|Engagement,Substance Use,DEVICE: Kwit SAS - smoking cessation app,Other,ALL,Adult + Older,255,OTHER,Interventional,2022,2022,2022,France
NCT02303275,Lifestyle Change Program in Elderly Patients With Heart Failure,Unknown,No,Heart Failure,Cardiovascular / Metabolic,BEHAVIORAL: Lifestyle Change|BEHAVIORAL: Lifestyle Change,Other,ALL,Adult + Older,34,OTHER,Interventional,2013,2016,2014,United States
NCT06811896,Adapting a Stress Management Intervention to Reduce Cardiovascular Disease Risk,Recruiting,No,Stress|Blood Pressure|Cardiovascular Diseases (CVD),Stress / Burnout,BEHAVIORAL: Stress Management and Resiliency Training Program|OTHER: Usual Care,Other,FEMALE,Adult + Older,48,OTHER,Interventional,2025,2028,2025,United States
NCT01234805,Yoga Therapy in Treating Patients With Malignant Brain Tumors,Terminated,No,Adult Anaplastic Astrocytoma|Adult Anaplastic Ependymoma|Adult Anaplastic Meningioma|Adult Anaplasti,Cancer,PROCEDURE: yoga therapy|OTHER: questionnaire administration|PROCEDURE: quality-of-life assessment,Yoga,ALL,Adult + Older,9,OTHER,Interventional,2010,2012,2010,United States
NCT03972020,Mindful-life: Mindfulness Based Intervention vs Cognitive Behavioral Therapy in Patients With Breast Cancer,Unknown,No,Breast Cancer|Depressive Symptoms,Cancer,BEHAVIORAL: Mindfulness Based Intervention|BEHAVIORAL: Cognitive Behavioral Therapy,Mindfulness (General),FEMALE,Adult + Older,100,OTHER,Interventional,2022,2022,2019,
NCT02871752,"Reducing the Effects of Active Surveillance Stress, Uncertainty and Rumination Thru Engagement in Mindfulness Education",Completed,No,Prostate Cancer,Cancer,BEHAVIORAL: Health promotion,Other,ALL,Adult + Older,225,OTHER,Interventional,2016,2023,2016,United States
NCT04012853,Remotely Supervised tDCS for Persistent Post-traumatic Headache,Completed,Yes,Persistent Post Traumatic Headache|Mild Traumatic Brain Injury,Pain,DEVICE: transcranial direct current stimulation,Other,ALL,Adult only,26,FED,Interventional,2019,2022,2019,United States
NCT03867474,Mindfulness-Based Stress Reduction With Older Adults Living With Cognitive Impairment in Primary Care.,Unknown,No,Feasibility Randomized Control Trial,Other,BEHAVIORAL: Mindfulness-Based Stress Reduction (MBSR),MBSR,ALL,Adult + Older,40,OTHER,Interventional,2019,2020,2019,Canada
NCT02624193,Health Improvement for Baltimore Youth,Completed,No,HIV|Adolescent Development|Adolescent Behavior|Medication Adherence,Other,BEHAVIORAL: MBSR Program|BEHAVIORAL: HT Program,MBSR,ALL,Child + Adult,97,OTHER,Interventional,2013,2018,2015,United States
NCT06621745,"A Gratitude Intervention App to Reduce Symptoms of Depression, Anxiety and Stress",Completed,No,Depression|Anxiety|Stress,Depression,BEHAVIORAL: Gratitude Intervention App,Other,ALL,Adult only,157,OTHER,Interventional,2021,2023,2024,Canada
NCT06516536,Mindfulness and Student Health,Completed,No,University Students,Other,OTHER: MBI (Mindfulness-Based Intervention),Mindfulness (General),ALL,Adult only,101,OTHER,Interventional,2024,2024,2024,Spain
NCT04281836,Visual and Auditory Neuromodulation of Pain Perception,Completed,No,"Pain, Acute",Pain,BEHAVIORAL: Interoceptive breathing awareness through use of audio and visual virtual technology aid,Breathwork,ALL,Adult only,40,OTHER,Interventional,2016,2019,2020,United States
NCT07183826,Internet-Based Mindfulness-Based Cognitive Therapy (iMBCT) for Chronic Tinnitus Patients,Recruiting,No,Chronic Tinnitus|Anxiety|Depressive,Depression,BEHAVIORAL: Mindfulness-Based Cognitive Therapy (Internet-delivered)|BEHAVIORAL: No intervention,MBCT,ALL,Adult + Older,78,OTHER,Interventional,2025,2026,2025,Poland
NCT06336538,Abbreviated MBCT for Depression in Older Black or African American Breast Cancer Survivors,Active Not Recruiting,No,Breast Cancer|Breast Cancer Female|Breast Cancer Stage I|Breast Cancer Stage II|Breast Cancer Stage,Cancer,OTHER: MBCT,MBCT,FEMALE,Adult + Older,23,OTHER,Interventional,2025,2026,2024,United States
NCT04016428,Online Prenatal Trial in Mindfulness Sleep Management,Completed,No,Pregnancy Related|Insomnia|Depression,Depression,BEHAVIORAL: OPTIMISM|BEHAVIORAL: Sleep Education,Other,FEMALE,Adult + Older,64,OTHER,Interventional,2019,2021,2019,United States
NCT03289546,The Active Mind Study,Completed,No,Cognitive Impairment|Cardiovascular Risk Factor,Cardiovascular / Metabolic,BEHAVIORAL: Mindfulness training|BEHAVIORAL: Aerobic training,Mindfulness (General),ALL,Adult + Older,38,OTHER,Interventional,2016,2018,2017,United States
NCT06213181,Mindfulness on Physical and Mental Condition in Older Adults With Chronic Pain,Completed,No,Chronic Pain,Pain,OTHER: Mindfulness intervention,Mindfulness (General),ALL,Adult + Older,86,OTHER,Interventional,2024,2024,2024,Spain
NCT05044715,Effectiveness of Compassion Focused Therapy (CFT),Terminated,No,Compassion|Self-Criticism|Shame|Guilt,Other,BEHAVIORAL: Treatment as Usual|BEHAVIORAL: Compassion-Focused Therapy (CFT),Loving-Kindness / Compassion,ALL,Adult + Older,14,OTHER,Interventional,2022,2023,2021,United States
NCT02469870,ASD Parent Trainer: Online Coaching for Parents of Children With Autism,Completed,Yes,Autism Disorder,Other,BEHAVIORAL: Autism Parent Trainer (APT)|BEHAVIORAL: Teaching Routines (Control),Other,ALL,Adult + Older,156,OTHER,Interventional,2016,2017,2015,United States
NCT04977245,Mindfulness-Based Stress Reduction in Dementia Caregivers,Completed,No,Mindfulness Based Stress Reduction|Caregiver Burnout|Caregiver Stress Syndrome|Dementia|Dementia Fro,Stress / Burnout,OTHER: Mindfulness-Based Stress Reduction|OTHER: Self-Guided Mindfulness eCourse,MBSR,ALL,Adult + Older,40,OTHER,Interventional,2021,2022,2021,United States
NCT05760443,Mental Health Intervention Research in At-Risk Adolescents,Completed,No,Mental Health Wellness 1,Well-being / Mental Health,BEHAVIORAL: Learning to BREATHE,Breathwork,ALL,Child + Adult,74,OTHER,Interventional,2023,2025,2023,United States
NCT07350733,Cognitive Training for Student Sleep and Wellness,Recruiting,No,Sleep|Well-Being (Psychological Flourishing),Sleep / Fatigue,BEHAVIORAL: Equa|BEHAVIORAL: Coping Control,Other,ALL,Adult + Older,200,OTHER,Interventional,2026,2026,2026,United States
NCT05629637,Feasibility and Acceptability of Mindfulness-based Resilience Training for Rural Law Enforcement Officers,Completed,No,"Problem Drinking|Aggression|Stress, Psychological",Stress / Burnout,BEHAVIORAL: Mindfulness-Based Resilience Training (MBRT),Mindfulness (General),ALL,Adult + Older,20,OTHER,Interventional,2023,2024,2022,United States
NCT02562339,Resiliency Training for Adolescents With Craniofacial Conditions and Their Caregivers,Withdrawn,No,Craniofacial Abnormalities,Healthy Volunteers,BEHAVIORAL: SMART-3RP,Other,ALL,All ages,0,OTHER,Interventional,2015,2016,2015,United States
NCT05461534,Mindfulness Yoga and Sexual Functioning,Unknown,No,Breast Cancer|Sexual Dysfunction,Cancer,BEHAVIORAL: mindfulness yoga,Yoga,FEMALE,Adult + Older,78,OTHER,Interventional,2022,2024,2022,China
NCT07098845,Mindfulness-Based Intervention With a Supplement for Stress-Related Problems in College Students Across Multiple Sites (,Recruiting,No,Stress|Mental Health|Mindfulness Based Stress Reduction,Stress / Burnout,BEHAVIORAL: Learning to BREATHE|BEHAVIORAL: Learning to BREATHE Plus|BEHAVIORAL: HealthEd,Breathwork,ALL,Adult only,120,OTHER,Interventional,2025,2026,2025,United States
NCT05329948,"Application of Haptonomy and Pregnancy Adjustment, Paternal Attachment",Completed,No,Father-Child Relations,Other,OTHER: Haptonomy application,Other,ALL,All ages,286,OTHER,Interventional,2022,2023,2022,Turkey
NCT05294354,Acute Exercise Type and Cognitive Function: An Event-related Potential Study,Unknown,No,Exercise Training|Neurocognitive Function,Neurological / Cognitive,BEHAVIORAL: aerobic exercise group (AE)|BEHAVIORAL: aerobic exercise with virtual reality group (AE-,Other,ALL,Adult only,160,OTHER,Interventional,2022,2023,2022,Taiwan
NCT05446064,Buddhism Beliefs and HIV Stigma in Thailand,Terminated,No,"HIV Infections|Stigma, Social|Care Eliciting Behavior",Other,BEHAVIORAL: Stigma-reduction intervention,Other,ALL,Adult + Older,110,OTHER,Interventional,2022,2025,2022,Thailand
NCT06776276,A Prospective Study: Tai-chi and Post-COVID Insomnia,Completed,No,Insomnia|COVID - 19,Sleep / Fatigue,BEHAVIORAL: Tai Chi exercises,Other,ALL,Adult + Older,337,OTHER,Interventional,2020,2024,2025,Egypt
NCT04764838,The Effect of Yoga on Sexual Function in Primiparous Pregnants,Unknown,No,Pregnancy Related|Sexual Dysfunction|Exercise,Pregnancy / Maternal,OTHER: Yoga,Yoga,FEMALE,Adult only,150,OTHER,Interventional,2021,2021,2021,Turkey
NCT05753410,App-Based Mindfulness Training for Individuals With Anorexia Nervosa and Bulimia Nervosa,Completed,Yes,"Anorexia Nervosa|Bulimia Nervosa|Anorexia Nervosa, Atypical|Bulimia; Atypical",Other,BEHAVIORAL: Mindful Courage,Other,ALL,Adult + Older,32,OTHER,Interventional,2023,2025,2023,United States
NCT04652869,Mindfulness + tDCS to Reduce Urgency Incontinence in Women,Completed,Yes,"Urinary Incontinence, Urge",Other,DEVICE: Transcranial direct current stimulation|BEHAVIORAL: Mindfulness,Mindfulness (General),FEMALE,Adult + Older,61,OTHER,Interventional,2021,2023,2020,United States
NCT04494737,"Wellbeing, Stress Reduction and Social Cognition",Completed,No,"Cognitive Function 1, Social",Neurological / Cognitive,BEHAVIORAL: Active Comparator: Program 1|BEHAVIORAL: Active Comparator: Program 2,Other,ALL,Adult + Older,20,OTHER,Interventional,2021,2021,2020,United States
NCT07436481,The Effectiveness of Forest Therapy on Psychotic Patients: Focusing on Changes in Inflammatory Pathways and The Psychoti,Completed,No,Psychotic Disorder,Other,BEHAVIORAL: Forest Therapy,Other,ALL,Adult only,80,OTHER,Interventional,2025,2025,2026,Indonesia
NCT07415122,"The Effect of Mindfulness-Based Childbirth Education on Fear of Birth, Prenatal Stress, and Childbirth Self-Efficacy",Not Yet Recruiting,No,Prenatal Stress|Childbirth Self-efficacy|Fear of Childbirth,Stress / Burnout,BEHAVIORAL: Mindfulness-based childbirth preparation education,Mindfulness (General),FEMALE,Adult + Older,80,OTHER,Interventional,2026,2026,2026,Turkey
NCT07270900,A Mindfulness-based Intervention for Adolescents With Prediabetes or Type 2 Diabetes,Completed,No,Type 2 Diabetes|Prediabetes,Cardiovascular / Metabolic,PROCEDURE: Mindfulness Based Group,Mindfulness (General),ALL,Child + Adult,30,OTHER,Interventional,2023,2025,2025,United States
NCT07148869,The Effect of Laughter Yoga Practice in Hypertension Patients,Not Yet Recruiting,No,Hypertension|Laughter Yoga,Cardiovascular / Metabolic,BEHAVIORAL: LAUGHTER YOGA|OTHER: control group,Yoga,ALL,Adult + Older,60,OTHER,Interventional,2025,2025,2025,Turkey
NCT07172854,Pelvic Floor Muscle Training With Aerobic Exercise and Relaxation After Radical Prostatectomy,Not Yet Recruiting,No,Post Prostatectomy Incontinence|Erectile Dysfunction Following Radical Prostatectomy,Other,OTHER: Pelvic Floor Muscle Training|OTHER: Aerobic Exercise|OTHER: Relaxation Training|OTHER: Patien,Other,MALE,Adult + Older,48,OTHER,Interventional,2025,2026,2025,
NCT07161713,"SBU-RESET: RElaxation, Stress Reduction and Epigenetics Trial in Cancer Survivors",Recruiting,No,Lung Adenocarcinoma|Lung Adenocarcinoma Metastatic|Lung Adenocarcinoma Stage III|Lung Adenocarcinoma,Cancer,BEHAVIORAL: Oncology-informed yoga|BEHAVIORAL: SMART,Yoga,ALL,Adult + Older,100,OTHER,Interventional,2025,2027,2025,United States
NCT02447744,Neural Changes Associated With a Mindfulness-based Intervention for Young Adults With Childhood Maltreatment,Completed,Yes,"Depression|Anxiety|PTSD|Trauma, Psychological",Depression,BEHAVIORAL: Mindfulness based intervention,Mindfulness (General),ALL,Adult only,43,OTHER,Interventional,2014,2016,2015,United States
NCT05434871,Yoga in Pediatric Cancer,Unknown,No,Cancer|Pediatric Cancer,Cancer,OTHER: Yoga training|OTHER: Physiotherapy,Yoga,ALL,Child only,40,OTHER,Interventional,2022,2023,2022,Turkey
NCT07085052,Remote Mindfulness Training Following Early Life Adversity 2,Completed,No,Stress|Mindfulness|Early Life Adversity,Stress / Burnout,BEHAVIORAL: Mindfulness-Based Stress Reduction (MBSR),MBSR,ALL,Adult only,15,OTHER,Interventional,2025,2025,2025,United States
NCT06875557,Mind Matters; Unveiling the Impact of Digital Mental Health Intervention (DMHI) on Psychological Distress Among Youth,Completed,No,Psychological Distress,Stress / Burnout,BEHAVIORAL: Digital Mental Health Intervention (DMHI)|BEHAVIORAL: Digital Mental Health Intervention,Other,ALL,Child + Adult,376,OTHER,Interventional,2024,2024,2025,Pakistan
NCT03718845,A Mind-Body Medicine Curriculum for Peer Counselors,Completed,No,Anxiety,Anxiety,BEHAVIORAL: Mind-Body Medicine Curriculum,Other,ALL,Child + Adult,124,OTHER,Observational,2018,2019,2018,United States
NCT03138980,Mobile Self-Management of Irritable Bowel Syndrome for Adolescents,Completed,No,Irritable Bowel Syndrome|Abdominal Pain,Pain,BEHAVIORAL: BodiMojo Buddy for IBS,Other,ALL,Child + Adult,26,OTHER,Interventional,2016,2016,2017,United States
NCT05040711,mHealth Mindfulness With Patients With Serious Illness and Their Caregivers,Recruiting,No,Caregiver Stress Syndrome|Anxiety,Anxiety,BEHAVIORAL: Mindfulness Coach|BEHAVIORAL: Active Comparator,Mindfulness (General),ALL,Adult + Older,162,OTHER,Interventional,2022,2026,2021,United States
NCT05804110,The Effect of the Mindful Caring Education Program on Nurses' Intentionality,Completed,No,Nurses' Perceptions of Intentionality|the Facilitators of Intentionality|the Impediments to Intentio,Other,OTHER: Mindful Caring Education Program,Other,FEMALE,All ages,9,OTHER,Observational,2021,2022,2023,Turkey
NCT06595485,Development of Online Mindfulness-Based Intervention for Thai-Depressed Adolescents,Completed,No,Depression in Adolescence,Depression,BEHAVIORAL: online mindfulness based intervention,Mindfulness (General),ALL,Child + Adult,182,OTHER,Interventional,2022,2023,2024,Thailand
NCT03625843,Mindfulness Exercises to Reduce Anxiety and Pain During Urodynamic Testing,Completed,No,"Stress Incontinence, Female|Overactive Bladder|Lower Urinary Tract Symptoms",Stress / Burnout,BEHAVIORAL: Mindfulness exercises,Mindfulness (General),ALL,Adult + Older,27,FED,Interventional,2016,2018,2018,
NCT03613441,Impact of Mindful Awareness Practices in Pediatric Residency Training,Completed,No,"Stress|Burnout, Professional",Stress / Burnout,BEHAVIORAL: Mindful Awareness Practices (MAPs),Other,ALL,Adult + Older,82,OTHER,Interventional,2017,2018,2018,United States
NCT03526146,Preventing Loss of Independence Through Exercise (PLIÉ) in Persons With Mild Cognitive Impairment (MCI),Completed,Yes,Mild Cognitive Impairment,Neurological / Cognitive,BEHAVIORAL: Behavioral: Preventing Loss of Independence through Exercise (PLIE),Other,ALL,Adult + Older,41,OTHER,Interventional,2018,2020,2018,United States
NCT06499961,The Digital Version of Holistic Healthy Life Education(e2HLE),Recruiting,No,Hypertension,Cardiovascular / Metabolic,BEHAVIORAL: Digital version of Holistic Healthy Life Education|OTHER: Waitlist control,Other,ALL,Adult + Older,150,OTHER,Interventional,2024,2026,2024,Hong Kong
NCT03354585,Mindfulness and Chronic Low Back Pain,Completed,No,Chronic Low Back Pain,Pain,BEHAVIORAL: mindfulness training|BEHAVIORAL: non-mindfulness training|BEHAVIORAL: book-listening,Mindfulness (General),ALL,Adult + Older,120,OTHER,Interventional,2020,2024,2017,United States
NCT03534583,SKY vs. HEP in PTSD,Terminated,No,PTSD,PTSD / Trauma,OTHER: Sudarshan Kriya Yoga|OTHER: Health Enhancement Program,Yoga,ALL,Adult + Older,49,OTHER,Interventional,2018,2022,2018,Canada
NCT03085160,Project EAT: Eating and Attitudes in Teens,Completed,No,Obesity|Adolescent Development|Stress,Stress / Burnout,BEHAVIORAL: Learning to Breathe|BEHAVIORAL: Health Education,Breathwork,ALL,Child only,54,OTHER,Interventional,2014,2020,2017,United States
NCT06991309,"Mindfulness-based Stress Reduction Effects on Depression, Anxiety and Internalized Stigma Compared With Treatment-As-Usu",Completed,No,"Depression, Anxiety|Cancer of the Head and Neck|Psycho-Oncology",Cancer,BEHAVIORAL: MBSR,MBSR,ALL,Adult only,110,OTHER,Interventional,2022,2023,2025,Malaysia
NCT03035669,Effects of Mindfulness Training on Emotion Regulation and Social Cognition.,Unknown,No,"Stress, Psychological|Emotional Stress|Social Cognition|Mindfulness",Stress / Burnout,BEHAVIORAL: Mindfulness group|BEHAVIORAL: Reading group,Mindfulness (General),ALL,Adult only,60,OTHER,Interventional,2016,2017,2017,Germany
NCT05671419,Mindful Self-Compassion for Anxiety Disorders and Depression,Recruiting,No,Anxiety Disorders|Generalized Anxiety Disorder|Social Anxiety Disorder|Social Phobia|Panic Disorder|,Depression,BEHAVIORAL: Mindful Self-Compassion,Loving-Kindness / Compassion,ALL,Adult + Older,40,OTHER,Interventional,2022,2026,2023,United States
NCT06479200,VR-Guided Mindfulness for ESKD Caregiver Well-Being,Not Yet Recruiting,No,"Kidney Failure, Chronic",Other,BEHAVIORAL: VR-guided mindfulness|OTHER: Sham VR,Mindfulness (General),ALL,Adult + Older,30,OTHER,Interventional,2024,2025,2024,
NCT06795854,Effect of Aerobic Training Versus Relaxation Techniques on Quality of Life in Patients With Post Covid-19 Irritable Bowe,Not Yet Recruiting,No,Irritable Bowel Syndrome,Other,OTHER: Aerobic training|OTHER: Relaxation techniques|OTHER: Low fodmap diet,Other,FEMALE,Adult only,60,OTHER,Interventional,2025,2025,2025,Egypt
NCT07424521,Psychosocial Effects of Mindfulness-Based Exercise in Postmenopausal Women,Not Yet Recruiting,No,Psychosocial Functioning|Mindfulness|Postmenopausal Symptoms,Well-being / Mental Health,OTHER: Mindfulness-Based Stress Reduction Training,MBSR,FEMALE,Adult only,20,OTHER,Interventional,2026,2026,2026,
NCT05218291,"The Effect of Yoga on Care Load, Quality of Life, and Psychological Well-Being of Indivıduals With Special Needs",Completed,No,Caregiver Burden|Quality of Life|Psychological Stress,Stress / Burnout,OTHER: Yoga Practice|OTHER: Ongoing caregivers,Yoga,ALL,Adult + Older,60,OTHER,Interventional,2021,2022,2022,Turkey
NCT04932720,Efficacy Of Child Yoga Programme on Quality of Life of Pediatric Oncology Patients.,Completed,No,Pediatric Cancer,Cancer,BEHAVIORAL: chıld yoga programme,Yoga,ALL,Child + Adult,60,OTHER,Interventional,2020,2021,2021,Turkey
NCT04828980,Utilization of Different Virtual Reality Experiences,Completed,No,"Surgery|Pain, Postoperative|Anxiety|Otolaryngological Disease",Pain,DEVICE: Oculus Quest: TRIPP|DEVICE: Oculus Quest: Angry Birds,Other,ALL,Adult + Older,32,OTHER,Interventional,2021,2022,2021,United States
NCT01748786,Online Mindfulness Training Versus Health Education for Fibromyalgia,Completed,No,Fibromyalgia,Pain,BEHAVIORAL: Mindfulness Emotion Regulation|OTHER: Health Education,Mindfulness (General),ALL,Adult + Older,94,OTHER,Interventional,2011,2012,2012,United States
NCT01805947,Lifestyle Modification Program for Patients With Chronic Pain Conditions,Completed,No,Chronic Pain,Pain,BEHAVIORAL: Lifestyle Modification,Other,ALL,Adult + Older,200,OTHER,Observational,2013,2015,2013,Germany
NCT04640090,Wellness Through Mobile Health,Completed,No,Musculoskeletal Diseases|Chronic Pain|Anxiety Disorders|Depression,Pain,BEHAVIORAL: Smartphone app (Wysa),Other,ALL,Adult + Older,60,OTHER,Interventional,2020,2021,2020,United States
NCT04585659,Qigong for Multiple Sclerosis: A Feasibility Study,Completed,No,Multiple Sclerosis,Neurological / Cognitive,OTHER: Qigong,Other,ALL,Adult + Older,20,OTHER,Interventional,2017,2018,2020,United States
NCT07555912,Intervention of Mindfulness Training on Attention Network and Negative Emotion Regulation in Adolescent Badminton Player,Completed,No,Attentional Network Function and Emotion Regulation in Adolescent Badminton Athletes,Other,BEHAVIORAL: Mindfulness Training,Mindfulness (General),ALL,Child + Adult,37,OTHER,Interventional,2024,2025,2026,China
NCT07210398,Mindfulness-based Cognitive Therapy for the Chronic Pain-early Cognitive Decline Co-morbidity Among Older Black Individu,Completed,Yes,Chronic Pain|Early Cognitive Decline,Pain,BEHAVIORAL: Mindfulness-based cognitive therapy,MBCT,ALL,Adult + Older,9,OTHER,Interventional,2024,2025,2025,United States
NCT04313517,Yoga@Work Intervention to Reduce Work-related Stress Among Information Technology Workers,Completed,No,Occupational Stress|Psychological Stress,Stress / Burnout,OTHER: Yoga,Yoga,ALL,Adult only,140,OTHER,Interventional,2019,2019,2020,United Kingdom
NCT04992663,Investigating the Effect of Virtual Reality on Labour Analgesia Use,Unknown,No,Virtual Reality|Labor Pain|Labor Analgesia,Pain,DEVICE: PICO glasses and controller with BirthVR,Other,FEMALE,Adult + Older,372,OTHER,Interventional,2021,2023,2021,Netherlands
NCT00860756,Sleep Disturbance in Deployed Soldiers,Unknown,No,Sleep Disturbance,Sleep / Fatigue,OTHER: Relaxation CD,Other,ALL,Adult only,150,FED,Interventional,2007,2009,2009,United States
NCT03831750,Assessing the Effectiveness of a Stress Reduction Intervention in Inflammatory Bowel Disease (IBD),Completed,No,Inflammatory Bowel Diseases|Remission|Perceived Stress,Stress / Burnout,OTHER: Stress Reduction Intervention,Other,ALL,Adult + Older,101,OTHER,Interventional,2019,2021,2019,Canada
NCT03501914,A Pilot Trial of Mindfulness Based Intervention Program for People With Intellectual Disabilities in a Low Income Settin,Completed,No,Intellectual Disability,Other,BEHAVIORAL: Mindfulness,Mindfulness (General),ALL,All ages,12,OTHER,Interventional,2018,2019,2018,Pakistan
NCT05410132,Internet-based Mindfulness-based Training (iMBT) for People With Depression,Completed,No,Mindfulness|Depression,Depression,OTHER: Internet-delivered Mindfulness Based Training (iMBT),Mindfulness (General),ALL,Adult + Older,116,OTHER,Interventional,2022,2024,2022,Hong Kong
NCT03460028,Yoga for Persistent Pain Related to Oncology Surgery,Completed,No,Persistent Postoperative Pain,Pain,BEHAVIORAL: Yoga Condition,Yoga,ALL,Adult + Older,23,OTHER,Interventional,2019,2021,2018,Canada
NCT03272516,Mindfulness Based Cognitive Therapy (MBCT) for Primary Care Patients,Completed,No,"Depression, Anxiety",Depression,BEHAVIORAL: Mindfulness based cognitive therapy (MBCT)|OTHER: Treatment as usual (TAU),MBCT,ALL,Adult + Older,120,OTHER,Interventional,2017,2020,2017,Iceland
NCT03163940,Laughter Yoga Intervention for People With Major Depressive Disorder,Completed,No,Major Depressive Disorder|Mood Disorder|Depression,Depression,BEHAVIORAL: Laughter Yoga,Yoga,ALL,Adult only,50,OTHER,Interventional,2017,2018,2017,Hong Kong
NCT02953444,The Feasibility and Efficacy of an Extremely Brief Mindfulness Practice,Terminated,No,Depression|Anxiety|Mental Disorders,Depression,OTHER: Thirty-Second Mindfulness Practice|OTHER: Three-Minute Mindfulness Practice,Mindfulness (General),ALL,Adult + Older,42,OTHER,Interventional,2016,2018,2016,United States
NCT05922943,Harmony & Health: A Culturally Adapted Mindbody Intervention to Reduce Sitting Time and Improve Psychosocial Wellbeing i,Recruiting,No,Psychosocial,Other,BEHAVIORAL: Harmony & Health program,Other,ALL,Adult only,250,OTHER,Interventional,2024,2029,2023,United States
NCT05827822,"Effectiveness of a WeChat-based Alcohol Consumption Intervention Mini-program (""Sober Time ACT"") in China",Unknown,No,Alcohol Use Disorder|Alcohol Abuse,Substance Use,DEVICE: Sober Time ACT,Other,ALL,Adult + Older,198,OTHER,Interventional,2023,2023,2023,China
NCT02759146,Using SMART Design to Improve Symptom Management Strategies Among Cancer Patients,Completed,Yes,Cancer,Cancer,OTHER: Reflexology|OTHER: Meditative Practices,Other,ALL,Adult + Older,347,OTHER,Interventional,2016,2019,2016,United States
NCT05296616,"Sleep Quality, Stress Level and Heart Rate Variability of University Students",Unknown,No,Sleep Quality|Stress Level|Heart Rate Variability,Stress / Burnout,BEHAVIORAL: Mindfulness Based Stress Reduction Intervention,Mindfulness (General),ALL,Child + Adult,60,OTHER,Interventional,2022,2023,2022,Turkey
NCT05864092,Virtual Reality as an Adjuvant Therapy for Sickle Cell Vaso-Occlusive Crisis in the Pediatric Emergency Department,Completed,No,Sickle Cell Crisis,Other,OTHER: Virtual Reality Goggles,Other,ALL,Child + Adult,101,OTHER,Interventional,2023,2024,2023,United States
NCT04889508,Investigating Differential Effects of Online Mental Training Interventions on Mental Well-being and Social Cohesion,Completed,No,Depressive Symptoms|Stress|Empathy|Compassion|Prosocial Behavior|Anxious Symptoms|Loneliness|Resilie,Depression,BEHAVIORAL: Socio-emotional mental training|BEHAVIORAL: Mindfulness-based mental training,Mindfulness (General),ALL,Adult + Older,285,OTHER,Interventional,2021,2022,2021,Germany
NCT00475111,Cognitive Behavioral Therapy Treatments for Adults With Rheumatoid Arthritis (The SARA Study),Completed,No,Rheumatoid Arthritis,Pain,BEHAVIORAL: Cognitive Behavior Therapy for Pain (CBT-P)|BEHAVIORAL: Mindfulness Meditation for Emoti,Mindfulness (General),ALL,Adult + Older,136,OTHER,Interventional,2001,2006,2007,United States
NCT00256464,Evaluation of a MCYI as Adjunct to Psychiatric Treatment for Vietnam Veterans With PTSD - RCT,Unknown,No,Posttraumatic Stress Disorder|Depression,Depression,BEHAVIORAL: Multi-component Yoga Intervention,Yoga,MALE,Adult + Older,30,OTHER,Interventional,2007,2008,2005,
NCT03495310,"Effect of Mindfulness on Stress, Appetite Hormones and Body Weight of Obese Schoolchildren. Controlled Clinical Trial",Completed,No,"Obesity, Childhood|Mindfulness",Cardiovascular / Metabolic,BEHAVIORAL: Mindfulness,Mindfulness (General),ALL,Child only,62,OTHER_GOV,Interventional,2018,2019,2018,Mexico
NCT04472104,BREast Cancer And Sexuality Treatment,Completed,No,Sexual Dysfunction,Other,BEHAVIORAL: MBCT-S|BEHAVIORAL: SexEd,MBCT,FEMALE,Adult + Older,118,OTHER,Interventional,2020,2023,2020,Canada
NCT02882802,Mindfulness for Anger in Veterans With PTSD,Completed,Yes,Anger|Aggression,Other,BEHAVIORAL: Mindfulness Based Stress Reduction|BEHAVIORAL: Trauma Recovery Education Class,Mindfulness (General),ALL,Adult + Older,61,FED,Interventional,2017,2023,2016,United States
NCT06038942,"Formal Versus Informal Mindfulness Among University Students With Self-reported ADHD, Nonsuicidal Self-injury, or Stress",Completed,No,Nonsuicidal Self-injury|ADHD|Mindfulness,Neurological / Cognitive,BEHAVIORAL: Formal mindfulness instruction|BEHAVIORAL: Informal mindfulness instruction,Mindfulness (General),ALL,Adult only,336,OTHER,Interventional,2023,2024,2023,Canada
NCT05463926,Effect of 'Parentbot - a Digital Healthcare Assistant (PDA)' in Improving Parenting Outcomes During the Perinatal Period,Completed,No,Perinatal Depression|Parents|Self Efficacy|Anxiety|Stress|Parenting Satisfaction,Depression,BEHAVIORAL: PDA mobile application,Other,ALL,Adult + Older,236,OTHER,Interventional,2022,2023,2022,Singapore
NCT07028216,Mindful Self-compassion for Anxiety and Depression: Impact of Delivery Method,Recruiting,No,Anxiety Disorders|Generalized Anxiety Disorder|Social Anxiety Disorder|Panic Disorder|Agoraphobia|Ma,Depression,BEHAVIORAL: Mindful Self-Compassion,Loving-Kindness / Compassion,ALL,Adult + Older,80,OTHER,Interventional,2025,2027,2025,United States
NCT06930742,Mindfulness-Enhanced Dual-Task Training in PD-MCI,Not Yet Recruiting,No,Mild Cognitive Impairment (MCI)|Parkinson's Disease (PD),Neurological / Cognitive,DEVICE: Cognitive-Motor Dual-Task Training|OTHER: Mindfulness Training|DEVICE: Single-task Training|,Mindfulness (General),ALL,Adult + Older,90,OTHER,Interventional,2025,2025,2025,China
NCT05746312,Music-based Mindfulness Intervention for Elevated Race-based Anxiety in the Black Community,Completed,No,Anxiety,Anxiety,BEHAVIORAL: healing attempt,Other,ALL,Adult + Older,8,OTHER,Interventional,2023,2023,2023,United States
NCT07261111,Effect of Subtle Energy Transmission and Tao Calligraphy Mindfulness Practice on Mitochondrial DNA in Peripheral Blood L,Not Yet Recruiting,No,Mitochondrial DNA|Quality of Life,Well-being / Mental Health,OTHER: Mindfulness practice with Tao Art (Calligraphy and Song Greatest Love),Mindfulness (General),ALL,Adult + Older,50,OTHER,Interventional,2026,2031,2025,Canada
NCT05515172,Resilience Intervention for Health Professionals COVID-19,Completed,No,Mental Health Wellness 1,Well-being / Mental Health,OTHER: Mindfulness-based Intervention,Mindfulness (General),ALL,Adult + Older,371,OTHER,Interventional,2020,2021,2022,Mexico
NCT06663397,Laughter Yoga's Impact on Traumatic Childbirth Preparation,Not Yet Recruiting,No,Maternal Distress|Prenatal Stress|Pregnancy Related,Stress / Burnout,OTHER: Laughter Yoga|OTHER: Standard Childbirth Preparation Training,Yoga,FEMALE,Adult + Older,68,OTHER,Interventional,2024,2026,2024,Turkey
NCT03484000,The ONE-MIND Study: Evaluating the Efficacy of Online Mindfulness-Based Cancer Recovery During Chemotherapy Treatment,Unknown,No,Breast Cancer|Colorectal Cancer|Chemotherapy Effect,Cancer,BEHAVIORAL: Online Mindfulness Based Cancer Recovery (MBCR),Mindfulness (General),ALL,Adult + Older,178,OTHER,Interventional,2018,2025,2018,Canada
NCT06390020,Mindfulness-Based Stress Reduction (MBSR) for People High on the Personality Trait Sensory Processing Sensitivity: A Mix,Unknown,No,Sensory Processing Sensitivity,Other,OTHER: MBSR,MBSR,ALL,Adult + Older,52,OTHER,Interventional,2024,2024,2024,Netherlands
NCT06211231,MY-ENDO -- Mind Your ENDOmetriosis: a Digital Mindfulness- and Acceptance-based Endometriosis Self-management Program,Recruiting,No,Endometriosis,Other,BEHAVIORAL: Digitally delivered mindfulness- and acceptance-based psychological intervention,Mindfulness (General),FEMALE,Adult + Older,255,OTHER,Interventional,2024,2026,2024,Denmark
NCT06111716,Mindfulness in Childbirth Preparation Education Process,Completed,No,Pregnant Women,Other,OTHER: Mindfulness- Based Childbirth Education|OTHER: Information-Based Birth Education,Mindfulness (General),FEMALE,Adult + Older,82,OTHER,Interventional,2021,2023,2023,Turkey
NCT04821544,Maternal Stress on Human Milk and Infant Outcomes,Recruiting,No,Postpartum Depression|Preterm Labor,Depression,BEHAVIORAL: Mindfulness-based intervention (with a focus on self-compassion; MBSC)|DIETARY_SUPPLEMEN,Loving-Kindness / Compassion,FEMALE,Adult only,500,OTHER,Interventional,2021,2027,2021,United States
NCT05877287,Effect of Awareness-Based Stress Reducatıon Program Applıed to Parents Wıth A Chıld Wıth Autısm,Completed,No,DEPRESSION|ANXIETY|STRESS|HOPELESSNESS|MİNDFULNESS,Depression,OTHER: mindfulness-based stress reduction program,MBSR,ALL,Adult + Older,96,OTHER,Interventional,2023,2025,2023,Turkey
NCT05803460,Explore the Effects of Virtual Reality Natural Environment of Older People,Completed,No,Older People,Other,BEHAVIORAL: Experimental group: Actual nature group|BEHAVIORAL: Experimental group: Virtual nature g,Other,ALL,Adult + Older,120,OTHER,Interventional,2023,2024,2023,Taiwan
NCT05831072,Efficacy of Mindfulness-cognitive Oriented Group Intervention Program on Depressed University Students,Completed,No,Depression in Adolescence,Depression,BEHAVIORAL: Mindfulness-cognitive oriented group program,Mindfulness (General),ALL,Adult only,19,OTHER,Interventional,2023,2023,2023,Taiwan
NCT05584475,Mindful Awareness Practices for ADHD Pilot Open Trial,Completed,No,ADHD,Neurological / Cognitive,BEHAVIORAL: Mindful Awareness Practices (MAPs),Other,ALL,Child only,16,OTHER,Interventional,2022,2023,2022,United States
NCT04034732,MBRP on Reducing Craving and Addictive Behaviour in Adults,Unknown,No,Substance Abuse|Substance Use Disorders,Substance Use,BEHAVIORAL: Mindfulness-based Relapses Prevention (MBRP)|BEHAVIORAL: Usual Care Control,Mindfulness (General),ALL,Adult + Older,80,OTHER,Interventional,2019,2024,2019,Hong Kong
NCT05391373,Effect of Laughter Therapy on Perceived Stress and Quality of Life,Completed,No,Laughter Therapy,Other,BEHAVIORAL: Laughter therapy,Other,FEMALE,Adult + Older,42,OTHER,Interventional,2022,2022,2022,Turkey
NCT02298270,Resiliency Training for Patients With Neurofibromatosis Via Videoconferencing With Skype,Completed,No,Neurofibromatosis|Neurofibromatosis I|Neurofibromatosis 2|Schwannomatosis,Other,BEHAVIORAL: The Relaxation Response Resiliency Program (3RP) via Skype,Other,ALL,Adult + Older,65,OTHER,Interventional,2014,2015,2014,United States
NCT05231031,Effect of Breathing and Relaxation Exercises on Serum Cortisol Levels in Type 2 Diabetic Patients,Completed,No,Diabetes Mellitus|Stress,Stress / Burnout,BEHAVIORAL: Aerobic exercise|BEHAVIORAL: breathing exercise|BEHAVIORAL: Relaxation training,Breathwork,ALL,Adult + Older,60,OTHER,Interventional,2021,2021,2022,Egypt
NCT06146218,Compassion-Based Resiliency Training (CBRT) Intervention on Racism-based Stress,Completed,Yes,"Racism|Stress, Psychological",Stress / Burnout,BEHAVIORAL: Contemplative-Based Resilience Training (CBRT),Other,ALL,Adult only,22,OTHER,Interventional,2024,2024,2023,United States
NCT05064813,MBSR Mechanisms in GAD,Recruiting,No,Generalized Anxiety Disorder,Anxiety,BEHAVIORAL: Mindfulness Based Stress Reduction MBSR Intervention|BEHAVIORAL: Stress Education Contro,MBSR,ALL,Adult only,150,OTHER,Interventional,2021,2026,2021,United States
NCT05204264,Mindfulness-based Emotional Regulation Versus ACT in Anxiety,Unknown,No,Anxiety,Anxiety,BEHAVIORAL: Acceptance and Commitment Therapy (ACT)|BEHAVIORAL: Mindfulness-based Emotional Regulati,Mindfulness (General),ALL,Adult + Older,128,OTHER,Interventional,2019,2023,2022,Spain
NCT03595007,The Heroes Circle Opioid Project,Completed,No,Opioid-use Disorder,Substance Use,BEHAVIORAL: Kids Kicking Cancer program,Other,ALL,Adult + Older,28,OTHER,Observational,2018,2019,2018,United States
NCT04711694,Mindfulness-Based Intervention for Adolescents,Unknown,No,Anxiety|Adolescent Behavior|Stress,Anxiety,BEHAVIORAL: Minfulness-based Intervention,Other,ALL,Child only,120,OTHER,Interventional,2019,2022,2021,Switzerland
NCT07451145,Stress Reduction Program for Iraqi Medical Students,Completed,No,Psychological Stress|Academic Stress,Stress / Burnout,BEHAVIORAL: Mindfulness-Based Stress Reduction Program,MBSR,ALL,Adult + Older,135,OTHER,Interventional,2024,2025,2026,Iraq
NCT04359563,You.Mind! | Boosting First-line Mental Health Care for Youngsters Suffering From Chronic Conditions With Mindfulness,Completed,No,Chronic Illness,Other,BEHAVIORAL: Mindfulness-Based Intervention,Mindfulness (General),ALL,Child + Adult,22,OTHER,Interventional,2020,2022,2020,Belgium
NCT07123311,Implementation and Evaluation of an Internet-Based Stress Management Program for Health Students in the Sfax Region,Not Yet Recruiting,No,Anxiety Depression (Mild or Not Persistent),Depression,BEHAVIORAL: Online Stress Management Program,Other,ALL,Adult + Older,120,OTHER,Interventional,2025,2025,2025,Tunisia
NCT04294082,Study of Mindfulness Course for Parents of Adults With Intellectual Disabilities,Withdrawn,No,Intellectual Disability,Other,BEHAVIORAL: Mindfulness based intervention,Mindfulness (General),ALL,Adult + Older,0,OTHER,Observational,2020,2021,2020,
NCT04185727,Training Intervention in the Treatment of Anorexia Nervosa,Terminated,No,Anorexia Nervosa|Exercise,Other,OTHER: Supervised strength training,Other,ALL,Adult only,5,OTHER,Interventional,2019,2020,2019,Denmark
NCT04113473,An Evaluation of Yoga Therapy for Cervical Spondylosis,Completed,No,Cervical Spondylosis|Neck Pain,Pain,OTHER: Yoga Therapy,Yoga,ALL,Adult only,62,OTHER,Interventional,2018,2019,2019,India
NCT04016311,A Brief Mindful Drinking/Eating Intervention for Hemodialysis Patients With Fluid Restrictions,Completed,Yes,Kidney Failure|Quality of Life|Fluid Restriction|Interdialytic Weight Gain|Hemodialysis|Mindfulness,Well-being / Mental Health,BEHAVIORAL: Mindful Drinking/Eating Intervention,Other,ALL,Adult + Older,38,OTHER,Interventional,2019,2020,2019,United States
NCT04086420,Mindfulness-Based Physical Activity Intervention,Completed,No,Mindfulness|Physical Activity,Well-being / Mental Health,BEHAVIORAL: Mindfulness|BEHAVIORAL: Heart-Rate,Mindfulness (General),ALL,Adult only,50,OTHER,Interventional,2018,2018,2019,United States
NCT05285956,Feasibility of Calm to Reduce Stress and Improve Sleep During Pregnancy,Terminated,No,Pregnancy Related,Pregnancy / Maternal,BEHAVIORAL: Calm app,Other,FEMALE,Adult + Older,4,INDUSTRY,Interventional,2022,2022,2022,United States
NCT03950713,Mindfulness Program for Older-Diabetes,Completed,No,Mental Health Wellness 1,Well-being / Mental Health,BEHAVIORAL: Mindfulness-based Stress Reduction Program - Taiwan (MBSR-T),MBSR,ALL,Adult + Older,140,OTHER,Interventional,2017,2017,2019,Taiwan
NCT03784846,"Mindfulness-Based Resilience Training for Aggression, Health, and Stress Among Law Enforcement Officers",Completed,Yes,"Stress, Psychological|Aggression",Stress / Burnout,BEHAVIORAL: Mindfulness-Based Resilience Training|BEHAVIORAL: Stress Management Education,Mindfulness (General),ALL,Adult + Older,109,OTHER,Interventional,2019,2022,2018,United States
NCT03777800,Body Therapy for War Veterans With Post Traumatic Stress Disorder (PTSD),Completed,No,"Stress Disorders, Post-Traumatic|Trauma and Stressor Related Disorders|Behavioral Symptoms|Depressio",Depression,BEHAVIORAL: Body therapy|BEHAVIORAL: Treatment as usual,Other,ALL,Adult + Older,42,OTHER,Interventional,2019,2022,2018,Denmark
NCT02441595,Mindfulness Based Childbirth and Parenting Education - RCT of Effects on Parent and Child Health,Completed,No,"Parent-Child Relations|Depression, Postpartum|Stress, Physiological|Stress, Psychological",Depression,BEHAVIORAL: MBCP|BEHAVIORAL: Psychoprophylaxis,Other,FEMALE,Adult + Older,193,OTHER,Interventional,2015,2018,2015,
NCT02387528,Efficacy of a Mindfulness-Based Intervention Versus Relaxation in Primary Care Burnout Providers.,Completed,No,Burnout Syndrome,Stress / Burnout,BEHAVIORAL: 1- Mindfulness Intervention|BEHAVIORAL: 2- Relaxation Intervention|OTHER: 3- Wait List C,Mindfulness (General),ALL,Adult + Older,142,OTHER,Interventional,2014,2018,2015,Brazil
NCT06250738,Shift-and-persist and Cardiometabolic Markers Among Women in Puerto Rico,Completed,Yes,Psychological Distress|Cardiometabolic Syndrome,Stress / Burnout,BEHAVIORAL: Mindfulness-based Stress reduction program: Virtual|BEHAVIORAL: Home exercises,MBSR,FEMALE,Adult only,24,OTHER,Interventional,2024,2024,2024,United States
NCT03365375,Mindfulness-Based Stress Reduction for Adults With Low-Risk Chest Pain Associated With Anxiety,Completed,Yes,Chest Pain|Anxiety|Mindfulness,Pain,BEHAVIORAL: MBSR Referral|OTHER: Usual Care Referral,MBSR,ALL,Adult + Older,28,OTHER,Interventional,2018,2020,2017,United States
NCT00034970,Mindfulness-Based Art Therapy for Cancer Patients,Completed,No,Cancer,Cancer,BEHAVIORAL: Mindfulness-based at therapy,Mindfulness (General),ALL,Adult + Older,114,NIH,Interventional,2002,2003,2002,United States
NCT04625777,"Selah Trial of Stress Interventions for Clergy: Mindfulness Based Stress Reduction, Daily Examen, and Stress Inoculation",Completed,No,Occupational Stress,Stress / Burnout,BEHAVIORAL: Mindfulness Based Stress Reduction|BEHAVIORAL: Daily Examen spiritual practice|BEHAVIORA,Mindfulness (General),ALL,Adult + Older,390,OTHER,Interventional,2020,2021,2020,United States
NCT03244995,Mind-Body Intervention in Glioma Couples,Active Not Recruiting,No,Glioblastoma|Low Grade Glioma|Malignant Glioma|Metastatic Malignant Neoplasm in the Brain|Partner|WH,Cancer,PROCEDURE: Mind-Body Intervention Procedure|OTHER: Quality-of-Life Assessment|OTHER: Questionnaire A,Other,ALL,Adult + Older,74,OTHER,Interventional,2017,2028,2017,United States
NCT05951621,The Patients With Gestational Diabetes Were Interfered With Qigong.,Unknown,No,Gestational Diabetes Mellitus in Pregnancy,Cardiovascular / Metabolic,OTHER: Qigong|BEHAVIORAL: guidance of nutrition and exercise,Other,FEMALE,Adult only,60,OTHER,Interventional,2023,2026,2023,
NCT04491968,Mindfulness Oriented Recovery Enhancement for Chronic Pain and Opioid Relapse,Completed,Yes,Opioid Use|Chronic Pain,Pain,BEHAVIORAL: Mindfulness Oriented Recovery Enhancement|OTHER: Methadone Treatment as Usual,Mindfulness (General),ALL,Adult + Older,154,OTHER,Interventional,2020,2022,2020,United States
NCT02861807,Mindfulness-Based Intervention and Transcranial Direct Current Brain Stimulation to Reduce Heavy Drinking,Completed,Yes,Alcohol Drinking|Alcohol Intoxication|Alcoholism,Substance Use,DEVICE: Brain stimulation with mindfulness-based relapse prevention,Mindfulness (General),ALL,Adult + Older,84,OTHER,Interventional,2016,2018,2016,United States
NCT05516108,Remote Mindfulness Training Following Early Life Adversity,Completed,Yes,Stress|Mindfulness|Early Life Adversity,Stress / Burnout,BEHAVIORAL: Mindfulness|BEHAVIORAL: Coping,Mindfulness (General),ALL,Adult only,81,OTHER,Interventional,2022,2024,2022,United States
NCT05434429,Mobile Health for Problematic Behaviors and Substance Use,Unknown,No,Addiction|Behavioral Addiction|Nicotine Addiction|Nicotine Dependence|Cannabis Dependence,Substance Use,OTHER: mobile application,Other,ALL,Adult + Older,600,INDUSTRY,Interventional,2022,2023,2022,Poland
NCT01546025,Brief Alcohol Intervention for School-to-Work Transitions,Completed,Yes,Binge Drinking,Other,BEHAVIORAL: Brief Motivational Counseling|BEHAVIORAL: Relaxation training,Other,ALL,Child + Adult,168,OTHER,Interventional,2010,2011,2012,
NCT03894501,Pilot of Mindfulness Oriented Recovery Enhancement in MethadoneTreatment,Completed,Yes,Opioid Use|Chronic Pain,Pain,BEHAVIORAL: Mindfulness Oriented Recovery Enhancement|BEHAVIORAL: Methadone program behavioral treat,Mindfulness (General),ALL,Adult + Older,30,OTHER,Interventional,2019,2019,2019,United States
NCT05236959,Mindfulness-Based Cognitive Therapy for Depressed IAPT Non-Responders,Unknown,No,Major Depressive Disorder,Depression,BEHAVIORAL: Mindfulness-Based Cognitive Therapy|OTHER: Treatment as Usual,MBCT,ALL,Adult + Older,234,OTHER,Interventional,2021,2022,2022,United Kingdom
NCT02327104,Effectiveness of Mindfulness Based Relapse Prevention for Tobacco Dependents,Completed,No,Tobacco Use Disorder,Substance Use,BEHAVIORAL: Mindfulness Based Relapse Prevention|OTHER: Brazilian Ministry of Health Protocol,Mindfulness (General),ALL,Adult + Older,60,OTHER,Interventional,2012,2016,2014,Brazil
NCT06346002,Impact of a Mindfulness-based Intervention on Well-being and Mental Health of Elementary School Children,Completed,No,Mindfulness-based Intervention|Elementary School Children|Mental Health Wellness 1,Well-being / Mental Health,BEHAVIORAL: Mindfulness-based intervention,Mindfulness (General),ALL,Child only,231,OTHER,Interventional,2017,2020,2024,Canada
NCT05129579,Psychological Resilience and Psychological Well-being of Intensive Care Nurses,Unknown,No,Psychological Resilience|Well-being,Well-being / Mental Health,BEHAVIORAL: Mindfulness Based Stress Reduction Intervention|OTHER: no intervention,Mindfulness (General),ALL,Adult only,44,OTHER,Interventional,2021,2022,2021,
NCT04970771,Solving Wellness: An Initiative to Enhance Canadian Healthcare Provider Wellness,Completed,No,"Stress|Burnout, Professional|Burnout",Stress / Burnout,BEHAVIORAL: Solving Wellness platform,Other,ALL,Adult + Older,53,OTHER,Interventional,2022,2023,2021,Canada
NCT02173626,Effect of Video-Module Based Mindfulness Training on Physician Stress and Well Being,Completed,No,Stress|Burnout|Mindfulness Skills,Stress / Burnout,BEHAVIORAL: Mindfulness Training,Mindfulness (General),ALL,All ages,23,OTHER,Interventional,2013,2014,2014,United States
NCT04720014,Enhancing Resilience in Senior Living Community Residents,Unknown,No,"Stress, Psychological|Coping Skills",Stress / Burnout,BEHAVIORAL: SMART-3RP Group Intervention,Other,ALL,All ages,80,OTHER,Interventional,2021,2021,2021,United States
NCT07145203,"Virtual Reality on Anxiety, Stress, Pain and Patient's Satisfaction Among Patients Undergoing Colonoscopy",Completed,No,Anxiety|Stress|Pain|Patient Satisfaction|Patients Undergoing Colonoscopy,Pain,DEVICE: Meta Quest 2 VR headset,Other,ALL,Adult + Older,150,OTHER,Interventional,2024,2025,2025,Palestinian Territories
NCT04348669,Tele-yoga and Dystonia,Unknown,No,Cervical Dystonia,Other,OTHER: Tele-yoga,Yoga,ALL,Adult + Older,25,OTHER,Interventional,2020,2023,2020,United States
NCT04164654,A Mobile App to Address Student Loneliness,Completed,No,Loneliness,Other,BEHAVIORAL: Loneliness Intervention,Other,ALL,Adult only,221,OTHER,Interventional,2019,2021,2019,United States
NCT04240899,Yoga for Anxiety in Adults,Completed,No,Parkinson Disease|Anxiety,Anxiety,OTHER: Tele-yoga,Yoga,ALL,Adult + Older,16,OTHER,Interventional,2020,2021,2020,United States
NCT06930313,Compassion-Based Intervention for Lung Cancer Caregivers (CBI-LCC),Not Yet Recruiting,No,Compassion,Other,BEHAVIORAL: Brief Compassion-Based Intervention (BCI)|BEHAVIORAL: Telephone-Based Support and Educat,Loving-Kindness / Compassion,ALL,Adult + Older,84,OTHER,Interventional,2026,2028,2025,Taiwan
NCT01359839,Effectiveness of a Relaxation-Response Based Cognitive Behavioral Therapy Group for Depressed Chinese Patients,Completed,No,Depression,Depression,BEHAVIORAL: Relaxation Response and Cognitive Behavioral Therapy,CBT,ALL,Adult + Older,40,OTHER,Interventional,2010,2011,2011,United States
NCT06080685,Efficacy of Character Strengths Intervention in Enhancing Character Strengths and Self-esteem Among Adolescents,Completed,No,Mental Health Issue|Mutism|Orthopedic Disorder,Well-being / Mental Health,BEHAVIORAL: Character Strengths Intervention,Other,ALL,Child + Adult,94,OTHER,Interventional,2023,2023,2023,Pakistan
NCT06877325,Synergistic Effects of Traditional Chinese Medicine Practices and Pelvic Floor Muscle Training,Completed,No,Maternal Stress,Stress / Burnout,BEHAVIORAL: PFMT|BEHAVIORAL: QGPFMT|BEHAVIORAL: Qigong,Other,FEMALE,Adult only,108,OTHER,Interventional,2022,2024,2025,China
NCT04026594,Mindfulness-based Therapy Versus Relaxation in Prevention of Burnout in Medical Students,Unknown,No,Burnout|Emotional Disturbances|Depression,Depression,OTHER: Mindfulness Based Stress Reduction|OTHER: Relaxation group,Mindfulness (General),ALL,Adult + Older,612,OTHER,Interventional,2019,2024,2019,France
NCT06750406,Effects of Mind Body Exercises in Pregnant Women,Completed,No,Pregnancy Related,Pregnancy / Maternal,OTHER: mind body exercises|OTHER: relaxation exercises,Other,FEMALE,Adult only,34,OTHER,Interventional,2024,2025,2024,Pakistan
NCT06734767,The Effect of an MBSR Course on Medical Trainee and Medical Academic Faculty Stress and Burnout,Enrolling By Invitation,No,Burnout,Stress / Burnout,BEHAVIORAL: Mindfulness Based Stress Reduction 8-week course,Mindfulness (General),ALL,All ages,200,OTHER,Interventional,2024,2030,2024,United States
NCT03840304,Effect of Yoga@Work Program,Completed,No,Musculoskeletal Pain|Neck Pain|Shoulder Pain,Pain,OTHER: Yoga@work,Yoga,ALL,Adult only,132,OTHER,Interventional,2018,2019,2019,India
NCT03771235,Online Mindfulness-based Tic Reduction (Phase Two),Completed,No,Tourette Syndrome|Persistent Tic Disorder,Other,BEHAVIORAL: Mindfulness-based Intervention for Tics|BEHAVIORAL: Tic Information and Coping Strategie,Mindfulness (General),ALL,Adult + Older,37,OTHER,Interventional,2018,2020,2018,United States
NCT06507345,Postoperative Analgesia Intervention With Non-opioid Alternatives (PAIN-Alt) Trial - Breast Surgery,Recruiting,No,Post Operative Pain|Opioid Analgesic Adverse Reaction|Surgery|Postoperative Pain|Breast Disease,Pain,OTHER: Opioid Analgesia (OA) [Multimodal analgesia including opioid drugs]|OTHER: Opioid-Free Analge,Other,ALL,Adult + Older,540,OTHER,Interventional,2024,2026,2024,Canada
NCT03614390,Mindfulness for Medical Students,Completed,No,"Mindfulness|Burnout, Professional",Stress / Burnout,BEHAVIORAL: mindfulness based cognitive therapy (MBCT),MBCT,ALL,Adult + Older,24,OTHER,Interventional,2018,2019,2018,Hong Kong
NCT00880152,Mindfulness Based Stress Reduction for Posttraumatic Stress Disorder: A Pilot Study,Completed,No,"Stress Disorders, Post-Traumatic|Depression",Depression,BEHAVIORAL: Mindfulness-based stress reduction,MBSR,ALL,Adult + Older,50,OTHER,Interventional,2008,2009,2009,United States
NCT00745940,Mindfulness-Based Cognitive Therapy Intervention to Treat Depression in Individuals With a Traumatic Brain Injury,Completed,Yes,Depression|Traumatic Brain Injury,Depression,BEHAVIORAL: MBCT for TBI,MBCT,ALL,Adult + Older,105,OTHER,Interventional,2009,2012,2008,Canada
NCT06095661,Virtual Reality as a Postoperative Pain Management Adjunct in Older Adults: An Acceptability and Feasibility Study,Completed,No,"Aged|Surgery|Pain, Postoperative|Virtual Reality",Pain,"OTHER: REAL System i-Series VR head-mounted display (HMD) from Penumbra, Inc.",Other,ALL,Adult + Older,29,OTHER,Interventional,2023,2024,2023,United States
NCT00529971,A Randomized Controlled Trial of a Mindfulness-Based Stress Reduction Intervention for Men Living With HIV,Completed,No,HIV Infections,Other,BEHAVIORAL: MBSR group|OTHER: Control,MBSR,MALE,Adult + Older,117,OTHER,Interventional,2003,2006,2007,Canada
NCT06025799,Effect of Mindfulness-based Stress Reduction Intervention on Psychological Distress and Hope Among Female Patients Under,Completed,No,Breast Cancer Female,Cancer,BEHAVIORAL: Mindfulness-based stress reduction intervention,MBSR,FEMALE,All ages,100,OTHER,Interventional,2023,2023,2023,Egypt
NCT06060964,Enabling Remote Access to Breathe Easier: A Novel Approach to Improve Symptom Management,Unknown,No,"Lung Cancer, Nonsmall Cell|Lung Cancer Stage I|Lung Cancer Stage II|Lung Cancer Stage III",Cancer,OTHER: Breathe Easier Progressive Web Application,Breathwork,ALL,All ages,24,OTHER,Interventional,2023,2024,2023,United States
NCT05999500,The Effectiveness of Temple Stay in Irritable Bowel Syndrome,Recruiting,No,Irritable Bowel Syndrome|Microbial Colonization,Other,BEHAVIORAL: Temple stay experience,Other,ALL,Adult + Older,100,OTHER,Observational,2023,2024,2023,South Korea
NCT06922838,The Effectiveness of a Virtual Reality-based Multisensory Intervention,Not Yet Recruiting,No,Gynecological Disease,Other,OTHER: Virtual Reality intervention|OTHER: Aromatherapy,Other,FEMALE,Adult + Older,100,OTHER,Interventional,2025,2025,2025,
NCT05995587,Mindfulness-Based Cognitive Therapy in Older People,Completed,No,Depressive Symptoms,Depression,BEHAVIORAL: Mindfulness-based cognitive therapy (MBCT),MBCT,ALL,Adult + Older,112,OTHER,Interventional,2022,2023,2023,Hong Kong
NCT05837169,Randomized Study to Evaluate an Intervention Based on Mindfulness to Reduce Anxiety in Breast Cancer Survivors,Completed,No,Anxiety|Breast Cancer|Survivorship,Cancer,OTHER: Mindfulness-based stress reduction,MBSR,FEMALE,Adult + Older,68,OTHER,Interventional,2021,2022,2023,Mexico
NCT05233046,"Impact of Mindfulness Program on Perceived Wellness, Eating Habits and Relationship to Food",Unknown,No,"Diet, Healthy|Food Habits|Mental Fatigue|Mental Stress|Mental Health Issue|Nutrition Poor|Nutrition ",Stress / Burnout,BEHAVIORAL: Nutrition and Mental health counseling|BEHAVIORAL: Nutrition and Mental health counselin,Other,ALL,Adult + Older,500,OTHER,Interventional,2022,2022,2022,
NCT05815693,Cognitive-behavioral Therapy for Mental Disorder in COVID-19 Survivors,Unknown,No,Post Acute COVID-19 Syndrome,Other,BEHAVIORAL: mindfulness-based stress reduction (MBSR) and cognitive behavioral therapy (CBT),MBSR,ALL,All ages,140,OTHER,Interventional,2023,2023,2023,Italy
NCT00183560,Preventing Depression Relapse With Mindfulness-Based Cognitive Therapy,Completed,No,Depression,Depression,BEHAVIORAL: Mindfulness based cognitive therapy (MBCT)|DRUG: Antidepressants|DRUG: Placebo plus clin,MBCT,ALL,Adult + Older,184,OTHER,Interventional,2004,2010,2005,Canada
NCT07149285,Effect of Mandala Practice on Menopausal Symptoms and Quality of Life,Not Yet Recruiting,No,Menopause Symptom Management|Quality of Life|Menopausal Symptoms,Well-being / Mental Health,OTHER: Mandala coloring,Other,FEMALE,Adult only,78,OTHER,Interventional,2025,2025,2025,Turkey
NCT05577169,Incorporating Mind-body Skills With Diabetes Education in Adolescents With Type 1 Diabetes,Completed,No,Type 1 Diabetes|Adolescent Behavior,Cardiovascular / Metabolic,BEHAVIORAL: Mind-body skills|BEHAVIORAL: Diabetes education,Other,ALL,Child only,30,OTHER,Interventional,2022,2024,2022,United States
NCT06544044,Efficacy of Brief Mindfulness Based Self- Compassion Intervention for Management of Anger Among Adolescents,Completed,No,Aggression,Other,BEHAVIORAL: Brief Mindfulness' Self compassion,Loving-Kindness / Compassion,ALL,Child + Adult,25,OTHER,Interventional,2024,2024,2024,Pakistan
NCT00966732,Yoga for Fibromyalgia,Completed,No,Fibromyalgia,Pain,BEHAVIORAL: Yoga of Awareness Program,Yoga,FEMALE,Adult + Older,68,OTHER,Interventional,2009,2010,2009,United States
NCT00027001,Qigong Therapy For Heart Device Patients,Completed,No,Depressive Disorder|Cardiac Diseases,Depression,BEHAVIORAL: Aerobic and Resistance Exercises|BEHAVIORAL: Qigong,Other,ALL,Adult + Older,30,NIH,Interventional,2000,2003,2001,United States
NCT06476548,Mindfulness-Based Ecological Momentary Intervention For Smoking Cessation Among Cancer Survivors,Completed,Yes,Any Cancer Type,Cancer,DEVICE: EMI,Other,ALL,Adult + Older,12,OTHER,Interventional,2024,2024,2024,United States
NCT06237439,Sharing HaRT in New Expanses,Unknown,No,"Depressive Symptoms|Trauma, Psychological|Anxiety Generalized",Depression,BEHAVIORAL: Move with HaRT,Other,FEMALE,All ages,302,OTHER,Interventional,2023,2025,2024,Uganda
NCT05203029,Effectiveness of Aerobic Exercises and Laughter Yoga Compared With Yoga in Anxiety/Depression Levels in Breast Cancer,Completed,No,Breast Cancer Survivors,Cancer,OTHER: Online exercise,Other,FEMALE,Adult + Older,198,OTHER,Interventional,2022,2022,2022,Iran
NCT05195138,Mindfulness-Based Diabetes Education for Adults With Elevated Diabetes Distress,Completed,No,Type 2 Diabetes,Cardiovascular / Metabolic,BEHAVIORAL: Mindfulness-Based Diabetes Education|BEHAVIORAL: Standard Diabetes Self-Management Educa,Mindfulness (General),ALL,Adult + Older,36,OTHER,Interventional,2023,2025,2022,United States
NCT05210075,Mindful With Your Baby in a Non-clinical Setting,Completed,No,Stress Reduction,Stress / Burnout,BEHAVIORAL: Mindful with your Baby program,Other,FEMALE,Child + Adult,17,OTHER,Interventional,2016,2018,2022,
NCT04708522,Breath Control and Mindfulness for Post Concussion Anxiety and Depression: a Feasibility Study,Unknown,No,Post-Concussion Syndrome|Anxiety Disorders and Symptoms|Depressive Symptoms,Depression,BEHAVIORAL: Breath Control - Equal Breathing Technique|BEHAVIORAL: Guided Mindfulness Exercise|BEHAV,Mindfulness (General),ALL,Adult + Older,30,OTHER,Interventional,2021,2021,2021,Canada
NCT04692233,Qigong to Improve Frailty Among Older Cancer Survivors,Completed,No,Cancer|Frailty|Survivorship|Elderly,Cancer,BEHAVIORAL: Qigong Baduanjin|BEHAVIORAL: Light flexibility exercise,Other,ALL,Adult + Older,226,OTHER,Interventional,2021,2024,2020,Hong Kong
NCT04727710,Testing the Effect of Mindfulness for Prostatectomy Outcomes,Terminated,No,Prostate Cancer,Cancer,BEHAVIORAL: Mindfulness-based Intervention|BEHAVIORAL: Usual Care,Mindfulness (General),ALL,Adult + Older,1,OTHER,Interventional,2020,2020,2021,United States
NCT07402811,Mindfulness-Based Intervention for Pain and Sleep in Adolescents and Young Adults With Sickle Cell Disease,Recruiting,No,Chronic Pain|Sickle Cell Disease|Sleep Disturbance,Pain,BEHAVIORAL: Mobile bindfulness-based intervention,Other,ALL,Child + Adult,20,OTHER,Interventional,2025,2026,2026,United States
NCT05397249,The Impact of Mindfulness and Spirituality on Student Well-being,Completed,No,Well-being|Stress|Anxiety|Depression,Depression,BEHAVIORAL: Mindfulness Training,Mindfulness (General),ALL,Adult + Older,514,OTHER,Interventional,2018,2019,2022,United States
NCT04160754,Mindfulness for at Risk Youth: Understanding Substance Use and Important Mechanisms of Change,Completed,No,"Alcohol Use, Underage|Alcohol Problem Drinking|Substance Use",Substance Use,BEHAVIORAL: Mindfulness Based Relapse Prevention|BEHAVIORAL: Control (CTL),Mindfulness (General),ALL,Adult only,24,OTHER,Interventional,2019,2020,2019,United States
NCT04457388,Tele-Yoga Therapy for Chronic Pain,Completed,No,Chronic Pain,Pain,OTHER: Tele-Yoga Therapy,Yoga,ALL,Adult only,18,OTHER,Interventional,2020,2020,2020,United Kingdom
NCT06510907,MBSR on Nocturnal Hypertension,Completed,No,Hypertension,Cardiovascular / Metabolic,BEHAVIORAL: mindfulness based stress reduction program,Mindfulness (General),ALL,Adult + Older,76,OTHER,Interventional,2023,2024,2024,Hong Kong
NCT04414033,Bubble: A New VR-AI Way of Treatment for Hot Flashes in Women With Breast Cancer,Completed,No,Hot Flashes|Breast Cancer,Cancer,DEVICE: Bubble: A New VR-AI Way of Treatment for Hot Flashes,Other,FEMALE,Adult only,37,OTHER,Interventional,2018,2019,2020,Israel
NCT06236737,Sensorimotor Exercises and Neurodevelopmental Yoga in Chronic Neck Pain,Completed,No,Neck Pain,Pain,OTHER: Sensorimotor Exercise|OTHER: Yoga Exercise,Yoga,ALL,Adult + Older,50,OTHER,Interventional,2020,2022,2024,Turkey
NCT04331236,Yoga-CBT Group Intervention for Adolescents With Chronic Pain and Their Caregivers,Completed,No,Pediatric Chronic Pain,Pain,BEHAVIORAL: Cognitive Behavioral Therapy|OTHER: Yoga,Yoga,ALL,Child + Adult,35,OTHER,Interventional,2019,2024,2020,United States
NCT07088289,VR Mindfulness for People With HIV and Substance Use,Not Yet Recruiting,No,"HIV|Substance Use (Drugs, Alcohol)",Substance Use,BEHAVIORAL: TRIPP,Other,ALL,Adult + Older,30,OTHER,Interventional,2026,2027,2025,
NCT07456527,Evaluating the Impact of Mindfulness Based Physical Therapy on Burnout Syndrome Among University Students.,Active Not Recruiting,No,Burnout Syndrome,Stress / Burnout,BEHAVIORAL: Standard Physical Therapy|BEHAVIORAL: Mindfulness Based Physical Therapy,Mindfulness (General),ALL,Adult only,55,OTHER,Interventional,2026,2026,2026,Pakistan
NCT04160078,Mindfulness IN-home for Diabetes and Sleep Health,Completed,Yes,"Diabetes|Diabetes Mellitus, Type 2",Cardiovascular / Metabolic,BEHAVIORAL: Mindfulness-based stress reduction (MBSR) Intervention,MBSR,ALL,Adult + Older,18,OTHER,Interventional,2019,2021,2019,United States
NCT05818488,The Effect of a Mind-body Exercise Program on Aspects of Attention in Individuals With Anxiety,Unknown,No,Anxiety Disorder,Anxiety,OTHER: Experimental mind-body intervention,Other,ALL,Adult + Older,16,OTHER,Interventional,2024,2024,2023,
NCT05867238,Impact of Stress Management Training on the Resilience and Stress of Student Nurse Anaesthetists,Completed,No,"Stress, Psychological",Stress / Burnout,OTHER: Training stress management,Other,ALL,Adult + Older,61,OTHER,Observational,2023,2023,2023,France
NCT03484390,Effects of Mindfulness on PTSD,Completed,No,"Mindfulness|Stress Disorder, Posttraumatic",PTSD / Trauma,BEHAVIORAL: Mindfulness-based stress reduction|BEHAVIORAL: Wellness Group,MBSR,FEMALE,Adult only,35,OTHER,Interventional,2016,2018,2018,United States
NCT04826250,The Effect of Timing of Antihypertensive Medication on Diurnal Fluctuations in Blood Pressure Using a Wearable Sensor Wi,Withdrawn,No,Hypertension,Cardiovascular / Metabolic,PROCEDURE: Timing of medication,Other,ALL,Adult + Older,0,OTHER,Interventional,2021,2022,2021,Israel
NCT01680419,Mission Reconnect: Promoting Resilience and Reintegration of Post-Deployment Veterans and Their Families,Completed,No,Stress|Depression|PTSD|Sleep|Compassion,Depression,BEHAVIORAL: Mission Reconnect|BEHAVIORAL: PREP,Other,ALL,Adult + Older,320,OTHER,Interventional,2012,2015,2012,
NCT05734638,Stress and Blood Pressure Management for Caregivers,Active Not Recruiting,No,"Hypertension|Stress, Psychological",Stress / Burnout,BEHAVIORAL: MIM-DASH|BEHAVIORAL: MIM Only|BEHAVIORAL: DASH Only,Other,FEMALE,Adult + Older,90,OTHER,Interventional,2023,2026,2023,United States
NCT03094000,Mindfulness Training Effect on Self-monitoring Adherence and Group CBT Outcomes for Binge Eating Disorders,Unknown,No,Bulimia Nervosa|Binge-Eating Disorder|Night-eating Syndrome,Other,BEHAVIORAL: MIND|BEHAVIORAL: CBT-E,CBT,FEMALE,Adult only,40,OTHER,Interventional,2015,2018,2017,
NCT03071562,A Randomized Pilot Trial Evaluating the Impact of a Yoga Intervention on Cognition in Older Adults Infected With HIV,Completed,No,HIV/AIDS|Cognitive Impairment|Aging|Mobility Limitation|Medication Adherence|Depression|Quality of L,Depression,OTHER: Yoga-mindfulness,Yoga,ALL,Adult + Older,22,OTHER,Interventional,2017,2019,2017,Canada
NCT05844722,Effectiveness of Mindfulness-based Cognitive Therapy Undergoing Post Stroke Rehabilitation,Completed,No,Stroke|Rehabilitation|Mindfulness,Well-being / Mental Health,BEHAVIORAL: Mindfulness-based intervention therapy|OTHER: usual care,Mindfulness (General),ALL,Adult + Older,93,OTHER_GOV,Interventional,2019,2022,2023,Hungary
NCT05810259,Assessing the Effectiveness of Digital Wellness Modules on Perceived Quality of Life,Recruiting,No,Wellness|Quality of Life|Anxiety|Depression,Depression,DEVICE: Caravan Wellness app,Other,ALL,Adult + Older,120,OTHER,Interventional,2024,2025,2023,United States
NCT02746679,"Impact of Mindfulness Based Stress Reduction on Anxiety, Depression and QOL in Women With Intrauterine Adhesion.",Completed,Yes,Asherman Syndrome,Other,OTHER: Mindfulness Based Stress Reduction,Mindfulness (General),FEMALE,Adult only,226,OTHER,Interventional,2015,2016,2016,
NCT04665167,An Intervention for Eating and Body Image Concerns Among Young Adult Women,Completed,No,Eating Disorder Symptom|Body Image Disturbance,Other,BEHAVIORAL: Body image exposure|BEHAVIORAL: Self-compassion,Loving-Kindness / Compassion,FEMALE,Adult + Older,30,OTHER,Interventional,2021,2021,2020,United Kingdom
NCT05452629,"Effect of Brief Mindfulness and Relaxation Inductions on Anxiety, Affect and Brain Activation in Athletes",Completed,No,State Anxiety|Affect|Electroencephalography,Anxiety,BEHAVIORAL: Mindfulness induction (MI)|BEHAVIORAL: Relaxation (RI),Mindfulness (General),ALL,Adult only,35,OTHER,Interventional,2020,2021,2022,Taiwan
NCT02671487,Mind-Body Skills Groups for Behavioral and Emotional Problems in War-Traumatized Male Adolescents in Gaza,Completed,No,Problem Behavior|Aggression|Posttraumatic Stress Disorder,PTSD / Trauma,BEHAVIORAL: Mind-Body Skills Groups,Other,MALE,Child only,115,OTHER,Interventional,2016,2017,2016,Palestinian Territories
NCT02801123,The MATCH Study: Mindfulness And Tai Chi for Cancer Health,Unknown,No,Cancer,Cancer,BEHAVIORAL: Mindfulness Based Cancer Recovery (MBCR)|BEHAVIORAL: Tai Chi/Qigong (TCQ) for Cancer Pat,Mindfulness (General),ALL,Adult + Older,600,OTHER,Interventional,2016,2023,2016,Canada
NCT02541357,Preoperative Relaxation and Intensified Patient Surgery Education in Patients Undergoing Colorectal Surgery,Terminated,No,Gastrointestinal Diseases,Other,BEHAVIORAL: relaxation program|BEHAVIORAL: surgery education,Other,ALL,Adult + Older,4,OTHER,Interventional,2015,2016,2015,Germany
NCT04572035,Exercise + Self-Compassion Intervention for Depression,Completed,No,Depression,Depression,BEHAVIORAL: Behavioural Coaching|BEHAVIORAL: Self-compassion psychoeducation|OTHER: Exercise,Loving-Kindness / Compassion,ALL,Child + Adult,60,OTHER,Interventional,2020,2022,2020,Canada
NCT02481271,Preoperative Relaxation and Intensified Patient Surgery Education in Patients Undergoing Cholecystectomy,Unknown,No,Gall Stones,Other,BEHAVIORAL: relaxation program|BEHAVIORAL: surgery education,Other,ALL,Adult + Older,108,OTHER,Interventional,2015,2017,2015,Germany
NCT02476370,Effects of Preoperative Relaxation and Intensified Surgery Education in Patients Undergoing Herniotomy,Unknown,No,"Hernia, Inguinal|Anxiety|Postoperative Pain",Pain,BEHAVIORAL: relaxation program|BEHAVIORAL: surgery education,Other,MALE,Adult + Older,108,OTHER,Interventional,2015,2017,2015,Germany
NCT06785766,"Effects of Yoga on Balance, Cognition, Posture, and Body Awareness in Premenstrual Syndrome (PMS)",Enrolling By Invitation,No,Premenstrual Syndrome-PMS,Other,BEHAVIORAL: Yoga-Based Exercise Program,Yoga,FEMALE,Adult + Older,60,OTHER,Interventional,2025,2026,2025,Turkey
NCT07497802,Mindfulness-Based Psychoeducation for Women With Gynecological Cancer,Not Yet Recruiting,No,Gynecologic Cancers,Cancer,BEHAVIORAL: Mindfulness-Based Psychoeducation Program|BEHAVIORAL: Usual Care,Mindfulness (General),FEMALE,Adult + Older,96,OTHER,Interventional,2026,2030,2026,Turkey
NCT06907654,Couples' Affect in Relationships Study,Not Yet Recruiting,No,Depression Disorders,Depression,DEVICE: well-being app|BEHAVIORAL: List of well-being resources,Other,ALL,Adult + Older,2000,OTHER,Interventional,2026,2028,2025,United States
NCT00243282,Randomized Controlled Trial of Mind-Body Breathing Therapy (in Chronic Obstructive Pulmonary Disease) To Improve Palliat,Completed,No,"Pulmonary Disease, Chronic Obstructive",Other,"BEHAVIORAL: Relaxation Response (instruction, pocket practice card prov)|BEHAVIORAL: Mindfulness tra",Mindfulness (General),ALL,All ages,120,FED,Interventional,2005,2006,2005,United States
NCT06501235,Virtue-Based vs. Cognitive-Behavioral Interventions in Patients With Chronic Medical Disease,Recruiting,No,"Well-Being, Psychological",Well-being / Mental Health,BEHAVIORAL: Cognitive-Behavioral Therapy (CBT)|BEHAVIORAL: Virtue-Based Intervention (VBI),CBT,ALL,Adult + Older,100,OTHER,Interventional,2024,2025,2024,Spain
NCT07221409,Virtual Reality Intervention to Improve Psychological Symptom Burden for Cancer Patients Undergoing Treatment,Recruiting,No,Adjustment Disorder|Anxiety Disorder|Depression|Hematopoietic and Lymphoid System Neoplasm|Malignant,Cancer,OTHER: Questionnaire Administration|OTHER: Virtual Reality (VR) Intervention,Other,ALL,Adult + Older,24,OTHER,Interventional,2025,2027,2025,United States
NCT07141953,Yoga in Women With Surgical Menopause After Gynecological Cancer,Not Yet Recruiting,No,Gynecological Oncology|Gynecology|Oncology|Surgical Menopause|Symptom Management|Quality of Life|Sle,Cancer,BEHAVIORAL: Yoga,Yoga,FEMALE,Adult + Older,46,OTHER,Interventional,2025,2026,2025,Turkey
NCT04284449,"Integrative Therapy for Holistic, Natural Cognition and Lifestyle Rehabilitation",Completed,No,Cognitive Dysfunction,Neurological / Cognitive,OTHER: Whole-practice cognitive optimization,Other,ALL,Adult + Older,34,OTHER,Observational,2020,2023,2020,United States
NCT05974072,A Feasibility Study of a Multidisciplinary Treatment for Patients with Chronic Low Back Pain: PAINDOC Study.,Completed,No,Chronic Low-back Pain,Pain,DRUG: Usual Care|OTHER: PAINDOC Program,Other,ALL,Adult + Older,41,OTHER,Interventional,2023,2023,2023,Spain
NCT06870305,Efficacy of Mindfulness in PREventing Progression to Psychosis in Individuals With an Ultra High Risk for Psychosis,Not Yet Recruiting,No,Clinical High Risk for Psychosis (CHR),Other,OTHER: MBTP : Mindflulness based training for psychosis,Other,ALL,Adult only,270,OTHER,Interventional,2029,2029,2025,France
NCT05846126,Digital Multimodal Rehabilitation for People With Post-acute COVID-19 Syndrome.,Completed,No,Post-COVID Syndrome,Other,BEHAVIORAL: RehabCovid_Telematic|BEHAVIORAL: RehabCovid_ImmersiveVR|BEHAVIORAL: Control_Condition,Other,ALL,Adult + Older,172,OTHER,Interventional,2023,2024,2023,Spain
NCT02744014,Add-on Therapy for Axial Spondyloarthritis,Completed,No,Axial Spondyloarthritis,Pain,BEHAVIORAL: Add-on Therapy for Axial Spondyloarthritis,Other,ALL,Adult only,24,OTHER,Interventional,2016,2017,2016,Netherlands
NCT03942471,Mindfulness for Adolescents With Type 1 Diabetes,Completed,No,Type 1 Diabetes Mellitus,Cardiovascular / Metabolic,BEHAVIORAL: Mindfulness Based Stress Reduction,Mindfulness (General),ALL,Child + Adult,65,OTHER,Interventional,2015,2019,2019,
NCT02438891,Treatment of Tinnitus Using a Web-based Sound and Cognitive Behavioral Therapy,Completed,No,Tinnitus,Other,BEHAVIORAL: Cognitive behavioral therapy,CBT,ALL,Adult + Older,92,OTHER,Interventional,2019,2020,2015,United States
NCT04032496,Contemplation-Based Intervention and Health Outcomes RCT in Lupus Patients,Unknown,No,"Lupus Erythematosus, Systemic",Other,BEHAVIORAL: Contemplative-Based Intervention for People Living with SLE|BEHAVIORAL: Health Enhanceme,Other,ALL,Adult + Older,50,OTHER,Interventional,2020,2021,2019,
NCT02122978,Comparing Mindfulness Based Cognitive Therapy and Mindfulness Based Self-compassion Therapy in a Psoriasis Sample,Unknown,No,Psoriasis,Other,BEHAVIORAL: Mindfulness Based Cognitive Therapy|BEHAVIORAL: MBSC - minimal contact|BEHAVIORAL: Mindf,Loving-Kindness / Compassion,ALL,Adult + Older,94,OTHER,Interventional,2013,2015,2014,Ireland
NCT06070844,Yoga Nidra and Pain After Caesarean Section,Unknown,No,Caesarean Section|Yoga,Other,BEHAVIORAL: yoga nidra,Yoga,FEMALE,Adult only,128,OTHER,Interventional,2023,2023,2023,Turkey
NCT05907265,Immersive Virtual Reality Techniques on the Effects on Cognition in People With Cancer,Recruiting,No,Cancer|Cognitive Impairment,Cancer,BEHAVIORAL: Behavioral: ONCOBrain_ImmersiveVR|BEHAVIORAL: Behavioral: Control_Condition,Other,ALL,Adult + Older,60,OTHER,Interventional,2023,2027,2023,Spain
NCT06357663,Subtle Energy Transmission and Tao Calligraphy Mindfulness in Telomere Length in Peripheral Blood Leukocytes,Terminated,No,Telomere Length|Quality of Life,Well-being / Mental Health,OTHER: Mindfulness practice with Calligraphy,Mindfulness (General),ALL,Adult + Older,12,OTHER,Interventional,2023,2025,2024,Canada
NCT02340754,Mindfulness-based Stress Reduction for Multiple Sclerosis,Completed,No,Multiple Sclerosis,Neurological / Cognitive,BEHAVIORAL: Mindfulness-based Stress Reduction|BEHAVIORAL: MS Education Control,MBSR,ALL,Adult + Older,67,OTHER,Interventional,2015,2017,2015,United States
NCT05541263,Mindful Network Dynamics Regulation Under Stress,Terminated,No,Stress,Stress / Burnout,BEHAVIORAL: Mindfulness Based Stress Reduction,Mindfulness (General),ALL,Adult + Older,75,OTHER,Interventional,2021,2025,2022,Netherlands
NCT02681666,Mindfulness-Based Eating in Patients With Irritable Bowel Syndrome,Completed,No,Abdominal Pain|Irritable Bowel Syndrome|IBS,Pain,DIETARY_SUPPLEMENT: Dietary intervention|BEHAVIORAL: Irritable Bowel Syndrome eating awareness train,Other,ALL,Adult + Older,20,OTHER,Interventional,2017,2017,2016,United States
NCT05199805,Mindfulness-Based Pain Management (MBPM) for Patients With Chronic Musculoskeletal Pain,Completed,No,Chronic Pain,Pain,BEHAVIORAL: Mindfulness-based pain management,Mindfulness (General),ALL,Adult + Older,40,OTHER,Interventional,2022,2022,2022,Germany
NCT02444195,Guided Imagery in the Perioperative Period in Gynecologic Oncology Patients,Completed,No,Uterine Cervical Neoplasms|Uterine Neoplasms|Ovarian Neoplasms|Urogenital Neoplasms|Fallopian Tube N,Cancer,BEHAVIORAL: Guided Imagery With Audio Media,Other,FEMALE,Adult + Older,130,OTHER,Interventional,2015,2016,2015,United States
NCT07328061,Virtual Reality for Anxiety and Pain Management in Transvaginal Ultrasound for Endometriosis,Completed,No,Endometriosis,Other,BEHAVIORAL: Virtual reality - based distraction,Other,FEMALE,Adult only,155,OTHER_GOV,Interventional,2023,2024,2026,Israel
NCT07288047,Virtual Reality as a Method for Pain and Anxiety Control During First Trimester Procedural Abortion,Recruiting,No,"Abortion, First Trimester|Pain Management|Pain After Surgery|Satisfaction|Satisfaction With Care|Anx",Pain,DEVICE: VR headset|OTHER: Usual Care,Other,FEMALE,Adult + Older,72,OTHER,Interventional,2026,2026,2025,United States
NCT07248111,Effectiveness of the Mindful Compassion Care Program for Healthcare Professionals in Oncology and Palliative Care,Not Yet Recruiting,No,Professional Quality of Life|Palliative Care|Oncology,Cancer,BEHAVIORAL: MCCP,Other,ALL,Adult + Older,160,OTHER_GOV,Interventional,2027,2028,2025,Italy
NCT04560088,Mindfulness to Reduce Loneliness in Older Caregivers,Completed,Yes,Social Isolation|Loneliness,Other,BEHAVIORAL: Mindfulness|BEHAVIORAL: Breathing,Mindfulness (General),ALL,Adult + Older,55,OTHER,Interventional,2021,2022,2020,United States
NCT07127809,Mindfulness-Based Intervention Targeting Psychological Capital to Reduce Job Burnout Among Nurses,Completed,No,Burnout|Psychological Capital|Mental Health|Mindfulness-based Intervention,Stress / Burnout,BEHAVIORAL: Mindfulness Practice,Mindfulness (General),ALL,Adult only,124,OTHER,Interventional,2024,2025,2025,China
NCT05585775,Mood and Thought Process Study,Recruiting,No,Depression in Remission|Depressive Symptoms|Depression,Depression,BEHAVIORAL: Mindfulness-Based Cognitive Therapy|BEHAVIORAL: Wellness for Wellbeing,MBCT,ALL,Adult + Older,76,OTHER,Interventional,2023,2026,2022,United States
NCT06732778,Effectiveness of Pain Neuroscience Education in Women With Menstrual Pain,Completed,No,Pain Management|Dysmenorrhea (Disorder),Pain,OTHER: Pain Neuroscience Education (PNE)|OTHER: Control Group (CG),Other,FEMALE,Adult + Older,74,OTHER,Interventional,2024,2025,2024,Turkey
NCT01250509,Craving and Lifestyle Management Through Mindfulness Study,Completed,Yes,Obesity,Cardiovascular / Metabolic,BEHAVIORAL: Craving and Lifestyle Management through Mindfulness,Mindfulness (General),FEMALE,Adult only,53,OTHER,Interventional,2006,2008,2010,United States
NCT03069118,90-Day Online Substance Use Program,Unknown,No,Addictive Behavior|Alcohol Use Disorder|Alcohol Abuse|Drug Abuse|Drug Use Disorders,Substance Use,BEHAVIORAL: Treatment - Workit Health Online Program|BEHAVIORAL: Control - Resource List,Other,ALL,Adult + Older,200,INDUSTRY,Interventional,2017,2017,2017,United States
NCT06454526,Effects of Mindfulness-Based Program on Individual and Organizational Output of Frontline Manager Nurses:,Active Not Recruiting,No,Nurses|Mindfulness Training,Well-being / Mental Health,BEHAVIORAL: Mindfulness Based Program,Mindfulness (General),ALL,All ages,41,OTHER,Interventional,2023,2024,2024,Turkey
NCT01093053,Mind-Body Skills Groups for the Treatment of War Zone Stress in Military and Veteran Populations,Completed,No,"Stress Disorders, Post Traumatic|Brain Injuries|Depressive Disorder|Anxiety Disorders|Anger",Depression,BEHAVIORAL: Mind-Body Skills Groups|OTHER: Standard Treatment,Other,ALL,Adult + Older,108,OTHER,Interventional,2010,2013,2010,United States
NCT03756701,Mind Body Interventions for the Student Population,Completed,No,Chronic Pain|Anxiety|Stress,Pain,BEHAVIORAL: Mind body skills,Other,ALL,Adult + Older,20,OTHER,Interventional,2018,2019,2018,United States
NCT06361706,VR-Enhanced Psychoeducation for Chronic Pain: A Primary Care Pilot Study,Recruiting,No,Chronic Pain|Central Sensitization,Pain,BEHAVIORAL: VR-Enhanced Psychoeducational Program for Chronic Pain,Other,ALL,Adult + Older,60,OTHER,Interventional,2023,2026,2024,Spain
NCT06460259,"The Effect of Breathing Exercises on Pain, Anxiety, Dyspnea, and Insomnia in Patients Undergoing Lung Surgery.",Completed,No,Lung Surgery,Other,BEHAVIORAL: Breathing Exercise,Breathwork,ALL,All ages,74,OTHER,Interventional,2023,2025,2024,Turkey
NCT06289426,Online Yoga for Improving the Well-being of Desk-based Workers,Completed,No,Perceived Stress|Depression|Anxiety|Mindfulness|Self-Compassion|Compassion|Work Engagement|Productiv,Pain,OTHER: Yoga,Yoga,ALL,Adult + Older,80,OTHER,Interventional,2024,2024,2024,United Kingdom
NCT07435545,"Effect of Laughter Yoga on Menopausal Symptoms, Sleep, and Quality of Life in Menopausal Women",Not Yet Recruiting,No,Menopause,Other,BEHAVIORAL: Laughter Yoga,Yoga,FEMALE,All ages,80,OTHER,Interventional,2026,2026,2026,Turkey
NCT03388177,Yoga for Young Women With Depression,Unknown,No,Major Depressive Disorder,Depression,BEHAVIORAL: Yoga-based therapy|OTHER: Treatment as usual,Yoga,FEMALE,Adult only,170,OTHER,Interventional,2016,2019,2018,Netherlands
NCT06014970,The Health and Wellness Curriculum Assessment,Completed,No,"Trauma, Psychological|Stress, Psychological",PTSD / Trauma,BEHAVIORAL: Health and Wellness Curriculum,Other,ALL,All ages,1176,OTHER,Interventional,2014,2019,2023,
NCT03334929,Virtual Reality Distraction for Anxiety Reduction During Trigger Points Procedures in Pain Medicine Clinic,Completed,No,Pain Management,Pain,DEVICE: Virtual Reality headset,Other,ALL,Adult + Older,47,OTHER,Interventional,2017,2018,2017,United States
NCT02309112,Yoga in Adult Cancer: A Feasibility Trial,Completed,Yes,Quality of Life,Well-being / Mental Health,OTHER: Yoga,Yoga,ALL,Adult + Older,15,OTHER,Interventional,2014,2014,2014,
NCT05867680,Feasibility Trial of an Online Course (eMB) to Reduce Anxiety and Depression for Pregnant Women and Their Partners,Completed,No,Anxiety Disorders Generalized|Depression,Depression,BEHAVIORAL: Online Mothers and Babies Course (eMB),Other,ALL,Adult + Older,60,OTHER,Interventional,2020,2022,2023,United States
NCT05631743,VR-CBT With Inuit in Quebec,Recruiting,No,Emotion Regulation,Other,BEHAVIORAL: VR-CBT|BEHAVIORAL: Self-management,CBT,ALL,Child + Adult,40,OTHER,Interventional,2023,2025,2022,Canada
NCT05606510,The Effects of Mindful Exercise on Back Pain in Older Patients With Primary Osteoporosis,Unknown,No,Older People|Primary Osteoporosis|Back Pain,Pain,OTHER: Mindful exercise|OTHER: usual care,Other,ALL,Adult + Older,128,OTHER,Interventional,2023,2024,2022,China
NCT02760303,Reducing Stress in Adolescents and Young Adults With Type 1 Diabetes to Improve Diabetes Care,Completed,No,Type 1 Diabetes,Cardiovascular / Metabolic,BEHAVIORAL: Cognitive Behavioral Therapy|BEHAVIORAL: Mindfulness Based Stress Reduction|BEHAVIORAL:,Mindfulness (General),ALL,Child + Adult,60,OTHER,Interventional,2015,2017,2016,United States
NCT05496127,Sensorimotor Exercises Practice and Yoga in Chronic Neck Pain,Unknown,No,Chronic Pain|Neck Pain,Pain,OTHER: Sensorimotor Exercises and Yoga,Yoga,ALL,Adult + Older,50,OTHER,Interventional,2020,2022,2022,Turkey
NCT04900194,The Effect of Mindfulness-based Sexual Counseling on Sexual Distress in Pregnant Women,Completed,No,Counseling,Other,BEHAVIORAL: mindfulness-based sexual counseling,Mindfulness (General),FEMALE,Adult + Older,134,OTHER,Interventional,2020,2020,2021,Turkey
NCT02103387,Five Sessions Intervention to Facilitate Adaptation to Breast Cancer,Completed,No,Breast Cancer,Cancer,BEHAVIORAL: Cognitive Behavioral Training|BEHAVIORAL: Relaxation Training|BEHAVIORAL: Health Educati,CBT,FEMALE,Adult + Older,194,OTHER,Interventional,2007,2014,2014,United States
NCT07342140,Mindfulness-based Lifestyle Modification Programme for Caregivers of People With Neurological Disorders,Not Yet Recruiting,No,Caregiver,Other,BEHAVIORAL: In-Person Mindfulness-based Group Sessions|BEHAVIORAL: Ecological Momentary Intervention,Mindfulness (General),ALL,Adult + Older,236,OTHER,Interventional,2026,2028,2026,Hong Kong
NCT04487483,Exploring the Impact of a Sleep App on Sleep Quality,Unknown,No,Sleep,Sleep / Fatigue,BEHAVIORAL: Sleep App,Other,ALL,Adult + Older,101,OTHER,Interventional,2020,2020,2020,United Kingdom
NCT04267471,Tai Chi for Patients With Essential Hypertension,Unknown,No,Hypertension,Cardiovascular / Metabolic,BEHAVIORAL: Tai Chi|BEHAVIORAL: Walking,Other,ALL,Adult + Older,234,OTHER,Interventional,2020,2022,2020,China
NCT06706778,The Mechanism Underlying the Analgesic Effect of the Music of IBS Pain,Not Yet Recruiting,No,Abdominal Pain/ Discomfort|Irritable Bowel Syndrome,Pain,BEHAVIORAL: Music intervention,Other,ALL,Adult only,30,OTHER,Interventional,2026,2027,2024,United States
NCT04100239,A Pilot and Feasibility Trial of a Group Mindfulness and Self-compassion Intervention for Young People Diagnosed With IB,Unknown,No,Inflammatory Bowel Diseases,Other,BEHAVIORAL: Mindfulness-based stress reduction (MBSR),MBSR,ALL,Child + Adult,60,OTHER,Interventional,2019,2023,2019,United Kingdom
NCT04073524,The Wild Man Programme - a Nature-based Rehabilitation Enhancing Quality of Life for Men on Long-term Sick Leave,Unknown,No,Stress|Anxiety|Depression|Cardiac Disease|Cancer|Diabetes|Copd,Cancer,OTHER: Nature-Body-Mind-Community|OTHER: Treatment as usual,Other,MALE,Adult + Older,76,OTHER,Interventional,2018,2021,2019,Denmark
NCT04009005,Clinically Isolated Syndrome and Relapsing-Remitting Multiple Sclerosis,Active Not Recruiting,No,Clinically Isolated Syndrome|Relapsing Remitting Multiple Sclerosis,Neurological / Cognitive,BEHAVIORAL: Therapeutic diet and lifestyle,Other,ALL,Adult only,44,OTHER,Interventional,2020,2027,2019,United States
NCT05838443,Mindfulness Surgical Pain Outcomes,Completed,No,Post Surgical Pain|Surgery,Pain,OTHER: Self-directed mindfulness utilizing a multi-sensor EEG-supported device with neurofeedback-as,Mindfulness (General),ALL,Child + Adult,92,OTHER,Interventional,2022,2024,2023,United States
NCT00928980,Mindfulness Based Cognitive Therapy and Antidepressant Medication in Recurrent Depression,Completed,No,"Depressive Disorder, Major",Depression,BEHAVIORAL: Mindfulness Based Cognitive Therapy|DRUG: Optimal Medical Care,Mindfulness (General),ALL,Adult + Older,317,OTHER,Interventional,2009,2013,2009,Netherlands
NCT03529812,CBCT for Spiritual Health Clinicians,Completed,No,Health Behavior,Other,BEHAVIORAL: CBCT-informed training,Other,ALL,All ages,304,OTHER,Interventional,2018,2020,2018,United States
NCT06923527,Circulating Tumor DNA,Recruiting,No,ER+ Breast Cancer,Cancer,DRUG: Elacestrant,Other,ALL,Adult + Older,50,OTHER,Interventional,2025,2027,2025,United States
NCT07193602,VR-based Dexterity Training in MS,Not Yet Recruiting,No,Multiple Sclerosis,Neurological / Cognitive,DEVICE: VR-based dexterity training in MS|OTHER: mediation program,Other,ALL,Adult + Older,60,OTHER,Interventional,2026,2028,2025,Switzerland
NCT05921201,Preventing Depression of Chinese American Adolescents by RRE,Recruiting,No,Subclinical Depressive Symptoms,Depression,"BEHAVIORAL: Relax, Reflect, and Empower mobile application",Other,ALL,Child + Adult,110,OTHER,Interventional,2024,2027,2023,United States
NCT04391530,The Effect of Breath Therapy and Emotional Freedom Technique on Public Speaking Anxiety,Unknown,No,Public Speaking|Anxiety|Emotional Stress,Anxiety,"BEHAVIORAL: emotional freedom technique, breathing therapy",Breathwork,ALL,Adult only,76,OTHER,Interventional,2020,2020,2020,
NCT05546697,Comparing Behavior Therapy and Yoga for Treating Depression Among Adults,Active Not Recruiting,No,Depression,Depression,OTHER: Online- Yoga-based Intervetion|BEHAVIORAL: Online- BA,Yoga,ALL,Adult + Older,518,OTHER,Interventional,2023,2026,2022,United States
NCT02902692,Mindfulness for Older Adults With Cognitive Concerns,Unknown,No,Mild Cognitive Impairment,Neurological / Cognitive,OTHER: Brief Mindfulness,Mindfulness (General),ALL,Adult + Older,90,OTHER,Interventional,2016,2017,2016,United Kingdom
NCT02900612,Effects of Two Aquatic Training Models in Physiological Parameters of Elderly Dyslipidemic Women.,Completed,No,Dyslipidemias,Other,OTHER: Water aerobics training.|OTHER: Water resistance training.|OTHER: Control Group,Other,FEMALE,Adult + Older,45,OTHER,Interventional,2015,2016,2016,
NCT02490189,Mindfulness-based Intervention Versus CBT for Social Anxiety Disorder,Completed,No,Social Anxiety Disorder,Anxiety,BEHAVIORAL: Mindfulness-based Intervention|BEHAVIORAL: Cognitive Behavior Group Therapy,Mindfulness (General),ALL,Adult + Older,97,OTHER,Interventional,2015,2018,2015,Canada
NCT04890925,A Community Support Network Intervention in SOAR Project Intimate Partner Violence-Related Traumatic Brain Injury,Unknown,No,Mild Traumatic Brain Injury,PTSD / Trauma,BEHAVIORAL: Community Support Network (CSN) intervention|BEHAVIORAL: Usual care,Other,FEMALE,Adult only,78,OTHER,Interventional,2022,2024,2021,Canada
NCT07540923,"Effect of MBSR Training on Childbirth Fear, Bonding and Breastfeeding in Adolescent Pregnant Women",Recruiting,No,Pregnancy in Adolescence|Fear|Mother-Child Relations|Mindfulness|Breastfeeding,Well-being / Mental Health,BEHAVIORAL: Mindfulness-Based Stress Reduction (MBSR) Training,MBSR,ALL,Child + Adult,54,OTHER,Interventional,2025,2026,2026,Turkey
NCT07491861,Mindfulness-Based Stress Reduction for Emotional Recovery After Stroke,Recruiting,No,Chronic Stroke Patients,Other,BEHAVIORAL: Mindfulness-Based Stress Reduction (MBSR),MBSR,ALL,Adult + Older,30,OTHER,Interventional,2026,2026,2026,United States
NCT05625360,REmotely-delivered Supportive Programs for Improving Surgical Pain and disTrEss,Recruiting,No,"Postoperative Pain, Acute|Postoperative Depression|Anxiety|Sleep Disturbance|Malignant Female Reprod",Cancer,OTHER: eHealth Mindful Movement and Breathing|OTHER: Life Impacts Reflection|OTHER: PROMIS Questionn,Breathwork,FEMALE,Adult + Older,160,OTHER,Interventional,2023,2026,2022,United States
NCT07371806,EFFETCS OF MİNDFULNESS-BASED STRESS REDUCTION İN WOMEN WİTH CORONARY ARTERY DİSEASE,Not Yet Recruiting,No,Coronary Artery Disease (CAD),Other,BEHAVIORAL: Mindfulness-Based Intervention Program,Mindfulness (General),FEMALE,Adult only,70,OTHER,Interventional,2026,2026,2026,Turkey
NCT02987426,Can Brief-mindfulness Interventions Improve Psychiatric Symptoms?,Completed,No,Psychiatric Disorders,Other,BEHAVIORAL: Mindfulness-oriented intervention,Mindfulness (General),ALL,Adult + Older,20,OTHER,Interventional,2017,2020,2016,Canada
NCT05438134,Enhancing Resilience in Senior Community Residents,Completed,No,"Quality of Life|Stress, Psychological",Stress / Burnout,BEHAVIORAL: SMART-3RP Group Intervention,Other,ALL,All ages,288,OTHER,Interventional,2022,2023,2022,United States
NCT06749353,Virtual Reality to Reduce Intraoperative Anxiety in Vasectomies Under Local Anesthesia,Not Yet Recruiting,No,Anxiety,Anxiety,DEVICE: Virtual reality,Other,MALE,Adult + Older,148,OTHER,Interventional,2025,2026,2024,Spain
NCT04099173,A Brief Mindfulness-Based Intervention for Suicidal Ideation,Completed,No,Suicidal Ideation|Psychiatric Disorder|Addiction,Substance Use,BEHAVIORAL: Brief Mindfulness Based Intervention,Mindfulness (General),ALL,Adult + Older,25,FED,Interventional,2019,2023,2019,United States
NCT04023968,Student Wellness Workshop Study,Completed,No,"Stress|Stress, Psychological|Stress Reaction|Adjustment|Adjustment, Social|Adjustment, Emotional",Stress / Burnout,BEHAVIORAL: YESplus workshop|BEHAVIORAL: WOW! workshop,Other,ALL,Adult only,108,OTHER,Interventional,2015,2017,2019,
NCT06512012,Technology-Assisted Yoga and Exercise on Neuropathy and Pain in Children With Leukemia,Completed,No,Leukemia|Children With Cancer|Yoga Therapy|Excercise|Neuropathy;Peripheral|Pain,Cancer,BEHAVIORAL: yoga and exercise,Yoga,ALL,Child + Adult,27,OTHER,Interventional,2021,2024,2024,Turkey
NCT02349217,Mindfulness Based Couples Therapy,Completed,No,Breast Cancer,Cancer,BEHAVIORAL: Mindfulness-Based Relationship Enhancement (MBRE)|BEHAVIORAL: Self-Help Materials|BEHAVI,Mindfulness (General),ALL,Adult + Older,24,OTHER,Interventional,2015,2022,2015,United States
NCT01263730,Tai Chi Training for Treating Depressed Chinese Americans,Completed,No,Major Depressive Disorder,Depression,BEHAVIORAL: Tai Chi,Other,ALL,Adult + Older,38,OTHER,Interventional,2008,2010,2010,United States
NCT03760627,Evaluation of A Mindfulness Resiliency Training Program for Refugees Living in Jordan,Completed,No,"Mental Health Issue (E.G., Depression, Psychosis, Personality Disorder, Substance Abuse)|Mental Heal",Depression,BEHAVIORAL: Refugees Mindfulness Resiliency Training|BEHAVIORAL: Mindfulness Resiliency Training,Mindfulness (General),ALL,All ages,39,OTHER,Interventional,2018,2020,2018,Jordan
NCT06318338,Virtual Reality to Promote Relaxation Prior to Simulation,Completed,Yes,Cancer,Cancer,OTHER: Virtual Reality Program,Other,ALL,Adult + Older,25,OTHER,Interventional,2024,2025,2024,United States
NCT04949360,SleepUp Digital CBTi-based Platform for Insomnia,Recruiting,No,Insomnia|Sleep Disorder|Sleep Hygiene,Sleep / Fatigue,BEHAVIORAL: Online Cognitive-Behavioral Therapy for Insomnia and complementary therapies|BEHAVIORAL:,Other,ALL,Adult only,280,INDUSTRY,Interventional,2025,2026,2021,Brazil
NCT05100537,Effect of Mindfulness Based Stress Reduction (MBSR) Programme for Reducing the Stress Level of Nursing Student,Completed,No,Stress|Emotion Regulation,Stress / Burnout,BEHAVIORAL: Mindfulness Based Stress Reduction|OTHER: continuing a routine life,Mindfulness (General),ALL,Adult only,50,OTHER,Interventional,2021,2022,2021,Turkey
NCT06248450,Medical YOga dUring CANcer Treatment in a Digital or Physical Setting - a PREFERensbased Study,Completed,No,Cancer,Cancer,OTHER: Medical yoga,Yoga,ALL,Adult + Older,163,OTHER_GOV,Interventional,2023,2025,2024,Sweden
NCT06138717,The Effect of Aerobic Exercises and Yoga Exercises in Axial Spondyloarthritis,Unknown,No,Axial Spondyloarthritis and Ankylosing Spondylitis,Pain,OTHER: yoga based exercises,Yoga,ALL,Adult + Older,60,OTHER,Interventional,2022,2024,2023,Turkey
NCT00974077,Psychophysiological Correlates of Mindfulness Based Cognitive Therapy (MBCT) in Recurrent Depression,Completed,No,Depression,Depression,BEHAVIORAL: Mindfulness Based Cognitive Therapy|OTHER: Waiting List Control,Mindfulness (General),ALL,Adult + Older,120,OTHER,Interventional,2008,2011,2009,Germany
NCT06076317,Relevance of a Telemedicine Monitoring in the Management of Depression,Recruiting,No,Major Depressive Disorder,Depression,BEHAVIORAL: Telemedicine session,Other,ALL,Adult + Older,836,OTHER,Interventional,2024,2029,2023,France
NCT05972486,A Study of MUSE Device for Midlife Women,Completed,Yes,Women's Health|Insomnia|Sleep Disturbance,Sleep / Fatigue,DEVICE: Muse-S™ headband system,Other,FEMALE,Adult + Older,31,OTHER,Interventional,2023,2025,2023,United States
NCT05949437,Effect of Yoga Breathing Exercises Versus Aerobic Exercise on Hematological Parameters,Unknown,No,Iron Deficiency Anemia,Other,OTHER: Yuga|OTHER: Aerobic exercises,Other,FEMALE,Adult only,60,OTHER,Interventional,2023,2023,2023,Egypt
NCT00449293,Behavioral Therapy for Reduction in Smoking Craving,Completed,No,Smoking Cessation|Tobacco Dependence,Substance Use,BEHAVIORAL: standard cognitive behavioral therapy|BEHAVIORAL: Mindfulness Based Cognitive Therapy,Mindfulness (General),ALL,Adult + Older,40,OTHER,Interventional,2006,2008,2007,United States
NCT05743920,"Self-help Forest Bathing (Shinrin-yoku) on Depression, Anxiety, and Stress",Unknown,No,"Depression, Anxiety|Stress",Depression,BEHAVIORAL: Self-help Forest Bathing,Other,ALL,Adult + Older,80,OTHER,Interventional,2023,2023,2023,
NCT05640505,Gratitude Interventions for Academic Stress Among Pakistani Adolescents,Completed,No,"Stress, Psychological",Stress / Burnout,BEHAVIORAL: School based Gratitude Interventions,Other,ALL,Child only,102,OTHER,Interventional,2018,2019,2022,Pakistan
NCT05470010,Smartphone App-Based Mindfulness Intervention for French and English Speaker Cancer Survivors,Recruiting,No,Cancer|Psychological,Cancer,BEHAVIORAL: Mindfulness,Mindfulness (General),ALL,Adult + Older,345,NETWORK,Interventional,2025,2026,2022,Canada
NCT03680664,Mindfulness-Based Stress Reduction (MBSR) and Transcranial Direct Current Stimulation (tDCS),Completed,No,Anxiety Disorders|Mood Disorders|Transcranial Direct Current Stimulation|tDCS|Stress Reduction,Anxiety,DEVICE: Active tDCS|OTHER: sham tDCS|BEHAVIORAL: MBSR,MBSR,ALL,Adult + Older,12,OTHER,Interventional,2018,2019,2018,Canada
NCT05429970,A Study Comparing Perioperative Stress Reduction vs. Standard of Care in Ovarian Cancer (PRESERVE),Recruiting,No,Ovarian Cancer|Ovarian Carcinoma|Stage II Ovary Cancer|Stage II Ovarian Cancer|Stage III Ovary Cance,Cancer,BEHAVIORAL: Mind-body resilience training|BEHAVIORAL: Music therapy|DRUG: Propranolol|DRUG: Etodolac,Other,FEMALE,Adult + Older,35,OTHER,Interventional,2022,2026,2022,United States
NCT06758284,Effect of Laughter Yoga on Surgical Fear and Anxiety in Patients Applied Before Ureteroscopy,Recruiting,No,Ureteroscopy|Kidney Stones,Other,OTHER: Laughter Yoga,Yoga,ALL,Adult + Older,92,OTHER,Interventional,2024,2024,2025,Turkey
NCT00269490,Yoga as a Therapy for Traumatic Experiences,Completed,No,Post-Traumatic Stress Disorder,PTSD / Trauma,BEHAVIORAL: Yoga Nidra,Yoga,ALL,Adult + Older,7,OTHER,Observational,2005,2007,2005,United States
NCT06042413,Prediction and Prevention of Postoperative Mortality and Morbidity,Not Yet Recruiting,No,Dementia|Postoperative Delirium (POD)|Postoperative Neurocognitive Disorder|Major Adverse Cardiac an,Neurological / Cognitive,OTHER: Personalized CPC Prehabilitation|BEHAVIORAL: Cognitive Training|BEHAVIORAL: Meditation|BEHAVI,Meditation (General),ALL,Adult + Older,1200,OTHER,Interventional,2026,2027,2023,United States
NCT06987526,Renewed Recovery: a Pilot Test of a Web-Based Mindfulness-Based Relapse Prevention Continuing Care Intervention for Alco,Recruiting,No,Alcohol Use Disorder (AUD),Substance Use,BEHAVIORAL: Mindfulness-Based Relapse Prevention,Mindfulness (General),ALL,Adult + Older,30,OTHER,Interventional,2025,2026,2025,United States
NCT06536218,Sleep Disorder Mindfulness Stress Reduction Intervention,Active Not Recruiting,No,Patients in the Sleep Clinic,Sleep / Fatigue,BEHAVIORAL: CONSCIOUS AWARENESS STRESS REDUCTION PROGRAM APPLICATION,Other,ALL,Adult + Older,16,OTHER,Interventional,2024,2024,2024,Turkey
NCT05090683,Evaluation of a Mind-body Based Application for the Treatment of Chronic/Persistent Pain.,Completed,Yes,Chronic Pain|Migraine|Chronic Pain Syndrome,Pain,BEHAVIORAL: Mind-body mobile application,Other,ALL,Adult + Older,198,OTHER,Interventional,2021,2022,2021,Canada
NCT05956782,Breathe Easier II: A Dyad-based Multiple Behavior Intervention,Completed,No,"Lung Cancer, Nonsmall Cell|COPD|Self-Management|Physical Inactivity|Stress|Quality of Life",Cancer,BEHAVIORAL: Breathe Easier,Breathwork,ALL,Adult + Older,40,OTHER,Interventional,2022,2024,2023,United States
NCT02327559,Prenatal Education About Reducing Labor Stress (PEARLS),Completed,No,Labor Pain|Tocophobia,Pain,BEHAVIORAL: Mind in Labor (MIL): Working with Pain in Childbirth|BEHAVIORAL: Treatment as usual (TAU,Other,FEMALE,Adult + Older,33,OTHER,Interventional,2011,2015,2014,United States
NCT07048366,Mindfulness-based Rehabilitation in a University Museum Setting to Reduce Pain and Improve Quality of Life in Women With,Recruiting,No,Fibromyalgia|Chronic Pain|Musculoskeletal Pain,Pain,BEHAVIORAL: Integrated Rehabilitation Program at the University Museum|OTHER: CARES treatment,Other,FEMALE,Adult only,44,OTHER,Interventional,2025,2026,2025,Italy
NCT04571593,Remote Yoga Nidra for Anxiety and Sleep,Completed,No,Insomnia Due to Anxiety and Fear,Anxiety,BEHAVIORAL: Yoga Nidra,Yoga,ALL,Adult + Older,74,OTHER,Interventional,2020,2020,2020,United States
NCT06897072,The Effect of Yoga on Labour and Neonatal Outcomes in Pregnant Women,Active Not Recruiting,No,Pregnancy Related,Pregnancy / Maternal,BEHAVIORAL: Yoga,Yoga,FEMALE,Adult + Older,80,OTHER,Interventional,2025,2025,2025,Turkey
NCT06838351,Drawing and Anxiety Study,Completed,No,Anxiety,Anxiety,BEHAVIORAL: Guided Drawing Intervention|BEHAVIORAL: Free Drawing Control|BEHAVIORAL: Basic Control,Other,ALL,Child + Adult,275,OTHER,Interventional,2022,2025,2025,United States
NCT01713764,A Pilot Study of the Effects of Diet and Behavioral Interventions on Health in Diabetics,Completed,No,Diabetes Type II,Cardiovascular / Metabolic,BEHAVIORAL: Low Carbohydrate Diet|BEHAVIORAL: American Diabetes Association Diet|BEHAVIORAL: Mindful,Mindfulness (General),ALL,Adult + Older,34,OTHER,Interventional,2012,2013,2012,United States
NCT01617421,Yoga as Self-Care for Arthritis in Minority Communities,Completed,Yes,Rheumatoid Arthritis|Arthritis,Pain,BEHAVIORAL: Yoga,Yoga,ALL,Adult + Older,18,NIH,Interventional,2012,2017,2012,United States
NCT01576978,Hatha Yoga Exercises in Pelvic and Lumbar Back Pain in Pregnant Woman,Completed,No,LUMBAR BACK PAIN|PELVIC PAIN|PREGNANCY,Pain,BEHAVIORAL: hatha yoga,Yoga,FEMALE,Adult only,60,OTHER,Interventional,2009,2012,2012,
NCT03557762,The SEAMLESS Study: Smartphone App-based Mindfulness for Cancer Survivors,Completed,No,Cancer|Psychological,Cancer,BEHAVIORAL: Mindfulness,Mindfulness (General),ALL,Adult + Older,83,OTHER,Interventional,2019,2020,2018,Canada
NCT05588622,Meru Health Program for Cancer Patients With Depression and Anxiety,Completed,No,Depression|Anxiety,Depression,BEHAVIORAL: Meru Health Program,Other,ALL,Adult + Older,22,INDUSTRY,Interventional,2022,2023,2022,United States
NCT05732753,Mindfulness and Education in Patients With Non-oncological Orofacial Pain,Completed,No,Oro-Facial-Digital Syndrome,Other,OTHER: Mindfulness + Education in Neurophysiology of pain,Mindfulness (General),ALL,Adult + Older,60,OTHER,Interventional,2023,2023,2023,Spain
NCT04697966,Mechanisms and Predictors of Change in App-Based Mindfulness Training for Adolescents,Recruiting,No,Rumination,Other,"BEHAVIORAL: Mindfulness (Headspace) App|BEHAVIORAL: Active Control Condition (""Recharge"" condition d",Mindfulness (General),ALL,Child + Adult,158,OTHER,Interventional,2021,2028,2021,United States
NCT05566379,Mindfulness in Post Acute Sequelae of SARS-CoV-2 Infection (PASC) Dysautonomia,Completed,No,Long COVID|Dysautonomia,Other,OTHER: Mindfulness - Mindful Awareness Practices ( MAPs),Mindfulness (General),FEMALE,Adult only,20,OTHER,Interventional,2023,2023,2022,United States
NCT03067311,Targeting Stress Reactivity in Schizophrenia: Integrated Coping Awareness Therapy,Completed,Yes,Schizophreniform Disorders,Other,BEHAVIORAL: I-CAT|BEHAVIORAL: Treatment as Usual,Other,ALL,Child + Adult,38,OTHER,Interventional,2016,2020,2017,United States
NCT00938873,Understanding the Impact of Meditative Homework on Metacognitive Processes in the Context of Mindfulness Based Cognitive,Completed,No,Depression,Depression,BEHAVIORAL: Mindfulness Based Cognitive Therapy (MBCT),MBCT,ALL,Adult + Older,7,OTHER,Observational,2009,2011,2009,United Kingdom
NCT05327543,Effects of Online Yoga on the Quality of Life of Breast Cancer Patients,Recruiting,No,Breast Neoplasms|Cancer,Cancer,BEHAVIORAL: Iyengar Yoga|BEHAVIORAL: Meditative Yoga,Yoga,FEMALE,Adult + Older,138,OTHER,Interventional,2022,2026,2022,Germany
NCT05103475,Rage Against the Pain to Address Chronic Low Back Pain Among Veterans,Completed,Yes,Chronic Low Back Pain,Pain,BEHAVIORAL: Rage Against the Pain (RAP)|BEHAVIORAL: Control,Other,ALL,Adult + Older,36,FED,Interventional,2022,2023,2021,United States
NCT07499856,Intradialytic Exercise Program Supported by Audiovisual Media Combined With Mindfulness,Enrolling By Invitation,No,Chronic Kidney Disease (Stages 3b-5),Other,OTHER: GREX- MIND|OTHER: GREX,Other,ALL,Adult + Older,30,OTHER,Interventional,2026,2026,2026,Spain
NCT07383090,Mindfulness-Based Education on Sexual/Reproductive Health Stigma and Self-Esteem in Female University Students,Completed,No,Mindfulness|Sexual Health|Social Stigma|Self Esteem,Well-being / Mental Health,BEHAVIORAL: Mindfulness-Based Education Program,Mindfulness (General),FEMALE,Adult + Older,48,OTHER,Interventional,2024,2025,2026,Turkey
NCT04821232,Does Yoga Done To Women With Premenstrual Syndrome Affect Inflammation Parameters?,Unknown,No,Premenstrual Syndrome,Other,OTHER: yoga|OTHER: Routin control,Yoga,FEMALE,Adult only,36,OTHER,Interventional,2021,2021,2021,Turkey
NCT07352774,Effects of Laughter Therapy on Respiratory Functions and Geriatric Pain in Elderly Individuals,Enrolling By Invitation,No,Elderly|Respiratory Function|Pain,Pain,BEHAVIORAL: Laughter Therapy,Other,ALL,Adult + Older,64,OTHER,Interventional,2025,2026,2026,Turkey
NCT07077291,MBCT and Escitalopram for Treatment-Resistant Depression in Older Adults,Completed,No,Treatment-resistant Depression (TRD),Depression,BEHAVIORAL: Mindfulness-Based Cognitive Therapy (MBCT)|DRUG: Escitalopram Hydrobromide,MBCT,ALL,Adult + Older,230,OTHER,Interventional,2020,2022,2025,China
NCT07001670,Investigation of the Effects of Tele-Yoga Training in Individuals With Lung Cancer Undergoing Lung Resection Surgery,Active Not Recruiting,No,Postoperative Period|Lung Cancer (Diagnosis),Cancer,OTHER: Tele-Yoga Training,Yoga,ALL,Adult + Older,40,OTHER,Interventional,2025,2026,2025,Turkey
NCT04861311,Testing the Efficacy of a Mindfulness- and Acceptance-Based Smartphone App for PTSD: A Randomized Controlled Trial,Unknown,No,Posttraumatic Stress Disorder,PTSD / Trauma,BEHAVIORAL: Mindfulness/Acceptance-Based Smartphone App (MABSA) Intervention,Mindfulness (General),ALL,Adult + Older,64,OTHER,Interventional,2022,2022,2021,
NCT06821230,Dyadic Mindfulness for People With Parkinson's Disease and Their Caregivers,Recruiting,No,Mindfulness|Caregivers|Movement Disorders|Neurodegenerative Disease|Dyadic Intervention|Psychosocial,Neurological / Cognitive,BEHAVIORAL: Dyadic mindfulness,Mindfulness (General),ALL,Adult + Older,200,OTHER,Interventional,2025,2027,2025,Hong Kong
NCT06751069,Home-based Pulmonary Rehabilitation and Health Coaching in Patients With Fibrotic Interstitial Lung Disease,Recruiting,No,Lung Fibrosis|Lung Interstitial Disease,Other,BEHAVIORAL: Home-based Pulmonary Rehab,Other,ALL,Adult + Older,460,OTHER,Interventional,2025,2030,2024,United States
NCT01597960,Yoga And Cardiovascular Health Trial,Completed,No,Cardiovascular Disease,Cardiovascular / Metabolic,OTHER: Yoga,Yoga,ALL,Adult + Older,80,OTHER,Interventional,2012,2013,2012,United Kingdom
NCT06404957,Effect of Mindfulness-based Applied to Hemodialysis Patients on Psychosocial Adaptation,Completed,No,Hemodialysis|Psychosocial Adaptation,Other,BEHAVIORAL: Mindfulness-based Applied|BEHAVIORAL: Active Comparator: Control groups,Mindfulness (General),ALL,Adult + Older,32,OTHER,Interventional,2022,2024,2024,Turkey
NCT06311188,"Exploring PTSD Symptoms, Barriers and Facilitators to Mindfulness",Not Yet Recruiting,No,Stress|Trauma|PTSD|HPA,PTSD / Trauma,BEHAVIORAL: ITR Healing intervention,Other,ALL,All ages,90,OTHER,Interventional,2026,2027,2024,
NCT03704779,Effectiveness of a Multimodal Mindfulness Program to Alleviate Graduate Student Stress,Completed,No,Stress,Stress / Burnout,BEHAVIORAL: Multimodal mindfulness activity program,Mindfulness (General),ALL,Adult + Older,36,OTHER,Interventional,2019,2019,2018,United States
NCT06150196,Brain Health & Wellness Classes for Veterans With Traumatic Brain Injury,Recruiting,No,Brain Injury Traumatic Mild|Post-traumatic Stress Disorder,PTSD / Trauma,BEHAVIORAL: Mindfulness-based Stress Reduction class|BEHAVIORAL: Brain Health Education class,MBSR,ALL,Adult + Older,80,OTHER,Interventional,2023,2026,2023,United States
NCT06134219,Course for Brain Fatigue After Graves' Disease Controlled Study,Recruiting,No,Graves Disease,Other,OTHER: MF course|OTHER: Usual health care,Other,ALL,Adult + Older,96,OTHER_GOV,Interventional,2023,2027,2023,Sweden
NCT03459625,Mindfulness for Parents of Children With Autism Spectrum Disorder Autism Spectrum Disorder,Completed,Yes,Autism Spectrum Disorder,Other,BEHAVIORAL: Mindfulness-Based Stress Reduction (MSBR)|BEHAVIORAL: Psychoeducational Support Group (P,MBSR,ALL,Child only,118,OTHER,Interventional,2018,2022,2018,United States
NCT03671681,Mindfulness Therapy for Chronic Migraine,Completed,No,Chronic Migraine|Medication Overuse Headache,Pain,BEHAVIORAL: Mindfulness|DRUG: Prophylactic,Mindfulness (General),ALL,Adult + Older,177,OTHER,Interventional,2018,2023,2018,Italy
NCT06525922,Preventing Perinatal Depression,Completed,No,Perinatal Depression,Depression,BEHAVIORAL: Center M,Other,FEMALE,Adult only,87,OTHER,Interventional,2021,2024,2024,United States
NCT06744452,"App-based Stress Management With the mHealth Application ""Harmony""",Completed,No,"Stress|Self Efficacy|Resilience, Psychological|Goal Achievement|Well-Being, Psychological",Stress / Burnout,BEHAVIORAL: harmony,Other,ALL,Adult + Older,251,OTHER,Interventional,2024,2025,2024,Germany
NCT05913869,Online Mindfulness-based Program for Parents of Children With Autism,Active Not Recruiting,No,"Mindfulness|Psychophysiologic Reaction|Behavior, Health",Well-being / Mental Health,BEHAVIORAL: Online Mindfulness Based Stress Reduction,Mindfulness (General),ALL,Adult only,24,OTHER,Interventional,2022,2025,2023,United States
NCT00820313,A Prospective Evaluation of Health Services Outcomes and Emerging Cardiovascular Disease Biomarkers,Unknown,No,Coronary Heart Disease|Biomarkers of Cardiovascular Disease,Cardiovascular / Metabolic,BEHAVIORAL: Dr. Dean Ornish Program for Reversing Heart Disease,Other,ALL,Adult + Older,131,OTHER,Interventional,2006,2009,2009,United States
NCT03058952,Groups for Regaining Our Wellbeing,Completed,Yes,Gulf War|Fatigue|Pain|Depression,Pain,BEHAVIORAL: Mindfulness-Based Stress Reduction|BEHAVIORAL: Chronic Disease Self-Management Program,MBSR,ALL,Adult + Older,245,FED,Interventional,2017,2022,2017,United States
NCT07019402,Internet-based Mind-Body Training for Brain Health,Active Not Recruiting,No,Subjective Cognitive Decline,Neurological / Cognitive,BEHAVIORAL: Internet-based Mindfulness-Based Stress Reduction (iMBSR)|BEHAVIORAL: Internet-based Lif,MBSR,ALL,Adult + Older,60,OTHER,Interventional,2025,2026,2025,United States
NCT05384067,Project MiCRIM- Sleep and Stress Intervention,Completed,No,Sleep|Stress,Stress / Burnout,BEHAVIORAL: Mindfulness-based intervention,Mindfulness (General),ALL,Adult only,31,OTHER,Interventional,2022,2023,2022,United States
NCT07550166,Mobile Application Mindfulness,Enrolling By Invitation,No,Stress|Anxiety|Depression|Psychological Distress|Mindfulness,Depression,BEHAVIORAL: AI-Enabled Mobile App-Based Mindfulness Intervention,Mindfulness (General),ALL,Adult + Older,30,OTHER,Interventional,2025,2026,2026,United States
NCT05107323,Feasibility and Effectiveness Study of a Compassionate Mind Training Program for Teachers,Completed,No,Teachers,Other,BEHAVIORAL: Compassionate Mind Training for Teachers,Loving-Kindness / Compassion,ALL,Adult + Older,155,OTHER,Interventional,2018,2019,2021,Portugal
NCT05472935,Asynchronous Mindfulness Based Stress Reduction to Reduce Burnout in Licensed Clinical Social Workers,Completed,No,"Burnout, Professional|Work Related Stress|Quality of Life",Stress / Burnout,BEHAVIORAL: Mindfulness Based Stress Reduction (MBSR),MBSR,ALL,Adult + Older,8,OTHER,Interventional,2022,2023,2022,United States
NCT02394587,MBSR for Pain Catastrophizing in SCD,Completed,No,"Anemia, Sickle Cell",Other,BEHAVIORAL: Mindfulness-based Stress Reduction,MBSR,ALL,Adult + Older,60,OTHER,Interventional,2015,2016,2015,United States
NCT07239388,Structured Group Therapy in Reducing Depression and Anxiety in Pakistan,Not Yet Recruiting,No,Depression in Adults|Anxiety,Depression,OTHER: Structured group therapy,Other,ALL,Adult + Older,108,OTHER,Interventional,2025,2026,2025,Pakistan
NCT05353751,Kind Minds Program for Youth With Anxiety and Depression,Completed,No,Child Anxiety|Depression,Depression,BEHAVIORAL: Kind Minds Program,Other,ALL,Child only,32,OTHER,Interventional,2022,2025,2022,United States
NCT04795154,Prenatal Yoga as Complementary Therapy of Preeclampsia,Completed,No,Pre-Eclampsia,Other,OTHER: Yoga excercise,Yoga,FEMALE,Adult only,24,OTHER,Interventional,2020,2020,2021,Indonesia
NCT04692090,Effects of Yoga on Phase Angle and Quality of Life in Patients With Breast Cancer,Completed,No,Breast Cancer,Cancer,OTHER: Yoga,Yoga,FEMALE,Adult + Older,31,OTHER,Interventional,2015,2015,2020,
NCT04540939,Neural Mechanisms of Mindfulness-based Cognitive Therapy (MBCT) for PTSD - COVID Related Substudy,Completed,No,Trauma,PTSD / Trauma,BEHAVIORAL: Mindfulness-Based Cognitive Therapy|BEHAVIORAL: Muscle Relaxation Therapy,MBCT,ALL,Adult + Older,59,OTHER,Interventional,2020,2023,2020,United States
NCT06989463,Complementary Behavioral Interventions To Remediate Cognitive Impairment or Emotional Distress in Cancer Survivors,Active Not Recruiting,No,Survivors of Childhood Cancer,Cancer,OTHER: 12 Week Exercise Intervention|OTHER: Cognitive Training Intervention|OTHER: Mindfulness pract,Mindfulness (General),ALL,Adult + Older,20,OTHER,Interventional,2025,2026,2025,United States
NCT06933667,Kimel Family Centre for Brain Health and Wellness,Recruiting,No,Prevention|Dementia,Neurological / Cognitive,BEHAVIORAL: Physical Activity|BEHAVIORAL: Brain-healthy Eating|BEHAVIORAL: Cognitive Engagement|BEHA,Other,ALL,Adult + Older,450,OTHER,Interventional,2024,2027,2025,Canada
NCT06720909,Mindfulness And Placebo for Pain (MAPP) Study,Recruiting,No,Chronic Pain,Pain,BEHAVIORAL: Mindfulness-Based Stress Reduction (MBSR)|OTHER: Open-Label Placebo (OLP)|OTHER: MBSR+OL,MBSR,ALL,Adult + Older,45,OTHER,Interventional,2025,2027,2024,United States
NCT05535114,Intradialytic Yoga-resistance Exercise for Hemodialysis Patients,Completed,No,Hemodialysis,Other,OTHER: Yoga-resistance exercise,Yoga,ALL,Adult + Older,65,OTHER,Interventional,2023,2023,2022,Vietnam
NCT06637969,Mindfulness-based Interventions on Psychophysiological Recovery and Physical Functioning After Coronary Heart Surgery,Active Not Recruiting,No,"Coronary Heart Disease|Mindfulness|Recovery, Psychological|Physical Functioning",Cardiovascular / Metabolic,BEHAVIORAL: mindfulness-based,Mindfulness (General),ALL,Adult + Older,64,OTHER,Interventional,2023,2025,2024,Taiwan
NCT03923452,Mindfulness Training for Older Adult Canadian Immigrants,Completed,No,Stress,Stress / Burnout,BEHAVIORAL: Mindfulness-based Stress Reduction,MBSR,ALL,Adult + Older,50,OTHER,Interventional,2022,2023,2019,Canada
NCT04408287,Improving Activity Engagement Among Persons With SCI During COVID-19,Completed,No,Spinal Cord Injuries,Other,OTHER: WebEx Physical Activity Program,Other,ALL,Adult + Older,20,OTHER,Interventional,2020,2022,2020,Canada
NCT05663034,CBT-I vs. MBTI for Traumatic Brain Injury (TBI)-Related Insomnia and Post-Traumatic Stress Symptoms,Recruiting,No,Traumatic Brain Injury|Insomnia|Depression|Post-traumatic Stress|Sleep|Memory Impairment|Cognitive B,Depression,BEHAVIORAL: Mindfulness-based treatment for insomnia (MBTI)|BEHAVIORAL: Cognitive behavioral therapy,Mindfulness (General),ALL,Adult + Older,360,OTHER,Interventional,2024,2026,2022,United States
NCT03734666,Development of a Mindfulness-Based Treatment for the Reduction of Alcohol Use and Smoking Cessation,Completed,Yes,"Tobacco Use|Alcohol Use, Unspecified",Substance Use,BEHAVIORAL: Mindfulness Based Relapse Prevention - Smoking and Alcohol|BEHAVIORAL: Cognitive Behavio,Mindfulness (General),ALL,Adult + Older,67,OTHER,Interventional,2019,2021,2018,United States
NCT07221487,Comparing Intra-Abdominal Pressure During Gynecologic Laparoscopy,Not Yet Recruiting,No,Gynecologic Surgical Procedures,Other,PROCEDURE: abdominal pressure,Other,FEMALE,Adult + Older,190,OTHER,Interventional,2025,2026,2025,United States
NCT06063603,"Evaluation of a Pain Management Intervention Preparatory to a Future Pragmatic Trial, ASCENT Study",Completed,Yes,Chronic Leukemia|Hematopoietic and Lymphoid System Neoplasm|Lymphoma|Malignant Solid Neoplasm|Multip,Cancer,PROCEDURE: Acupuncture Therapy|BEHAVIORAL: Cancer Pain Management|BEHAVIORAL: Cognitive Behavior The,Mindfulness (General),ALL,Adult + Older,51,OTHER,Interventional,2023,2024,2023,United States
NCT05743491,Yoga Versus Standard Care for Reducing Fatigue in Hispanic Cancer Survivors (YOCAS©®),Terminated,No,Fatigue|Cancer,Cancer,OTHER: Standard Care|BEHAVIORAL: YOCAS©®,Other,ALL,Adult + Older,4,OTHER,Interventional,2023,2023,2023,United States
NCT07221071,Supporting Women With Breast Cancer to Prepare for Treatment (The Prepare Study),Completed,No,Breast Cancer|Mindfulness,Cancer,BEHAVIORAL: Mindfulness Arm|OTHER: Control group placebo,Mindfulness (General),FEMALE,Adult + Older,42,OTHER,Interventional,2021,2024,2025,United States
NCT05616286,Mindfulness-SOS for Refugees,Unknown,No,"Stress Disorders, Post-Traumatic|Stress Related Disorder",PTSD / Trauma,BEHAVIORAL: Mindfulness-SOS for Refugees,Mindfulness (General),ALL,Adult + Older,170,OTHER,Interventional,2022,2023,2022,Israel
NCT04818606,MORE in the Management of Lumbosacral Radiculopathy Symptoms: A Randomized Controlled Trial,Unknown,No,Lumbar Radiculopathy,Other,OTHER: Mindfulness Oriented Recovery Enhancement,Mindfulness (General),ALL,Adult + Older,60,OTHER,Interventional,2021,2022,2021,United States
NCT02894229,The Stress Reduction Intervention Study,Unknown,No,"Stress, Physiological|Stress, Psychological",Stress / Burnout,BEHAVIORAL: Mindfulness Based Stress Reduction|BEHAVIORAL: Cognitive-Behavioral Therapy (CBT) Group,Mindfulness (General),ALL,Adult only,150,OTHER,Interventional,2016,2019,2016,
NCT07524751,Culturally Adapted Pain Management for Indigenous Peoples,Not Yet Recruiting,No,Chronic Pain,Pain,BEHAVIORAL: Braided Skills for Managing Pain,Other,ALL,Adult + Older,30,OTHER,Interventional,2026,2028,2026,
NCT07522593,Baduanjin Exercise on Upper Limb Dysfunction Among Breast Cancer Survivors,Not Yet Recruiting,No,Breast Cancer Survivor,Cancer,BEHAVIORAL: Baduanjin exercise,Other,FEMALE,Adult + Older,76,OTHER,Interventional,2026,2027,2026,China
NCT05198271,Effect of Controlling Environmental Risk Factors in Established RA,Unknown,No,Rheumatoid Arthritis,Pain,OTHER: Management of risk factors|BEHAVIORAL: Smoking cessation|BEHAVIORAL: weightloss|OTHER: period,Other,ALL,Adult + Older,25,OTHER,Interventional,2022,2025,2022,France
NCT07235735,The Effect of Laughter Yoga on Individual and Organizational Outcomes in Nurse Managers,Not Yet Recruiting,No,"Burnout, Professional|Stress, Psychological|Compassion Fatigue|Quality of Life|Decision Making|Probl",Stress / Burnout,BEHAVIORAL: Laughter Yoga Program,Yoga,ALL,All ages,80,OTHER,Interventional,2025,2026,2025,
NCT07143396,Evaluation of a Mind-Body Based Approach for Chronic Pain Treatment,Not Yet Recruiting,No,Chronic Pain|Migraine|Chronic Pain Syndrome,Pain,BEHAVIORAL: Mind-body mobile application and guided movement,Other,ALL,Adult + Older,100,OTHER,Interventional,2025,2025,2025,Canada
NCT03703609,Effects of Tele-yoga in Long-term Conditions,Completed,No,Chronic Disease,Other,BEHAVIORAL: Tele-yoga,Yoga,ALL,Adult + Older,311,OTHER_GOV,Interventional,2018,2023,2018,Sweden
NCT02201836,The Effects of Music Therapy as a Complementary Intervention in the Treatment of Pediatric Asthma,Completed,No,Asthma,Respiratory,OTHER: One time music therapy|OTHER: Group music therapy,Other,ALL,Child + Adult,200,OTHER,Interventional,2006,2012,2014,United States
NCT02190474,Mindfulness Interventions and Chronic Widespread Pain in Adolescents,Completed,No,Fibromyalgia|Chronic Widespread Pain,Pain,BEHAVIORAL: Mindfulness Group,Mindfulness (General),ALL,Child only,29,OTHER,Interventional,2014,2016,2014,United States
NCT05085132,"An Efficacy Trial of the MindFi App for Stress, Well-being, and Sleep Quality in Working Adults",Completed,No,Stress|Burnout,Stress / Burnout,BEHAVIORAL: MindFi app: Standard content|BEHAVIORAL: Mindfi app: Standard content without practice,Other,ALL,Adult + Older,192,OTHER,Interventional,2021,2022,2021,Singapore
NCT02107638,Effect of Osteopathic Manipulative Medicine on Parkinson Disease,Completed,No,Parkinson Disease,Neurological / Cognitive,PROCEDURE: OMM treatment arm|OTHER: Counseling,Other,ALL,Adult + Older,33,OTHER,Interventional,2014,2023,2014,United States
NCT06583018,Mindfulness-based Lifestyle Modification Programme for Caregivers of People With Neurodegenerative Disorders: A Pilot Ra,Active Not Recruiting,No,Caregiver,Other,BEHAVIORAL: In-Person Mindfulness-based Group Sessions|BEHAVIORAL: Ecological Momentary Intervention,Mindfulness (General),ALL,Adult + Older,84,OTHER,Interventional,2024,2026,2024,Hong Kong
NCT06852560,A Trial Assessing Feasibility of Allostatic Load Biomarkers and CVD Risk Among Black Breast Cancer Survivors,Withdrawn,No,Breast Cancer,Cancer,"BEHAVIORAL: Gratitude, exercise, and mindfulness program",Mindfulness (General),FEMALE,Adult + Older,0,OTHER,Interventional,2025,2026,2025,
NCT06847061,Pulmonary Rehabilitation for Rural Patients With COPD,Recruiting,No,Chronic Obstructive Pulmonary Disease (COPD,Respiratory,BEHAVIORAL: Pulmonary rehabilitation program,Other,ALL,Adult + Older,306,OTHER,Interventional,2025,2029,2025,United States
NCT06730178,Using Generalized Estimating Equation Analysis in a Study of Relaxation Training in Patients With Insomnia.,Completed,No,Sleep Disorder; Insomnia Type,Sleep / Fatigue,BEHAVIORAL: relaxation training,Other,ALL,Adult only,24,OTHER,Interventional,2009,2009,2024,
NCT06684587,Telehealth Exercise and Mindfulness for Pain in Osteoarthritis - Stage 1B,Recruiting,No,Knee Osteoarthritis,Pain,BEHAVIORAL: Exercise Program|BEHAVIORAL: Mindful Exercise,Other,ALL,Adult + Older,66,OTHER,Interventional,2025,2027,2024,United States
NCT06550778,Construction and Preliminary Application of Mindfulness-based Emotional Regulation Intervention Scheme for Adolescents W,Completed,No,Anxiety|Mindfulness|Emotional Regulation,Anxiety,BEHAVIORAL: Mindfulness-based emotional regulation intervention,Mindfulness (General),ALL,Child + Adult,78,OTHER,Interventional,2022,2024,2024,China
NCT06408662,Remote Delivery of a Mindfulness-based Intervention for Tics,Recruiting,No,Tourette Syndrome|Tourette's Disorder|Chronic Motor Tic Disorder|Chronic Vocal Tic Disorder|Persiste,Other,OTHER: mindfulness-based intervention for tics (MBIT)|OTHER: psychoeducation with relaxation and sup,Mindfulness (General),ALL,Adult + Older,150,OTHER,Interventional,2024,2028,2024,United States
NCT01467544,Reduce Cardiovascular Risk in Women Through Tai Chi Intervention,Completed,No,Cardiometabolic Risk|Cardiovascular Disease,Cardiovascular / Metabolic,OTHER: Tai Chi class,Other,FEMALE,Adult only,96,OTHER,Interventional,2011,2012,2011,United States
NCT03518359,Enhanced Stress Resilience Training for Residents,Completed,No,Stress|Mindfulness|Cognitive Change,Stress / Burnout,BEHAVIORAL: Enhanced Stress Resilience Training (ESRT)|BEHAVIORAL: Active Control,Other,ALL,Adult only,45,OTHER,Interventional,2018,2021,2018,United States
NCT05157035,Testing a Mindfulness/Acceptance-Based Smartphone App for Nurses Impacted by the COVID-19 Pandemic,Unknown,No,Posttraumatic Stress Disorder,PTSD / Trauma,BEHAVIORAL: Mindfulness/Acceptance-Based Smartphone App (MABSA),Mindfulness (General),ALL,Adult + Older,60,OTHER,Interventional,2022,2022,2021,
NCT01048528,Health SMART (Stress Management and Relaxation Training),Completed,No,Breast Cancer,Cancer,BEHAVIORAL: Cognitive Behavioral Stress Management (CBSM),CBT,FEMALE,Adult only,33,OTHER,Interventional,2009,2012,2010,United States
NCT05824208,PRENAYOGA: Exploratory Feasibility Study of Bi-weekly Pregnancy Yoga-based Sessions for Ethnic Minority Women,Completed,No,Prenatal Stress|Pregnancy Related|Complementary,Stress / Burnout,BEHAVIORAL: PRENAYOGA - prenatal yoga,Yoga,FEMALE,Adult + Older,15,OTHER,Interventional,2023,2023,2023,United Kingdom
NCT06695715,"Effects of HRV Biofeedback, Interoceptive Training, and Mindfulness on Stress in University Students and Staff",Not Yet Recruiting,No,Stress|Anxiety,Anxiety,BEHAVIORAL: Mindfulness Training Program|BEHAVIORAL: HRV Biofeedback|BEHAVIORAL: Interoception Train,Mindfulness (General),ALL,Adult + Older,120,OTHER,Interventional,2025,2026,2024,Spain
NCT05681026,Cultural Tailoring and Pilot Testing of an Inpatient Yoga Therapy Program for Cancer Patients Undergoing Hematopoietic S,Recruiting,No,Hematopoietic Stem Cell Transplantation|Cancer,Cancer,BEHAVIORAL: Yoga Sessions|BEHAVIORAL: Questionnaries|BEHAVIORAL: Interviews,Yoga,ALL,Adult + Older,60,OTHER,Interventional,2023,2028,2023,United States
NCT02986152,Cancer Distress Coach Mobile App Trial,Completed,No,Posttraumatic Stress Disorder|Cancer,Cancer,BEHAVIORAL: Cancer Distress Coach Mobile App,Other,ALL,Adult + Older,569,OTHER,Interventional,2017,2019,2016,United States
NCT05279443,Effect of Yoga-based Exercises of Healthcare Workers During COVID-19 Pandemic: Prospective Clinical Trial,Completed,No,COVID-19 Pandemic|Yoga|Exercise Therapy|Mind-Body Therapies|Muscle Stretching Exercises,Other,OTHER: yoga-based exercises therapy,Yoga,ALL,Adult only,26,OTHER,Interventional,2021,2021,2022,Turkey
NCT05259462,Group-Based Online Virtual Reality Gaming to Improve Mental Health Among Children With Physical Disabilities,Completed,No,Disability Physical,Other,BEHAVIORAL: Intervention,Other,ALL,Child + Adult,12,OTHER,Interventional,2022,2023,2022,United States
NCT02722213,Mindfulness & Stress Management Study for Cardiac Patients,Completed,No,Heart Diseases|Heart Failure|Myocardial Infarction|Chronic Stable Angina|Coronary Artery Bypass|Angi,Cardiovascular / Metabolic,BEHAVIORAL: Mindfulness-Based Stress Reduction (MBSR).,MBSR,ALL,Adult + Older,47,OTHER,Interventional,2016,2017,2016,United States
NCT00350584,Evaluation of Telehealth Interventions for Post-Trauma Stress,Completed,No,Post Traumatic Stress Disorders,PTSD / Trauma,BEHAVIORAL: Mindfulness Telehealth Intervention|BEHAVIORAL: Psychoeducation Telehealth Intervention,Mindfulness (General),ALL,Adult + Older,33,FED,Interventional,2007,2008,2006,United States
NCT07368231,Forest Therapy and Mindfulness for Highly Sensitive Persons,Completed,No,"Stress (Psychology)|Well-Being, Psychological|Mind-Body Therapies|Complementary Therapies|Mindfulnes",Stress / Burnout,BEHAVIORAL: Forest Therapy + Mindfulness + Psychotherapy|BEHAVIORAL: Behavioral: Indoor Sensory Cont,Mindfulness (General),ALL,Adult + Older,310,OTHER,Interventional,2025,2025,2026,Spain
NCT04842097,Online Mindfulness-based Stress Reduction Intervention for People With Chronic Pain Waiting for Health Services,Completed,No,Chronic Pain,Pain,BEHAVIORAL: Mindfulness-based stress reduction,MBSR,ALL,Adult + Older,60,OTHER,Interventional,2021,2022,2021,Canada
NCT07155642,Yoga in Multiple Sclerosis Patients,Completed,No,Multiple Sclerosis,Neurological / Cognitive,OTHER: yoga|OTHER: conventional physiotheraphy,Yoga,ALL,Adult + Older,20,OTHER,Interventional,2019,2019,2025,Turkey
NCT07066696,"Mindfulness and Compassion Program for the Improvement of Emotional and Behavioral Problems, Academic Performance and Sc",Not Yet Recruiting,No,Mindfulness|Compassion|Self-Compassion|Academic Performance|School Climate|Mental Health|Primary Sch,Well-being / Mental Health,BEHAVIORAL: Mindfulness and Compassion Program|BEHAVIORAL: Relaxation,Loving-Kindness / Compassion,ALL,All ages,448,OTHER,Interventional,2025,2027,2025,Spain
NCT06910423,Buddhist Awareness Training Program and Qigong Psychosocial Interventions for People With Insomnia,Suspended,No,Insomnia|Randomised Controlled Trial,Sleep / Fatigue,BEHAVIORAL: Psychosocial intervention,Other,ALL,Adult + Older,86,OTHER,Interventional,2030,2032,2025,Hong Kong
NCT03514355,MBSR in Rheumatoid Arthritis Patients With Controlled Disease But Persistent Depressive Symptoms,Completed,No,Rheumatoid Arthritis|Depressive Symptoms,Pain,BEHAVIORAL: Mindfulness-Based Stress Reduction,MBSR,ALL,Adult + Older,39,OTHER,Interventional,2017,2021,2018,Canada
NCT06405789,The Effect of Yoga on Mindfulness and Perceived Stress,Completed,No,Stress,Stress / Burnout,OTHER: yoga practice,Yoga,ALL,Adult + Older,56,OTHER,Interventional,2019,2020,2024,Turkey
NCT06400381,"Effectiveness of Mindfulness-Based Interventions on Professional Quality of Life, Work Engagement, and Sleep Quality",Completed,No,Mindfulness,Well-being / Mental Health,BEHAVIORAL: Mindfulness,Mindfulness (General),ALL,All ages,208,OTHER,Interventional,2023,2024,2024,Jordan
NCT05375162,Optimization of a mHealth Physical Activity Promotion Intervention With Mindful Awareness for AYAO (OPT2MOVE),Active Not Recruiting,No,Cancer,Cancer,BEHAVIORAL: Core Intervention|BEHAVIORAL: E-Coach|BEHAVIORAL: General Mindfulness Training|BEHAVIORA,Mindfulness (General),ALL,Adult only,304,OTHER,Interventional,2023,2026,2022,United States
NCT01565980,Mindfulness Therapy for Individuals With Lung Cancer,Completed,Yes,Lung Cancer,Cancer,BEHAVIORAL: symptom assessment|BEHAVIORAL: Mindfulness Intervention,Mindfulness (General),ALL,Adult + Older,40,OTHER,Interventional,2012,2013,2012,United States
NCT06060860,Comparing Cognitive-Behavioral Therapy Versus Mindfulness-Based Therapy for Autistic Adults,Recruiting,No,Autism Spectrum Disorder|Depression|Anxiety,Depression,BEHAVIORAL: Cognitive-Behavioral Therapy (CBT)|BEHAVIORAL: Mindfulness-Based Cognitive Therapy (MBCT,MBCT,ALL,Adult + Older,300,OTHER,Interventional,2024,2027,2023,United States
NCT03483740,Psychosocial Intervention for Older HIV+ Adults With HAND,Completed,Yes,"HIV/AIDS|Aging|Mild Cognitive Impairment|Group, Peer",Neurological / Cognitive,BEHAVIORAL: CRGT|BEHAVIORAL: HIV group therapy,Other,ALL,Adult + Older,12,OTHER,Interventional,2018,2019,2018,Canada
NCT03434405,Mindfulness-based Social Cognition Training for Psychosis (SocialMind): A Feasibility Study,Completed,No,Schizophrenia and Disorders With Psychotic Feature|Psychotic Episode,Other,BEHAVIORAL: SocialMind|BEHAVIORAL: Psychosocial treatment|DRUG: Psychotropic treatment,Other,ALL,Adult only,27,OTHER,Interventional,2018,2018,2018,Spain
NCT07125313,Effect of Yoga Training on Cardiovascular and Mental Health Parameters in Hypertensive Patients,Not Yet Recruiting,No,Hypertension,Cardiovascular / Metabolic,BEHAVIORAL: YOGA|BEHAVIORAL: Control,Yoga,ALL,Adult + Older,70,OTHER,Interventional,2025,2026,2025,Brazil
NCT03404349,Tailored Mindfulness Intervention in Adolescence,Completed,No,Stress|Mindfulness|Affect,Stress / Burnout,BEHAVIORAL: Mindfulness for Adolescence Course,Mindfulness (General),ALL,Child only,100,OTHER,Interventional,2018,2018,2018,United States
NCT02127411,Effectiveness of Mindfulness Based Relapse Prevention for Chronic Users of Benzodiazepines,Completed,No,Benzodiazepine Dependence,Other,BEHAVIORAL: Mindfulness-Based Relapse Prevention,Mindfulness (General),FEMALE,Adult + Older,76,OTHER,Interventional,2013,2016,2014,Brazil
NCT07032922,Exploring How to Adapt an Evidence-Based Mindful Self-Compassion Program for Young Adults With Li-Fraumeni Syndrome,Completed,No,Li-Fraumeni Syndrome,Other,,Other,ALL,Adult only,7,NIH,Observational,2025,2025,2025,United States
NCT07440004,Testing a Digital Mindfulness Program to Support People Experiencing Suicidal Thoughts,Recruiting,No,Suicidal,Other,DEVICE: Healthy Minds Program,Other,ALL,Adult + Older,50,OTHER,Interventional,2026,2026,2026,United States
NCT02702258,Mindfulness-Based Blood Pressure Reduction (MB-BP) Intervention Development - Stage 1 Single Arm Trial,Completed,No,Prehypertension|Hypertension,Cardiovascular / Metabolic,BEHAVIORAL: MB-BP,Other,ALL,Adult + Older,48,OTHER,Interventional,2016,2017,2016,United States
NCT02695498,Mindfulness and Mechanisms of Pain Processing in Adults With Migraines,Completed,Yes,Migraine,Pain,OTHER: Mindfulness Based Stress Reduction|OTHER: Migraine/stress Education,Mindfulness (General),ALL,Adult + Older,89,OTHER,Interventional,2016,2019,2016,United States
NCT06959472,Impact of Hyperarch Fascia Training on Ankle Health and Exercise Performance,Completed,No,Ankle Injuries|Sprains and Strains|Joint Instability,Other,BEHAVIORAL: Hyperarch Fascia Training,Other,ALL,Adult only,62,INDUSTRY,Interventional,2025,2025,2025,United States
NCT06297070,Lifestyle Care for Fertility Outcome Evaluation,Completed,No,Fertility Issues,Other,BEHAVIORAL: Whole Health Lifestyle Care for Reproductive Well-being pilot program,Other,FEMALE,Adult only,44,OTHER,Observational,2024,2025,2024,United States
NCT05758636,The Effect of Emotional Freedom Technique on Anxiety Levels of Nurses Caring for COVID19 Patients,Unknown,No,EFTs|Nursing Caries|Anxiety,Anxiety,BEHAVIORAL: Emotional Freedom Technique,Other,ALL,Adult + Older,100,OTHER,Interventional,2022,2023,2023,Turkey
NCT02023008,Interactive Gentle Yoga in Improving Quality of Life in Patients With Stage I-III Breast Cancer Undergoing Radiation The,Terminated,No,Anxiety Disorder|Depression|Ductal Breast Carcinoma in Situ|Fatigue|Stage IA Breast Cancer|Stage IB,Cancer,PROCEDURE: yoga therapy|OTHER: internet-based intervention|OTHER: questionnaire administration,Yoga,FEMALE,Adult + Older,6,OTHER,Interventional,2014,2015,2013,United States
NCT06654258,Supporting Spiritual Wellbeing in Young Adults With Cancer Using a Digital Health Approach: A Feasibility Study,Withdrawn,No,Cancer|Young Adult Cancer,Cancer,BEHAVIORAL: Spiritual Self-Care Smartphone App,Other,ALL,Adult only,0,OTHER,Interventional,2024,2024,2024,
NCT07392632,MindfulCityU-- A Mindfulness Mobile Application for Promoting University Students' Mental Health,Not Yet Recruiting,No,Depressive Symptoms,Depression,BEHAVIORAL: MindfulCityU|OTHER: Waitlist control,Other,ALL,Adult only,120,OTHER,Interventional,2026,2027,2026,Hong Kong
NCT06510478,Efficacy of Group Life Skill Intervention to Enhance Well-Being Among Higher Education Students,Completed,No,"Psychological Distress|Mental Health Issue|Quality of Life|Well-Being, Psychological",Stress / Burnout,BEHAVIORAL: Group Life Skill Intervention|BEHAVIORAL: Treatment as Usual for Control Group,Other,ALL,Adult only,34,OTHER,Interventional,2024,2024,2024,Pakistan
NCT06410430,Exploration the Mechanism of Ba-Duan-Jin in the Treatment of Fibromyalgia Based on Brain-gut Axis,Recruiting,No,Fibromyalgia,Pain,BEHAVIORAL: Ba-Duan-Jin,Other,FEMALE,Adult + Older,40,OTHER,Interventional,2024,2024,2024,China
NCT06334328,Virtual Reality-based Mindful Movement Therapy for Seniors,Completed,No,Cognitive Decline|Physical Activity|Psychological Wellbeing,Neurological / Cognitive,BEHAVIORAL: Virtual reality based mindful movement therapy,Other,ALL,Adult + Older,12,OTHER,Interventional,2022,2024,2024,United States
NCT06280066,An Intervention-Based Approach to Strengthen the Psychological Health of Children With Cystic Fibrosis and Their Mothers,Completed,No,"Cystic Fibrosis|Children|Resilience,Psychological|Laughter Yoga|Laughter Therapy|Mothers|Psychologic",Well-being / Mental Health,OTHER: Intervention Program Based on Strengthening the Psychological Resilience of Children Diagnose,Other,ALL,Child only,28,OTHER,Interventional,2024,2025,2024,Turkey
NCT01590147,Supportive Intervention Programs Study,Completed,No,Fatigue|Nausea and Vomiting|Pain|Recurrent Colon Cancer|Recurrent Rectal Cancer|Stage I-IVB Colon Ca,Cancer,PROCEDURE: Yoga therapy|OTHER: questionnaire administration|PROCEDURE: quality-of-life assessment|OT,Yoga,ALL,Adult + Older,15,OTHER,Interventional,2011,2013,2012,United States
NCT05888025,MBCT-T for Preoperative Pain Catastrophizing and Pain Outcomes After Spine Surgery,Suspended,No,Pain,Pain,BEHAVIORAL: Telephone-Delivered Mindfulness-based Cognitive Therapy (MBCT-T),MBCT,ALL,Adult + Older,25,OTHER,Interventional,2020,2027,2023,United States
NCT07475546,Combination Gerotherapeutic Interventions for Healthspan Improvement,Active Not Recruiting,No,Healthspan Improvement|Aging|Longevity,Other,DRUG: Rapamycin|DRUG: Naltrexone|DRUG: Metformin|DRUG: NAD+|DRUG: GSH|DIETARY_SUPPLEMENT: Infinite S,Meditation (General),ALL,Adult + Older,30,INDUSTRY,Interventional,2025,2026,2026,United States
NCT05742451,"Investigation of the Effect of Yoga on Balance, Reaction Time and Agility in Children With ADHD",Completed,No,"Yoga|ADHD|Balance|Children, Only",Neurological / Cognitive,OTHER: kids yoga,Yoga,ALL,Child only,17,OTHER,Interventional,2022,2022,2023,Turkey
NCT05711979,African American Resilient Caregivers,Terminated,No,"Obesity, Childhood",Cardiovascular / Metabolic,BEHAVIORAL: AARC,Other,FEMALE,Adult + Older,4,OTHER,Interventional,2023,2023,2023,United States
NCT05653375,The Effects of Mindfulness-based Psychoeducation Program on Young People,Completed,No,Stress|Emotional Intelligence|Nursing|Psychological Well-being|Mindfulness,Stress / Burnout,OTHER: Mindfulness-based psychoeducation program|OTHER: ongoing life,Mindfulness (General),ALL,Adult only,59,OTHER,Interventional,2021,2021,2022,Turkey
NCT05540652,Developing an Online Mindfulness-based Intervention to Reduce Minority Stress and HIV Risk Among Young Adult MSM,Completed,Yes,HIV|Minority Stress|Mental Health Wellness 1,Stress / Burnout,BEHAVIORAL: Mindfulness-Based Queer Resilience (MBQR),Mindfulness (General),MALE,Adult only,19,OTHER,Interventional,2022,2022,2022,United States
NCT05373329,Testing a Digital Health Intervention App for Depression and Anxiety,Completed,No,"Depression, Anxiety",Depression,DEVICE: Sanvello (app),Other,ALL,Adult + Older,4607,OTHER,Interventional,2021,2022,2022,United States
NCT05248711,Project Movement/Daily Move Feasibility,Terminated,No,Stress,Stress / Burnout,BEHAVIORAL: Calm Daily Move,Other,ALL,Adult + Older,137,INDUSTRY,Interventional,2022,2022,2022,United States
NCT00589641,Relapse Prevention for Suicidal Dually Diagnosed Youths,Completed,No,"Suicide, Attempted|Suicide, Ideation|Depression|Substance Abuse",Depression,BEHAVIORAL: CBT-RP (relapse prevention) + Enhanced TAU|BEHAVIORAL: Enhanced TAU Alone,CBT,ALL,Child + Adult,13,OTHER,Interventional,2005,2010,2008,United States
NCT05108701,Individual MBCT vs. CBT in Major Depression: A Pilot Study.,Completed,No,Major Depressive Disorder,Depression,BEHAVIORAL: Individual Psychotherapy,Other,ALL,Adult + Older,27,OTHER,Interventional,2015,2018,2021,
NCT05881681,A Mindfulness Approach to UA for Afro-descendants,Completed,No,Anxiety|Stress,Anxiety,BEHAVIORAL: App-Delivered Mindfulness Training (MT),Mindfulness (General),ALL,Adult + Older,15,OTHER,Interventional,2022,2024,2023,United States
NCT05059392,"TARA for Medical Students, a Single-arm Mixed Methods Pilot Study",Completed,No,Depression|Anxiety|Stress-related Problem,Depression,"BEHAVIORAL: Training for Awareness, Resilience and Action (TARA)",Other,ALL,All ages,23,OTHER,Interventional,2018,2020,2021,Sweden
NCT04810026,Transform Type 2: Examining Meal-Delivery and Education for Diabetes Self-Care,Completed,No,"PreDiabetes|Diabetes Mellitus, Type 2",Cardiovascular / Metabolic,BEHAVIORAL: Education|BEHAVIORAL: Meal delivery|BEHAVIORAL: Lifestyle coaching,Other,ALL,Adult + Older,41,INDUSTRY,Interventional,2021,2021,2021,United States
NCT07042087,Lifestyle for the BRAin Health - Time Restricted Eating and Mindfulness,Recruiting,No,Alzheimer Disease|Aging|Lifestyle Factors|Cognitive Impairment|Yoga|Time Restricted Eating|Diet Modi,Neurological / Cognitive,BEHAVIORAL: Mindfulness Yoga|BEHAVIORAL: Time-Restricted Eating with nutritional counseling promotin,Yoga,ALL,Adult + Older,48,OTHER,Interventional,2024,2026,2025,Czechia
NCT04777825,Heart Rate Variability Biofeedback Training in Psychogenic Disorders,Recruiting,No,Psychogenic Dystonia,Other,OTHER: Heart rate variability biofeedback training (Symbiocenter)|OTHER: psychoeducation session,Other,ALL,Adult + Older,40,OTHER,Interventional,2021,2026,2021,France
NCT04765007,Efficacy of Mindfulness Therapy in Orofacial Chronic Pain,Unknown,No,Mindfulness|Chronic Pain|Orofacial Pain,Pain,OTHER: mindfulness-based stress reduction|OTHER: Minimal intervention,MBSR,ALL,Adult + Older,40,OTHER,Interventional,2021,2021,2021,
NCT04737512,Mindfulness-Based ADHD Treatment for Children: a Feasibility Study,Completed,No,Attention Deficit Hyperactivity Disorder,Neurological / Cognitive,BEHAVIORAL: Mindfulness-Based ADHD Treatment for Children|BIOLOGICAL: Goal-Standard Medication (Trea,Mindfulness (General),ALL,Child only,68,OTHER,Interventional,2021,2024,2021,United States
NCT04539132,Maintaining Independence and Quality of Life in Aging Adults Through Targeted Cognitive Training,Unknown,No,Mild Cognitive Impairment,Neurological / Cognitive,BEHAVIORAL: ABI Wellness Program,Other,ALL,Adult + Older,40,OTHER,Interventional,2020,2021,2020,
NCT06752148,Quantitative Neurofeedback Techniques for Treating Perioperative Cognitive Disorders in Elderly Patients,Not Yet Recruiting,No,Emergence Delirium|Perioperative Neurocognitive Disorder,Neurological / Cognitive,COMBINATION_PRODUCT: neurofeedback intervention training game,Other,ALL,Adult + Older,390,OTHER,Interventional,2025,2026,2024,
NCT04458194,Comparing Virtual Yoga to Standard Care on Insomnia Among Cancer Survivors,Active Not Recruiting,No,Insomnia,Sleep / Fatigue,OTHER: Standard Care|BEHAVIORAL: YOCAS©® yoga,Yoga,ALL,Adult + Older,42,OTHER,Interventional,2022,2026,2020,United States
NCT04386174,Brain Activity in People With Chronic Neuropathic Pain and Spinal Cord Injury,Unknown,No,Neuropathic Pain|Spinal Cord Injury,Pain,OTHER: Neurofeedback,Other,ALL,Adult + Older,30,OTHER,Interventional,2020,2022,2020,United States
NCT05180513,Mellowing Mind: Comparing Two Technology Based Mindfulness Interventions for Stress Impacted by COVID-19 in Underserved,Completed,No,Worry|Stress,Stress / Burnout,BEHAVIORAL: Teleconference Mindfulness Intervention|BEHAVIORAL: Smartphone App Mindfulness Intervent,Mindfulness (General),ALL,Adult + Older,270,OTHER,Interventional,2021,2024,2022,United States
NCT04376489,Project MARS: Mobile-Assistance for Regulating Smoking,Unknown,No,Current Smoker|Tobacco Smoking,Substance Use,BEHAVIORAL: Messages (participants experiencing negative affect & cigarettes are available)|BEHAVIOR,Other,ALL,Adult + Older,112,OTHER,Interventional,2020,2023,2020,United States
NCT04143828,A Mobile Mindfulness Programme for Individuals/Couples Experiencing Fertility Problems,Unknown,No,Infertility,Other,BEHAVIORAL: mobile mindfulness programme,Mindfulness (General),ALL,Adult only,60,OTHER,Interventional,2019,2021,2019,Belgium
NCT04126369,Impact of Mindfulness Intervention on Quality of Life in Patients With Drug-resistant Epilepsy.,Recruiting,No,Drug Resistant Epilepsy,Substance Use,OTHER: mindfulness intervention|OTHER: psycho educative programme,Mindfulness (General),ALL,Adult + Older,100,OTHER,Interventional,2020,2027,2019,France
NCT03858504,Yoga Versus Home Exercise Program in Children With Enthesitis Related Arthritis,Completed,No,Enthesitis Related Arthritis,Pain,OTHER: Exercise,Other,ALL,Child + Adult,21,OTHER,Interventional,2019,2019,2019,Turkey
NCT06820970,CRIC Combined With MFT for Cardiovascular Adverse Events in Patients With Incomplete Revascularization of CAD,Recruiting,No,Coronary Artery Disease,Other,DEVICE: chronic remote ischemic conditioning|BEHAVIORAL: Mindfulness Therapy|OTHER: sham CRIC|BEHAVI,Mindfulness (General),ALL,Adult + Older,2000,OTHER,Interventional,2025,2029,2025,China
NCT03840525,A Mind Body Intervention to Reduce Symptoms Among People Aging With HIV,Completed,Yes,Mental Health|Physical Health,Well-being / Mental Health,BEHAVIORAL: The Qigong Intervention|BEHAVIORAL: Sham Qigong,Other,ALL,Adult + Older,48,OTHER,Interventional,2020,2022,2019,United States
NCT03756181,Mindfulness and Self-Compassion in McGill University,Withdrawn,No,"Stress, Psychological",Stress / Burnout,BEHAVIORAL: Five-week MSC program (MSC5wk),Other,ALL,Adult only,0,OTHER,Interventional,2019,2021,2018,
NCT02417155,Increasing Plasma Adrenaline Levels Through Breathing Techniques - an Explorative Study,Completed,No,Autoimmune Diseases,Immune / Inflammatory,BEHAVIORAL: Hyper/hypoventilation|BEHAVIORAL: Strength ventilation,Other,MALE,Adult only,40,OTHER,Interventional,2014,2015,2015,Netherlands
NCT07321132,Effects of Yoga on Burnout and Happiness in Midwifery Students,Completed,No,Midwifery Students,Other,"OTHER: Yoga Practice (Non-pharmacological, Non-device)",Yoga,FEMALE,Adult + Older,72,OTHER,Interventional,2023,2023,2026,Turkey
NCT04137081,Unwinding Physician Anxiety,Completed,No,"Anxiety|Burnout, Professional",Anxiety,BEHAVIORAL: App-based mindfulness training,Mindfulness (General),ALL,Adult + Older,57,OTHER,Interventional,2018,2018,2019,United States
NCT05557643,PAPR: PAP + MBSR for Front-line Healthcare Provider COVID-19 Related Burnout,Completed,No,"Depression|Burnout, Professional",Depression,DRUG: Psilocybin|BEHAVIORAL: Mindfulness-Based Stress Reduction (MBSR),MBSR,ALL,Adult + Older,24,OTHER,Interventional,2023,2024,2022,United States
NCT03084692,Therapeutic Yoga and Resistance Exercise for Lung Cancer,Completed,No,Lung Cancer,Cancer,BEHAVIORAL: Therapeutic Yoga and Resistance Exercise,Yoga,ALL,Adult + Older,23,OTHER,Interventional,2017,2018,2017,Canada
NCT02055235,Study of Pain Processing in Experienced Yoga Practitioners,Completed,No,Pain,Pain,,Other,ALL,Adult + Older,47,NIH,Observational,2014,2016,2014,United States
NCT05175807,A Telemedicine Brief Mindfulness Intervention in Post-COVID-19,Unknown,No,Post COVID-19,Other,OTHER: Mindfulness,Mindfulness (General),ALL,Adult + Older,40,OTHER,Interventional,2020,2022,2022,Italy
NCT05111665,Decentering and Relapse/Recurrence in MBCT for Depression in Adults,Completed,No,"Depression|Depressive Disorder, Major|Depression in Remission",Depression,BEHAVIORAL: Mindfulness-based Cognitive Therapy (MBCT)|BEHAVIORAL: Relaxation Group Therapy (RGT)|BE,MBCT,ALL,All ages,227,OTHER,Interventional,2008,2008,2021,Canada
NCT05074693,Mobile Health and COVID-19,Completed,Yes,Anxiety Depression,Depression,OTHER: EASE app|OTHER: INSIGHT (Control) App,Other,ALL,Adult + Older,822,OTHER,Interventional,2021,2024,2021,United States
NCT07391072,"Effectiveness of a Waitlist App ""Stappvoorstap"" During Mental Healthcare Waiting Times",Recruiting,No,Psychological Stress|Coping Ability|Mental Health|Quality of Life|Coping Skills,Stress / Burnout,BEHAVIORAL: Stappvoorstap: mobile self-management waitlist intervention,Other,ALL,Adult + Older,54,OTHER,Interventional,2025,2027,2026,Netherlands
NCT07376668,Effects of a WhatsApp-assisted Prehabilitation for Patient Undergoing Elective Colorectal Cancer Surgery,Not Yet Recruiting,No,Colorectal Cancer (Diagnosis),Cancer,OTHER: Intervention|OTHER: Standard care,Other,ALL,Adult + Older,100,OTHER,Interventional,2026,2027,2026,Hong Kong
NCT05014217,Comparing Mentalization-based Treatment And A Dialectical Behavior Therapy-inspired Treatment On The Utilization Of Serv,Completed,No,Cluster B Personality Disorder (Diagnosis)|Borderline Personality Disorder,Other,BEHAVIORAL: Mentalization-based Treatment|BEHAVIORAL: Dialectical Behavior Therapy-inspired Treatmen,Other,ALL,All ages,403,OTHER,Observational,2015,2021,2021,
NCT05010967,"Effect of HIIT VS Yoga on Level of Pain, Catastrophizing and QoL in Dysmenorrhea",Completed,No,Primary Dysmenorrhea,Other,OTHER: High intensity interval training|OTHER: Yoga Training,Yoga,FEMALE,Adult only,34,OTHER,Interventional,2021,2022,2021,Pakistan
NCT07138417,Compassion-Based Family Intervention for Adolescents,Recruiting,No,Emotional Disorder,Well-being / Mental Health,OTHER: Compassion-Based Family Intervention,Loving-Kindness / Compassion,ALL,Child + Adult,60,OTHER,Interventional,2025,2027,2025,China
NCT07267520,The Effects of Quartz Crystal Singing Bowl Music and Guided Relaxation on Mood and Sleep in Rangatahi (Young Adults),Completed,No,Healthy Young Adults,Healthy Volunteers,BEHAVIORAL: Quartz Crystal Singing Bowl music|BEHAVIORAL: Progressive Muscle Relaxation,Other,ALL,Child + Adult,108,OTHER,Interventional,2024,2024,2025,New Zealand
NCT05833269,"Intercare, Mindfulness and Compassion Based Intervention for Parental Burnout",Active Not Recruiting,No,"Parental Burnout|Burnout, Caregiver|Burnout",Stress / Burnout,BEHAVIORAL: Mindfulness and Compassion based Intercare program for parental burnout reduction (IBAP-,Loving-Kindness / Compassion,FEMALE,Adult + Older,250,OTHER,Interventional,2022,2026,2023,Chile
NCT02489422,Programs To Support You During Chemotherapy,Completed,Yes,Depression|Fatigue|Stage IIA Colorectal Cancer|Stage IIB Colorectal Cancer|Stage IIC Colorectal Canc,Cancer,OTHER: Laboratory Biomarker Analysis|OTHER: Questionnaire Administration|OTHER: Daily Survey Adminis,Yoga,ALL,Adult + Older,44,OTHER,Interventional,2016,2020,2015,United States
NCT02481349,Couples-Based Yoga Program in Improving Quality of Life in Patients With High-Grade Glioma Undergoing Radiation Therapy,Active Not Recruiting,No,Caregiver|Glioma,Other,OTHER: Best Practice|OTHER: Informational Intervention|OTHER: Quality-of-Life Assessment|OTHER: Ques,Yoga,ALL,Adult + Older,216,OTHER,Interventional,2015,2027,2015,United States
NCT07433582,Mindfulness in Couples,Recruiting,No,Romantic Relationship Functioning,Other,BEHAVIORAL: SE training|BEHAVIORAL: MBCI,Other,ALL,Adult + Older,426,OTHER,Interventional,2026,2028,2026,Netherlands
NCT04606420,Can Lifestyle Changes Reverse Early-Stage Alzheimer's Disease,Unknown,No,Alzheimer Disease,Neurological / Cognitive,BEHAVIORAL: Lifestyle medicine,Other,ALL,Adult + Older,51,OTHER,Interventional,2018,2023,2020,United States
NCT04550507,Mind-Body Interventions to Mitigate Effects of Media Use on Sleep in Early Adolescents,Unknown,No,Sleep Initiation and Maintenance Disorders,Sleep / Fatigue,BEHAVIORAL: Mindful sensory awareness intervention|BEHAVIORAL: Mindful sensory awareness + mindful b,Other,ALL,Child only,75,OTHER,Interventional,2020,2021,2020,United States
NCT06996340,White Noise and In-vitro Fertilizasyon,Recruiting,No,"WHITE NOISE, INVITRO FERTILIZATION, PAIN, ANXIETY, COMFORT",Pain,OTHER: White noise group|OTHER: routine care,Other,FEMALE,Adult only,94,OTHER,Interventional,2025,2025,2025,Turkey
NCT02226042,Investigating the Mechanisms of Mindfulness-based Cognitive Therapy (MBCT),Completed,No,Major Depression (in Remission),Depression,BEHAVIORAL: Mindfulness-based Cognitive Therapy,MBCT,ALL,Adult only,112,OTHER,Interventional,2014,2017,2014,United Kingdom
NCT03007901,Mindful Climate Action: Improving Health While Reducing Carbon Footprint,Completed,No,Health Behavior,Other,BEHAVIORAL: Mindful Climate Action,Other,ALL,Adult + Older,16,OTHER,Interventional,2017,2017,2017,
NCT02188823,Examining the Effects of Diet on Health in Prediabetes With an Online Program,Terminated,No,Prediabetes,Cardiovascular / Metabolic,BEHAVIORAL: Low carbohydrate diet,Other,ALL,Adult + Older,11,OTHER,Interventional,2014,2015,2014,United States
NCT06863623,The Effect of Immersive Virtual Reality and Relaxing Videos on Lung Cancer Patients,Recruiting,No,"Lung Cancer|Chemotherapy Effect|Distress, Emotional|Quality of Life (QOL)",Cancer,OTHER: İmmersive Virtaul Reality Applications|OTHER: Relaxing Videos,Other,ALL,Adult + Older,90,OTHER,Interventional,2024,2025,2025,Turkey
NCT02879396,Preventing Avoidable Admissions Among Assisted Living Elders,Completed,No,Aging|Emergencies,Other,BEHAVIORAL: PA4LE Program,Other,ALL,Adult + Older,10,OTHER,Interventional,2016,2018,2016,United States
NCT06428123,Comparison of Efficacy of Mirror Therapy vs Mental Imagery in Reduction of Phantom Limb Pain in AKAP,Active Not Recruiting,No,Phantom Limb Pain,Pain,BEHAVIORAL: Mirror Therapy on present Lower Limb|DIAGNOSTIC_TEST: Mental Imagery on present Lower Li,Other,ALL,All ages,24,OTHER,Interventional,2023,2024,2024,Pakistan
NCT02469324,A Comparative RCT of Brief Internet-based Compassionate Mind Training and Cognitive-behavioral Therapy for Mothers and T,Completed,No,Comparison of Internet-based CBT and CMT,Other,BEHAVIORAL: Cognitive Behavioral Therapy|BEHAVIORAL: Compassionate Mind Training,Loving-Kindness / Compassion,FEMALE,Adult + Older,86,OTHER,Interventional,2015,2015,2015,United States
NCT02387320,Evaluation of a Self-Care Toolkit in Surgical Breast Cancer Patients,Unknown,No,Anxiety|Pain|Nausea|Fatigue|Sleep Disturbance,Pain,OTHER: Self-Care Toolkit,Other,FEMALE,Adult + Older,100,OTHER,Interventional,2014,2017,2015,United States
NCT06047808,Feasibility Study of the Storytelling Through Music Intervention with Bereaved Parents,Completed,No,"Pediatric Cancer|Grief|Well-Being, Psychological|Coping Strategies|Bereavement",Cancer,BEHAVIORAL: Storytelling Through Music,Other,ALL,Adult + Older,23,OTHER,Interventional,2023,2024,2023,United States
NCT01488825,Yoga Intervention Study on Episodic Tension Type Headache,Completed,No,Episodic Tension Type Headache,Pain,BEHAVIORAL: Yoga Therapy,Yoga,ALL,Adult only,77,OTHER,Interventional,2005,2006,2011,India
NCT01473615,Mindfulness Based Cognitive Therapy for Chronic Pain and Comorbid Unipolar Depression,Unknown,No,Major Depressive Disorder|Dysthymic Disorder|Depressive Disorder NOS|Chronic Pain,Pain,BEHAVIORAL: Mindfulness Based Cognitive Therapy,Mindfulness (General),ALL,Adult + Older,60,OTHER,Interventional,2011,2014,2011,United States
NCT05869721,Effects of Yoga on Women with Breast Cancer,Completed,No,Upper Limb Functions|Sleep Quality|Upper Limb Muscle Strength|Shoulder Mobility|Heart Rate Variabili,Sleep / Fatigue,OTHER: Yoga,Yoga,FEMALE,Adult + Older,34,OTHER,Interventional,2023,2024,2023,Hong Kong
NCT03544879,Yoga to Prevent Mobility Limitations in Older Adults,Completed,Yes,Aging|Mobility Limitation|Sedentary Lifestyle,Other,BEHAVIORAL: Yoga Intervention|BEHAVIORAL: Healthy Aging Education,Yoga,ALL,Adult + Older,46,OTHER,Interventional,2014,2014,2018,
NCT05578365,Online Pilates in Individuals With Chronic Low Back Pain,Unknown,No,Low Back Pain|Chronic Pain,Pain,OTHER: Pilates method|OTHER: Pain education,Other,ALL,Adult only,78,OTHER,Interventional,2022,2023,2022,
NCT01027780,Mindfulness to Improve Elders' Immune and Health Status,Completed,Yes,"Stress, Psychologic",Stress / Burnout,BEHAVIORAL: Mindfulness-Based Stress Reduction,MBSR,ALL,Adult + Older,208,OTHER,Interventional,2006,2009,2009,United States
NCT06630897,Art and Science of Human Flourishing Microsupport Study,Completed,No,Mental Stress,Stress / Burnout,OTHER: Text Messages,Other,ALL,Adult + Older,186,OTHER,Interventional,2024,2025,2024,United States
NCT05079568,A Study to Evaluate the Safety and Tolerability of Virtual Reality to Treat Gastroparesis,Suspended,No,Gastroparesis,Other,DEVICE: Oculus Go VR headset|DEVICE: Sham Oculus Go VR headset,Other,ALL,Adult + Older,30,OTHER,Interventional,2021,2026,2021,United States
NCT04761510,Mindfulness-SOS: Stress Reduction for Refugees,Completed,No,"Stress Disorders, Post-Traumatic|Stress Related Disorder",PTSD / Trauma,BEHAVIORAL: Mindfulness-SOS for Refugees,Mindfulness (General),ALL,Adult + Older,60,OTHER,Interventional,2020,2021,2021,Israel
NCT04909970,Impact of a Self-hyPnOsis Practice on Chronic StresS Among Caregivers of Elderly People With Loss of Autonomy at Home,Completed,No,Stress,Stress / Burnout,OTHER: Self-hypnosis|OTHER: Control (Waiting list),Other,ALL,Adult + Older,14,OTHER,Interventional,2025,2025,2021,Reunion
NCT04571190,An Adapted Mindfulness-based Stress Reduction Program for Psycho-socially Vulnerable Pregnant Women.,Completed,No,"Pregnancy, High Risk",Pregnancy / Maternal,BEHAVIORAL: Prenatal MBSR,MBSR,FEMALE,Adult + Older,73,OTHER,Interventional,2021,2022,2020,Denmark
NCT07033520,Effects of Online Mindfulness Therapy on Pain and Stress in Adults With Chronic Migraine and Adverse Childhood Experienc,Not Yet Recruiting,No,Chronic Migraine|Adverse Childhood Experiences|Depression|Anxiety|Headache Disorders,Pain,BEHAVIORAL: Online Mindfulness-Based Cognitive Therapy,MBCT,ALL,Adult + Older,60,OTHER,Interventional,2025,2025,2025,Colombia
NCT04549103,Effect of Baduanjin on Functional Performance in Pre-Frail/Frail Older Adults,Completed,No,Frailty|Frail Elderly Syndrome,Other,OTHER: Baduanjin exercise program,Other,ALL,Adult + Older,58,OTHER_GOV,Interventional,2021,2023,2020,Singapore
NCT04319393,Cognitive Behavioral Therapy and Ageism,Completed,No,Ageism,Other,BEHAVIORAL: Cognitive Behavioral Therapy,CBT,ALL,Adult only,110,OTHER,Interventional,2019,2019,2020,Jordan
NCT04313686,Mindfulness-based Intervention to Promote Psychological Wellbeing in People With Epilepsy,Completed,No,Epilepsy|Brain Diseases|Central Nervous System Diseases|Nervous System Diseases,Neurological / Cognitive,BEHAVIORAL: Mindfulness-based therapy|BEHAVIORAL: No-intervention,Mindfulness (General),ALL,All ages,10,OTHER,Interventional,2018,2021,2020,Malaysia
NCT02630485,Graceful Lifestyle Changes Study for PCOS and Infertility,Unknown,No,Polycystic Ovary Syndrome|Infertility,Other,BEHAVIORAL: Graceful Lifestyle Changes|DIETARY_SUPPLEMENT: Myo-inositol|DRUG: Letrozole,Other,FEMALE,Adult only,240,OTHER,Interventional,2015,2018,2015,
NCT04065958,Yoga-mindfulness for Pain Management in Inflammatory Arthritis,Suspended,No,Rheumatoid Arthritis|Psoriatic Arthritis|Pain,Pain,BEHAVIORAL: Yoga-mindfulness|BEHAVIORAL: Patient education and physiotherapy,Yoga,ALL,Adult + Older,60,OTHER,Interventional,2019,2024,2019,Sweden
NCT07556744,SOMA Validation RCT: Testing Structural Equivalence and Mechanistic Orthogonality of an Open-Source Mindfulness Stimulus,Not Yet Recruiting,No,Mindfulness|Healthy Volunteers,Well-being / Mental Health,BEHAVIORAL: SOMA Audio-Guided Mental Training Exercise,Other,ALL,Adult + Older,360,OTHER,Interventional,2026,2026,2026,Singapore
NCT07514624,CRIC Combined With MFT for MFR in Patients With Incomplete Revascularization of CAD,Not Yet Recruiting,No,Coronary Disease,Other,DEVICE: CRIC|BEHAVIORAL: MFT|DEVICE: sham CIRC|BEHAVIORAL: sham MFT,Other,ALL,Adult + Older,480,OTHER,Interventional,2026,2028,2026,
NCT07462429,Mindful Miles Pilot Feasibility Study,Recruiting,No,"Patellofemoral Pain, PFP|Patellofemoral Pain Syndrome|Patellofemoral Pain|Patellofemoral Pain (PFPS)",Pain,BEHAVIORAL: Progressive Mindful Physical Activity,Other,ALL,Adult + Older,20,OTHER,Interventional,2025,2026,2026,United States
NCT05316285,Effects of School-based Yoga Program on University Students,Completed,No,Yoga|Adolescent Behavior|Emotional Regulation|Mental Health|Eating Behaviors|Well-being,Well-being / Mental Health,OTHER: Yoga exercise,Yoga,ALL,Adult only,61,OTHER,Interventional,2023,2024,2022,Turkey
NCT05216445,Mindfulness for Stress and Well-being in University Students,Completed,No,Stress|Well-being,Stress / Burnout,BEHAVIORAL: Mindfulness Training,Mindfulness (General),ALL,Adult + Older,157,OTHER,Interventional,2022,2022,2022,Pakistan
NCT02955784,Sinasprite: A Pilot Feasibility Study for Patients With Anxiety or Stress,Completed,No,Stress|Depression|Anxiety,Depression,DEVICE: Sinasprite Mobile App,Other,ALL,Adult + Older,12,FED,Interventional,2015,2018,2016,United States
NCT03669016,MIndfulness for Students,Unknown,No,Well-being|Functional Ability|Stress|Mindfulness,Stress / Burnout,BEHAVIORAL: Face-to-face group-based mindfulness|BEHAVIORAL: Internet-based mindfulness,Mindfulness (General),ALL,All ages,120,OTHER,Interventional,2018,2019,2018,Finland
NCT02690194,A Prospective Study Investigating the Use of Relaxation Prior to Medical Procedures.,Completed,Yes,Pain|Anxiety,Pain,DEVICE: Placebo Group|DEVICE: Buddhify Therapy,Other,ALL,All ages,54,OTHER,Interventional,2015,2017,2016,United States
NCT02613364,"Yoga, Survivorship Health Education, and Cognitive Behavioral Therapy in Reducing Insomnia in Cancer Survivors",Completed,Yes,Cancer Survivor|Insomnia|Malignant Neoplasm,Cancer,BEHAVIORAL: Behavioral Intervention|OTHER: Cognitive Intervention|OTHER: Educational Intervention|OT,Other,ALL,Adult + Older,746,OTHER,Interventional,2016,2020,2015,United States
NCT06772181,A Digital Health Intervention to Improve Symptoms and Physical Activity During Breast Radiation,Recruiting,No,Breast Carcinoma,Cancer,BEHAVIORAL: IM@Home Program|OTHER: Medical Device Usage and Evaluation|OTHER: Questionnaire Administ,Other,ALL,Adult + Older,40,OTHER,Interventional,2025,2026,2025,United States
NCT02266680,Breathing Focused Yoga in Social Anxiety Disorder,Completed,No,Social Anxiety Disorder,Anxiety,BEHAVIORAL: Yoga Treatment Group,Yoga,ALL,Adult + Older,60,OTHER,Interventional,2012,2017,2014,Canada
NCT06783725,Sleep Intervention and Quality of Life in Down Syndrome,Recruiting,No,Down Syndrome|Down Syndrome (Trisomy 21),Other,BEHAVIORAL: Mindfulness-Based Therapy for Insomnia|BEHAVIORAL: Wait-list control,Mindfulness (General),ALL,Child + Adult,20,OTHER,Interventional,2025,2027,2025,United States
NCT07051330,The Advancing Dynamic And Personalized Training Study,Recruiting,No,"Well-Being, Psychological",Well-being / Mental Health,OTHER: Healthy Minds Program (HMP) app,Other,ALL,Adult + Older,1500,OTHER,Interventional,2025,2027,2025,United States
NCT01835574,Cambodia Integrated HIV and Drug Prevention Implementation Program,Completed,No,HIV,Other,BEHAVIORAL: Conditional cash transfer and cognitive-behavioral aftercare,Other,FEMALE,Adult + Older,1198,OTHER,Interventional,2013,2016,2013,Cambodia
NCT06199661,High-Intensity Exercise in Older Adults,Completed,No,Functional Fitness|Cognitive Abilities,Neurological / Cognitive,BEHAVIORAL: APEX,Other,ALL,Adult + Older,4,OTHER,Interventional,2023,2023,2024,United States
NCT06078046,MOVIN' CARE for PD (Mind-body Interventions),Active Not Recruiting,No,Parkinson Disease,Neurological / Cognitive,BEHAVIORAL: Mind-body interventions,Other,ALL,Adult + Older,154,OTHER,Interventional,2023,2027,2023,Hong Kong
NCT05767970,Stress Toolbox for Healthcare Providers in Mexico,Completed,No,"Distress, Emotional|Burnout, Professional|Inflammation|Emotion Regulation",Stress / Burnout,BEHAVIORAL: Integrated Stress Toolbox for Healthcare Providers (ISTH),Other,ALL,Adult + Older,2315,OTHER,Interventional,2023,2025,2023,Mexico
NCT05617300,Mindfulness-based Dementia Care Partner Program to Reduce Depressive Symptoms,Completed,Yes,Dementia,Neurological / Cognitive,BEHAVIORAL: Mindfulness-Based Dementia Caregiving,Mindfulness (General),ALL,Adult + Older,130,OTHER,Interventional,2022,2024,2022,United States
NCT05615337,Mindfulness Training: the Effects of a Stress Reduction Program on Older Portuguese-speaking People in Luxembourg,Completed,No,Mindfulness|Healthy Aging,Well-being / Mental Health,BEHAVIORAL: MBSR|BEHAVIORAL: HPP,MBSR,ALL,Adult + Older,89,OTHER,Interventional,2022,2023,2022,Luxembourg
NCT05446844,A Nurse Caring Behavior Protocol on Postoperative Cardiac Patient Satisfaction,Completed,No,Nurse-Patient Relations|Patient Satisfaction|Caring,Other,OTHER: A nurse caring behavior protocol|OTHER: Routine nursing care,Other,ALL,Adult only,60,OTHER,Interventional,2019,2020,2022,Egypt
NCT05289154,Acupressure and Qigong in Chronic Fatigue Post COVID-19.,Unknown,No,COVID-19|Post-COVID-19 Syndrome,Other,OTHER: self- applied acupressure plus Qigong course plus advice literature|BEHAVIORAL: advice litera,Other,ALL,Adult only,200,OTHER,Interventional,2022,2023,2022,Germany
NCT00643344,Craving and Lifestyle Management Through Mindfulness Pilot Study,Completed,No,Obesity,Cardiovascular / Metabolic,BEHAVIORAL: Craving and Lifestyle Management through Mindfulness(CALMM+),Mindfulness (General),FEMALE,Adult only,15,OTHER,Interventional,2008,2008,2008,United States
NCT04895839,Predictors of Mental Health in Men With Prostate Cancer Undergoing a Patient Empowerment Program,Recruiting,No,Prostate Cancer,Cancer,BEHAVIORAL: Patient Empowerment Program,Other,MALE,Adult + Older,2130,OTHER,Interventional,2021,2031,2021,Canada
NCT06889831,WORTH Paths Intervention,Recruiting,No,Substance Use Disorder (SUD)|Sexual and Reproductive Health|Sexual Risk Behavior,Substance Use,BEHAVIORAL: WORTH Paths Digital Intervention|BEHAVIORAL: WORTH Paths Wellness Group,Other,FEMALE,Adult only,50,OTHER,Interventional,2025,2026,2025,United States
NCT04694066,Qigong for Pre-frail and Frail Older Cancer Survivors,Completed,No,Cancer|Frailty,Cancer,BEHAVIORAL: Qigong|BEHAVIORAL: Light flexibility exercise,Other,ALL,Adult + Older,28,OTHER,Interventional,2019,2021,2021,Hong Kong
NCT06513793,"The Effect of a Nature-based, Self-help Intervention on Mental Wellbeing",Completed,No,Low Mental Wellbeing,Well-being / Mental Health,BEHAVIORAL: Roots and Shoots|BEHAVIORAL: Waiting list,Other,ALL,Adult + Older,47,OTHER,Interventional,2024,2024,2024,United Kingdom
NCT04646785,Mindfulness-based Cognitive Therapy for Patients With Inflammatory Bowel Disease,Completed,No,Inflammatory Bowel Diseases,Other,BEHAVIORAL: Mindfulness-based cognitive therapy + TAU|OTHER: Treatment as usual (TAU),MBCT,ALL,All ages,142,OTHER,Interventional,2021,2023,2020,Netherlands
NCT06653088,Move Kids-24h Physical Education Program,Completed,No,Fundamental Movement Skills|Preschool,Other,BEHAVIORAL: Physical Education program,Other,ALL,Child only,40,OTHER,Interventional,2023,2024,2024,Chile
NCT04523766,Comparing the Impact of Mindful Interoceptive Mapping and Mindful Breathing on Pain and Opioid Use,Completed,No,"Pain, Chronic|Opioid Use",Pain,BEHAVIORAL: Mindfulness of Breath|BEHAVIORAL: Mindful Interoceptive Mapping,Mindfulness (General),ALL,Adult + Older,149,OTHER,Interventional,2021,2023,2020,United States
NCT06534957,Online Mindfulness-based Stress Reduction for Patients Receiving Chemotherapy,Recruiting,No,Breast Cancer|Stress,Cancer,OTHER: Online mindfulness-based stress reduction,MBSR,FEMALE,Adult + Older,200,OTHER,Interventional,2025,2026,2024,Mexico
NCT06097520,Virtual Reality in Postoperative Acute Pain Management in Thoracic Surgery,Completed,No,Postoperative Pain,Pain,OTHER: VR Intervention,Other,ALL,Adult + Older,39,OTHER,Interventional,2023,2025,2023,Switzerland
NCT03881631,Improving Well-Being for Older Adult Family Dementia Caregivers,Completed,No,"Stress, Psychological",Stress / Burnout,BEHAVIORAL: Mindfulness Based Stress Reduction Program|BEHAVIORAL: Living Well Program,Mindfulness (General),ALL,Adult + Older,142,OTHER,Interventional,2016,2023,2019,United States
NCT05945992,How to Optimally Train Emotional and Social Skills,Unknown,No,Mental Health,Well-being / Mental Health,BEHAVIORAL: Emotion regulation|BEHAVIORAL: Self-acceptance|BEHAVIORAL: Mindfulness|BEHAVIORAL: Resou,Mindfulness (General),ALL,Adult + Older,240,OTHER,Interventional,2023,2024,2023,
NCT05846282,Students Rising Above: Offsetting the Health and Mental Health Costs of Resilience,Recruiting,No,Internalizing Mental Health Symptoms|Allostatic Load|Health Complaints,Well-being / Mental Health,BEHAVIORAL: STRIVE|BEHAVIORAL: Study Skills,Other,ALL,All ages,504,OTHER,Interventional,2023,2027,2023,United States
NCT03571386,Mechanisms of Mindfulness-based Interventions,Completed,Yes,Depression|Anxiety|Stress,Depression,BEHAVIORAL: Mindfulness-based Cognitive Therapy (MBCT)|BEHAVIORAL: Mindfulness-based Stress Reductio,MBSR,ALL,Adult only,136,OTHER,Observational,2019,2022,2018,United States
NCT03305952,Cognitively-Based Compassion Training for Breast Cancer Survivors,Unknown,No,Compassion|Treatment as Usual,Other,BEHAVIORAL: CBCT|OTHER: TAU,Other,ALL,Adult + Older,72,OTHER,Interventional,2016,2018,2017,Spain
NCT03228745,The Health Impact of Mindfulness Based Stress Reduction on Total Knee Arthroplasty,Completed,No,Total Knee Arthroplasty,Other,BEHAVIORAL: Pre-operative MBSR,MBSR,ALL,Adult + Older,36,OTHER,Interventional,2017,2020,2017,Canada
NCT07267741,"Using Virtual Reality Technology on Depression, Anxiety, and Stress Among Palestinian Patients Undergoing Breast Biopsy",Not Yet Recruiting,No,Depression|Anxiety|Stress,Depression,DEVICE: Meta Quest 2 VR headset,Other,FEMALE,Adult + Older,80,OTHER,Interventional,2025,2026,2025,
NCT07122115,Mindfulness-Based Childbirth Education for Pregnant Women With Distress,Completed,No,PRENATAL DISTRESS,Stress / Burnout,BEHAVIORAL: Mindfulness-Based Childbirth and Parenting Education,Mindfulness (General),FEMALE,Adult only,31,OTHER_GOV,Interventional,2022,2023,2025,Turkey
NCT06901713,Smoking Cessation Program With CBT and Mindfulness Audio Support: A Randomized Controlled Trial,Recruiting,No,Smoking Cessation; Tobacco Dependence,Substance Use,OTHER: cognitive behaviour thearpy|OTHER: mindfulness,Mindfulness (General),ALL,Adult + Older,2000,OTHER,Interventional,2024,2026,2025,China
NCT06882200,A Combined Mindfulness-diving Protocol on Emotional Eating in Obese Patients: A Prospective Randomized Study,Completed,No,Obesity and Overweight,Cardiovascular / Metabolic,OTHER: A combined mindfulness and therapeutic scuba-diving protocol|OTHER: Control group regular fol,Mindfulness (General),ALL,Child + Adult,63,INDUSTRY,Interventional,2022,2023,2025,France
NCT06846125,Mindfulness Training Along Strength Training Among Sprinters With Patellofemoral Pain,Completed,No,Patellofemoral Pain,Pain,OTHER: GROUP A: Combined Mindfulness and Strength Training|OTHER: GROUP B: Strength Training Only,Mindfulness (General),FEMALE,Adult only,34,OTHER,Interventional,2024,2024,2025,Pakistan
NCT06748833,An App Responding to Behaviour of People to Promote Mental Wellbeing in Anxious Youth,Completed,No,Anxiety|Sleep Problems,Anxiety,BEHAVIORAL: SMILE Intervention App,Other,ALL,Child + Adult,101,OTHER,Interventional,2023,2024,2024,Canada
NCT06384898,Remote Tai Chi for Knee Osteoarthritis,Recruiting,No,Knee Osteoarthritis,Pain,OTHER: Remote Tai Chi,Other,ALL,Adult + Older,480,OTHER,Interventional,2025,2028,2024,United States
NCT06382324,The Psychological Impact of Mindfulness Intervention to Anterior Cruciate Ligament Reconstruction,Unknown,No,Anterior Cruciate Ligament (Acl) Reconstruction,Other,BEHAVIORAL: mindfulness practice of body scan|BEHAVIORAL: listening to light music,Mindfulness (General),ALL,All ages,80,OTHER,Interventional,2024,2025,2024,Taiwan
NCT02079662,The Role of Lifestyle Factors in Breast Cancer-Related Outcomes,Active Not Recruiting,No,Stage II Breast Cancer AJCC v6 and v7|Stage IIA Breast Cancer AJCC v6 and v7|Stage IIB Breast Cancer,Cancer,"OTHER: Behavioral, Psychological or Informational Intervention|OTHER: Best Practice|OTHER: Cognitive",Other,FEMALE,Adult + Older,110,OTHER,Interventional,2013,2030,2014,United States
NCT01903876,A Web-based Bystander Education Program,Completed,Yes,Sexual Violence,Other,BEHAVIORAL: Bystander & Sexual Violence Prevention|BEHAVIORAL: General Health Promotion,Other,MALE,Adult only,743,OTHER,Interventional,2010,2011,2013,United States
NCT05761964,Harmony & Health: Feasibility of a Movement Intervention to Improve Psychosocial Wellbeing in Black Adults in Northeast,Active Not Recruiting,No,Psychological,Other,BEHAVIORAL: Harmony & Health|BEHAVIORAL: Health Education,Other,ALL,Adult + Older,50,OTHER,Interventional,2023,2027,2023,United States
NCT05726552,The Effect of Laughter Therapy on Hemodialysis Patients,Completed,No,"Laughter Therapy|Depression, Anxiety|Hemodialysis|Life Quality",Depression,OTHER: Laughter therapy,Other,ALL,Adult + Older,69,OTHER,Interventional,2021,2023,2023,Turkey
NCT03490903,Coronary Angiography THerapeutic Virtual Reality,Withdrawn,No,"Virtual Reality|Atherosclerosis|Coronary Artery Disease|Anxiety|Pain, Acute|Vasospasm;Peripheral",Pain,DEVICE: Virtual Reality|DRUG: Fentanyl Injection|DRUG: Midazolam injection,Other,ALL,Adult + Older,0,OTHER,Interventional,2018,2018,2018,
NCT05356364,Improving Negative Stressful Perseverations in Insomnia to Revitalize Expecting Moms (INSPIRE),Active Not Recruiting,No,Insomnia|Depression,Depression,BEHAVIORAL: Cognitive Behavioral Therapy for Insomnia (CBTI)|BEHAVIORAL: Perinatal Understanding of,CBT,FEMALE,Adult only,100,OTHER,Interventional,2023,2026,2022,United States
NCT05601908,A Virtual Reality Relaxation Intervention for Clinical Staff,Completed,No,"Psychological Burnout|Stress, Psychological|Mental Health Burden",Stress / Burnout,OTHER: Virtual Reality Relaxation,Other,ALL,Adult + Older,38,OTHER,Interventional,2022,2023,2022,United Kingdom
NCT05300646,Mindfulness-Based Stress Reduction for Psycho-socially Vulnerable Pregnant Women.,Unknown,No,Perinatal Mental Health|Pregnancy Related,Well-being / Mental Health,BEHAVIORAL: Prenatal mindfulness-based stress reduction,MBSR,FEMALE,Adult + Older,238,OTHER,Interventional,2022,2024,2022,Denmark
NCT01162252,Improving Psoriasis Through Health and Well-Being,Completed,No,Psoriasis,Other,BEHAVIORAL: Mindfulness-Based Stress Reduction|BEHAVIORAL: Living Well,MBSR,ALL,Adult + Older,130,OTHER,Interventional,2010,2013,2010,United States
NCT05183412,Effect of Virtual Reality (VR) Therapy on Patients Undergoing Hand Surgery Under Ultrasound-guided Regional Anesthesia,Completed,No,"Anesthesia, Local|Surgery|Hand Injuries",Other,DEVICE: The Sedakit Oncomfort VR glasses (30-minutes Aqua program)|PROCEDURE: Ultrasound-guided regi,Other,ALL,Adult + Older,120,OTHER,Interventional,2022,2023,2022,Belgium
NCT05115240,The Effects of a Brief Mindfulness Intervention on Emotional Responses and the Moderating Role of Interoception,Completed,No,Healthy Participants,Healthy Volunteers,BEHAVIORAL: Body Scan|OTHER: Audio-book,Other,ALL,Adult + Older,66,OTHER,Interventional,2021,2021,2021,Germany
NCT04769505,Mindfulness-based Interventions in COPD Patients,Completed,No,Chronic Obstructive Pulmonary Disease Exacerbation,Other,BEHAVIORAL: digital mindfulness-based intervention (MBI),Mindfulness (General),ALL,Adult + Older,30,OTHER,Interventional,2021,2023,2021,Austria
NCT07302893,Evaluation of Digital Sleep Program to Improve Sleep Among New Parents,Not Yet Recruiting,No,Insomnia,Sleep / Fatigue,BEHAVIORAL: Digital CBT-I,CBT,ALL,Adult + Older,250,INDUSTRY,Interventional,2026,2026,2025,United States
NCT04809207,"Acceptability, Feasibility and Preliminary Efficacy of CFWP to Treat Clinically Elevated Fatigue in Adults With CF",Completed,No,Cystic Fibrosis|Fatigue,Sleep / Fatigue,OTHER: CF Wellness Program Sessions,Other,ALL,Adult + Older,40,OTHER,Interventional,2021,2023,2021,United States
NCT04786483,The Effect of Laughter Therapy on Students in the COVID-19 Pandemic,Unknown,No,Laughter Yoga|Anxiety|Life Satisfaction|Psychological Well-being|COVID-19,Anxiety,OTHER: Laughter Theraphy,Other,ALL,All ages,80,OTHER,Interventional,2020,2021,2021,Turkey
NCT04710979,Feasibility of a Yoga Intervention in Sedentary African-American Women,Completed,Yes,Sedentary Behavior,Other,BEHAVIORAL: Yoga Intervention,Yoga,FEMALE,Adult + Older,69,OTHER,Interventional,2022,2023,2021,United States
NCT04602455,The Impact of Heartfulness Program on Loneliness in High School Students in the US,Completed,No,Loneliness,Other,BEHAVIORAL: Self-Care Program through Heartfulness,Other,ALL,Child + Adult,108,OTHER,Interventional,2020,2020,2020,United States
NCT06786962,Virtual Reality Hypnosis and Nurses' Stress,Completed,No,Hypnosis|Virtual Reality Therapy|Stress|Compassion Fatigue|Compassion Satisfaction|Emotions|Anxiety,Anxiety,DEVICE: Virtual reality Hypnosis|OTHER: Control arm (SEQ):,Other,ALL,Adult + Older,43,OTHER,Interventional,2024,2025,2025,France
NCT06776887,"Virtual Reality-based Exercises on Postural Stability, Depressive Symptoms and Anxiety in Patients with Lower Extremity ",Recruiting,No,"Patients with Lower Extremity Burn|Postural Stability, Depressive Symptoms and Anxiety in Patients w",Depression,DEVICE: The Wii Fit group will receive the Wii Fit program for 30 minutes in addition to SPTP for 60,Other,ALL,Adult only,40,OTHER,Interventional,2025,2025,2025,Egypt
NCT04416529,Tele-Mindfulness for Dementia's Family Caregivers: a Randomized Trial With a Usual Care Control Group,Completed,No,Caregivers|Mindfulness,Well-being / Mental Health,BEHAVIORAL: Tele-MBCT,MBCT,ALL,All ages,26,OTHER,Interventional,2016,2017,2020,
NCT06720792,Cocreation and Evaluation of an Escape Game on Students' Mental Health,Recruiting,No,Mental Health,Well-being / Mental Health,OTHER: EscapeCovid,Other,ALL,Adult + Older,191,OTHER,Interventional,2022,2025,2024,France
NCT02036658,Emotion Regulation During RCT of CBT vs. MBSR for Social Anxiety Disorder,Completed,No,Social Anxiety Disorder,Anxiety,BEHAVIORAL: Cognitive Behavioral Group Therapy|BEHAVIORAL: Mindfulness-Based Stress Reduction,MBSR,ALL,Adult only,108,OTHER,Interventional,2011,2015,2014,United States
NCT04057144,Acceptance and Commitment Therapy With and Without Enhanced Mindfulness Training for Chronic Pain,Completed,No,Chronic Pain,Pain,BEHAVIORAL: ACT|BEHAVIORAL: mindfulness exercises and audio recordings|BEHAVIORAL: Education program,Mindfulness (General),ALL,Adult + Older,667,OTHER,Interventional,2020,2024,2019,Norway
NCT07346339,"Sensory Mindfulness for NICU Mothers: Effects on Breast Milk, Well-Being, and Stress",Completed,No,Newborn Diseases|Breast Milk Collection|Well-being|MİNDFULNESS,Well-being / Mental Health,BEHAVIORAL: Mindfulness,Mindfulness (General),ALL,Adult only,60,OTHER,Interventional,2025,2025,2026,Turkey
NCT05137925,Mindful Moms: Mechanisms of Mindfulness-based Cognitive Therapy During Pregnancy and Postpartum,Completed,No,Psychological Distress|Pregnancy Related|Postpartum Blues|Postpartum Depression|Postpartum Anxiety|P,Depression,BEHAVIORAL: Mindfulness-Based Cognitive Therapy (MBCT)|BEHAVIORAL: Treatment as Usual (TAU),MBCT,FEMALE,Adult + Older,84,OTHER,Interventional,2023,2026,2021,United States
NCT03684057,Targeting Worry to Improve Sleep,Completed,Yes,Anxiety|Sleep Disturbance,Anxiety,BEHAVIORAL: App-Delivered Mindfulness Training (MT),Mindfulness (General),ALL,Adult + Older,80,OTHER,Interventional,2019,2020,2018,United States
NCT05283200,Creating a Healthy L.I.F.E: Lifestyle Interventions For Epilepsy,Active Not Recruiting,No,Lifestyle,Other,BEHAVIORAL: Yoga|BEHAVIORAL: Cognitive Behavioral Therapy|BEHAVIORAL: Music,Yoga,ALL,Adult + Older,1000,OTHER,Interventional,2022,2026,2022,United States
NCT06112483,SWELE Program: An Unstructured Outdoor Play With Mindfulness-based Interventions to Promote Mental Health Among Students,Unknown,No,"Specific Learning Disorder|Intellectual Disability, Mild to Moderate|Autism Spectrum Disorder|Attent",Neurological / Cognitive,BEHAVIORAL: SWELE Programme,Other,ALL,Child + Adult,1064,OTHER,Observational,2023,2024,2023,
NCT02290223,Patient Activation to Address Chronic Pain and Opioid Management in Primary Care,Completed,Yes,Chronic Pain,Pain,BEHAVIORAL: Behavioral Based Treatment Model,Other,ALL,Adult + Older,376,OTHER,Interventional,2015,2017,2014,United States
NCT07127016,Mindfulness in Nonflaccid Facial Paralysis,Not Yet Recruiting,No,Facial Paralysis,Other,BEHAVIORAL: Mindfulness Sessions|BEHAVIORAL: No Mindfulness Sessions,Mindfulness (General),ALL,Adult + Older,24,OTHER,Interventional,2026,2027,2025,United States
NCT03432754,Health Education and Lifestyle Training in Older Adults,Completed,No,Older Adults,Other,BEHAVIORAL: Mindfulness-Based Attention Training|BEHAVIORAL: Lifestyle Education,Mindfulness (General),ALL,Adult + Older,74,OTHER,Interventional,2014,2015,2018,
NCT05899088,Mindful Movement for Pelvic Pain,Unknown,No,Pelvic Pain|Endometriosis,Pain,OTHER: Mindful Movement,Other,FEMALE,Adult + Older,60,OTHER,Interventional,2023,2024,2023,
NCT07544459,Mindfulness-based Stress Reduction Combined With Aerobic Training in Cardiac Rehabilitation After Percutaneous Coronary,Completed,No,Coronary Heart Disease|Percutaneous Coronary Intervention|Mindfulness-based Stress Reduction|Aerobic,Stress / Burnout,BEHAVIORAL: observation group,Other,ALL,Adult + Older,150,OTHER,Interventional,2023,2025,2026,China
NCT07473544,Essential Oil Inhalation and Acute Stress Response in Healthy Adults,Active Not Recruiting,No,Psychological Stress,Stress / Burnout,OTHER: Essential Oil Inhalation|OTHER: Placebo Aroma Stick,Other,ALL,Adult only,200,INDUSTRY,Interventional,2026,2027,2026,United States
NCT03274193,Effects of Yoga Training on Cardiovascular Reactivity to Psychological Stress in Patients With Hypertension,Completed,No,Hypertension,Cardiovascular / Metabolic,BEHAVIORAL: Yoga training program,Yoga,ALL,Adult + Older,30,OTHER,Interventional,2018,2019,2017,Taiwan
NCT07449013,The Effect Of Laughter Yoga and Emotional Freedom Technique on Anxiety in Pregnant Women,Active Not Recruiting,No,Anxiety|Pregnancy,Anxiety,OTHER: Laughter yoga|OTHER: Emotional freedom technique,Yoga,FEMALE,Adult + Older,120,OTHER,Interventional,2025,2026,2026,Turkey
NCT07426341,Mindfulness-based Writing Expression Training Among Military Personnel,Completed,No,Military Personnel With High Pressure,Other,OTHER: mindfulness-based writing expression intervention|OTHER: Regular Mental Health Education Grou,Mindfulness (General),MALE,All ages,72,OTHER,Interventional,2025,2025,2026,China
NCT07404150,"Lifestyle Program Focused on Nourishment, Well-Being, and Health Behaviors in Women With Obesity",Enrolling By Invitation,No,Obesity and Cardiovascular Risk,Cardiovascular / Metabolic,OTHER: lifestyle change program,Other,FEMALE,Adult + Older,60,OTHER,Observational,2026,2027,2026,Canada
NCT07344896,MBSR Effects on Aging Anxiety and Body Image,Not Yet Recruiting,No,Body Image|Mindfulness Based Stress Reduction|Middle Aged,Stress / Burnout,BEHAVIORAL: bilinçli farkındalık temelli stres azaltma programı,Other,FEMALE,Adult only,58,OTHER,Interventional,2026,2026,2026,
NCT07082491,Mindfulness for Reducing Work-Related Stress,Completed,No,Work-Related Stress|Well-being|Inflammation Status|Employees of University,Stress / Burnout,BEHAVIORAL: Mindfulness-based stress reduction,MBSR,ALL,Adult + Older,120,OTHER,Interventional,2019,2023,2025,Italy
NCT06822673,Impact of MBI on Biopsychosocial Factors and QOL in Children With Primary Headaches,Enrolling By Invitation,No,Primary Headache|Psychological Distress|Emotion Regulation|Childhood Trauma|Sedentary Behaviors|Mind,Pain,BEHAVIORAL: Mindfulness Based Intervention,Mindfulness (General),ALL,Child only,60,OTHER,Interventional,2025,2025,2025,Pakistan
NCT05561933,Scaling Well-Being for Educators During COVID-19,Completed,No,Anxiety|Depression,Depression,BEHAVIORAL: Healthy Minds Program Foundations Training,Other,ALL,Adult + Older,829,OTHER,Interventional,2022,2024,2022,United States
NCT06596265,Community Park-Based Programs for Health Promotion: The Fit2Lead Prospective Cohort Study,Recruiting,No,"Anxiety|Wellness, Psychological|Overweight or Obesity|Hypertension|Prehypertension|Low Physical Fitn",Anxiety,BEHAVIORAL: Fit2Lead Group 1-2,Other,ALL,Child only,1000,OTHER,Observational,2016,2028,2024,United States
NCT06775249,A Quick Mindfulness Training for an Isolated and Confined Environment,Enrolling By Invitation,No,Winter Crew At Concordia Station,Other,BEHAVIORAL: ICE Mindfulness Program,Mindfulness (General),ALL,Adult + Older,24,OTHER,Interventional,2024,2026,2025,Antarctica
NCT06554899,CIFeR - A Clinician-led Intervention to Address Fear of Cancer Recurrence,Recruiting,No,Fear of Cancer Recurrence,Cancer,OTHER: Clinician-led intervention to address fear of cancer recurrence (CIFeR),Other,ALL,Adult + Older,300,OTHER,Interventional,2024,2026,2024,Denmark
NCT02286791,Mindful Awareness Program for the Prevention of Dementia: A Randomized Controlled Trial,Completed,No,Dementia,Neurological / Cognitive,BEHAVIORAL: Mindful Awareness Program|BEHAVIORAL: Health Education Program,Other,ALL,Adult + Older,55,OTHER,Interventional,2014,2015,2014,Singapore
NCT06423638,Feasibility of Virtual Tai Chi Easy for Registered Nurses,Recruiting,No,Transition Shock|Nurses' Intention to Quit|Stress|Somatic Symptoms|Burnout|Trauma and Stressor Relat,PTSD / Trauma,BEHAVIORAL: Virtual Tai Chi Easy,Other,ALL,Adult + Older,40,OTHER,Interventional,2023,2024,2024,United States
NCT06378749,Previvors Recharge: A Resilience Program for Cancer Previvors,Completed,Yes,Hereditary Cancer|Mental Health Issue,Cancer,BEHAVIORAL: PreCharge,Other,ALL,Adult + Older,138,OTHER,Interventional,2024,2024,2024,United States
NCT06228950,Mindfulness-Based Intervention for Emotional and Behavioural Problems of Students With Visual Impairment,Unknown,No,Emotional Problem|Behavior Problem,Well-being / Mental Health,BEHAVIORAL: Mindfulness-Based Stress Reduction,MBSR,ALL,Child only,100,OTHER,Interventional,2023,2024,2024,Pakistan
NCT04248400,Effectiveness of Tai Chi to Improve Cognitive Function in Older Adults With Mild Cognitive Impairment,Completed,No,Mild Cognitive Impairment,Neurological / Cognitive,OTHER: Tai Chi training|OTHER: Conventional exercise,Other,ALL,Adult + Older,37,OTHER,Interventional,2018,2020,2020,Hong Kong
NCT06034353,Impact of Pharmacist-led Cognitive Behavioral Intervention on Adherence and Quality of Life of Epileptic Patients,Completed,No,Epilepsy,Neurological / Cognitive,BEHAVIORAL: Pharmacist-led Cognitive Behavioral therapy,CBT,ALL,All ages,385,OTHER,Interventional,2023,2024,2023,Pakistan
NCT05983497,Effect of Self-care Skill Education on the Compassionate Satisfaction and Compassionate Fatigue Among Clinical Nurses Cl,Completed,No,Self-care|Compassion Satisfaction|Compassion Fatigue|Educational Intervention,Sleep / Fatigue,OTHER: Self-Care Skill Educational Intervention,Other,ALL,Adult only,248,INDUSTRY,Interventional,2023,2024,2023,Qatar
NCT04129632,Evaluation of Institutional Resources and a Novel Mindfulness Tool on Burnout Intensity,Completed,No,"Burnout, Professional",Stress / Burnout,BEHAVIORAL: IEPF Wellness Tool,Other,ALL,Adult + Older,73,OTHER,Interventional,2019,2020,2019,United States
NCT07210567,Mindfulness-based Ecological Momentary Intervention for Smoking Cessation Among Cancer Survivors,Recruiting,No,Smoking Cessation,Substance Use,BEHAVIORAL: Mindfulness|BEHAVIORAL: Quitline,Mindfulness (General),ALL,Adult + Older,50,OTHER,Interventional,2026,2028,2025,United States
NCT05905991,Enhanced Stress Resilience Training for Critical Care Nurses,Completed,No,Job Stress|Burnout,Stress / Burnout,OTHER: Enhanced Stress Resilience Training,Other,ALL,All ages,48,OTHER,Interventional,2023,2023,2023,United States
NCT05874232,"The Impact of Heartfulness Self-Care Program on Anxiety, Satisfaction With Life, and Loneliness Levels in Students and S",Completed,No,Anxiety|Satisfaction With Life|Loneliness,Anxiety,BEHAVIORAL: Self-Care Program through Heartfulness,Other,ALL,All ages,203,OTHER,Interventional,2022,2022,2023,United States
NCT05834127,Effects of Aerobic Exercises and Yoga on Premenstrual Syndrome,Completed,No,Premenstrual Syndrome|Pain,Pain,OTHER: Aerobic exercise|OTHER: Yoga Exercises,Yoga,FEMALE,Child + Adult,36,OTHER,Interventional,2022,2023,2023,Pakistan
NCT05769998,Development and Improvement of an Acceptance and Commitment-based Treatment for the Prevention of Chronic Pain After Tot,Unknown,No,Knee Osteoarthritis,Pain,BEHAVIORAL: Acceptance and Commitment-based treatment|OTHER: Treatment as usual,Other,ALL,Adult + Older,210,OTHER,Interventional,2021,2024,2023,Italy
NCT05705609,The Effect of Mandala Art Therapy on Pregnant Women With Abnormal OGTT,Completed,No,Pregnancy Related,Pregnancy / Maternal,OTHER: Mandala art therapy,Other,FEMALE,Child + Adult,68,OTHER,Interventional,2022,2023,2023,Turkey
NCT06722027,CCSH (Compassion-Centered Spiritual Health) for Teams,Recruiting,No,Health Behavior,Other,BEHAVIORAL: Compassion Centered Spiritual Health Team Intervention (CCSH-TI)|BEHAVIORAL: Treatment a,Loving-Kindness / Compassion,ALL,Adult + Older,80,OTHER,Interventional,2025,2026,2024,United States
NCT07195838,Mindful-Breath for People With COPD,Recruiting,No,Mindfulness|Pulmonary Rehabilitation|Chronic Obstructive Pulmonary Disease (COPD),Well-being / Mental Health,BEHAVIORAL: Hybrid Mindfulness-Based Group Sessions|BEHAVIORAL: Ecological Momentary Interventions (,Mindfulness (General),ALL,Adult + Older,60,OTHER,Interventional,2025,2027,2025,Hong Kong
NCT05131490,Effect on Adaptation to Cancer of Mobile Application Developed for Gynecological Cancer Patients,Completed,No,Gynecologic Cancer|Chemotherapy Effect|Mobile Application|Physiological Adaptation|Psychosocial Adap,Cancer,BEHAVIORAL: A mobile application intervention developed for gynecological cancer patients receiving,Other,FEMALE,Adult + Older,64,OTHER,Interventional,2022,2023,2021,Turkey
NCT05107609,Psychobiological Processes in Social Evaluation,Completed,No,"Stigma, Social|Weight, Body|Compassion|Stress Reaction",Stress / Burnout,BEHAVIORAL: Acute Self-Compassion Intervention,Loving-Kindness / Compassion,FEMALE,Adult only,37,OTHER,Interventional,2021,2023,2021,Canada
NCT04980365,Psychology Mobile Apps for Parents in a Pandemic,Completed,No,"Stress, Psychological",Stress / Burnout,BEHAVIORAL: Mindfulness|BEHAVIORAL: Gratitude|BEHAVIORAL: Food Journal,Mindfulness (General),ALL,Adult + Older,224,OTHER,Interventional,2021,2022,2021,United States
NCT04754165,Postoperative VR for Recovery After Bariatric Surgery,Active Not Recruiting,No,Bariatric Surgery Candidate|Postoperative Pain|Postoperative Complications,Pain,OTHER: Virtual Reality Immersive Relaxation,Other,ALL,Adult + Older,106,OTHER,Interventional,2022,2026,2021,United States
NCT04720404,Mindful Prevention of Psychopathology in Healthcare Workers During the COVID-19 Crisis (COVID-19 MindPreP),Completed,No,Mindfulness|Randomized Controlled Trial|Psychopathology|Health Personnel,Well-being / Mental Health,BEHAVIORAL: Mindfulness-Based Stress Reduction|OTHER: Self-help mindfulness/compassion exercises|OTH,MBSR,ALL,Adult + Older,201,OTHER,Interventional,2020,2022,2021,Netherlands
NCT02633748,Mindfulness Intervention to Improve Symptomology Among Cancer Survivors; Focus on Sleep and Stress Improvement,Completed,No,Cancer Sequelae,Cancer,BEHAVIORAL: Mindfulness-Based Cancer Survivorship,Mindfulness (General),ALL,Adult + Older,36,OTHER,Interventional,2015,2016,2015,United States
NCT04374825,Optimizing Quality of Life in Women Living With Metastatic Breast Cancer,Completed,No,Metastatic Breast Cancer,Cancer,BEHAVIORAL: Acceptance and Commitment Therapy (ACT)|BEHAVIORAL: Cognitive Behavioral Stress Manageme,CBT,FEMALE,Adult + Older,31,OTHER,Interventional,2019,2021,2020,United States
NCT04287218,Reducing Fear of Cancer Recurrence in Danish Colorectal Cancer Survivors,Active Not Recruiting,No,Fear of Cancer Recurrence|Colorectal Cancer|Anxiety|Health Anxiety|Bodily Distress Syndrome,Cancer,BEHAVIORAL: TG-iConquerFear|BEHAVIORAL: aTAU,Other,ALL,Adult + Older,200,OTHER,Interventional,2023,2026,2020,Denmark
NCT06008574,A Study Comparing Mindfulness Apps to Decrease Anxiety in People With Lung Cancer,Active Not Recruiting,No,Lung Cancer,Cancer,OTHER: AmDTx-PCSP|OTHER: AmDTx-2048|OTHER: Questionnaires,Other,ALL,Adult + Older,6,OTHER,Interventional,2023,2026,2023,United States
NCT03873142,The Effectiveness of a Mindful Parenting Intervention for Parents of Children With Psoriasis and Parents of Children Wit,Completed,No,Psoriasis|Eczema|Stress,Stress / Burnout,BEHAVIORAL: Mindful Parenting,Other,ALL,Child only,14,OTHER,Interventional,2018,2019,2019,United Kingdom
NCT03869749,The Moving 2 Mindful (M2M) Study: Mindfulness Group + Ecological Momentary Intervention,Terminated,No,Anxiety|Stress,Anxiety,BEHAVIORAL: Learning to BREATHE Plus|BEHAVIORAL: Health and wellness,Breathwork,ALL,Child + Adult,5,OTHER,Interventional,2021,2022,2019,United States
NCT03799289,Approaches for Improving Long-term Weight Loss,Completed,Yes,Obesity,Cardiovascular / Metabolic,BEHAVIORAL: Behavioral weight loss followed by yoga instruction|BEHAVIORAL: Behavioral weight loss f,Yoga,FEMALE,Adult only,60,OTHER,Interventional,2019,2020,2019,United States
NCT03568292,Virtual Reality in Reducing Pain and Anxiety in Cancer Participants Undergoing Painful Procedures,Suspended,No,Malignant Neoplasm,Cancer,OTHER: Best Practice|OTHER: Laboratory Biomarker Analysis|DEVICE: Oculus Rift Headset|OTHER: Questio,Other,ALL,Adult + Older,60,OTHER,Interventional,2022,2027,2018,United States
NCT03503838,A Pilot Study of Online Yoga for MPN Patients,Completed,No,Quality of Life|Cancer,Cancer,BEHAVIORAL: Online Yoga,Yoga,ALL,All ages,62,OTHER,Interventional,2016,2017,2018,
NCT05390034,Improving Emotion Regulation Flexibility: Testing the Efficacy of an Emotion Regulation Program in College Students,Unknown,No,Anxiety Depression|Emotion Regulation,Depression,BEHAVIORAL: ART|BEHAVIORAL: Relaxation,Other,ALL,Adult only,94,OTHER,Interventional,2022,2023,2022,France
NCT03333707,"Impact of a Mobile Application (Pacifica) on Stress, Anxiety, and Depression",Completed,No,Anxiety|Stress|Depression,Depression,BEHAVIORAL: Pacifica App,Other,ALL,Adult + Older,500,INDUSTRY,Interventional,2017,2018,2017,United States
NCT03227393,The Effect of Yoga on Cardiac Sympathetic Innervation Evaluated by I-123 mIBG,Withdrawn,No,"Heart Failure, Systolic",Cardiovascular / Metabolic,BEHAVIORAL: Yoga training,Yoga,ALL,Adult + Older,0,OTHER,Interventional,2017,2017,2017,United States
NCT04733300,Online Mindfulness-Based College for Young Adults,Unknown,No,Depressive Symptoms|Loneliness|Sedentary Behavior|Mindfulness|Physical Activity|Diet|Sleep|Emotional,Depression,BEHAVIORAL: Mindfulness-Based College for Young Adults|OTHER: Health Education for Young Adults,Mindfulness (General),ALL,Adult only,300,OTHER,Interventional,2020,2021,2021,United States
NCT02724826,Effects of Qigong and Exercise Therapy Among Patients With Chronic Neck Pain,Completed,No,Neck Pain,Pain,BEHAVIORAL: Qigong therapy|BEHAVIORAL: Exercise therapy,Other,ALL,Adult + Older,122,OTHER,Interventional,2000,2015,2016,
NCT03819231,Mindfulness Training Plus Oxytocin Effects on Smoking Behavior,Terminated,No,Smoking|Smoking Cessation,Substance Use,DRUG: Oxytocin|BEHAVIORAL: Mindfulness|DRUG: Saline Solution|BEHAVIORAL: Sham mindfulness,Mindfulness (General),ALL,Adult only,20,OTHER,Interventional,2018,2023,2019,United States
NCT01821950,Evaluation of Yoga for Substance Use Risk Factors in a School Setting,Completed,No,Adolescent Development,Other,BEHAVIORAL: Yoga during physical education,Yoga,ALL,Child only,211,OTHER,Interventional,2013,2015,2013,United States
NCT02276404,Preoperative Relaxation Training and Acupuncture to Minimize Perioperative Symptoms in Breast Cancer Patients,Completed,No,Breast Neoplasms,Cancer,BEHAVIORAL: relaxation training|OTHER: acupuncture,Other,FEMALE,Adult + Older,120,OTHER,Interventional,2014,2018,2014,Germany
NCT02272751,Relaxation and Exercise In Lymphoma Patients,Completed,No,Lymphoma|Quality of Life,Cancer,BEHAVIORAL: Exercise|BEHAVIORAL: Relaxation,Other,ALL,Adult + Older,41,OTHER,Interventional,2014,2017,2014,United Kingdom
NCT02544412,A Well-being Training for Preservice Teachers,Completed,No,"Burnout, Professional|Stress, Psychological|Well-being|Psychological Adjustment|Self-regulation",Stress / Burnout,BEHAVIORAL: novel mindfulness-based well-being training,Mindfulness (General),ALL,Adult + Older,98,OTHER,Interventional,2015,2020,2015,United States
NCT03712319,Mindfulness App Versus Mindfulness-based Intervention for Healthcare Students,Completed,No,Students,Other,BEHAVIORAL: REM Volver a casa|BEHAVIORAL: Mindfulness-Based Stress Reduction program,MBSR,ALL,All ages,154,OTHER,Interventional,2016,2019,2018,Spain
NCT03796663,Mindful Parenting and Parent Training Program Study,Completed,No,Disruptive Behavior|Attention Deficit Hyperactivity Disorder|Oppositional Defiant Disorder|Conduct D,Neurological / Cognitive,BEHAVIORAL: Mindful Parenting Program|BEHAVIORAL: MATCH BPT Program,Other,ALL,Child only,44,OTHER,Interventional,2018,2021,2019,United States
NCT05615662,Meru Health Program to Treat Depression in Primary Care,Withdrawn,No,Depression|Anxiety,Depression,BEHAVIORAL: Meru Health Program|BEHAVIORAL: Treatment as Usual,Other,ALL,Adult + Older,0,INDUSTRY,Interventional,2022,2023,2022,United States
NCT02114190,Family-Based Mindful Eating Intervention for Overweight Adolescents,Completed,No,Overweight|Adolescent Behavior|Family Research|Weight Loss,Other,BEHAVIORAL: Adolescent Mindful Eating Group|BEHAVIORAL: Parent Integrated Group,Other,ALL,Child only,66,OTHER,Interventional,2014,2017,2014,United States
NCT01407549,The Influence of Mindfulness Based Intervention on Pain Perception in Chronic Pain Patients,Completed,No,Low Back Pain|Osteoarthritis,Pain,BEHAVIORAL: mindfulness group meetings with psychologist,Mindfulness (General),ALL,Adult + Older,67,OTHER,Interventional,2012,2014,2011,Israel
NCT01912287,GATE: Generalized Anxiety - A Treatment Evaluation,Completed,Yes,Generalized Anxiety Disorder,Anxiety,BEHAVIORAL: Cognitive Behavioral Therapy|BEHAVIORAL: Stress Education|BEHAVIORAL: Yoga,Yoga,ALL,Adult + Older,226,OTHER,Interventional,2013,2019,2013,United States
NCT07280481,Weekly Dynamics of Psychopathological and Symptom Networks During Mindfulness-Based Interventions for Emotional Distress,Recruiting,No,"Depression, Anxiety|Emotional Disorders",Depression,BEHAVIORAL: Mindfulness Intervention for Emotional Distress (self-guided version),Mindfulness (General),ALL,Adult + Older,500,OTHER,Interventional,2025,2026,2025,China
NCT07160439,Evaluating Digital Micro-Interventions to Reduce Distress and Increase Wellbeing in Breast Cancer Survivors,Completed,No,Mental Health Issue|Breast Cancer,Cancer,BEHAVIORAL: Digital Micro-Interventions,Other,FEMALE,Adult + Older,120,OTHER,Interventional,2025,2026,2025,United States
NCT04898972,Mindfulness-based Intervention in COPD Dyads,Unknown,No,Chronic Obstructive Pulmonary Disease,Other,BEHAVIORAL: Mindfulness-based stress reduction intervention|BEHAVIORAL: Information on stress reduct,MBSR,ALL,Adult + Older,80,OTHER,Interventional,2021,2023,2021,Italy
NCT06646692,Mindful Self-Compassion to Address PTSD and Substance Use in Unhoused Women,Recruiting,No,Posttraumatic Stress Disorder (PTSD)|Anxiety|Depression - Major Depressive Disorder,Depression,BEHAVIORAL: Mindful Self Compassion|BEHAVIORAL: Treatment as Usual (TAU),Loving-Kindness / Compassion,FEMALE,Adult + Older,202,OTHER,Interventional,2024,2026,2024,United States
NCT07044154,Effect of Sun Tai Chi on the Cardiopulmonary System and Mental Health in University Students,Recruiting,No,Mental Health Conditions|University Students,Well-being / Mental Health,OTHER: Tai Chi (Sun Style)|BEHAVIORAL: Health lifestyle education,Other,ALL,Adult only,56,OTHER,Interventional,2025,2026,2025,Chile
NCT07003659,Tele-Yoga for Inactive Students With Musculoskeletal Pain,Completed,No,Telerehabilitation|Yoga|University Students|Anxiety|Stress,Anxiety,OTHER: Tele-Yoga,Yoga,ALL,Adult only,56,OTHER,Interventional,2025,2025,2025,Turkey
NCT04680559,Mindfulness Training for Psychotherapeutic Care,Completed,No,"Mindfulness, Compassion|Empathy, Working Alliance, Patients' Symptomatology, Psychotherapeutic Proce",Well-being / Mental Health,BEHAVIORAL: MCBI|BEHAVIORAL: Active Comparator,Other,ALL,Adult + Older,204,OTHER,Interventional,2018,2020,2020,Spain
NCT06919406,Temporal Dynamics of Mindfulness Intervention for Emotional Distress: Daily Interventions and Assessments,Not Yet Recruiting,No,"Emotional Distress|Depression, Anxiety",Depression,BEHAVIORAL: Mindfulness Intervention for emotional distress(MIED）,Mindfulness (General),ALL,Adult only,100,OTHER,Interventional,2025,2025,2025,
NCT03538587,Feasibility and Preliminary Efficacy of a Mindfulness-based Intervention for Children and Young Adults With High Grade o,Completed,Yes,Glioblastomas|Sarcoma|Astrocytoma|Brain Cancer|Leukemia,Cancer,BEHAVIORAL: Enhanced Mindfulness Intervention|BEHAVIORAL: Psychoeducation,Mindfulness (General),ALL,Child + Adult,10,NIH,Interventional,2019,2022,2018,United States
NCT06597032,The Resilience Challenge: Fostering Emotional Resilience During a Time of National Stress,Completed,No,Stress|Positive Affect,Stress / Burnout,BEHAVIORAL: Resilience Challenge,Other,ALL,Adult + Older,11659,OTHER,Interventional,2024,2025,2024,United States
NCT06263335,"MBI for Psychological Distress, SI and NSSI Among Young Adults",Completed,No,Psychological Distress|Suicidal Ideation|Non-Suicidal Self Injury,Stress / Burnout,OTHER: Mindfulness Based Stress Reduction Intervention,Mindfulness (General),ALL,Adult only,60,OTHER,Interventional,2022,2022,2024,Pakistan
NCT06064708,The Impact of Mindfulness-Based Intervention on Psychophysical Health,Completed,No,End Stage Renal Disease,Other,BEHAVIORAL: Mindfulness-based intervention,Mindfulness (General),ALL,Adult + Older,64,OTHER,Interventional,2023,2023,2023,Jordan
NCT06263283,Impact of an Educational Physiotherapy-Yoga Intervention on Perceived Stress in Women Treated With Brachytherapy for Cer,Active Not Recruiting,No,Cervical Cancer|Brachytherapy,Cancer,OTHER: session of Kine-Yoga,Yoga,FEMALE,Adult + Older,98,OTHER,Interventional,2024,2026,2024,France
NCT06004362,Complementary and Integrative Medicine as an Online Intervention in Patients With Post-covid Syndrome After COVID-19,Unknown,No,Post-COVID Syndrome,Other,"BEHAVIORAL: Complementary and Integrative Medicine online intervention, routine care and book|BEHAVI",Other,ALL,Adult + Older,120,OTHER,Interventional,2023,2025,2023,Germany
NCT05975476,Comparison of Two Park-Based Activities on Emotional Well-Being in Adults With Mobility Impairments,Not Yet Recruiting,No,Mobility Limitation|Physical Disability,Other,BEHAVIORAL: Physical Activity|BEHAVIORAL: Sensory Engagement,Other,ALL,Adult only,10,OTHER,Interventional,2026,2027,2023,
NCT04727593,The Modulatory Role of Internet MBCT on Extracellular Vesicles and Distress in Cancer Patients - Study Protocol,Unknown,No,Cancer,Cancer,BEHAVIORAL: Mindfulness Based Cognitive Therapy (MBCT)|OTHER: Treatment as Usual,MBCT,ALL,Adult + Older,111,OTHER,Interventional,2021,2024,2021,Portugal
NCT05949892,Heart-health Promotion,Completed,No,Heart Diseases,Cardiovascular / Metabolic,BEHAVIORAL: Expanded Health Belief Model-Based Intervention,Other,FEMALE,Child + Adult,144,OTHER,Interventional,2023,2024,2023,Iraq
NCT03139266,Project UPLIFT to Reduce Anxiety and Depression in CF Patients,Completed,No,Cystic Fibrosis|Anxiety|Depression,Depression,BEHAVIORAL: UPLIFT|BEHAVIORAL: Treatment as usual,Other,ALL,All ages,85,OTHER,Interventional,2015,2022,2017,United States
NCT05865912,A Feasibility Study of Mindfulness Training Transcranial Direct Current Stimulation (tDCS) in Adults With Overweight and,Completed,No,Adults With Overweight and Obesity,Cardiovascular / Metabolic,COMBINATION_PRODUCT: Mindfulness training + real tDCS|COMBINATION_PRODUCT: Mindfulness training + sh,Mindfulness (General),FEMALE,Adult only,52,OTHER,Interventional,2023,2025,2023,United Kingdom
NCT05845411,Mindful Eating for Eating Behavior Individuals Overweight and Obesity,Completed,No,"Overweight and Obesity|Behavior, Eating|Feeding Patterns",Cardiovascular / Metabolic,BEHAVIORAL: Mindful Eating|OTHER: Standard dietary treatment,Other,ALL,Adult + Older,60,OTHER,Interventional,2021,2022,2023,Brazil
NCT05759091,"Effect of Applying Cognitive Defusion Techniques on Mindful Awareness, Cognitive Fusion and Believability of Delusions A",Completed,No,Schizophrenia; Psychosis|Nurse's Role|Delusions,Other,BEHAVIORAL: cognitive defusion techniques,Other,MALE,All ages,70,OTHER,Interventional,2022,2023,2023,Egypt
NCT05743023,Consciousness-based Ayurveda Lifestyle Program for Improving Quality of Life in Survivors of Breast Cancer,Unknown,No,Breast Cancer Survivors,Cancer,BEHAVIORAL: Ayurvedic lifestyle protocol,Other,FEMALE,Adult + Older,15,OTHER,Interventional,2022,2023,2023,United States
NCT05664620,Post Concussion Symptoms Risk Stratification Tool,Unknown,No,Post-Concussion Syndrome,Other,DIAGNOSTIC_TEST: Risk Stratification Tool,Other,ALL,Adult only,75,OTHER,Interventional,2021,2024,2022,Canada
NCT05608304,Formal Versus Informal Mindfulness Among University Students With and Without Recent Nonsuicidal Self-injury,Completed,No,Nonsuicidal Self-injury|Mindfulness|Stress|Well-Being,Stress / Burnout,BEHAVIORAL: Formal mindfulness induction|BEHAVIORAL: Informal mindfulness induction|BEHAVIORAL: Acti,Mindfulness (General),ALL,Adult only,254,OTHER,Interventional,2022,2023,2022,Canada
NCT05452824,Participating in Tai Chi to Reduce Anxiety and Keep up Physical Function,Unknown,No,Prostate Cancer,Cancer,OTHER: Tai Chi Prehabilitation|OTHER: Usual care,Other,MALE,Adult + Older,40,OTHER,Interventional,2021,2024,2022,Canada
NCT05256485,Comparison Between Different Psychotherapy Interventions Regarding Their Effect on Substance Craving,Completed,No,Addiction Opiate,Substance Use,"BEHAVIORAL: cognitive behavioral therapy,mindfulness based relapse prevention,twelve-step therapy",Mindfulness (General),MALE,Child + Adult,45,OTHER,Interventional,2019,2021,2022,Egypt
NCT05189366,Sophrology Treatment for Patients With Glial Tumours Requiring Speech Therapy,Terminated,Yes,Glial Tumor,Cancer,BEHAVIORAL: Sophrology|BEHAVIORAL: Speech therapy,Other,ALL,All ages,13,OTHER,Interventional,2022,2024,2022,France
NCT05107687,Effectiveness of Smoking Cessation Program in a Community Health System,Unknown,No,Smoking Cessation,Substance Use,BEHAVIORAL: Smoking cessation,Other,ALL,Adult + Older,76,OTHER,Observational,2021,2025,2021,United States
NCT06926257,"Effects of VR-based Respiratory Training on Motor Reaction Time and Correctness, Stress Levels, Attention, Motor Skills,",Not Yet Recruiting,No,Healthcare Workers|Stress Level|Emergency Department|Shift Work Sleep Disorder|Postural Stability|VR,Stress / Burnout,OTHER: Experimental group (B) - breathing training using VR|OTHER: Experimental group (C) - breathin,Breathwork,ALL,Adult only,60,OTHER,Interventional,2025,2025,2025,Poland
NCT06789952,Mindfulness-Based Stress Reduction Versus Lifestyle Intervention for Long-Haul Covid-19 Parosmia,Terminated,No,COVID-19,Other,BEHAVIORAL: Mindfulness-Based Stress Reduction|BEHAVIORAL: Lifestyle Intervention,MBSR,ALL,Adult + Older,41,OTHER,Interventional,2023,2023,2025,United States
NCT04871178,Dissertation Project Title: Effects of a Mindfulness-Based Intervention in Chronic Heart Failure,Completed,No,Chronic Heart Failure,Cardiovascular / Metabolic,BEHAVIORAL: Mindfulness-based intervention,Mindfulness (General),ALL,Adult + Older,50,OTHER,Interventional,2010,2013,2021,
NCT04861597,Digital Behavioral Interventions in Inflammatory Bowel Disease,Completed,Yes,"Crohn Disease|Ulcerative Colitis|Inflammatory Bowel Diseases|Stress, Psychological|Depression, Anxie",Depression,BEHAVIORAL: Internet based cognitive behavioral therapy|BEHAVIORAL: Digital mood tracking,CBT,ALL,Adult + Older,30,OTHER,Interventional,2021,2023,2021,United States
NCT02840435,Study on Sit to Quit Phone Intervention,Completed,No,Nicotine Dependence,Other,BEHAVIORAL: Sit to Quit|BEHAVIORAL: Quit for Life,Other,ALL,Adult + Older,23,OTHER,Interventional,2016,2018,2016,United States
NCT04812158,Video Aided Mindful Deep Breathing for Pain Management,Completed,No,Musculoskeletal Pain|Ankle Injuries|Joint Instability,Pain,OTHER: standard ankle physiotherapy or rehabilitation for chronic ankle instability,Other,MALE,Adult only,45,OTHER,Interventional,2018,2019,2021,Malaysia
NCT04476368,Effect of Yoga in Pregnancy on Cardio-respiratory Adaptation to Challenge,Completed,No,Yoga|Pregnancy|Autonomic Nervous System,Pregnancy / Maternal,OTHER: weekly yoga classes|OTHER: walk,Yoga,FEMALE,Adult only,100,OTHER,Interventional,2020,2022,2020,Slovenia
NCT04457271,Goal Management Training in Individuals With PTSD,Withdrawn,No,PTSD|Post-traumatic Stress Disorder|Cognitive Impairment|Cognitive Dysfunction|Cognitive Deficit,PTSD / Trauma,BEHAVIORAL: Goal Management Training (GMT),Other,ALL,Adult + Older,0,OTHER,Interventional,2023,2024,2020,Canada
NCT04649762,the Activating Consciousness Technique (Hypnosis) in General Practice,Unknown,No,Anxiety,Anxiety,BEHAVIORAL: activating consciousness technique (hypnosis),Other,ALL,Adult + Older,200,OTHER,Observational,2020,2022,2020,France
NCT04196660,"THE EFFECT OF LABOR DANCE ON THE LABOR PAIN, BIRTH SATISFACTION AND NEONATAL OUTCOMES",Completed,No,Labor Pain|Satisfaction|Infant Conditions,Pain,BEHAVIORAL: Labor Dance,Other,FEMALE,Adult only,160,OTHER,Interventional,2017,2017,2019,Turkey
NCT03736460,Cancer Related Cognitive Impairment After Chemotherapy: Evaluation of Potential Therapeutic Interventions,Unknown,No,Cognitive Impairment,Neurological / Cognitive,BEHAVIORAL: Mindfulness|BEHAVIORAL: Physical training,Mindfulness (General),FEMALE,Adult + Older,120,OTHER,Interventional,2018,2021,2018,Belgium
NCT05421494,The Effectiveness of Written Exposure Therapy for PTSD,Recruiting,No,PTSD|Subclinical PTSD,PTSD / Trauma,BEHAVIORAL: written exposure therapy-revised version|BEHAVIORAL: minimal contact control,Other,ALL,Adult + Older,135,OTHER,Interventional,2022,2024,2022,China
NCT03489148,"Implications of Tamarkoz® on Stress, Emotion, Spirituality and Heart Rate",Completed,No,Stress,Stress / Burnout,BEHAVIORAL: Tamarkoz®|BEHAVIORAL: Stress management resources,Other,ALL,Adult only,103,OTHER,Interventional,2015,2016,2018,United States
NCT03358056,Effects of Mindfulness Based Cognitive Therapy on Emotional Processing,Unknown,No,Unipolar Depression|Anxiety Disorders|Adjustment Disorders|Emotional Instability,Depression,BEHAVIORAL: Mindfulness-Based Cognitive Therapy,MBCT,ALL,Adult + Older,30,OTHER,Interventional,2017,2018,2017,Spain
NCT04560192,Mindfulness Based Emotion Regulation Therapy in the Treatment of Depressive Rumination,Unknown,No,Depressive Disorder|Depression|Rumination,Depression,BEHAVIORAL: Mindfulness based Emotion regulation therapy (MBERT) - Treatment as usual (TAU)|OTHER: T,Mindfulness (General),ALL,Adult only,96,OTHER,Interventional,2020,2022,2020,Germany
NCT02090595,Mindfulness Based Cognitive Therapy for Youth With Anxiety at Risk for Bipolar Disorder,Completed,No,Anxiety|Bipolar Disorder,Anxiety,BEHAVIORAL: MBCT-C|BEHAVIORAL: Waitlist Control,MBCT,ALL,Child only,35,OTHER,Interventional,2013,2015,2014,United States
NCT02234557,Tai Chi Training for Children With ADHD,Completed,No,ADHD,Neurological / Cognitive,BEHAVIORAL: Tai Chi,Other,ALL,Child only,59,OTHER,Interventional,2014,2020,2014,United States
NCT01967992,Examining the Effects of Diet on Health With an Online Program,Completed,No,Type 2 Diabetes,Cardiovascular / Metabolic,"BEHAVIORAL: Behavioral: Low Carbohydrate, Ketogenic Diet|BEHAVIORAL: American Diabetes Association D",Mindfulness (General),ALL,Adult + Older,25,OTHER,Interventional,2013,2015,2013,United States
NCT01995812,Ola Hou i ka Hula: Hula and Hypertension,Completed,No,Hypertension,Cardiovascular / Metabolic,BEHAVIORAL: Hula and heart health education,Other,ALL,Adult + Older,59,OTHER,Interventional,2012,2013,2013,United States
NCT01591915,A Randomized Controlled Mindfulness Based Stress Reduction Intervention in Women With Breast Cancer,Unknown,No,Breast Cancer,Cancer,OTHER: MBSR,MBSR,FEMALE,All ages,150,OTHER_GOV,Interventional,2010,2020,2012,Sweden
NCT01451697,Cognitive Remediation for Neuropsychological Impairment in Compulsive Hoarding,Completed,No,Hoarding Disorder|Attentional Impairment,Other,BEHAVIORAL: Cognitive Remediation|BEHAVIORAL: Control (Placebo),Other,ALL,Adult + Older,20,OTHER,Interventional,2011,2012,2011,United States
NCT03908918,Mind and Body:A Clinical Trial Evaluation of a Smartphone App-based Mindfulness Intervention,Completed,No,Psychological Stress|Psychological Distress|Rehabilitation,Stress / Burnout,OTHER: Mindfulness app,Mindfulness (General),ALL,Adult + Older,11,OTHER,Interventional,2019,2019,2019,Canada
NCT07126002,Yoga Improves Bone Density and Metabolism in Elderly Osteoporosis,Completed,No,Osteoporosis,Other,BEHAVIORAL: Yoga,Yoga,ALL,Adult + Older,60,OTHER,Interventional,2024,2024,2025,China
NCT07118774,The Young Ambassadors Supporting Caregivers Program,Not Yet Recruiting,No,Psychological Well-being|Caregiver Burden of Caregivers,Well-being / Mental Health,BEHAVIORAL: Behavioral: mindfulness and compassion training|BEHAVIORAL: Behavioral: caregiver skills,Loving-Kindness / Compassion,ALL,Adult + Older,120,OTHER,Interventional,2025,2026,2025,
NCT07062029,The Effect of Laughter Yoga on Spiritual Care Perception and Spiritual Well Being in Nursing Students,Completed,No,Spirituality|Spiritual Well-being|Laughter Yoga,Well-being / Mental Health,OTHER: Laughter Yoga,Yoga,ALL,All ages,60,OTHER,Interventional,2024,2024,2025,Turkey
NCT06561373,"Effects of Mindfulness and Yoga on Preschool Students' Emotional Regulation, Behavior, and Social Participation",Not Yet Recruiting,No,Prosocial Behavior|Self Regulation|Impulsive Behavior,Other,BEHAVIORAL: Calm & Alert yoga and mindfulness,Yoga,ALL,Child only,40,OTHER,Interventional,2024,2024,2024,United States
NCT06503133,The Effect of Prenatal Yoga-Assisted Birth Preparation Training on Fear of Childbirth and Childbirth Self-Efficacy,Not Yet Recruiting,No,Fear of Childbirth|Childbirth Self Efficacy,Pregnancy / Maternal,OTHER: Birth preparation training|OTHER: Prenatal yoga practice,Yoga,FEMALE,Adult only,52,OTHER,Interventional,2024,2025,2024,Turkey
NCT06354361,Trauma-Informed Goal Management Training for Individuals With Post-traumatic Stress Disorder (PTSD),Completed,No,Post-Traumatic Stress Disorder,PTSD / Trauma,BEHAVIORAL: Trauma-Informed Goal Management Training (TI-GMT),Other,ALL,Adult + Older,33,OTHER,Interventional,2024,2025,2024,Canada
NCT06220708,Effects Of Dance Movement Therapy On Compassionate Flow In Nursing Students,Completed,No,Compassion|Educational Problems|Competence,Other,OTHER: dance movement therapy|OTHER: yoga training,Yoga,ALL,Adult only,59,OTHER,Interventional,2023,2023,2024,Taiwan
NCT06103149,The Role of Cognitive Flexibility in Mindfulness Intervention: a Functional Near-infrared Spectroscopy Study,Unknown,No,Emotional Distress,Stress / Burnout,BEHAVIORAL: Mindfulness Intervention for Emotional Distress(MIED),Mindfulness (General),ALL,Adult + Older,200,OTHER,Interventional,2023,2024,2023,China
NCT06051929,Mechanism of Mindfulness Intervention for Emotional Distress: the Role of Cognitive Flexibility,Unknown,No,Emotional Distress,Stress / Burnout,BEHAVIORAL: Mindfulness Intervention for Emotional Distress(MIED),Mindfulness (General),ALL,Adult + Older,200,OTHER,Interventional,2023,2024,2023,China
NCT06501027,"Mindfulness-Based Self-Compassion and Vagal Nerve Stimulation on Heart Rate Variability, Psychological Resilience, and S",Not Yet Recruiting,No,Heart Rate Variability|Psychological Resilience|Sleep Quality,Sleep / Fatigue,BEHAVIORAL: Mindfulness Based Self Compassion,Loving-Kindness / Compassion,ALL,Adult only,26,OTHER,Interventional,2024,2024,2024,
NCT05806281,The Role of Cognitive Flexibility in Mindfulness Intervention for Emotional Distress,Unknown,No,Emotional Distress,Stress / Burnout,BEHAVIORAL: Mindfulness Intervention for Emotional Distress(MIED),Mindfulness (General),ALL,Adult + Older,80,OTHER,Interventional,2023,2023,2023,China
NCT07576556,Mindfulness Plus Supervised Rehabilitation vs Supervised Rehabilitation Alone for Chronic Neck Pain in Office Workers,Not Yet Recruiting,No,Chronic Neck Pain,Pain,BEHAVIORAL: Mindfulness|OTHER: supervised exercise,Mindfulness (General),ALL,Adult + Older,48,OTHER,Interventional,2026,2026,2026,
NCT05684926,COVID-19 Pandemic Asthma Child Telerehabilitation Yoga,Completed,No,Asthma in Children|Telerehabilitation|Yoga,Respiratory,OTHER: Telerehabilitation yoga,Yoga,ALL,Child only,70,OTHER,Interventional,2022,2023,2023,Turkey
NCT05699642,Online Tai Chi Plus Fitbit After ACS,Active Not Recruiting,No,Acute Coronary Syndrome|Physical Inactivity,Other,BEHAVIORAL: Tai chi + wearable,Other,ALL,Adult + Older,70,OTHER,Interventional,2024,2026,2023,United States
NCT05571358,Virtual Reality to Improve Low-back Pain and Pelvic Pain During Pregnancy,Unknown,No,Low Back Pain|Pelvic Pain,Pain,DEVICE: Virtual Reality (Nature Trek),Other,FEMALE,Adult + Older,66,OTHER,Interventional,2024,2024,2022,
NCT07362771,Effectiveness of Hatha Yoga With and Without Zumba Exercise on Clinical Outcomes in Females With Poly Cystic Ovarian Syn,Completed,No,Poly Cystic Ovary Syndrome,Other,OTHER: Hatha Yoga|OTHER: Zumba Exercise,Yoga,FEMALE,Adult only,54,OTHER,Interventional,2024,2024,2026,Pakistan
NCT05336123,The Peace of Mind and Body Project: Treatment Development of Yoga for Anger Management in Incarcerated Adults,Completed,Yes,Anger|Aggression,Other,BEHAVIORAL: Hatha Yoga|BEHAVIORAL: Health Education,Yoga,ALL,Adult + Older,40,OTHER,Interventional,2022,2023,2022,United States
NCT05261529,Effects of an Intervention With EVOO and Physical Activity in Patients With Systemic Lupus Erythematosus,Unknown,No,"Lupus Erythematosus, Systemic",Other,DIETARY_SUPPLEMENT: Extra Virgin Olive Oil (EVOO)|BEHAVIORAL: Physical Exercise Program,Other,FEMALE,Adult + Older,90,OTHER,Interventional,2021,2023,2022,Spain
NCT07100665,Effects of Intravenous Lidocaine Treatment on Sleep and Quality of Life in Fibromyalgia: An Observational Study,Completed,No,Lidocaine Infusion|Fibromyalgia,Pain,,Other,ALL,Adult + Older,51,OTHER,Observational,2025,2025,2025,Turkey
NCT04950816,Examining the Feasibility and Acceptability of a Tailored Version of a Mindfulness-Based Intervention (MBI) Among Youth,Completed,Yes,"Stress, Emotional",Stress / Burnout,BEHAVIORAL: tailored MBI (.b)|BEHAVIORAL: attention control condition,Other,ALL,Adult only,90,OTHER,Interventional,2022,2024,2021,United States
NCT04936139,Art Therapy Effectiveness in the Level of Anxiety and Depression of Cancer Patients,Completed,No,Cancer,Cancer,BEHAVIORAL: Art Therapy,Other,ALL,Adult + Older,224,OTHER,Interventional,2021,2023,2021,Spain
NCT04797689,Managing Our Relationship With Food and Eating,Completed,No,"Mental Health Wellness 1|Eating Behavior|Stress, Psychological|Eating Habit",Stress / Burnout,BEHAVIORAL: Trauma Informed Yoga|BEHAVIORAL: Trauma Informed Psychotherapy,Yoga,FEMALE,Adult + Older,158,OTHER,Interventional,2021,2021,2021,Canada
NCT04656626,Brief Mindfulness Based Intervention to Improve Psychological Wellbeing,Completed,No,"Stress, Psychological",Stress / Burnout,BEHAVIORAL: brief mindfulness based intervention|BEHAVIORAL: Progressive muscle relaxation,Mindfulness (General),ALL,Adult + Older,146,OTHER,Interventional,2020,2020,2020,Saudi Arabia
NCT04615741,Finding Wellness in the Pandemic,Completed,No,"Mental Health Wellness 1|Addiction|Stress, Psychological|Covid19",Stress / Burnout,BEHAVIORAL: Trauma Informed Yoga|BEHAVIORAL: Trauma Informed Psychotherapy,Yoga,FEMALE,Adult + Older,187,OTHER,Interventional,2020,2021,2020,Canada
NCT06422702,The Effect of a Psychosomatic Symptom Intervention Program on the Primary Treatment of Differentiated Thyroid Cancer,Active Not Recruiting,No,Pathologically Confirmed Differentiated Thyroid Carcinoma|All Patients Are in the Initial Treatment,Cancer,OTHER: Psychosomatic Symptoms Intervention|OTHER: Extended supportive care,Other,ALL,Adult only,84,OTHER,Interventional,2023,2025,2024,China
NCT05791825,Evaluation of the CHIME Intervention for Improving Early Head Start/Head Start Educator Well-being,Completed,No,"Health, Subjective|Work Related Stress|Compassion|Social Skills",Stress / Burnout,BEHAVIORAL: Cultivating Healthy Intentional Mindful Educators,Other,ALL,All ages,571,OTHER,Interventional,2023,2025,2023,United States
NCT03726437,Efficacy of a Web-based Sexual Violence Risk Reduction Program for Female College Students,Completed,Yes,Sexual Violence,Other,BEHAVIORAL: RealConsent|BEHAVIORAL: Stress and Mood Management,Other,FEMALE,Adult only,881,OTHER,Interventional,2018,2019,2018,United States
NCT03488875,Impact of Mindfulness Training on Stress-related Health Outcomes in Law Enforcement,Completed,No,"Stress, Psychological|Sleep|Inflammation|Mental Health",Stress / Burnout,BEHAVIORAL: mMBRT,Other,ALL,Adult + Older,115,OTHER,Interventional,2018,2019,2018,United States
NCT03472820,Methylation Diet and Lifestyle Study,Active Not Recruiting,No,Lifestyle|Diet|Healthy,Healthy Volunteers,OTHER: Diet Recommendations|OTHER: Lifestyle Recommendations|OTHER: Exercise Recommendations|OTHER:,Other,MALE,Adult + Older,44,OTHER,Interventional,2018,2024,2018,United States
NCT05498454,Contribution of Online Stress and Pain Mindfulness Treatment to ACT Process Change and Outcomes in Chronic Pain,Unknown,No,Chronic Pain,Pain,BEHAVIORAL: Breathworks Mindfulness (Health or Stress Arm),Mindfulness (General),ALL,Adult + Older,96,OTHER_GOV,Interventional,2022,2023,2022,Jersey
NCT03065829,Self-Management Behaviors of Caregivers of the Chronically Critically Ill,Completed,No,Critical Illness,Other,BEHAVIORAL: ASSIST|BEHAVIORAL: Attention-Control,Other,ALL,Adult + Older,19,OTHER,Interventional,2016,2017,2017,United States
NCT02630758,Mindfulness-Based Yoga Intervention for Women With Depression,Completed,No,Depression|Depressive Symptoms,Depression,BEHAVIORAL: Mindfulness-based Yoga|BEHAVIORAL: Walking Control Condition,Yoga,FEMALE,Adult + Older,40,OTHER,Interventional,2013,2014,2015,
NCT02170194,GETSmart: Guided Education and Training Via Smart Phones to Promote Resilience,Unknown,No,Subthreshold PTSD,PTSD / Trauma,BEHAVIORAL: Resilience Enhancement Training via Smart Phone|BEHAVIORAL: Daily Text Messages,Other,ALL,Adult + Older,144,FED,Interventional,2014,2016,2014,United States
NCT01305044,The HEALS Project - Health Education and Active Living for Surviving Seniors,Completed,Yes,Cancer Survivorship|Safety and Efficacy|Quality of Life,Cancer,BEHAVIORAL: Tai Chi Chih|BEHAVIORAL: Health Education Classes,Other,FEMALE,Adult + Older,63,OTHER,Interventional,2009,2011,2011,United States
NCT07586527,Adapted Mindfulness Training for Diabetic Patients With Impaired Hypoglycemia Awareness,Not Yet Recruiting,No,Impaired Awareness of Hypoglycemia|Interoceptive Awareness|Mindfulness-based Intervention,Well-being / Mental Health,BEHAVIORAL: Adapted Mindfulness Training|BEHAVIORAL: Routine Intervention,Mindfulness (General),ALL,Adult + Older,100,OTHER,Interventional,2026,2027,2026,
NCT06915428,Personalized Care for Prenatal Stress Reduction & Prevention of Preterm Birth (PTB) Disparities,Not Yet Recruiting,No,Preterm Birth Complication|Preterm Birth|Preterm Birth Recurrence|Preeclampsia|Preeclampsia (PE)|Hyp,Stress / Burnout,BEHAVIORAL: Care coordination|BEHAVIORAL: Electronic massage|BEHAVIORAL: support gift #1|BEHAVIORAL:,Meditation (General),FEMALE,Adult + Older,1228,OTHER,Interventional,2026,2029,2025,United States
NCT07171268,Yoga Asana Chandra Harmoni on Psychological Well-being and Learning Readiness Among Medical Students,Not Yet Recruiting,No,Yoga|Yoga Exercises|Well Being|Self Efficacy|Medical Student|Health and Wellness,Other,BEHAVIORAL: Yoga Asana Chandra Harmoni,Yoga,ALL,Adult + Older,80,OTHER,Interventional,2025,2026,2025,Indonesia
NCT06910787,Outpatient VR (Virtual Reality)-Brain-gut Behavioral Therapies (BGBT) in Inflammatory Bowel Disease (IBD),Active Not Recruiting,No,Inflammatory Bowel Diseases,Other,DEVICE: VR-directed BGBT|OTHER: E-TAU,Other,ALL,Adult + Older,40,OTHER,Interventional,2025,2027,2025,United States
NCT06248216,Virtual Reality Therapy for Cancer-Treatment Associated Symptoms,Recruiting,No,Cancer|Cancer Pain|Virtual Reality,Cancer,DEVICE: Relievrx|OTHER: Audio Mp4,Other,ALL,Adult + Older,30,OTHER,Interventional,2024,2027,2024,United States
NCT01046370,"A Pilot Study of Amygdala Retraining Program in Patients With Chronic Fatigue Syndrome, Chronic Fatigue and Fibromyalgia",Completed,No,Chronic Fatigue Syndrome|Chronic Fatigue|Fibromyalgia,Pain,BEHAVIORAL: Amygdala Retraining Program,Other,ALL,Adult only,57,OTHER,Interventional,2009,2011,2010,United States
NCT05443880,Exercise and Mindfulness in Patients With Non-specific Chronic Low Back Pain: The BACKFIT Project,Completed,No,Low Back Pain,Pain,BEHAVIORAL: Exercise|BEHAVIORAL: Exercise + mindfulness|OTHER: Control group,Mindfulness (General),ALL,Adult + Older,105,OTHER,Interventional,2022,2025,2022,Spain
NCT05994911,Mindfulness Education in Adolescents,Completed,No,Mindfulness,Well-being / Mental Health,BEHAVIORAL: Mindfulness Training,Mindfulness (General),ALL,Child + Adult,60,OTHER,Interventional,2023,2023,2023,Turkey
NCT05919875,Online Mindfulness-Based Cognitive Therapy in Depressed Sample,Completed,No,Moderate Depressive Episode|Mild Depressive Episode,Depression,BEHAVIORAL: Unguided Mindfulness-Based Cognitive Therapy|BEHAVIORAL: Guided Mindfulness-Based Cognit,MBCT,ALL,Adult + Older,170,OTHER,Interventional,2024,2024,2023,Poland
NCT05082181,Telephone-Based Support Programs for People With Epilepsy,Recruiting,No,Epilepsy,Neurological / Cognitive,BEHAVIORAL: UPLIFT (Using Practice and Learning to Increase Favorable Thoughts)|BEHAVIORAL: BOOST (B,Other,ALL,Adult + Older,120,OTHER,Interventional,2021,2027,2021,United States
NCT05563285,Effect of Exercise and MBI on Female Students' Emotion Regulation and Inhibitory Control of Smartphone Addiction,Unknown,No,Smartphone Addiction|Mental Health Issue,Substance Use,BEHAVIORAL: Exercise and Mindfulness-Based Intervention|BEHAVIORAL: Control Group,Mindfulness (General),FEMALE,Adult only,66,OTHER,Interventional,2022,2023,2022,China
NCT05423899,Humanoid Robot vs Treatment as Usual for Loneliness,Withdrawn,No,Loneliness|Depression|Stress|Anxiety|Quality of Life,Depression,BEHAVIORAL: Grace Robot|BEHAVIORAL: Treatment as Usual,Other,ALL,Adult + Older,0,OTHER,Interventional,2022,2023,2022,
NCT04769986,Mobile Mindfulness for Alcohol Use and PTSD Among Veterans,Completed,No,Alcohol Use Disorder|Posttraumatic Stress Disorder,PTSD / Trauma,BEHAVIORAL: Mobile Mindfulness-Relapse Prevention (mMBRP)|BEHAVIORAL: Exercise/healthy eating mobile,Mindfulness (General),ALL,Adult + Older,201,OTHER,Interventional,2021,2024,2021,United States
NCT00246818,Effect of Tai Chi Vs. Structured Exercise on Physical Fitness and Stress in Cancer Survivors,Completed,No,Cancer|Cancer Survivor,Cancer,PROCEDURE: Tai Chi Chuan,Other,ALL,Adult + Older,76,NIH,Interventional,2005,2011,2005,United States
NCT05115175,Acceptability of Self-Led Mindfulness-Based Intervention,Completed,No,"Diabetes Mellitus, Type 1",Cardiovascular / Metabolic,BEHAVIORAL: Mindfulness-Based Stress Reduction,MBSR,ALL,Child + Adult,29,OTHER,Interventional,2019,2020,2021,United States
NCT04682002,Low-back Pain During Pregnancy and Its Psycho-social Implications,Unknown,No,Pregnancy Related|Low Back Pain|Pelvic Girdle Pain,Pain,OTHER: Osteopathic manipulative treatment|OTHER: Usual care|OTHER: Mindfulness|OTHER: Yoga|OTHER: Cl,Yoga,FEMALE,Adult only,75,OTHER,Interventional,2020,2021,2020,
NCT04678973,Brief mHealth Self-Compassion Intervention on Internalized Weight Bias,Completed,No,"Obesity|Stigma, Social",Cardiovascular / Metabolic,BEHAVIORAL: Self-compassion mindfulness practice,Loving-Kindness / Compassion,ALL,Adult + Older,80,OTHER,Interventional,2021,2021,2020,United States
NCT04610593,"Effects of a Mindfulness-based Intervention in Stress, Pain and Quality of Life in People Undergoing Hemodialysis",Completed,No,"Renal Insufficiency, Chronic|Kidney Failure, Chronic|Kidney Diseases|Kidney Insufficiency, Chronic|C",Other,BEHAVIORAL: Mindfulness-based Intervention,Mindfulness (General),ALL,Adult + Older,32,OTHER,Interventional,2019,2020,2020,Brazil
NCT03782246,MBCT and CBT for Chronic Pain in Multiple Sclerosis,Unknown,No,Multiple Sclerosis,Neurological / Cognitive,BEHAVIORAL: MBCT|BEHAVIORAL: CBT,MBCT,ALL,Adult + Older,273,OTHER,Interventional,2018,2022,2018,United States
NCT03652935,"Mindfulness, Breast Cancer and Psycho-Immune Dysregulation",Completed,No,Breast Cancer,Cancer,BEHAVIORAL: Mindfulness Based Stress Reduction|OTHER: Health Education Series,Mindfulness (General),FEMALE,Adult + Older,192,OTHER,Interventional,2008,2013,2018,
NCT03549390,Investigating the Acute Effect of Alternative Forms of Physical Activity in a Multi-ethnic Population,Completed,No,Type 2 Diabetes Mellitus,Cardiovascular / Metabolic,BEHAVIORAL: Physical activity,Other,ALL,Adult + Older,39,OTHER,Interventional,2018,2020,2018,United Kingdom
NCT03516877,Enhanced Stress Resilience Training for Faculty,Completed,No,"Burnout, Professional",Stress / Burnout,BEHAVIORAL: Enhanced Stress Resilience Training for Faculty Physicians,Other,ALL,Adult only,48,OTHER,Interventional,2018,2020,2018,United States
NCT03507647,Mindfulness Based Cognitive Therapy for Bipolar Disorder,Completed,No,Bipolar Disorder,Other,BEHAVIORAL: Mindfulness Based Cognitive Therapy|OTHER: Usual Care,Mindfulness (General),ALL,Adult + Older,144,OTHER,Interventional,2018,2021,2018,Netherlands
NCT03309475,Effectiveness of a Mindfulness-based Group Training Addressing Social Cognition in First Episode Psychosis (AGES-Mind),Completed,No,Schizophrenia and Disorders With Psychotic Features|Psychotic Episode,Other,BEHAVIORAL: SocialMIND|BEHAVIORAL: Psychoeducational multicomponent intervention|BEHAVIORAL: Psychos,Other,ALL,Adult only,59,OTHER,Interventional,2018,2023,2017,Spain
NCT04744883,Efficacy of Spinal Manipulation Therapy or Mindfulness-based Reduction Therapy on Patients With Chronic Low Back Pain,Active Not Recruiting,No,Chronic Low-back Pain,Pain,OTHER: Spinal Manipulation Therapy (SMT)|DRUG: Naloxone|DRUG: Placebo|BEHAVIORAL: Mindfulness Based,Mindfulness (General),ALL,Adult + Older,140,OTHER,Interventional,2020,2026,2021,United States
NCT04653259,Digital Nutrition Therapy for Patients With IBD,Unknown,No,Crohn Disease|Ulcerative Colitis,Immune / Inflammatory,OTHER: LYFE MD app,Other,ALL,Adult + Older,44,OTHER,Interventional,2021,2022,2020,Canada
NCT02758197,Online MBSR Program for Cancer Survivors With Chronic Neuropathic Pain,Completed,No,Cancer|Painful Neuropathy|Chronic Pain|Worries; Pain or Disability,Cancer,BEHAVIORAL: Mindfulness-Based Stress Reduction (MBSR),MBSR,ALL,Adult + Older,120,OTHER,Interventional,2016,2020,2016,Canada
NCT02593058,Positive Emotions Program for Schizophrenia (PEPS),Completed,No,Schizophrenia|Schizoaffective Disorder,Other,BEHAVIORAL: Positive Emotions Program for Schizophrenia|BEHAVIORAL: Treatment As Usual,Other,ALL,Adult + Older,80,OTHER,Interventional,2016,2018,2015,Switzerland
NCT02413814,Computerized Anger-Reduction Treatment for Smoking Cessation,Completed,No,Anger|Smoking Cessation,Substance Use,BEHAVIORAL: Anger Reduction Treatment|BEHAVIORAL: Control Condition,Other,ALL,Adult + Older,100,OTHER,Interventional,2015,2019,2015,United States
NCT03859076,UH3 Phase - Mindfulness-Based Blood Pressure Reduction (MB-BP) : Stage 2a RCT,Completed,No,Hypertension|Prehypertension,Cardiovascular / Metabolic,BEHAVIORAL: MB-BP|OTHER: Enhanced Usual Care Control,Other,ALL,Adult + Older,119,OTHER,Interventional,2018,2020,2019,United States
NCT05078229,Evaluating Stress Management Among Allogeneic HCT Caregivers,Active Not Recruiting,No,Burden|Stress,Stress / Burnout,BEHAVIORAL: FOCUS|BEHAVIORAL: Healthy Living,Other,ALL,Adult + Older,505,OTHER,Interventional,2021,2030,2021,United States
NCT03256890,Mindfulness-Based Blood Pressure Reduction: Stage 2a RCT,Completed,No,Hypertension|Prehypertension,Cardiovascular / Metabolic,BEHAVIORAL: MB-BP Intervention|OTHER: Enhanced Usual Care Control,Other,ALL,Adult + Older,82,OTHER,Interventional,2017,2019,2017,United States
NCT02661997,Novel Interventions for GWVI,Completed,Yes,Gulf War Veteran's Illness,Other,BEHAVIORAL: Tai Chi Intervention|BEHAVIORAL: Wellness Intervention,Other,ALL,All ages,114,FED,Interventional,2017,2025,2016,United States
NCT07419152,Effect of Yoga in Chronic Insomnia,Recruiting,No,Chronic Insomnia,Sleep / Fatigue,BEHAVIORAL: Yoga-intervention|BEHAVIORAL: Stretching Exercises,Yoga,ALL,Adult + Older,72,OTHER,Interventional,2024,2029,2026,India
NCT06965686,"Development of a Personalized, Psychosocial Intervention for Menopausal Individuals With Elevated Dementia Risk",Recruiting,No,Menopausal|Dementia,Neurological / Cognitive,BEHAVIORAL: PERI-MIND,Other,FEMALE,Adult only,60,OTHER,Interventional,2025,2026,2025,United States
NCT06548035,Developing a Resiliency Intervention to Support Healthcare Workers Engaged in the Provision of HIV Care,Completed,No,"Stress|Burnout, Professional",Stress / Burnout,BEHAVIORAL: Adapted Relaxation Response Resiliency Program (3RP),Other,ALL,Adult + Older,60,OTHER,Interventional,2024,2025,2024,South Africa
NCT01387516,Motivation and Skills for Detained Teen Smokers,Completed,Yes,Motivational Intervention|Nicotine Anonymous|Cognitive Behavior Therapy|Relaxation Therapy,Neurological / Cognitive,BEHAVIORAL: Motivational Intervention|BEHAVIORAL: Relaxation Therapy|BEHAVIORAL: Cognitive Behaviora,CBT,ALL,Child + Adult,314,OTHER,Interventional,2007,2014,2011,United States
NCT06265909,Prospective Real World Study on Therapy Prediction Algorithm Training,Completed,No,Stress|Emotional Wellbeing,Stress / Burnout,DEVICE: AmDTx,Other,ALL,Adult + Older,67,INDUSTRY,Observational,2015,2022,2024,Singapore
NCT03026374,"Effect of a Mentor-based, Supportive-expressive Program on Survival in Metastatic Breast Cancer",Unknown,No,Metastatic Breastcancer,Cancer,BEHAVIORAL: Be Resilient to Breast Cancer,Other,FEMALE,Adult + Older,204,OTHER,Interventional,2017,,2017,China
NCT05992662,Minfulness-Based Training Program in Bariatric Surgery Patients,Unknown,No,Bariatric Surgery Candidate,Other,BEHAVIORAL: Mindfulness-Based Training Programme in Bariatric Surgey Patients,Mindfulness (General),ALL,Adult + Older,15,OTHER,Interventional,2022,2024,2023,Turkey
NCT05803226,Slow Art Plus: A Single Session Art Gallery-based Intervention for Mental Health Promotion,Unknown,No,Mental Health Wellness 1|Self Care|Compassion,Well-being / Mental Health,BEHAVIORAL: Slow Art Plus,Other,ALL,Adult + Older,200,OTHER,Interventional,2022,2024,2023,Singapore
NCT05718479,Reducing Stress-Sensitive Problems Among Pregnant Black Women With Childhood Adversity,Completed,No,"Maternal Psychological Distress|Perinatal Depression|Self-Regulation, Emotion",Depression,BEHAVIORAL: Trauma Informed Prenatal Intervention (TPI)|OTHER: Prenatal Education Topics,Other,FEMALE,Adult + Older,40,OTHER,Interventional,2023,2024,2023,United States
NCT05595941,Tele-yoga in the Rehabilitation of Patients With Chronic Post-stroke Sequelae,Terminated,No,Stroke Sequelae,Other,OTHER: tele-yoga,Yoga,ALL,Adult + Older,11,OTHER,Interventional,2022,2023,2022,France
NCT05587517,A Clinical Trial of Interventions to Support Family Surrogates of Critically Ill Patients,Recruiting,No,Grief|Trauma|Psychotherapy|Critical Care,PTSD / Trauma,BEHAVIORAL: EMPOWER|OTHER: Supportive Conversation,Other,ALL,Adult + Older,172,OTHER,Interventional,2022,2027,2022,United States
NCT02418364,The Effect of Reflexology Treatments on IVF Outcome,Unknown,No,Infertility,Other,OTHER: Placebo reflexology treatment|OTHER: Reflexology treatment,Other,FEMALE,Adult only,240,OTHER,Interventional,2015,2018,2015,
NCT05217849,Multi-domain Online Therapeutic Investigation Of Neurocognition (MOTION),Completed,No,Mild Cognitive Impairment|Subjective Memory Decline,Neurological / Cognitive,BEHAVIORAL: Tai Chi|BEHAVIORAL: Preventing Loss of Independence through Exercise (PLIE)|BEHAVIORAL:,Other,ALL,Adult + Older,77,OTHER,Interventional,2022,2025,2022,United States
NCT05086380,Modulation of Sense of Agency With Non-invasive Brain Stimulation and Mindfulness-based Stress Reduction Therapy,Completed,No,Functional Neurological Symptom Disorder|Neurological Diseases or Conditions,Neurological / Cognitive,BEHAVIORAL: Mindfulness-based stress reduction therapy|DEVICE: Inhibitory TMS|BEHAVIORAL: Psychoeduc,MBSR,ALL,All ages,190,OTHER,Interventional,2021,2024,2021,Switzerland
NCT04775524,AWARENESS Trial (AWARENESS) of Storytelling Through Music in Healthcare Workers,Completed,No,Stress|Post Traumatic Stress Disorder|Work Related Stress,PTSD / Trauma,BEHAVIORAL: Storytelling Through Music (STM)|BEHAVIORAL: Wait List / Storytelling Through Music-Hybr,Other,ALL,Adult + Older,24,OTHER,Interventional,2021,2024,2021,United States
NCT04489966,Effects of Aerobic Training on Pancreatic Fat and Cognitive Function in T2DM Patients,Completed,No,Type 2 Diabetes Mellitus,Cardiovascular / Metabolic,BEHAVIORAL: Aerobic training,Other,ALL,Adult + Older,106,OTHER,Interventional,2018,2020,2020,China
NCT03892057,Internet-based Positive Psychological Intervention for Hispanic/Latino Adult With Hypertension in a Primary Care Setting,Unknown,No,Uncontrolled Hypertension|Cardiovascular Risk Factor,Cardiovascular / Metabolic,BEHAVIORAL: Internet-based Positive Psychological Intervention,Other,ALL,Adult + Older,70,OTHER,Interventional,2019,2021,2019,United States
NCT05490615,The Virtual Mindfulness Study,Unknown,No,Autism,Other,BEHAVIORAL: Virtual Mindfulness,Mindfulness (General),ALL,Adult + Older,67,OTHER,Interventional,2022,2024,2022,Canada
NCT03565497,Engaging Working Memory and Distress Tolerance to Aid Smoking Cessation,Terminated,Yes,Smoking Cessation,Substance Use,BEHAVIORAL: Wellness Education Control Condition|BEHAVIORAL: Mindfulness Training|BEHAVIORAL: Mindfu,Mindfulness (General),ALL,Adult + Older,30,OTHER,Interventional,2019,2021,2018,United States
NCT03373110,Healthy Hearts Healthy Minds,Completed,Yes,Cardiovascular Diseases|Depression,Depression,BEHAVIORAL: Online Mindfulness Based Cognitive Therapy|BEHAVIORAL: Online Cognitive Behavioral Thera,Mindfulness (General),ALL,Adult + Older,506,OTHER,Interventional,2018,2019,2017,United States
NCT04486066,An Evaluation of MBSR and CBT for Veterans With Chronic Pain,Completed,Yes,Chronic Pain|Pain,Pain,BEHAVIORAL: Mindfulness-Based Stress Reduction|BEHAVIORAL: Cognitive Behavioral Therapy for Chronic,MBSR,ALL,Adult + Older,217,FED,Interventional,2021,2024,2020,United States
NCT02761382,Psychological Pain Treatment in Endometriosis,Completed,No,Endometriosis|Pelvic Pain|Chronic Pain,Pain,OTHER: Mindfulness-based psychological treatment|OTHER: Non-specific psychological treatment,Mindfulness (General),FEMALE,Adult only,58,OTHER,Interventional,2016,2018,2016,Denmark
NCT02665481,"Mindfulness-Based Stress Reduction, Health Education and Exercise",Completed,Yes,Age-related Cognitive Decline,Neurological / Cognitive,BEHAVIORAL: MBSR|BEHAVIORAL: Exercise|BEHAVIORAL: Health Education,MBSR,ALL,Adult + Older,585,OTHER,Interventional,2015,2021,2016,United States
NCT02647216,Mindfulness for Breast Cancer,Completed,No,Anxiety|Depression|Breast Cancer,Cancer,BEHAVIORAL: Mindfulness Based Cognitive Therapy|BEHAVIORAL: Treatment as Usual,Mindfulness (General),FEMALE,Adult + Older,30,OTHER,Interventional,2015,2020,2016,United States
NCT02634697,Impact of the Relaxation Response Resiliency Program on Patients With Atrial Fibrillation,Completed,No,Atrial Fibrillation|Stress|Quality of Life|Anxiety|Depression|Hostility,Depression,BEHAVIORAL: Relaxation Response Resiliency Program,Other,ALL,Adult + Older,15,OTHER,Interventional,2015,2017,2015,United States
NCT04234542,Is Low Level Laser Therapy (LLLT) Effective for Reducing Pain Experienced by Women With Provoked Vestibulodynia?,Completed,No,Provoked Vestibulodynia,Other,OTHER: Low Level Laser Therapy|OTHER: Sham Low Level Laser Therapy,Other,FEMALE,Adult + Older,28,OTHER,Interventional,2021,2023,2020,Canada
NCT02419430,Mindfulness Based Resilience Training,Completed,No,"Stress, Psychological",Stress / Burnout,BEHAVIORAL: MBRT ClassRoom and Phone Application|BEHAVIORAL: Phone application only|BEHAVIORAL: Ques,Other,ALL,Adult + Older,60,OTHER,Interventional,2015,2016,2015,United States
NCT07059078,Brief Motivational Interviewing +/- Mindfulness Training for Adolescent Alcohol Use in Pediatric Primary Care,Recruiting,No,Adolescent Alcohol Use,Substance Use,BEHAVIORAL: Brief Motivational Interviewing-based Alcohol Intervention|BEHAVIORAL: Smartphone App-de,Mindfulness (General),ALL,Child only,1500,OTHER,Interventional,2025,2030,2025,United States
NCT07357207,Video-immunotherapy: a New Approach in Breast Cancer Treatment,Enrolling By Invitation,No,Female Breast Cancer Patients,Cancer,BEHAVIORAL: UMAY - Video-immunotherapy game|BEHAVIORAL: Control - Plasebo Game,Other,FEMALE,Adult + Older,80,OTHER_GOV,Interventional,2023,2027,2026,Turkey
NCT03259438,The Vitality Project for Fatigued Female Cancer Survivors,Unknown,No,Fatigue|Cancer Survivorship,Cancer,BEHAVIORAL: Qigong|BEHAVIORAL: Healthy Living (CHIP + Pre-Train),Other,FEMALE,Adult + Older,75,OTHER,Interventional,2017,2018,2017,United States
NCT07309302,Psychosocial Factors and Efficacy of Remote Cognitive Remediation for Post-Traumatic Stress Disorder,Recruiting,No,Post Traumatic Stress Disorder PTSD,PTSD / Trauma,BEHAVIORAL: Cognitive Remediation Training|OTHER: Control Group,Other,ALL,Adult only,64,OTHER,Interventional,2025,2026,2025,Canada
NCT07073963,Virtual Patient Groups for Sarcoidosis Associated Fatigue,Recruiting,No,Sarcoidosis|Fatigue|Depression|Anxiety|Mental Health,Depression,BEHAVIORAL: Virtual Mindfulness Based Stress Reduction Group|BEHAVIORAL: Virtual sarcoidosis support,Mindfulness (General),ALL,Adult + Older,100,OTHER,Interventional,2026,2028,2025,United States
NCT06846060,A Mindfulness-Based Self-Compassion Program,Not Yet Recruiting,No,Breast Cancer Survivor,Cancer,BEHAVIORAL: Mindfulness-Based Self-Compassion Program,Loving-Kindness / Compassion,FEMALE,All ages,64,OTHER,Interventional,2025,2025,2025,Turkey
NCT06744608,Effectiveness of Structured Myofascial Release,Completed,No,Primary Dysmenorrhea,Other,OTHER: Structured Myofascial Release|DEVICE: tens (transcutaneous electrical nerve stimulation)|BEHA,Other,FEMALE,Adult only,41,OTHER,Interventional,2023,2024,2024,Turkey
NCT06423053,Mindfulness in a College Physiology Course,Enrolling By Invitation,No,Mindfulness|Stress|Well-being,Stress / Burnout,BEHAVIORAL: Biology Course with Integrated Mindfulness,Mindfulness (General),ALL,Adult + Older,89,OTHER,Interventional,2026,2026,2024,United States
NCT05019183,Clinical Impact and Neuro-functional Substrate of Immersive Virtual Reality Sports Practice on Depression,Unknown,No,Depression,Depression,OTHER: Physical training|OTHER: Virtual reality|DEVICE: Single-photon emission computed tomography (,Other,ALL,Adult + Older,50,OTHER,Interventional,2021,2022,2021,France
NCT06230874,Effectiveness of Mindfulness Protocols Among OT Students,Completed,No,Mindfulness Protocols,Well-being / Mental Health,BEHAVIORAL: HOME Protocol|BEHAVIORAL: Control Journaling Protocol,Other,ALL,Adult + Older,50,OTHER,Interventional,2024,2024,2024,United States
NCT06132854,VR Based Simulation in the Preparation of Children for MRI - MRVR,Recruiting,No,"Children, Only|Anesthesia",Other,OTHER: VR|OTHER: Booklet,Other,ALL,Child + Adult,288,OTHER,Interventional,2023,2026,2023,Hungary
NCT05997680,A Parent-child Yoga Intervention for Reducing Attention Deficits in Children with Congenital Heart Disease: a Feasibilit,Recruiting,No,Congenital Heart Disease|Child Development|Neurodevelopmental Disorders|Parents,Cardiovascular / Metabolic,BEHAVIORAL: Parent-child yoga,Yoga,ALL,Child only,24,OTHER,Interventional,2023,2025,2023,Canada
NCT05765916,An Online Psychosocial Intervention for Fear of Cancer Recurrence in Breast Cancer Survivors,Unknown,No,Fear of Cancer Recurrence|Breast Cancer,Cancer,BEHAVIORAL: Online mindfulness and acceptance intervention,Mindfulness (General),FEMALE,Adult + Older,244,OTHER,Interventional,2022,2023,2023,Singapore
NCT06152185,Mindfulness App Training for Cardiovascular Health,Active Not Recruiting,No,Cardiovascular Diseases|Mindfulness,Cardiovascular / Metabolic,BEHAVIORAL: Mindfulness Training|BEHAVIORAL: Enhanced Usual Care,Mindfulness (General),ALL,Adult + Older,106,OTHER,Interventional,2024,2026,2023,United States
NCT04672798,BRITEPath- Phase 2,Completed,Yes,Depression|Suicidal Ideation,Depression,BEHAVIORAL: BRITEPath|BEHAVIORAL: Treatment As Usual (TAU),Other,ALL,Child + Adult,101,OTHER,Interventional,2020,2022,2020,United States
NCT05241600,Neurobehavioral Effects of Prenatal Mindfulness Training on Maternal Presence and Compassionate Love,Completed,No,Maternal-Fetal Relations|Mother-Child Relations|Maternal Behavior,Pregnancy / Maternal,BEHAVIORAL: Mindfulness-Based Childbirth and Parenting|BEHAVIORAL: Non-Mindfulness-Based Childbirth,Mindfulness (General),FEMALE,Adult only,95,OTHER,Interventional,2018,2024,2022,United States
NCT05178199,The Effectiveness of RPSG Intervention for Nurses During the COVID-19,Unknown,No,COVID-19 Acute Respiratory Distress Syndrome,Stress / Burnout,BEHAVIORAL: RPSG|BEHAVIORAL: AVMBM,Other,ALL,Adult + Older,70,OTHER,Interventional,2022,2022,2022,Taiwan
NCT07233148,Healing ALS Registry Observational Study (HAROS),Recruiting,No,Amyotrophic Lateral Sclerosis (ALS)|Motor Neuron Disease (MND)|Primary Lateral Sclerosis (PLS),Other,"OTHER: Education about treatment options|DIETARY_SUPPLEMENT: Dietary Supplements: Vitamins, Minerals",Meditation (General),ALL,Adult + Older,1000,OTHER,Observational,2026,2036,2025,United States
NCT05437913,Protocol for Self-Compassion Intervention for Teens With Diabetes Type 1 and Their Caregivers,Unknown,No,Diabetes type1,Cardiovascular / Metabolic,OTHER: Psychological intervention (self-compassion based),Loving-Kindness / Compassion,ALL,Child only,8,OTHER,Interventional,2021,2022,2022,Spain
NCT04666506,Relaxation-VR: Implementation of Virtual Reality for Children in Hospital,Completed,No,Anxiety|Pain|Stress,Pain,OTHER: Virtual reality,Other,ALL,Child only,53,OTHER,Observational,2021,2021,2020,Belgium
NCT04447690,Prevalence of Mental Health Problems Among Undergraduate Students at the Universidad de Los Andes,Completed,No,"Student|Mental Health|Depression, Anxiety|Depression|Anxiety|College Drinking|Stress",Depression,,Other,ALL,Adult + Older,5553,OTHER,Observational,2020,2020,2020,Chile
NCT05280938,Mindfulness for African Americans Postpartum,Completed,No,"Mental Disorders of Mother, Postpartum",Pregnancy / Maternal,BEHAVIORAL: MAAP|BEHAVIORAL: Educational Program,Other,FEMALE,Adult only,47,OTHER,Interventional,2022,2024,2022,United States
NCT05128396,Successful Aging and Enrichment (SAGE),Active Not Recruiting,No,Cognitive Health|Healthy Aging,Neurological / Cognitive,BEHAVIORAL: Cognitive Stimulation|BEHAVIORAL: Mindfulness training|BEHAVIORAL: Physical Activity|BEH,Mindfulness (General),ALL,Adult + Older,72,OTHER,Interventional,2013,2026,2021,United States
NCT02350127,Preventing Loss of Independence Through Exercise (PLIE) in Persons With Dementia,Completed,Yes,Dementia|Alzheimer's Disease,Neurological / Cognitive,BEHAVIORAL: Preventing Loss of Independence through Exercise (PLIE)|BEHAVIORAL: Usual Care,Other,ALL,All ages,88,FED,Interventional,2015,2018,2015,United States
NCT07128017,"Online MBCT for Adjustment Disorder During COVID-19: Efficacy, Mechanisms, and RCT",Completed,No,Adjustment Disorder|Anxiety|Depressive,Depression,BEHAVIORAL: Mindfulness-Based Cognitive Therapy (Internet-delivered)|BEHAVIORAL: Progressive Muscle,MBCT,ALL,Adult + Older,301,OTHER,Interventional,2020,2020,2025,Poland
NCT07158567,Veterans' Intervention Blending NeuRomodulation and YogA for Chronic Low BackPaiN Treatment: VIBRANT,Not Yet Recruiting,No,Chronic Low Back Pain|Musculoskeletal Pain,Pain,DEVICE: intermittent theta burst stimulation|BEHAVIORAL: LoveYourBrain Yoga Program,Yoga,ALL,Adult + Older,213,FED,Interventional,2026,2031,2025,United States
NCT06722872,The Effect of Laughter Therapy on the Mental Health of Elderly Living in a Nursing Home,Completed,No,"Laughter|Mental Health Issue|Life Satisfaction|Well-Being, Psychological|Elderly",Well-being / Mental Health,OTHER: Laughter therapy,Other,ALL,Adult + Older,69,OTHER,Interventional,2024,2024,2024,Turkey
NCT06605261,Effect of Yoga Program on Quality of Life in Women With Breast Cancer Receiving Endocrine Therapy,Not Yet Recruiting,No,Breast Cancer|Yoga|Quality of Life|Nursing|Endocrine Therapy,Cancer,OTHER: Yoga (intervention) group,Yoga,FEMALE,Adult + Older,128,OTHER,Interventional,2024,2026,2024,
NCT06757036,The Effect of Laughter Yoga on Hope and Well-Being Levels of Earthquake Victim Mothers,Not Yet Recruiting,No,Laughter Yoga,Other,BEHAVIORAL: Laughter Yoga,Yoga,ALL,Adult + Older,90,OTHER,Interventional,2025,2025,2025,
NCT06368791,Anti-Stress Intervention Among Physicians Study,Completed,No,"Stress, Psychological|Burnout, Psychological|Subjective Stress|Occupational Stress",Stress / Burnout,BEHAVIORAL: Box Breathing|BEHAVIORAL: Breathing and Mindfulness Exercise|BEHAVIORAL: Everyday life c,Mindfulness (General),ALL,Adult + Older,145,OTHER,Interventional,2024,2024,2024,Germany
NCT06338904,Brief Problem-solving Intervention in Different Formats for the Prevention of Suicide in Adults Over 50,Recruiting,No,Suicide,Other,BEHAVIORAL: Problem-solving-based psychological intervention,Other,ALL,Adult + Older,212,OTHER,Interventional,2023,2026,2024,Spain
NCT06275100,PREhabilitation in Patients Awaiting Acute Inpatient Cardiac SurgEry,Unknown,No,Cardiac Disease|Aortic Valve Disease|Coronary Artery Disease|Endocarditis|Valve Heart Disease,Cardiovascular / Metabolic,OTHER: Prehabilitation,Other,ALL,Adult + Older,20,OTHER,Interventional,2024,2025,2024,United Kingdom
NCT06147284,MOVIN' CARE for PD (Risk Management),Active Not Recruiting,No,Parkinson's Disease (At-risk Cases),Neurological / Cognitive,BEHAVIORAL: Preventive interventions,Other,ALL,Adult + Older,308,OTHER,Interventional,2023,2027,2023,Hong Kong
NCT05796869,The Effect of Laughter Therapy On The Food Craving,Unknown,No,PMS|LAUGHTER|Food Habits,Other,BEHAVIORAL: Assigned Interventions,Other,FEMALE,Adult only,90,OTHER,Interventional,2023,2024,2023,Turkey
NCT05791981,Multi-site Feasibility and Acceptability of a Faith-based Mind-body Intervention for Black Adults,Active Not Recruiting,No,Psychosocial|Mind-body,Other,BEHAVIORAL: Harmony & Health Intervention|BEHAVIORAL: Attention Control|DEVICE: Fitbit,Other,ALL,Adult + Older,100,OTHER,Interventional,2024,2026,2023,United States
NCT05721482,Stress and Hypertension in Dementia Caregivers,Completed,Yes,"Hypertension|Stress, Psychological",Stress / Burnout,BEHAVIORAL: Caregiver Training,Other,FEMALE,Adult + Older,28,OTHER,Interventional,2023,2025,2023,United States
NCT05491486,"Mindfulness, Empathy and the Oxytocinergic System in Persons With Schizophrenia",Unknown,No,Schizophrenia Spectrum and Other Psychotic Disorders,Other,BEHAVIORAL: Mindfulness-based Group Therapy,Mindfulness (General),ALL,Adult + Older,60,OTHER,Interventional,2022,2023,2022,Germany
NCT03902210,BMT Online Wellness Study,Completed,No,Bone Marrow Transplant,Other,BEHAVIORAL: Online Yoga|BEHAVIORAL: Podcast,Yoga,ALL,Adult + Older,41,OTHER,Interventional,2019,2020,2019,United States
NCT03890133,Exploration the Mechanism of Ba-Duan-Jin Therapy in the Management of Fibromyalgia,Completed,No,Fibromyalgia,Pain,BEHAVIORAL: Ba-Duan-Jin|DRUG: Pregabalin capsule,Other,FEMALE,Adult + Older,60,OTHER,Interventional,2019,2022,2019,China
NCT03701594,The Impact of Yoga-based Physical Therapy for Individuals With Traumatic Brain Injury,Completed,No,Traumatic Brain Injury,PTSD / Trauma,OTHER: Yoga-based physical therapy group|OTHER: Seated Rest|OTHER: Conventional Physical Therapy,Yoga,ALL,Adult + Older,13,OTHER,Interventional,2018,2019,2018,United States
NCT02019953,Effects of Health Promoting Programs on Cardiovascular Disease Risk,Completed,No,Cardiovascular Disease,Cardiovascular / Metabolic,OTHER: Yoga|OTHER: Walking|OTHER: Healthy Lifestyles Education,Yoga,ALL,Adult + Older,375,OTHER,Interventional,2012,2014,2013,United States
NCT01997008,Optimizing Resilience and Coping in HIV Via Internet Delivery,Completed,No,HIV Disease|Depression|Affect|Psychological Stress,Depression,BEHAVIORAL: Intervention,Other,ALL,Adult + Older,22,OTHER,Interventional,2014,2015,2013,United States
NCT07241637,"Effect of Tele-Yoga on Pain, Fatigue, and Quality of Life in Endometriosis",Recruiting,No,Pelvic Pain|Endometriosis,Pain,BEHAVIORAL: Tele-Yoga Group,Yoga,FEMALE,Adult + Older,66,OTHER,Interventional,2025,2026,2025,Turkey
NCT07170605,"The Building Resilience Program: Examining Self-Regulation, Behavior, and Resilience in Under-Resourced Preschoolers Wit",Completed,No,Preschool Age Children|Preschool Education|Adverse Childhood Experience|Mental Health|Resilience|Min,Well-being / Mental Health,"BEHAVIORAL: Mental health, positive coping strategies promoting self-regulation and adaptive skills|",Other,ALL,Child only,38,OTHER,Interventional,2023,2024,2025,United States
NCT06696352,Partners4Pain & Wellbeing: A Randomized Trial of Community Supported Complementary and Integrative Health Self-managemen,Active Not Recruiting,No,Chronic Pain|Back Pain|Neck Pain|Self-management|Complementary Therapies,Pain,BEHAVIORAL: Partners4Pain|BEHAVIORAL: Keys to Wellbeing,Other,ALL,Adult + Older,376,OTHER,Interventional,2025,2027,2024,United States
NCT07492368,Smartphone Climate Adaptation and IPV Intervention for Women in Informal Settlements in Kenya,Not Yet Recruiting,No,Intimate Partner Violence (IPV)|Climate Change|Stress (Psychology),Stress / Burnout,BEHAVIORAL: Event-Triggered WINGS-Based EMI|BEHAVIORAL: Single-Session Mobile WINGS,Other,FEMALE,All ages,272,OTHER,Interventional,2026,2027,2026,
NCT00358995,A Cognitive Behavioral Therapy of Primary Obsessions in Obsessive Compulsive Disorder,Completed,No,Obsessive Compulsive Disorder,Other,BEHAVIORAL: Cognitive Behavioral Therapy|BEHAVIORAL: Stress Management Therapy (SMT),CBT,ALL,Adult + Older,84,OTHER,Interventional,2002,2007,2006,Canada
NCT05888181,App-based Education and GOal-setting in Rheumatoid Arthritis,Completed,Yes,Rheumatoid Arthritis,Pain,OTHER: Mobile app-based self-management intervention,Other,ALL,Adult + Older,128,OTHER,Interventional,2023,2024,2023,Belgium
NCT06074341,TeleHealth Resources for IndiVidualizEd Goals (THRIVE) in Alcohol Recovery Study,Active Not Recruiting,No,Alcohol Use Disorder|Alcohol Drinking|Alcohol-Related Disorders,Substance Use,BEHAVIORAL: Mindfulness-based relapse prevention|BEHAVIORAL: Online Mutual Support Groups,Mindfulness (General),ALL,Adult + Older,470,OTHER,Interventional,2023,2028,2023,United States
NCT05764447,Combined Qigong and Acupressure for Improving Chemotherapy-induced Peripheral Neuropathy,Completed,No,Cancer|Chemotherapy-induced Peripheral Neuropathy,Cancer,BEHAVIORAL: Combined qigong Baduanjin and self-administered acupressure|BEHAVIORAL: Wait-list Contro,Other,ALL,Adult + Older,110,OTHER,Interventional,2023,2025,2023,Hong Kong
NCT05234970,iWellness Study to Evaluate a Mental Health App for Students,Completed,No,"Depression, Anxiety",Depression,OTHER: Wysa|OTHER: Harvard College App,Other,ALL,Adult + Older,289,OTHER,Interventional,2022,2022,2022,United States
NCT05212467,AIR-program and HUS Internet Therapy Compared to Treatment as Usual in Functional Disorders and Post Covid-19 Condition,Unknown,No,Functional Disorders|Post Covid-19,Other,BEHAVIORAL: AIR-program|BEHAVIORAL: HUS Internet therapy|BEHAVIORAL: Treatment as usual,Other,ALL,Adult + Older,360,OTHER,Interventional,2022,2024,2022,Finland
NCT04893850,Building Regulations in Dual Generations at KIDTHINK,Completed,No,Depression|Child Development|Self-regulation,Depression,BEHAVIORAL: BRIDGE Therapy Program|BEHAVIORAL: Community Services as Usual Clinical Referral list,Other,ALL,Adult + Older,26,OTHER,Interventional,2021,2021,2021,Canada
NCT04824807,Effects of Clinical Pilates and Yoga Training in Lymphedema,Completed,No,Lymphedema|Exercise,Other,OTHER: Yoga|OTHER: Clinical Pilates|OTHER: An educational booklet,Yoga,FEMALE,Adult + Older,28,OTHER,Interventional,2021,2023,2021,Cyprus
NCT04766996,PROUD Study - Preventing Opioid Use Disorders,Terminated,Yes,Anesthesia|Opioid Use,Substance Use,BEHAVIORAL: Guided mindfulness exercises|OTHER: Self-administered aromatherapy|DRUG: Baby aspirin|DR,Mindfulness (General),ALL,Adult + Older,57,OTHER,Interventional,2021,2021,2021,United States
NCT04368676,Breath Regulation and Yogic Exercise An Online Therapy for Calm and Happiness During the COVID-19 Pandemic,Terminated,No,Job Stress|Workplace Stress|Compassion Fatigue|Psychological Trauma|Healthcare Workers|Healthcare Pr,PTSD / Trauma,OTHER: Sudarshan Kriya Yoga (SKY)|OTHER: Health Enhancement Program,Yoga,ALL,Adult + Older,15,OTHER,Interventional,2020,2022,2020,Canada
NCT07516873,Exploring the Effects of Brief Mindfulness Training With Vagal Nerve Stimulation on Alcohol Cue Reactivity Among Young A,Recruiting,No,Heavy Drinking,Other,DEVICE: Active RAVANS|BEHAVIORAL: Brief Mindfulness-Based Intervention,Mindfulness (General),ALL,Adult only,50,OTHER,Interventional,2026,2026,2026,United States
NCT04129346,Technology-Supported Physical Activity Intervention for Metastatic Breast Cancer Survivors: Fit2ThriveMB,Completed,Yes,Metastatic Breast Cancer|Obesity,Cancer,BEHAVIORAL: Fit2ThriveMB App|BEHAVIORAL: Fitbit|BEHAVIORAL: Physical Activity Coaching Calls|BEHAVIO,Other,FEMALE,Adult + Older,49,OTHER,Interventional,2019,2021,2019,United States
NCT03791645,Evaluating The Efficacy Of A Mind-Body Intervention In Overcoming Opioid Addiction,Completed,No,Opioid Use|Opioid-use Disorder|Substance Use Disorders,Substance Use,BEHAVIORAL: Sky Intervention,Other,ALL,Adult + Older,61,OTHER,Interventional,2018,2022,2019,United States
NCT02604277,Suicidal Behavior in Patients Diagnosed With Bipolar Disorder,Recruiting,No,Depression|Alcoholism|Drug Abuse,Depression,BEHAVIORAL: Interpersonal and Social Rhythm Therapy (ISRT)|BEHAVIORAL: Bipolar-Specific Cognitive Be,MBSR,ALL,Adult only,130,OTHER,Interventional,2016,2026,2015,United States
NCT07587346,"The Impact of Whole-Body Vibration and Relaxation Techniques on Adolescent Athlete Girls With Triad Syndrome""",Recruiting,No,Menstrual Cycle Abnormal,Healthy Volunteers,DEVICE: whole body vibration device|OTHER: relaxation training,Other,FEMALE,Child only,50,OTHER,Interventional,2025,2026,2026,Egypt
NCT07567976,Tai Chi Intervention for Balance Function in Older Adults: Predictive and Modifying Roles of Circadian Age,Not Yet Recruiting,No,Aging|Postural Balance|Accidental Falls,Other,BEHAVIORAL: Tai Chi Exercise|BEHAVIORAL: Health Education,Other,ALL,Adult + Older,90,OTHER,Interventional,2026,2026,2026,
NCT07541820,Tailored Yoga Therapy for Attention-deficit Hyperactivity Disorder,Active Not Recruiting,No,Attention-Deficit Hyperactivity Disorder Symptoms|Attention-Deficit Hyperactivity Disorder,Other,BEHAVIORAL: Tailored yoga therapy.|BEHAVIORAL: Functional movement.,Yoga,ALL,Adult + Older,20,OTHER,Interventional,2026,2026,2026,United Kingdom
NCT07418762,Community-Based Program Integrating Nurse-Led Mind-Body Exercise and Nutrition for Frailty,Not Yet Recruiting,No,Frail Elderly,Other,BEHAVIORAL: Nurse-Led Mind-Body Exercise (MBE),Other,ALL,Adult + Older,48,OTHER,Interventional,2026,2026,2026,Indonesia
NCT06191653,Mindfulness and Self-Compassion With Caregivers Working With Delinquent Youth,Completed,No,Caregivers of Delinquent Youth,Other,BEHAVIORAL: Mindfulness and Self-Compassion for Caregivers working in Youth Detention Centres,Loving-Kindness / Compassion,ALL,All ages,50,OTHER,Interventional,2022,2024,2024,Portugal
NCT06807827,Pharmacist-Led Cognitive Behavioral Intervention for Diabetic Patients: a Randomized Interventional Trial to Evaluate th,Not Yet Recruiting,No,Diabete Mellitus,Other,BEHAVIORAL: Pharmacist-led Cognitive Behavioral therapy|OTHER: Basic Education,CBT,ALL,Adult + Older,385,OTHER,Interventional,2025,2025,2025,Pakistan
NCT06429189,Home-Combo: an Online Home-based Combined Exercise Intervention for Women With Breast Cancer,Not Yet Recruiting,No,Breast Cancer|Chemotherapy Effect,Cancer,BEHAVIORAL: Home-based combined exercise program with self-selected intensity,Other,FEMALE,Adult + Older,98,OTHER,Interventional,2024,2025,2024,Portugal
NCT06191939,Adapting and Testing a Novel Self-Compassion Intervention to Reduce Lung Cancer Stigma,Completed,No,Lung Cancer,Cancer,BEHAVIORAL: Mindful Self-Compassion for Lung Cancer (MSC-LC)|OTHER: Enhanced standard of care with w,Loving-Kindness / Compassion,ALL,Adult + Older,79,OTHER,Interventional,2024,2026,2024,United States
NCT06071858,Enhanced Coordinated Specialty Care for Early Psychosis,Recruiting,No,Psychosis|Schizophrenia|Schizoaffective Disorder|Psychosis Nos/Other|Bipolar Disorder,Other,BEHAVIORAL: Care Coordination|BEHAVIORAL: Individual Peer Support|BEHAVIORAL: Digital Outreach|BEHAV,Other,ALL,All ages,350,OTHER,Interventional,2024,2028,2023,United States
NCT05865834,Improvement of Mental Health in Adolescents Using E-health Interventions,Unknown,No,Mental Disorder in Adolescence|Depression in Adolescence|Anxiety Disorders,Depression,OTHER: A smartphone application|OTHER: Pictorial educational leaflets,Other,ALL,Child + Adult,200,OTHER,Interventional,2023,2023,2023,Pakistan
NCT05808517,An Integration of Tai Chi and Repetitive Transcranial Magnetic Stimulation for Sleep Disturbance in Older Adults,Completed,No,Sleep Disturbance,Sleep / Fatigue,BEHAVIORAL: Tai Chi|OTHER: repetitive transcranial magnetic stimulation,Other,ALL,Adult + Older,38,OTHER,Interventional,2022,2022,2023,Hong Kong
NCT05693805,Feasibility of Remote Tai Chi,Completed,Yes,"PTSD|Pain, Chronic",Pain,BEHAVIORAL: Tai Chi|BEHAVIORAL: Wellness program,Other,ALL,Adult + Older,42,OTHER,Interventional,2023,2025,2023,United States
NCT05597722,Addressing Cognitive Fog in Long-COVID-19 Patients,Terminated,Yes,Cognitive Impairment|Long COVID,Neurological / Cognitive,BEHAVIORAL: Digital cognitive behavioral intervention-RxWell|DRUG: Amphetamine-Dextroamphetamine,CBT,ALL,Adult + Older,7,OTHER,Interventional,2023,2023,2022,United States
NCT05535192,TeleHealth Resistance Exercise Intervention to Preserve Dose Intensity and Vitality in Elder Breast Cancer Patients,Recruiting,No,Breast Cancer|Stage III Breast Cancer|Breast Cancer Female|Stage I Breast Cancer|Stage II Breast Can,Cancer,BEHAVIORAL: THRIVE|BEHAVIORAL: Health Education Support Program,Other,FEMALE,Adult + Older,270,OTHER,Interventional,2023,2027,2022,United States
NCT05244538,Effectiveness of Hypnosis Via Virtual Reality During Oocyte Retrieval,Completed,No,Virtual Reality Therapy|Fertilization in Vitro|Propofol|Remifentanil|Conscious Sedation,Other,DEVICE: Virtual reality distraction|DRUG: Propofol-remifentanil sedation,Other,FEMALE,Adult only,48,OTHER,Interventional,2022,2022,2022,Belgium
NCT07513220,The Effectiveness and Acceptability of Formal Versus Informal Mindful Self-Compassion for Adolescents,Recruiting,No,Coping,Other,BEHAVIORAL: Formal Mindful Self-Compassion (MSC-F)|BEHAVIORAL: Informal Mindful Self-Compassion (MSC,Loving-Kindness / Compassion,ALL,Child + Adult,135,OTHER,Interventional,2026,2027,2026,United States
NCT05120310,Effects of Health and Wellness App on Employee Productivity,Completed,No,Sleep Disturbance|Mental Health Wellness 1,Sleep / Fatigue,BEHAVIORAL: The Calm App,Other,ALL,Adult + Older,1029,OTHER,Interventional,2021,2022,2021,United States
NCT05011955,Mindfulness and Intercare Based Intervention for Medicine Students (MIIM),Completed,No,Depressive Symptoms|Mental Health Wellness 1|Anxiety,Depression,"BEHAVIORAL: Mindfulness, compassion and intercare based Intervention|BEHAVIORAL: Psychoeducational b",Loving-Kindness / Compassion,ALL,Adult + Older,360,OTHER,Interventional,2020,2020,2021,Chile
NCT04834765,Mindfulness-Based Art Therapy and Generation Z,Completed,No,Anxiety Depression,Depression,OTHER: Mindfulness-based art therapy|OTHER: Art-only|OTHER: Mindfulness-only,Mindfulness (General),ALL,Adult only,86,OTHER,Interventional,2020,2022,2021,United States
NCT04806009,Evaluating an Online Mindfulness-Based Intervention for Insomnia,Unknown,No,"Insomnia, Primary",Sleep / Fatigue,BEHAVIORAL: 'Mindful Living With Insomnia (MLWI)' Intervention via WeChat mini-program|BEHAVIORAL: ',CBT,ALL,Adult only,1000,OTHER,Interventional,2022,2023,2021,
NCT04759950,Exercise the Mind and Brain. A Multimodal Intervention in Stroke,Completed,No,Stroke,Other,BEHAVIORAL: Multicomponent Physical Activity Program|BEHAVIORAL: Mindfulness-Based Stress Reduction,MBSR,ALL,Adult + Older,141,OTHER,Interventional,2020,2022,2021,Spain
NCT04748549,Intraoperative VR for Older Patients Undergoing TKA,Recruiting,No,Total Knee Arthroplasty,Other,OTHER: Virtual Reality Immersive Relaxation|OTHER: Immersive Audio Experience|OTHER: Sham Virtual Re,Other,ALL,Adult + Older,131,OTHER,Interventional,2022,2027,2021,United States
NCT04295954,Effect of a Semi-Presence Yoga Program on Primary Dysmenorrhea,Unknown,No,"Dysmenorrhea Primary|Pain, Menstrual|Yoga",Pain,OTHER: Yoga Intervention,Yoga,FEMALE,Adult only,50,OTHER,Interventional,2020,2021,2020,Spain
NCT04028427,Impact of ACT-based Interventions on Diabetes-related Outcomes,Completed,No,"Diabetes Mellitus, Type 1|Diabetes Mellitus, Type 2",Cardiovascular / Metabolic,BEHAVIORAL: Values-plus-goals intervention|BEHAVIORAL: Mindfulness-based intervention,Mindfulness (General),ALL,Adult + Older,29,OTHER,Interventional,2019,2020,2019,United Kingdom
NCT03797560,Comparison of Ba-Duan-Jin and Pregabalin in Patients with Fibromyalgia,Completed,No,Fibromyalgia,Pain,OTHER: Ba-Duan-Jin|DRUG: Pregabalin capsule,Other,ALL,Adult + Older,104,OTHER,Interventional,2019,2022,2019,China
NCT05026372,Two-Session Couples Class to Improve Relationship Health,Terminated,No,Stress,Stress / Burnout,BEHAVIORAL: Mindfulness Compassion (MC)|BEHAVIORAL: Mindfulness Gratitude (MG)|BEHAVIORAL: Mindfulne,Loving-Kindness / Compassion,ALL,Adult + Older,126,OTHER,Interventional,2019,2023,2021,United States
NCT05802875,Building Resilience During the COVID-19 Pandemic: a Randomized Controlled Trial,Unknown,No,"Healthy|COVID-19|Distress, Emotional",Stress / Burnout,BEHAVIORAL: RASMUS Resilience Training|BEHAVIORAL: Progressive Muscle Relaxation,Other,ALL,Adult + Older,192,OTHER,Interventional,2022,2026,2023,Austria
NCT03276559,Enhancing & Mobilizing the POtential for Wellness & Emotional Resilience Among Surrogate Decision-Makers of ICU Patients,Completed,Yes,Critical Illness|Communication Disabilities,Other,BEHAVIORAL: EMPOWER|OTHER: Enhanced Usual Care,Other,ALL,Adult + Older,63,OTHER,Interventional,2017,2023,2017,United States
NCT06229652,"Stress Management in Depressive Disorder: Resilience Training vs. Yoga: Biological, Epigenetic, and Brain Correlates",Not Yet Recruiting,No,Major Depressive Disorder,Depression,BEHAVIORAL: RASMUS Resilience Training|OTHER: Body-oriented Yoga,Yoga,ALL,Adult + Older,150,OTHER,Interventional,2024,2028,2024,Austria
NCT02561416,Cost-utility and Biological Underpinnings of MBSR in Fibromyalgia Syndrome,Completed,No,Fibromyalgia Syndrome,Pain,BEHAVIORAL: MBSR|BEHAVIORAL: FibroQol|DRUG: TAU,MBSR,ALL,Adult + Older,225,OTHER,Interventional,2016,2018,2015,Spain
NCT02253641,The STRENGTH Study: Shapely Sisters Targeting Realistic Exercise and Nutrition Goals Through Healthy Habits,Completed,No,Obesity,Cardiovascular / Metabolic,BEHAVIORAL: Standard Weight Loss Intervention|BEHAVIORAL: Stress-Focused Weight Loss Intervention,Other,FEMALE,Adult + Older,40,OTHER,Interventional,2015,2015,2014,United States
NCT02227680,Massage Therapy Versus Music Therapy Pilot Study,Completed,No,ALL,Other,OTHER: Music Therapy|OTHER: Massage Therapy,Other,ALL,Adult + Older,90,OTHER,Interventional,2014,2015,2014,United States
NCT01227473,We Can Prevent Diabetes: A Behavioral Intervention to Reduce Diabetes Risk in African Americans,Completed,No,Prediabetes,Cardiovascular / Metabolic,BEHAVIORAL: Mindfulness-based diabetes prevention education group|BEHAVIORAL: Conventional diabetes,Mindfulness (General),ALL,Adult + Older,74,OTHER,Interventional,2010,2012,2010,United States
NCT01168661,"Yoga, Mindfulness and Cognitive Psychotherapy as Treatment for Stress and Burnout",Completed,No,"Stress, Psychological|Burnout, Professional|Anxiety|Depression",Depression,BEHAVIORAL: Yoga|BEHAVIORAL: Mindfulness based cog psychotherapy|BEHAVIORAL: Cognitive psychotherapy,Yoga,ALL,All ages,90,OTHER,Interventional,2007,2010,2010,Sweden
NCT04256902,"Lesbian, Gay, Bisexual, and Transgender (LGBT) Conference",Completed,No,Lesbian|Gay|Bisexual|Transgender,Other,,Other,ALL,All ages,600,OTHER,Observational,2020,2021,2020,France
NCT07336342,Mindfulness-based Cognitive Therapy for the Chronic Pain-depression Co-morbidity Among Older Black Adults in the Communi,Completed,No,Chronic Pain|Depression,Pain,BEHAVIORAL: Quiet Focus,Other,ALL,Adult + Older,12,OTHER,Interventional,2024,2025,2026,United States
NCT07118722,Mindfulness-based Cognitive Therapy vs the Health Enhancement Program for Chronic Pain and Depression; The Quiet Focus S,Recruiting,No,Chronic Pain|Depression,Pain,BEHAVIORAL: Quiet Focus|BEHAVIORAL: Health Enhancement Program,Other,ALL,Adult + Older,60,OTHER,Interventional,2025,2027,2025,United States
NCT06497140,Effect of Genicular Arteries Embolization in Symptomatic Knee Osteoarthritis LipioJoint-2,Recruiting,No,Knee Osteoarthritis,Pain,DRUG: Ethiodized Oil-based emulsion|PROCEDURE: Sham-operation,Other,ALL,Adult + Older,130,OTHER,Interventional,2024,2028,2024,France
NCT04000399,"BRITEPath, Component 3 of iCHART (Integrated Care to Help At-Risk Teens)",Completed,Yes,Depression|Suicidal Ideation,Depression,BEHAVIORAL: BRITEPath,Other,ALL,Child + Adult,43,OTHER,Interventional,2019,2021,2019,United States
NCT05114824,Acceptability and Feasibility of an 8-week Online Mindfulness-Based Cognitive Therapy Program Among Undergraduate Studen,Unknown,No,"Stress, Psychological|Anxiety Disorders|Depression, Unipolar",Depression,BEHAVIORAL: Mindfulness-Based Cognitive Therapy,MBCT,ALL,Adult + Older,60,OTHER,Interventional,2021,2022,2021,Chile
NCT07130838,The MB-EAT Smart Teen Study,Not Yet Recruiting,No,Obesity &Amp; Overweight,Cardiovascular / Metabolic,BEHAVIORAL: MB-EAT program|BEHAVIORAL: Feasibility study|BEHAVIORAL: Psychoeducation,Other,ALL,Child only,170,OTHER,Interventional,2025,2028,2025,Canada
NCT07069361,Mindful Emotion Regulation in Organizational Contexts,Completed,No,Mindfulness Based Cognitive Therapy|Wait-List Control|Emotion Regulation|Organizational Context,Neurological / Cognitive,BEHAVIORAL: Mindfulness-Based Cognitive Therapy - Life Course Adaptation (MBCT-L),MBCT,ALL,Adult + Older,195,OTHER,Interventional,2025,2025,2025,Romania
NCT06672432,Preventing Perinatal Depression with an App-Based CBT Program,Not Yet Recruiting,No,Perinatal Depression|Disease Prevention,Depression,OTHER: CareMom (a mobile app-based 8-wekk cognitive behavioral therapy program)|OTHER: Matched Atten,CBT,FEMALE,Adult only,290,OTHER,Interventional,2024,2025,2024,China
NCT06252311,The Effect of Mindfulness-Based Breastfeeding Programme in Mothers After Cesarean Delivery,Recruiting,No,Breastfeeding,Other,BEHAVIORAL: Mindfulness-Based Breastfeeding Programme,Mindfulness (General),FEMALE,Adult only,140,OTHER,Interventional,2025,2026,2024,Turkey
NCT06242080,SMILE: Clinical Trial to Evaluate Mindfulness as Intervention for Racial and Ethnic Populations During COVID-19,Terminated,Yes,Anxiety|COVID-19 Pandemic,Anxiety,BEHAVIORAL: Mindfulness,Mindfulness (General),ALL,Adult + Older,398,OTHER,Interventional,2024,2025,2024,United States
NCT05642364,Virtual Reality in Hemodialysis to Improve Psychological Well-being,Active Not Recruiting,No,End Stage Kidney Disease|Depressive Symptoms,Depression,BEHAVIORAL: Joviality(TM)|OTHER: Inert Virtual Reality,Other,ALL,Adult + Older,61,OTHER,Interventional,2023,2026,2022,United States
NCT05360719,Integrated Tele-exercise for Individuals With Spinal Cord Injury,Active Not Recruiting,No,Spinal Cord Injury,Other,BEHAVIORAL: Group tele-exercise,Other,ALL,Adult + Older,35,OTHER,Interventional,2022,2026,2022,United States
NCT05124132,Resilience and Brain Health of Older Adults (MEDEX-2),Enrolling By Invitation,No,Age-related Cognitive Decline,Neurological / Cognitive,BEHAVIORAL: Mindfulness-Based Stress Reduction|BEHAVIORAL: Exercise|BEHAVIORAL: Mindfulness-Based St,MBSR,ALL,Adult + Older,468,OTHER,Interventional,2019,2026,2021,United States
NCT04924010,Effect of Perioperative CBT on Chronic Persistent Postsurgical Pain Among Breast Cancer Patients,Completed,No,Breast Cancer|Chronic Pain|Chronic Postsurgical Pain|Quality of Life,Cancer,BEHAVIORAL: Cognitive Behavioural Therapy (CBT)|BEHAVIORAL: Education and Mindfulness,Mindfulness (General),FEMALE,Adult + Older,48,OTHER,Interventional,2021,2023,2021,Ireland
NCT04498442,"A Study on Prevalence, Protection and Recovery From COVID-19 in Seasoned Yoga Practitioners in Comparison to Age and Gen",Completed,No,Covid19|Stress|Anxiety Depression,Depression,BEHAVIORAL: Simha Kriya|BEHAVIORAL: Reading a Book,Other,ALL,Adult + Older,8519,OTHER,Interventional,2020,2020,2020,United States
NCT04298398,Impact of Group Psychological Interventions on Extracellular Vesicles in People Who Had Cancer,Unknown,No,Cancer,Cancer,BEHAVIORAL: Mindfulness Based-Cognitive Therapy (MBCT)|BEHAVIORAL: Emotion Focused Therapy Group for,MBCT,ALL,Adult + Older,108,OTHER,Interventional,2021,2021,2020,
NCT03533036,Virtual Reality Experience in First Trimester D&C,Completed,Yes,First Trimester Abortion|Virtual Reality,Other,DEVICE: applied VR headset,Other,FEMALE,Adult + Older,30,OTHER,Interventional,2017,2018,2018,United States
NCT02667782,Feasibility Study on the Use of Mindfulness-based Intervention for Family Carers of People With Dementia,Completed,No,"Anxiety|Depression|Dependency Burden|Stress, Psychological",Depression,BEHAVIORAL: Mindfulness-Based Stress Reduction (MBSR)|BEHAVIORAL: Mindfulness-Based Cognitive Therap,MBSR,ALL,Adult + Older,53,OTHER,Interventional,2016,2017,2016,Hong Kong
NCT02569294,Feasibility and Impact of Group Interventions on Breast Cancer Patients Well-being,Completed,No,Breast Cancer,Cancer,BEHAVIORAL: Yoga intervention|BEHAVIORAL: Hypnosis intervention|BEHAVIORAL: CBT intervention,Yoga,FEMALE,Adult + Older,114,OTHER,Interventional,2013,2016,2015,Belgium
NCT05398107,Building Emotion Awareness and Mental Health (BEAM): Community Partnership With Family Dynamics,Completed,No,"Depression, Anxiety",Depression,BEHAVIORAL: Experimental: Building Emotion Awareness and Mental Health (BEAM)|BEHAVIORAL: Control: M,Other,ALL,Adult + Older,80,OTHER,Interventional,2022,2022,2022,Canada
NCT07383220,Effect of Electrical Stimulation and Exercise on Blood Flow in Patients With Resistant High Blood Pressure,Recruiting,No,Resistant Hypertension|Hemodynamic Instability|Essential (Primary) Hypertension|Abdominal Obesity|Me,Cardiovascular / Metabolic,DEVICE: Transcutaneous Electrical Nerve Stimulation|BEHAVIORAL: Isometric Exercise|BEHAVIORAL: Aerob,Breathwork,ALL,Adult only,50,OTHER,Interventional,2026,2026,2026,Egypt
NCT07341438,Physical Activity in the Management of Personality Disorders,Recruiting,No,Borderline Personality Disorder (BPD)|Avoidant Personality Disorders,Other,BEHAVIORAL: Karate|BEHAVIORAL: Pedometer-based walking|OTHER: Treatment as usual (TAU),Other,ALL,Adult + Older,60,OTHER,Interventional,2026,2026,2026,Denmark
NCT06901232,Mindfulness-based Neurofeedback to Reduce Negative Thinking in CHARMS Adolescents,Not Yet Recruiting,No,Repetitive Negative Thinking|Serious Mental Illness Symptoms,Other,BEHAVIORAL: Mindfulness Training|BEHAVIORAL: Active mindfulness-based neurofeedback (Active mbNF)|BE,Mindfulness (General),ALL,Child + Adult,90,OTHER,Interventional,2027,2029,2025,United States
NCT06777212,Mindfulness Intervention for Psychological and Family Dynamics in Children with Body-Focused Repetitive Behaviors,Active Not Recruiting,No,Mindfulness Skills|Psychosocial Education,Well-being / Mental Health,BEHAVIORAL: Mindfulness Training Program|BEHAVIORAL: Psychosocial Education Program,Mindfulness (General),ALL,Child + Adult,200,OTHER,Interventional,2025,2027,2025,China
NCT06904976,Nature-based Contemplation and Spiritual Well-being Among Adults With Moderate Prolonged Grief Symptoms,Completed,No,Grief|Spiritual Wellbeing,Well-being / Mental Health,BEHAVIORAL: Nature-based contemplation|BEHAVIORAL: Noticing-nature,Other,ALL,Adult + Older,262,OTHER,Interventional,2025,2025,2025,Netherlands
NCT06429956,Combining Treatment Components in Transdiagnostic Therapy for Anxiety and Depression,Recruiting,No,Depression|Anxiety,Depression,BEHAVIORAL: Mindful emotion awareness|BEHAVIORAL: Cognitive flexibility,Other,ALL,Adult + Older,93,OTHER,Interventional,2024,2026,2024,Denmark
NCT05745025,rTMS and Rehabilitation for Individuals With CRPS Type 1,Unknown,No,Complex Regional Pain Syndrome Type I,Pain,DEVICE: Repeated Transcranial Magnetic Stimulation|DEVICE: Sham Repeated Transcranial Magnetic Stimu,Other,ALL,Adult + Older,20,OTHER,Interventional,2023,2025,2023,United States
NCT05589194,Comfort Theory-Based Nursing Interventions in Women with Stress Urinary Incontinence,Completed,No,Urinary Incontinence,Other,BEHAVIORAL: Nursing Practices Based on Kolcaba's Comfort Theory,Other,FEMALE,Adult + Older,40,OTHER,Interventional,2022,2025,2022,Turkey
NCT04933474,"Pragmatic Comparative Effectiveness Trial of Evidence-based, On-demand, Digital Behavioral Treatments for Chronic Pain",Completed,Yes,Chronic Pain,Pain,BEHAVIORAL: painTRAINER®|DEVICE: Skills-Based VR,Other,ALL,All ages,330,OTHER,Interventional,2022,2024,2021,United States
NCT05931874,Optimizing a mHealth Physical Activity Intervention With Mindful Awareness Lessons in Breast Cancer Survivors,Active Not Recruiting,No,Breast Cancer,Cancer,BEHAVIORAL: Core Intervention|BEHAVIORAL: E-Coach|BEHAVIORAL: Buddy|BEHAVIORAL: General Mindfulness,Mindfulness (General),FEMALE,Adult + Older,304,OTHER,Interventional,2024,2026,2023,United States
NCT04512144,Mindfulness in Endometrial and Cervical Cancer,Recruiting,No,Gynecologic Cancer|Endometrial Cancer|Cervical Cancer|Quality of Life|Opioid Use,Cancer,BEHAVIORAL: Headspace Smartphone Application,Other,FEMALE,Adult + Older,120,OTHER,Interventional,2020,2026,2020,United States
NCT04278352,Mindfulness-Based Relapse Prevention for Opioid and Alcohol Use Disorders,Completed,No,"Opioid-use Disorder|Opioid Abuse, in Remission|Alcohol Use Disorder|Alcohol Use Disorder, in Remissi",Substance Use,BEHAVIORAL: Mindfulness Based Relapse Prevention,Mindfulness (General),ALL,Adult + Older,11,OTHER,Interventional,2020,2023,2020,United States
NCT03063528,Healthy Motivations for Moms-to-be Study,Completed,No,"Weight Gain|Pregnancy|Stress, Emotional|Exercise|Nutrition",Stress / Burnout,BEHAVIORAL: Healthy Eating and Physical Activity|BEHAVIORAL: Stress Reduction and Management,Other,FEMALE,Adult only,142,OTHER,Interventional,2017,2018,2017,United States
NCT05672797,Habitual Hypertension Medication Adherence in Arizona,Completed,No,Medication Adherence|Habits|Hypertension,Cardiovascular / Metabolic,OTHER: Wellth app|BEHAVIORAL: Habit training,Other,ALL,Adult + Older,125,OTHER,Interventional,2022,2024,2023,United States
NCT06987331,The Effect of Haptonomy and Conscious Awareness Applied to Pregnant Women on Prenatal Breastfeeding Self-efficacy and In,Enrolling By Invitation,No,Pregnancy,Pregnancy / Maternal,OTHER: haptonomy|BEHAVIORAL: Haptonomy application|BEHAVIORAL: Mindfulness,Mindfulness (General),FEMALE,Child only,120,OTHER,Interventional,2024,2025,2025,Turkey
NCT07461428,EVALUATİON OF THE EFFECTİVENESS OF A MODEL-BASED HYPNOBREASTFEEDİNG EDUCATİON PROGRAM GİVEN TO PRİMİPAROUS PREGNANT WOME,Enrolling By Invitation,No,Healthy Subjects|Healthy (Controls)|Pregnancy|Breastfeeding|Breastfeeding Self-Efficacy|Hypno-breast,Healthy Volunteers,BEHAVIORAL: breastfeeding education program based on hypnobreastfeeding philosophy,Other,FEMALE,Adult + Older,80,OTHER,Interventional,2025,2026,2026,Turkey
NCT06832605,Mindfulness-Based Cognitive Therapy (MBCT) for the Prevention of Depression Relapse or Recurrence Using Videoconference,Not Yet Recruiting,No,"Major Depressive Disorder, Recurrent, in Remission",Depression,BEHAVIORAL: Group Mindfulness-Based Cognitive Therapy|BEHAVIORAL: Mindfulness-Based Cognitive Therap,MBCT,ALL,Adult + Older,315,OTHER,Interventional,2026,2028,2025,Spain
NCT06732934,Body Awareness and Aerobic Exercise: Telomere Impact,Completed,No,Exercise,Other,OTHER: exercise (Basic Body Awareness Therapy|OTHER: exercise (aerobic exercise),Other,ALL,Adult only,45,OTHER,Interventional,2023,2024,2024,Turkey
NCT05701111,Building Resilience at Schools: Emotional and Biological Assessment and Treatment of Traumatic Stress,Recruiting,No,Post Traumatic Stress Disorder|Complex Posttraumatic Stress Disorder|Stress|Burn Out|Mental Health I,PTSD / Trauma,BEHAVIORAL: Start with the Heart Students|BEHAVIORAL: Start with the Heart Teachers|BEHAVIORAL: Cue,Other,ALL,Child only,80800,OTHER,Interventional,2024,2027,2023,United States
NCT07207174,Brief Mindfulness-Oriented Recovery Enhancement vs Brief Cognitive-Behavioral Therapy for Chronic Pain,Recruiting,No,Chronic Pain,Pain,BEHAVIORAL: Brief Mindfulness Oriented Recovery Enhancement|BEHAVIORAL: Brief Cognitive-Behavioral T,Mindfulness (General),ALL,Adult + Older,120,OTHER,Interventional,2025,2027,2025,United States
NCT04000984,Beneficial Effects of Mindfulness-based Training on Neuropsychological Outcomes in Mild Cognitive Impairment,Completed,No,Mild Cognitive Impairment,Neurological / Cognitive,BEHAVIORAL: Mindfulness Based Training (MBT) Program|BEHAVIORAL: Cognitive Rehabilitation Training,Mindfulness (General),ALL,Adult + Older,81,OTHER,Interventional,2016,2019,2019,Singapore
NCT03913988,Comparative Effectiveness of Three Lucid Dreaming and Sleep Hygiene Techniques,Completed,No,Anxiety,Anxiety,BEHAVIORAL: Lucid Dream|BEHAVIORAL: Stress Reduction|BEHAVIORAL: Sleep Hygiene Techniques,Other,ALL,Adult + Older,28,OTHER,Interventional,2019,2019,2019,United States
NCT03537963,Improving Sleep in BMT Survivors,Completed,No,Sleep Disturbance|Sleep Disorder,Sleep / Fatigue,OTHER: mHealth Stepped-care Intervention|OTHER: Educational Control Condition|OTHER: Questionnaire|O,Other,ALL,Adult + Older,30,OTHER,Interventional,2018,2024,2018,United States
NCT04892251,Ketamine Assisted Psychotherapy for Opioid Use Disorder,Recruiting,No,Opioid-use Disorder,Substance Use,COMBINATION_PRODUCT: MORE+KAP|BEHAVIORAL: MORE,Other,ALL,Adult + Older,60,OTHER,Interventional,2021,2024,2021,United States
NCT05406531,The Effectiveness of Psychological Interventions in Psycho-neuroendocrine-immune Network in Breast Cancer Survivors,Unknown,No,Breast Cancer Female|Breast Cancer Stage I|Breast Cancer Stage II|Breast Cancer Stage III,Cancer,BEHAVIORAL: Mindfulness-Based Cognitive Therapy (MBCT-Ca) - online|BEHAVIORAL: Positive Psychology -,MBCT,FEMALE,Adult + Older,440,OTHER,Interventional,2022,2025,2022,Czechia
NCT05221970,Effectiveness and Suitability of the Online Mobile Application for the Mental and Physical Health of Cancer Patients,Unknown,No,Cancer,Cancer,BEHAVIORAL: Mindfulness-Based Cognitive Therapy (MBCT-Ca) - online|BEHAVIORAL: Positive Psychology -,MBCT,ALL,Adult + Older,600,OTHER,Interventional,2022,2023,2022,Czechia
NCT01951664,Feasibility and Preliminary Efficacy of Hatha Yoga in Head and Neck Cancer Survivors,Completed,No,Head Neck Cancer,Cancer,OTHER: Baseline Study Measures|BEHAVIORAL: Yoga Evaluation|BEHAVIORAL: Yoga Program|BEHAVIORAL: Yoga,Yoga,ALL,Adult + Older,40,OTHER,Interventional,2013,2015,2013,United States
NCT07434479,A Virtual Reality Mindfulness Application for Aggression in Schizophrenia,Recruiting,No,Schizophrenia Disorder|Schizoaffecitve Disorder|Aggression,Other,OTHER: Mindfulness-Based Virtual Reality Intervention,Mindfulness (General),ALL,Adult only,58,OTHER,Interventional,2026,2027,2026,United States
NCT07422519,Virtual Reality-Based Mindfulness as an Adjunct to Treatment as Usual in Treatment-Resistant Depression,Recruiting,No,Depression - Major Depressive Disorder|Depression Disorder|Depression Chronic|Treatment-Resistant Ma,Depression,BEHAVIORAL: Virtual-Reality-based mindfulness intervention|DRUG: Esketamine Treatment as Usual (ESK),Mindfulness (General),ALL,Adult + Older,30,OTHER,Interventional,2025,2026,2026,Spain
NCT07055217,Effect of Mindfulness-based Neurofeedback for Adolescents With Elevated Repetitive Negative Thinking,Recruiting,No,Repetitive Negative Thinking|Neurofeedback,Other,BEHAVIORAL: Mindfulness Training|BEHAVIORAL: Mindfulness-based Neurofeedback (Real mbNF)|BEHAVIORAL:,Mindfulness (General),ALL,Child + Adult,100,OTHER,Interventional,2025,2027,2025,United States
NCT06979193,Peer Counselling to Reduce Psychological Distress and Exposure to Violence Among Sexual and Gender Minorities,Active Not Recruiting,No,Mental Health|Psychological Distress|Secondary Violence Reduction|Discrimination|Sexual and Gender M,Stress / Burnout,BEHAVIORAL: SAATHI intervention (Augmented PM+ counseling)|BEHAVIORAL: SAATHI intervention with Peer,Other,ALL,Adult only,960,OTHER,Interventional,2025,2027,2025,Nepal
NCT06978582,Effectiveness and Safety of a Tele-Rehabilitation Program on Fatigue and Related Variables in Chronic Fatigue Syndrome a,Active Not Recruiting,No,Chronic Fatigue Syndrome/ Myalgic Encephalitis (CFS/ME)|Post COVID Syndrome,Sleep / Fatigue,BEHAVIORAL: Mindful and conscious movement-based exercise|BEHAVIORAL: Conventional exercise,Other,ALL,Adult + Older,147,OTHER,Interventional,2025,2027,2025,Spain
NCT06021431,Virtual Reality Cognitive-Affective Training for Opioid Use Disorder- A Phase 2 RCT,Active Not Recruiting,No,Opioid Use Disorder,Substance Use,DEVICE: MORE-VR|OTHER: Treatment as Usual,Other,ALL,Adult + Older,128,INDUSTRY,Interventional,2023,2025,2023,United States
NCT02559765,"Access, Use and Opinions of Physiotherapy and Rehabilitation Services of People With Progressive MS in the UK.",Completed,No,Progressive Multiple Sclerosis,Neurological / Cognitive,,Other,ALL,Adult + Older,1298,OTHER,Observational,2015,2015,2015,United Kingdom
NCT04625959,Optimizing Mindfulness and Acceptance Based Behavioral Treatment for Bulimia Nervosa and Binge Eating Disorder,Unknown,No,Bulimia Nervosa|Bulimia; Atypical|Binge-Eating Disorder|Binge-Eating and Purging Type Anorexia Nervo,Other,BEHAVIORAL: Behavioral Therapy for Eating Disorders|BEHAVIORAL: MABT: Mindful Awareness|BEHAVIORAL:,Other,ALL,Adult + Older,256,OTHER,Interventional,2020,2024,2020,United States
NCT02161900,Randomized Controlled Trial Evaluating the Role of Exercise in Women Undergoing Treatment for Breast Cancer,Active Not Recruiting,No,Non Metastatic Operable Breast Cancer,Cancer,OTHER: Yogic and routine exercises,Other,FEMALE,Adult + Older,850,OTHER_GOV,Interventional,2010,2025,2014,India
NCT07384637,"Effects of Progressive Relaxation Exercises and Planned Training After Cesarean Section on Pain, Anxiety and Comfort",Completed,No,Relaxation Exercises and Training After Cesarean Section,Other,BEHAVIORAL: Progressive Relaxation Exercise group|BEHAVIORAL: Planned Education group,Other,FEMALE,Adult only,129,OTHER,Interventional,2023,2023,2026,Turkey
NCT06542640,Mechanisms of Response to Therapeutic Intervention in Clinical High Risk (CHR) for Psychosis,Recruiting,No,Psychosis; Schizophrenia-Like|Healthy Controls,Healthy Volunteers,DEVICE: Mb-rt-fMRI-NFB|DEVICE: Sham mb-rt-fMRI-NFB|DEVICE: rTMS|DEVICE: Sham rTMS,Other,ALL,Child + Adult,300,OTHER,Interventional,2024,2027,2024,China
NCT04474509,ACTyourCHANGE Study Protocol. Promoting Healthy Lifestyle With ACT for Obesity,Unknown,No,Health Behavior,Other,BEHAVIORAL: FACT Module Engagement|BEHAVIORAL: FACT Module Openness|BEHAVIORAL: FACT Module Awarenes,Other,ALL,Adult + Older,90,OTHER,Interventional,2021,2024,2020,Italy
NCT02339220,The Brave Initiative: Bringing Rehabilitation to American Veterans in an Enriched Environment,Completed,No,Traumatic Brain Injury,PTSD / Trauma,BEHAVIORAL: Constraint-Induced Movement Therapy (CIMT)|BEHAVIORAL: Lakeshore Enriched Fitness Traini,Other,ALL,Adult + Older,42,OTHER,Interventional,2016,2019,2015,United States
NCT01893983,Motivational Coaching to Enhance Mental Health Engagement in Rural Veterans,Completed,Yes,Mental Health|Rural Health|Veterans Health,Well-being / Mental Health,BEHAVIORAL: Motivational Coaching,Other,ALL,Adult + Older,418,FED,Interventional,2015,2018,2013,United States
NCT04035304,Online and Mobile Mindfulness Intervention to Reduce Distress,Unknown,No,PTSD,PTSD / Trauma,OTHER: Mindfulness Coach,Mindfulness (General),ALL,Adult + Older,200,FED,Interventional,2019,2020,2019,United States
NCT07483541,Identification of Modifiable Sleep-related Factors in Patients With Systemic Lupus Erythematosus.,Not Yet Recruiting,No,Lupus Erythematosus,Other,OTHER: Adults with systemic lupus erythematosus,Other,ALL,Adult + Older,250,NETWORK,Observational,2026,2026,2026,Spain
NCT07450924,"The Effect of Benson Relaxation Exercise and Mandala Coloring Activity on Stress, Anxiety, and Mental Health of Palliati",Completed,No,Benson Exercise|Mandala Coloring|Informal Palliative Caregiver,Other,BEHAVIORAL: mandala coloring activity|BEHAVIORAL: Benson relaxation exercises,Other,ALL,Adult + Older,68,OTHER,Interventional,2025,2025,2026,Turkey
NCT05498441,Personalized High-Definition Transcranial Direct Current Stimulation (HD-tDCS) Treatment for Major Depressive Episode,Unknown,No,Major Depressive Episode,Depression,"DEVICE: High-Definition Transcranial Direct Current Stimulation (HD-tDCS)|DRUG: Antipsychotics, mood",Other,ALL,Child + Adult,120,OTHER,Interventional,2022,2024,2022,China
NCT04595084,Remotely Delivered Programs Targeting COVID-19 Stress-Related Depression and Substance Use,Completed,No,"Depression|Anxiety|Substance Use|Stress, Psychological|Stress, Emotional|Alcohol Use, Unspecified|Dr",Depression,BEHAVIORAL: Mindfulness Based Cognitive Therapy for Resilience During COVID-19 plus CHAMindWell|BEHA,Mindfulness (General),ALL,Adult + Older,113,OTHER,Interventional,2021,2023,2020,United States
NCT03893708,Investigating the Feasibility and Preliminary Effects of Yoga on Excessive Gestational Weight Gain,Completed,No,Weight Gain,Other,BEHAVIORAL: Prenatal yoga|BEHAVIORAL: Pregnancy education,Yoga,FEMALE,Adult only,49,OTHER,Interventional,2018,2019,2019,United States
NCT03833609,Yoga and Aerobic Dance for Pain Management in Juvenile Idiopathic Arthritis,Unknown,No,Juvenile Idiopathic Arthritis|Pain,Pain,BEHAVIORAL: Online yoga training (Group A)|BEHAVIORAL: Online aerobic dance training (Group B),Yoga,FEMALE,Child + Adult,25,OTHER,Interventional,2019,2022,2019,Canada
NCT02893150,Mindfulness Intervention for Overweight Primary Care Patients,Completed,No,Overweight|Obesity,Cardiovascular / Metabolic,BEHAVIORAL: TAU|BEHAVIORAL: TAU+MBHP|BEHAVIORAL: TAU+MB-EAT,Other,FEMALE,Adult only,284,OTHER,Interventional,2018,2019,2016,Brazil
NCT02935621,Behavioral Interventions for Active Duty Service Members and Veterans With Chronic Pain,Completed,No,Chronic Pain,Pain,BEHAVIORAL: Mindfulness-Oriented Recovery Enhancement (MORE)|BEHAVIORAL: Support Group,Mindfulness (General),ALL,Adult + Older,230,OTHER,Interventional,2017,2022,2016,United States
NCT03674398,Aerobic Exercise and Cognitive Training Effects on Postconcussive Symptomology,Completed,No,"Post-Concussion Syndrome|Post-Traumatic Headache|Post-Concussive Syndrome, Chronic|Head Injury|MTBI ",Pain,BEHAVIORAL: Exercise+CT|BEHAVIORAL: Exercise only,Other,ALL,Adult + Older,34,OTHER,Interventional,2018,2019,2018,United States
NCT04870957,The Back Pain Consortium Research Program Study,Completed,Yes,Chronic Low-back Pain,Pain,BEHAVIORAL: PainGuide|BEHAVIORAL: MBSR|BEHAVIORAL: PT and exercise|DEVICE: Self -administered acupre,MBSR,ALL,Adult + Older,494,OTHER,Interventional,2021,2025,2021,United States
NCT03677726,Improving Sleep Continuity Through Mindfulness Training for Better Cognitive Ageing.,Completed,No,Sleep Initiation and Maintenance Disorders|Cognitive Aging,Sleep / Fatigue,BEHAVIORAL: Mindfulness Based Therapy for Insomnia|OTHER: Sleep Hygiene Education Exercise Program,Mindfulness (General),ALL,Adult + Older,150,OTHER,Interventional,2018,2021,2018,Singapore
NCT04409353,Virtual Reality Therapy for Chronic Low Back Pain,Completed,Yes,Chronic Low Back Pain,Pain,DEVICE: Distraction-Based VR|DEVICE: Sham VR|DEVICE: Skills-Based VR|DEVICE: Activity Tracker,Other,ALL,All ages,413,OTHER,Interventional,2020,2024,2020,United States
NCT01975857,Mind-Body Rehabilitative Program for Veterans With mTBI (Mild Traumatic Brain Injury),Completed,No,Sleep Disturbance|Traumatic Brain Injury,PTSD / Trauma,BEHAVIORAL: Mind-Body Bridging Program|BEHAVIORAL: Supportive Education,Other,ALL,Adult + Older,88,OTHER,Interventional,2013,2019,2013,United States
NCT05899374,KindMap - an E-mental Health Intervention Tool for Improving Well-being and Mental Health in People Facing Infertility,Unknown,No,Infertility,Other,BEHAVIORAL: KindMap,Other,ALL,Adult only,180,OTHER,Interventional,2023,2024,2023,Portugal
NCT07244718,Investigation of The Effect of Progressive Muscle Relaxation Technique in Sedentary Obese Women,Completed,No,Progressive Muscle Relaxation Technique,Other,OTHER: Control|OTHER: Music-Assisted Progressive Muscle Relaxation,Other,FEMALE,Adult only,20,OTHER,Interventional,2024,2025,2025,Turkey
NCT04368689,The Feasibility and Examination of the Effects of Floatation-based REST on a Community Sample With PTSD,Active Not Recruiting,No,Post-Traumatic Stress Disorders,PTSD / Trauma,OTHER: Floatation-based reduced environmental stimulation therapy,Other,ALL,Adult only,30,OTHER,Interventional,2021,2027,2020,United States
NCT04302740,Life Enhancing Alcohol-management Program,Completed,No,"Alcohol Use, Unspecified|Homelessness|Harm Reduction|Community Based Participatory Research",Substance Use,BEHAVIORAL: LEAP,Other,ALL,Adult + Older,161,OTHER,Interventional,2020,2024,2020,United States
NCT06860126,Improving Sports and Recreation Services in Mashhad for Elderly and Intergenerational Interaction (ESPIRE-M),Completed,No,Aged|Quality of Life|Mental Health,Well-being / Mental Health,BEHAVIORAL: Intergenerational Activity Program: This indicates a program that involves activities de,Yoga,ALL,Adult + Older,384,OTHER,Interventional,2018,2019,2025,Iran
NCT05239065,Personalized Stress Management With Application of Portable Devices in Occupational Populations,Unknown,No,"Stress, Psychological|Autonomic Nervous System Diseases|Emotional Stress",Stress / Burnout,BEHAVIORAL: The basic intervention|BEHAVIORAL: The personalized interventions,Other,ALL,Adult only,400,OTHER,Interventional,2021,2022,2022,China
NCT05779527,Mindful Parenting - A Single Case Experimental Design Study,Unknown,No,Parenting|Alopecia|Skin Condition|Limb Difference|Neurofibromatoses|Craniofacial|Cleft Lip and Palat,Other,BEHAVIORAL: Mindful Parenting Programme,Other,ALL,All ages,12,OTHER,Interventional,2023,2023,2023,United Kingdom
NCT07202325,Self-Help Intervention for Post 9/11 Veterans With Depression or PTSD Symptoms,Not Yet Recruiting,No,"Depression|Stress Disorders, Post-Traumatic",Depression,BEHAVIORAL: Resilience Training for Veterans (REST-V)|OTHER: Usual resources,Other,ALL,Adult + Older,200,FED,Interventional,2026,2030,2025,United States
NCT02780739,"INSIGHT, A Comprehensive, Multidisciplinary Brain Training System",Completed,No,"Cognitive Ability, General",Neurological / Cognitive,BEHAVIORAL: Cognitive Training - 48 sessions|BEHAVIORAL: Fitness|BEHAVIORAL: Active Control|DEVICE:,Other,ALL,Adult only,521,OTHER,Interventional,2014,2014,2016,United States
NCT04740229,Moderate-intensity Flow-based Yoga Effects on Cognition and Stress,Completed,No,Stress|Psychological,Stress / Burnout,BEHAVIORAL: Yoga,Yoga,ALL,Adult only,86,OTHER,Interventional,2021,2021,2021,United States
NCT06116435,A Pilot Factorial Trial of an Integrated Lifestyle Intervention,Recruiting,No,Physical Inactivity|Overweight and Obesity,Cardiovascular / Metabolic,BEHAVIORAL: Prevent T2|BEHAVIORAL: Move group-based classes|BEHAVIORAL: Fitness Membership|BEHAVIORA,Other,ALL,Adult + Older,64,OTHER,Interventional,2023,2027,2023,United States
NCT04670640,Mechanistic Interventions and Neuroscience of Dissociation,Recruiting,No,Dissociation,Other,DEVICE: Vibration|BEHAVIORAL: Breath Focus|BEHAVIORAL: No Distractions,Breathwork,ALL,Adult + Older,350,OTHER,Interventional,2021,2027,2020,United States
NCT07423858,Predicting The Right Advice at The Right Time in Patients With Hip and Knee OsteoArthritis: the e-cOAch Cross-over.,Recruiting,No,Osteo Arthritis Knee and Hip,Pain,BEHAVIORAL: Physical Activity program|BEHAVIORAL: Sleep program|BEHAVIORAL: Weight management progra,Other,ALL,Adult + Older,600,OTHER,Interventional,2025,2027,2026,Netherlands
NCT04058886,Telephone-delivered Mindfulness Intervention for African American Dementia Caregivers,Completed,Yes,Alzheimer Dementia|Caregiver|Dementia Alzheimers,Neurological / Cognitive,BEHAVIORAL: Telephone-delivered Mindfulness,Mindfulness (General),ALL,Adult + Older,57,OTHER,Interventional,2019,2022,2019,United States