group,subject_id,condition,beat_number,elapsed_sec,relative_sec,relative_min,normalized_position,heart_rate_bpm,recording_duration_sec
chi_meditation,C1,meditation,1,19149.633,0.0,0.0,0.0,64.52,3325.8
chi_meditation,C1,meditation,21,19168.805,19.172,0.32,0.0058,60.0,3325.8
chi_meditation,C1,meditation,41,19187.297,37.664,0.628,0.0113,74.53,3325.8
chi_meditation,C1,meditation,61,19203.93,54.297,0.905,0.0163,67.95,3325.8
chi_meditation,C1,meditation,81,19222.07,72.437,1.207,0.0218,62.96,3325.8
chi_meditation,C1,meditation,101,19240.492,90.859,1.514,0.0273,64.52,3325.8
chi_meditation,C1,meditation,121,19259.062,109.429,1.824,0.0329,65.65,3325.8
chi_meditation,C1,meditation,141,19275.469,125.836,2.097,0.0378,62.96,3325.8
chi_meditation,C1,meditation,161,19293.125,143.492,2.392,0.0431,66.82,3325.8
chi_meditation,C1,meditation,181,19310.484,160.851,2.681,0.0484,63.49,3325.8
chi_meditation,C1,meditation,201,19326.805,177.172,2.953,0.0533,62.44,3325.8
chi_meditation,C1,meditation,221,19345.133,195.5,3.258,0.0588,62.96,3325.8
chi_meditation,C1,meditation,241,19362.18,212.547,3.542,0.0639,70.42,3325.8
chi_meditation,C1,meditation,261,19379.859,230.226,3.837,0.0692,77.62,3325.8
chi_meditation,C1,meditation,281,19397.594,247.961,4.133,0.0746,80.0,3325.8
chi_meditation,C1,meditation,301,19415.102,265.469,4.424,0.0798,66.23,3325.8
chi_meditation,C1,meditation,321,19432.758,283.125,4.719,0.0851,69.85,3325.8
chi_meditation,C1,meditation,341,19448.844,299.211,4.987,0.09,60.98,3325.8
chi_meditation,C1,meditation,361,19467.867,318.234,5.304,0.0957,77.62,3325.8
chi_meditation,C1,meditation,381,19485.789,336.156,5.603,0.1011,62.96,3325.8
chi_meditation,C1,meditation,401,19501.805,352.172,5.87,0.1059,66.23,3325.8
chi_meditation,C1,meditation,421,19518.094,368.461,6.141,0.1108,69.2,3325.8
chi_meditation,C1,meditation,441,19535.695,386.062,6.434,0.1161,77.62,3325.8
chi_meditation,C1,meditation,461,19553.023,403.39,6.723,0.1213,78.33,3325.8
chi_meditation,C1,meditation,481,19569.453,419.82,6.997,0.1262,70.42,3325.8
chi_meditation,C1,meditation,501,19587.203,437.57,7.293,0.1316,67.95,3325.8
chi_meditation,C1,meditation,521,19605.547,455.914,7.599,0.1371,64.52,3325.8
chi_meditation,C1,meditation,541,19621.312,471.679,7.861,0.1418,65.65,3325.8
chi_meditation,C1,meditation,561,19638.5,488.867,8.148,0.147,66.82,3325.8
chi_meditation,C1,meditation,581,19655.547,505.914,8.432,0.1521,87.21,3325.8
chi_meditation,C1,meditation,601,19673.055,523.422,8.724,0.1574,76.82,3325.8
chi_meditation,C1,meditation,621,19690.5,540.867,9.014,0.1626,88.24,3325.8
chi_meditation,C1,meditation,641,19708.188,558.555,9.309,0.1679,73.17,3325.8
chi_meditation,C1,meditation,661,19725.031,575.398,9.59,0.173,75.28,3325.8
chi_meditation,C1,meditation,681,19741.43,591.797,9.863,0.1779,73.17,3325.8
chi_meditation,C1,meditation,701,19757.789,608.156,10.136,0.1829,63.49,3325.8
chi_meditation,C1,meditation,721,19775.711,626.078,10.435,0.1883,62.96,3325.8
chi_meditation,C1,meditation,741,19792.773,643.14,10.719,0.1934,62.44,3325.8
chi_meditation,C1,meditation,761,19808.812,659.179,10.986,0.1982,62.44,3325.8
chi_meditation,C1,meditation,781,19825.68,676.047,11.267,0.2033,82.53,3325.8
chi_meditation,C1,meditation,801,19841.812,692.179,11.536,0.2081,92.59,3325.8
chi_meditation,C1,meditation,821,19858.633,709.0,11.817,0.2132,85.35,3325.8
chi_meditation,C1,meditation,841,19874.742,725.109,12.085,0.218,84.39,3325.8
chi_meditation,C1,meditation,861,19891.594,741.961,12.366,0.2231,71.09,3325.8
chi_meditation,C1,meditation,881,19907.359,757.726,12.629,0.2278,63.49,3325.8
chi_meditation,C1,meditation,901,19923.648,774.015,12.9,0.2327,60.98,3325.8
chi_meditation,C1,meditation,921,19940.812,791.179,13.186,0.2379,61.92,3325.8
chi_meditation,C1,meditation,941,19956.938,807.305,13.455,0.2427,60.0,3325.8
chi_meditation,C1,meditation,961,19973.164,823.531,13.726,0.2476,63.49,3325.8
chi_meditation,C1,meditation,981,19990.18,840.547,14.009,0.2527,76.05,3325.8
chi_meditation,C1,meditation,1001,20007.945,858.312,14.305,0.2581,82.53,3325.8
chi_meditation,C1,meditation,1021,20024.312,874.679,14.578,0.263,89.29,3325.8
chi_meditation,C1,meditation,1041,20041.883,892.25,14.871,0.2683,69.2,3325.8
chi_meditation,C1,meditation,1061,20057.578,907.945,15.132,0.273,64.52,3325.8
chi_meditation,C1,meditation,1081,20073.961,924.328,15.405,0.2779,84.39,3325.8
chi_meditation,C1,meditation,1101,20091.359,941.726,15.695,0.2832,78.33,3325.8
chi_meditation,C1,meditation,1121,20107.859,958.226,15.97,0.2881,62.96,3325.8
chi_meditation,C1,meditation,1141,20124.531,974.898,16.248,0.2931,61.92,3325.8
chi_meditation,C1,meditation,1161,20141.312,991.679,16.528,0.2982,60.48,3325.8
chi_meditation,C1,meditation,1181,20157.508,1007.875,16.798,0.3031,66.82,3325.8
chi_meditation,C1,meditation,1201,20173.75,1024.117,17.069,0.3079,60.98,3325.8
chi_meditation,C1,meditation,1221,20191.383,1041.75,17.363,0.3132,63.97,3325.8
chi_meditation,C1,meditation,1241,20207.477,1057.844,17.631,0.3181,67.95,3325.8
chi_meditation,C1,meditation,1261,20224.047,1074.414,17.907,0.3231,76.05,3325.8
chi_meditation,C1,meditation,1281,20241.539,1091.906,18.198,0.3283,64.52,3325.8
chi_meditation,C1,meditation,1301,20258.82,1109.187,18.486,0.3335,66.82,3325.8
chi_meditation,C1,meditation,1321,20274.617,1124.984,18.75,0.3383,66.23,3325.8
chi_meditation,C1,meditation,1341,20292.43,1142.797,19.047,0.3436,65.08,3325.8
chi_meditation,C1,meditation,1361,20308.445,1158.812,19.314,0.3484,67.34,3325.8
chi_meditation,C1,meditation,1381,20325.125,1175.492,19.592,0.3535,64.52,3325.8
chi_meditation,C1,meditation,1401,20340.922,1191.289,19.855,0.3582,69.85,3325.8
chi_meditation,C1,meditation,1421,20357.859,1208.226,20.137,0.3633,88.24,3325.8
chi_meditation,C1,meditation,1441,20374.344,1224.711,20.412,0.3683,76.82,3325.8
chi_meditation,C1,meditation,1461,20391.555,1241.922,20.699,0.3734,74.53,3325.8
chi_meditation,C1,meditation,1481,20407.773,1258.14,20.969,0.3783,69.85,3325.8
chi_meditation,C1,meditation,1501,20423.578,1273.945,21.232,0.3831,67.95,3325.8
chi_meditation,C1,meditation,1521,20439.562,1289.929,21.499,0.3879,66.23,3325.8
chi_meditation,C1,meditation,1541,20456.688,1307.055,21.784,0.393,65.08,3325.8
chi_meditation,C1,meditation,1561,20472.133,1322.5,22.042,0.3977,67.95,3325.8
chi_meditation,C1,meditation,1581,20488.984,1339.351,22.323,0.4027,65.08,3325.8
chi_meditation,C1,meditation,1601,20504.516,1354.883,22.581,0.4074,87.21,3325.8
chi_meditation,C1,meditation,1621,20521.047,1371.414,22.857,0.4124,75.28,3325.8
chi_meditation,C1,meditation,1641,20538.32,1388.687,23.145,0.4176,86.33,3325.8
chi_meditation,C1,meditation,1661,20555.336,1405.703,23.428,0.4227,64.52,3325.8
chi_meditation,C1,meditation,1681,20571.648,1422.015,23.7,0.4276,79.16,3325.8
chi_meditation,C1,meditation,1701,20587.891,1438.258,23.971,0.4325,89.29,3325.8
chi_meditation,C1,meditation,1721,20604.82,1455.187,24.253,0.4376,70.42,3325.8
chi_meditation,C1,meditation,1741,20620.719,1471.086,24.518,0.4423,64.52,3325.8
chi_meditation,C1,meditation,1761,20637.266,1487.633,24.794,0.4473,66.82,3325.8
chi_meditation,C1,meditation,1781,20652.977,1503.344,25.056,0.452,84.39,3325.8
chi_meditation,C1,meditation,1801,20669.375,1519.742,25.329,0.457,72.46,3325.8
chi_meditation,C1,meditation,1821,20686.156,1536.523,25.609,0.462,81.74,3325.8
chi_meditation,C1,meditation,1841,20703.805,1554.172,25.903,0.4673,75.28,3325.8
chi_meditation,C1,meditation,1861,20720.805,1571.172,26.186,0.4724,73.89,3325.8
chi_meditation,C1,meditation,1881,20737.281,1587.648,26.461,0.4774,65.65,3325.8
chi_meditation,C1,meditation,1901,20752.75,1603.117,26.719,0.482,65.08,3325.8
chi_meditation,C1,meditation,1921,20769.633,1620.0,27.0,0.4871,73.17,3325.8
chi_meditation,C1,meditation,1941,20785.898,1636.265,27.271,0.492,93.6,3325.8
chi_meditation,C1,meditation,1961,20802.523,1652.89,27.548,0.497,65.08,3325.8
chi_meditation,C1,meditation,1981,20819.055,1669.422,27.824,0.502,65.65,3325.8
chi_meditation,C1,meditation,2001,20834.266,1684.633,28.077,0.5065,65.08,3325.8
chi_meditation,C1,meditation,2021,20851.781,1702.148,28.369,0.5118,73.89,3325.8
chi_meditation,C1,meditation,2041,20867.273,1717.64,28.627,0.5165,80.0,3325.8
chi_meditation,C1,meditation,2061,20882.25,1732.617,28.877,0.521,87.21,3325.8
chi_meditation,C1,meditation,2081,20898.641,1749.008,29.15,0.5259,84.39,3325.8
chi_meditation,C1,meditation,2101,20914.953,1765.32,29.422,0.5308,88.24,3325.8
chi_meditation,C1,meditation,2121,20932.219,1782.586,29.71,0.536,61.92,3325.8
chi_meditation,C1,meditation,2141,20947.688,1798.055,29.968,0.5406,69.2,3325.8
chi_meditation,C1,meditation,2161,20964.68,1815.047,30.251,0.5458,71.77,3325.8
chi_meditation,C1,meditation,2181,20980.484,1830.851,30.514,0.5505,82.53,3325.8
chi_meditation,C1,meditation,2201,20997.234,1847.601,30.793,0.5555,77.62,3325.8
chi_meditation,C1,meditation,2221,21013.945,1864.312,31.072,0.5606,71.77,3325.8
chi_meditation,C1,meditation,2241,21030.703,1881.07,31.351,0.5656,62.96,3325.8
chi_meditation,C1,meditation,2261,21045.68,1896.047,31.601,0.5701,76.82,3325.8
chi_meditation,C1,meditation,2281,21061.938,1912.305,31.872,0.575,61.41,3325.8
chi_meditation,C1,meditation,2301,21077.672,1928.039,32.134,0.5797,73.17,3325.8
chi_meditation,C1,meditation,2321,21093.914,1944.281,32.405,0.5846,81.74,3325.8
chi_meditation,C1,meditation,2341,21109.844,1960.211,32.67,0.5894,75.28,3325.8
chi_meditation,C1,meditation,2361,21127.117,1977.484,32.958,0.5946,70.42,3325.8
chi_meditation,C1,meditation,2381,21143.164,1993.531,33.226,0.5994,81.74,3325.8
chi_meditation,C1,meditation,2401,21159.867,2010.234,33.504,0.6044,86.33,3325.8
chi_meditation,C1,meditation,2421,21176.18,2026.547,33.776,0.6093,69.85,3325.8
chi_meditation,C1,meditation,2441,21192.797,2043.164,34.053,0.6143,88.24,3325.8
chi_meditation,C1,meditation,2461,21208.914,2059.281,34.321,0.6192,73.17,3325.8
chi_meditation,C1,meditation,2481,21226.023,2076.39,34.606,0.6243,82.53,3325.8
chi_meditation,C1,meditation,2501,21241.711,2092.078,34.868,0.6291,64.52,3325.8
chi_meditation,C1,meditation,2521,21258.094,2108.461,35.141,0.634,66.82,3325.8
chi_meditation,C1,meditation,2541,21273.859,2124.226,35.404,0.6387,69.85,3325.8
chi_meditation,C1,meditation,2561,21290.023,2140.39,35.673,0.6436,69.85,3325.8
chi_meditation,C1,meditation,2581,21305.156,2155.523,35.925,0.6481,73.17,3325.8
chi_meditation,C1,meditation,2601,21321.438,2171.805,36.197,0.653,84.39,3325.8
chi_meditation,C1,meditation,2621,21338.664,2189.031,36.484,0.6582,83.45,3325.8
chi_meditation,C1,meditation,2641,21355.312,2205.679,36.761,0.6632,81.74,3325.8
chi_meditation,C1,meditation,2661,21372.172,2222.539,37.042,0.6683,69.85,3325.8
chi_meditation,C1,meditation,2681,21389.258,2239.625,37.327,0.6734,69.2,3325.8
chi_meditation,C1,meditation,2701,21404.508,2254.875,37.581,0.678,68.57,3325.8
chi_meditation,C1,meditation,2721,21420.484,2270.851,37.848,0.6828,80.0,3325.8
chi_meditation,C1,meditation,2741,21437.195,2287.562,38.126,0.6878,67.95,3325.8
chi_meditation,C1,meditation,2761,21454.055,2304.422,38.407,0.6929,70.42,3325.8
chi_meditation,C1,meditation,2781,21470.109,2320.476,38.675,0.6977,85.35,3325.8
chi_meditation,C1,meditation,2801,21487.5,2337.867,38.964,0.703,72.46,3325.8
chi_meditation,C1,meditation,2821,21503.734,2354.101,39.235,0.7078,77.62,3325.8
chi_meditation,C1,meditation,2841,21519.406,2369.773,39.496,0.7126,69.2,3325.8
chi_meditation,C1,meditation,2861,21534.453,2384.82,39.747,0.7171,69.2,3325.8
chi_meditation,C1,meditation,2881,21551.164,2401.531,40.026,0.7221,88.24,3325.8
chi_meditation,C1,meditation,2901,21567.57,2417.937,40.299,0.727,82.53,3325.8
chi_meditation,C1,meditation,2921,21584.18,2434.547,40.576,0.732,90.36,3325.8
chi_meditation,C1,meditation,2941,21600.398,2450.765,40.846,0.7369,80.86,3325.8
chi_meditation,C1,meditation,2961,21617.023,2467.39,41.123,0.7419,87.21,3325.8
chi_meditation,C1,meditation,2981,21633.344,2483.711,41.395,0.7468,69.2,3325.8
chi_meditation,C1,meditation,3001,21650.016,2500.383,41.673,0.7518,69.85,3325.8
chi_meditation,C1,meditation,3021,21665.617,2515.984,41.933,0.7565,66.23,3325.8
chi_meditation,C1,meditation,3041,21681.688,2532.055,42.201,0.7613,72.46,3325.8
chi_meditation,C1,meditation,3061,21697.102,2547.469,42.458,0.766,79.16,3325.8
chi_meditation,C1,meditation,3081,21713.93,2564.297,42.738,0.771,92.59,3325.8
chi_meditation,C1,meditation,3101,21729.664,2580.031,43.001,0.7758,71.77,3325.8
chi_meditation,C1,meditation,3121,21745.195,2595.562,43.259,0.7804,62.96,3325.8
chi_meditation,C1,meditation,3141,21761.359,2611.726,43.529,0.7853,70.42,3325.8
chi_meditation,C1,meditation,3161,21778.242,2628.609,43.81,0.7904,67.95,3325.8
chi_meditation,C1,meditation,3181,21794.922,2645.289,44.088,0.7954,73.17,3325.8
chi_meditation,C1,meditation,3201,21811.844,2662.211,44.37,0.8005,67.95,3325.8
chi_meditation,C1,meditation,3221,21829.344,2679.711,44.662,0.8057,64.52,3325.8
chi_meditation,C1,meditation,3241,21846.914,2697.281,44.955,0.811,67.95,3325.8
chi_meditation,C1,meditation,3261,21862.945,2713.312,45.222,0.8158,76.05,3325.8
chi_meditation,C1,meditation,3281,21880.234,2730.601,45.51,0.821,64.52,3325.8
chi_meditation,C1,meditation,3301,21896.453,2746.82,45.78,0.8259,67.95,3325.8
chi_meditation,C1,meditation,3321,21913.125,2763.492,46.058,0.8309,72.46,3325.8
chi_meditation,C1,meditation,3341,21929.953,2780.32,46.339,0.836,82.53,3325.8
chi_meditation,C1,meditation,3361,21945.969,2796.336,46.606,0.8408,73.89,3325.8
chi_meditation,C1,meditation,3381,21962.523,2812.89,46.881,0.8458,81.74,3325.8
chi_meditation,C1,meditation,3401,21979.297,2829.664,47.161,0.8508,80.86,3325.8
chi_meditation,C1,meditation,3421,21995.414,2845.781,47.43,0.8557,69.85,3325.8
chi_meditation,C1,meditation,3441,22010.188,2860.555,47.676,0.8601,75.28,3325.8
chi_meditation,C1,meditation,3461,22025.57,2875.937,47.932,0.8647,74.53,3325.8
chi_meditation,C1,meditation,3481,22042.594,2892.961,48.216,0.8699,64.52,3325.8
chi_meditation,C1,meditation,3501,22060.18,2910.547,48.509,0.8752,75.28,3325.8
chi_meditation,C1,meditation,3521,22077.531,2927.898,48.798,0.8804,73.89,3325.8
chi_meditation,C1,meditation,3541,22092.531,2942.898,49.048,0.8849,71.77,3325.8
chi_meditation,C1,meditation,3561,22108.414,2958.781,49.313,0.8897,73.89,3325.8
chi_meditation,C1,meditation,3581,22124.57,2974.937,49.582,0.8945,68.57,3325.8
chi_meditation,C1,meditation,3601,22141.938,2992.305,49.872,0.8997,63.97,3325.8
chi_meditation,C1,meditation,3621,22159.172,3009.539,50.159,0.9049,73.17,3325.8
chi_meditation,C1,meditation,3641,22174.102,3024.469,50.408,0.9094,74.53,3325.8
chi_meditation,C1,meditation,3661,22190.734,3041.101,50.685,0.9144,67.34,3325.8
chi_meditation,C1,meditation,3681,22206.906,3057.273,50.955,0.9193,88.24,3325.8
chi_meditation,C1,meditation,3701,22222.469,3072.836,51.214,0.924,71.77,3325.8
chi_meditation,C1,meditation,3721,22236.875,3087.242,51.454,0.9283,83.45,3325.8
chi_meditation,C1,meditation,3741,22251.781,3102.148,51.702,0.9328,80.86,3325.8
chi_meditation,C1,meditation,3761,22266.688,3117.055,51.951,0.9372,78.33,3325.8
chi_meditation,C1,meditation,3781,22282.703,3133.07,52.218,0.9421,74.53,3325.8
chi_meditation,C1,meditation,3801,22297.07,3147.437,52.457,0.9464,77.62,3325.8
chi_meditation,C1,meditation,3821,22313.008,3163.375,52.723,0.9512,75.28,3325.8
chi_meditation,C1,meditation,3841,22327.055,3177.422,52.957,0.9554,98.52,3325.8
chi_meditation,C1,meditation,3861,22343.164,3193.531,53.226,0.9602,69.2,3325.8
chi_meditation,C1,meditation,3881,22358.68,3209.047,53.484,0.9649,70.42,3325.8
chi_meditation,C1,meditation,3901,22377.219,3227.586,53.793,0.9705,76.82,3325.8
chi_meditation,C1,meditation,3921,22390.008,3240.375,54.006,0.9743,94.79,3325.8
chi_meditation,C1,meditation,3941,22404.547,3254.914,54.249,0.9787,90.36,3325.8
chi_meditation,C1,meditation,3961,22419.188,3269.555,54.493,0.9831,74.53,3325.8
chi_meditation,C1,meditation,3981,22434.281,3284.648,54.744,0.9876,84.39,3325.8
chi_meditation,C1,meditation,4001,22449.703,3300.07,55.001,0.9923,73.17,3325.8
chi_meditation,C1,meditation,4021,22465.664,3316.031,55.267,0.9971,76.82,3325.8
chi_meditation,C1,pre_meditation,1,15552.672,0.0,0.0,0.0,61.41,3490.4
chi_meditation,C1,pre_meditation,21,15571.156,18.484,0.308,0.0053,68.57,3490.4
chi_meditation,C1,pre_meditation,41,15589.609,36.937,0.616,0.0106,67.34,3490.4
chi_meditation,C1,pre_meditation,61,15608.945,56.273,0.938,0.0161,64.52,3490.4
chi_meditation,C1,pre_meditation,81,15628.266,75.594,1.26,0.0217,64.52,3490.4
chi_meditation,C1,pre_meditation,101,15646.43,93.758,1.563,0.0269,62.44,3490.4
chi_meditation,C1,pre_meditation,121,15665.117,112.445,1.874,0.0322,66.23,3490.4
chi_meditation,C1,pre_meditation,141,15683.781,131.109,2.185,0.0376,68.57,3490.4
chi_meditation,C1,pre_meditation,161,15702.797,150.125,2.502,0.043,61.92,3490.4
chi_meditation,C1,pre_meditation,181,15720.305,167.633,2.794,0.048,67.95,3490.4
chi_meditation,C1,pre_meditation,201,15738.875,186.203,3.103,0.0533,66.23,3490.4
chi_meditation,C1,pre_meditation,221,15757.781,205.109,3.418,0.0588,60.0,3490.4
chi_meditation,C1,pre_meditation,241,15776.758,224.086,3.735,0.0642,62.96,3490.4
chi_meditation,C1,pre_meditation,261,15795.75,243.078,4.051,0.0696,57.75,3490.4
chi_meditation,C1,pre_meditation,281,15814.758,262.086,4.368,0.0751,65.65,3490.4
chi_meditation,C1,pre_meditation,301,15833.969,281.297,4.688,0.0806,61.92,3490.4
chi_meditation,C1,pre_meditation,321,15852.281,299.609,4.993,0.0858,69.2,3490.4
chi_meditation,C1,pre_meditation,341,15868.898,316.226,5.27,0.0906,67.34,3490.4
chi_meditation,C1,pre_meditation,361,15886.891,334.219,5.57,0.0958,63.97,3490.4
chi_meditation,C1,pre_meditation,381,15904.969,352.297,5.872,0.1009,66.23,3490.4
chi_meditation,C1,pre_meditation,401,15922.719,370.047,6.167,0.106,65.65,3490.4
chi_meditation,C1,pre_meditation,421,15940.562,387.89,6.465,0.1111,66.23,3490.4
chi_meditation,C1,pre_meditation,441,15958.438,405.766,6.763,0.1163,67.95,3490.4
chi_meditation,C1,pre_meditation,461,15976.305,423.633,7.061,0.1214,71.09,3490.4
chi_meditation,C1,pre_meditation,481,15993.984,441.312,7.355,0.1264,72.46,3490.4
chi_meditation,C1,pre_meditation,501,16011.68,459.008,7.65,0.1315,72.46,3490.4
chi_meditation,C1,pre_meditation,521,16029.039,476.367,7.939,0.1365,74.53,3490.4
chi_meditation,C1,pre_meditation,541,16046.031,493.359,8.223,0.1413,71.77,3490.4
chi_meditation,C1,pre_meditation,561,16060.023,507.351,8.456,0.1454,93.6,3490.4
chi_meditation,C1,pre_meditation,581,16072.148,519.476,8.658,0.1488,98.52,3490.4
chi_meditation,C1,pre_meditation,601,16085.016,532.344,8.872,0.1525,101.01,3490.4
chi_meditation,C1,pre_meditation,621,16098.078,545.406,9.09,0.1563,90.36,3490.4
chi_meditation,C1,pre_meditation,641,16111.445,558.773,9.313,0.1601,96.0,3490.4
chi_meditation,C1,pre_meditation,661,16124.906,572.234,9.537,0.1639,82.53,3490.4
chi_meditation,C1,pre_meditation,681,16137.297,584.625,9.744,0.1675,102.39,3490.4
chi_meditation,C1,pre_meditation,701,16148.242,595.57,9.926,0.1706,112.99,3490.4
chi_meditation,C1,pre_meditation,721,16158.859,606.187,10.103,0.1737,109.69,3490.4
chi_meditation,C1,pre_meditation,741,16169.812,617.14,10.286,0.1768,105.26,3490.4
chi_meditation,C1,pre_meditation,761,16181.359,628.687,10.478,0.1801,99.67,3490.4
chi_meditation,C1,pre_meditation,781,16193.492,640.82,10.68,0.1836,98.52,3490.4
chi_meditation,C1,pre_meditation,801,16208.141,655.469,10.924,0.1878,68.57,3490.4
chi_meditation,C1,pre_meditation,821,16225.758,673.086,11.218,0.1928,69.2,3490.4
chi_meditation,C1,pre_meditation,841,16243.719,691.047,11.517,0.198,62.96,3490.4
chi_meditation,C1,pre_meditation,861,16262.758,710.086,11.835,0.2034,67.34,3490.4
chi_meditation,C1,pre_meditation,881,16281.156,728.484,12.141,0.2087,65.08,3490.4
chi_meditation,C1,pre_meditation,901,16300.391,747.719,12.462,0.2142,65.65,3490.4
chi_meditation,C1,pre_meditation,921,16317.891,765.219,12.754,0.2192,66.82,3490.4
chi_meditation,C1,pre_meditation,941,16336.664,783.992,13.067,0.2246,63.49,3490.4
chi_meditation,C1,pre_meditation,961,16354.453,801.781,13.363,0.2297,71.77,3490.4
chi_meditation,C1,pre_meditation,981,16370.164,817.492,13.625,0.2342,71.09,3490.4
chi_meditation,C1,pre_meditation,1001,16386.648,833.976,13.9,0.2389,83.45,3490.4
chi_meditation,C1,pre_meditation,1021,16403.195,850.523,14.175,0.2437,66.82,3490.4
chi_meditation,C1,pre_meditation,1041,16420.586,867.914,14.465,0.2487,63.97,3490.4
chi_meditation,C1,pre_meditation,1061,16438.961,886.289,14.771,0.2539,69.2,3490.4
chi_meditation,C1,pre_meditation,1081,16456.531,903.859,15.064,0.259,64.52,3490.4
chi_meditation,C1,pre_meditation,1101,16474.633,921.961,15.366,0.2641,73.17,3490.4
chi_meditation,C1,pre_meditation,1121,16491.906,939.234,15.654,0.2691,68.57,3490.4
chi_meditation,C1,pre_meditation,1141,16508.312,955.64,15.927,0.2738,73.89,3490.4
chi_meditation,C1,pre_meditation,1161,16524.469,971.797,16.197,0.2784,65.65,3490.4
chi_meditation,C1,pre_meditation,1181,16542.891,990.219,16.504,0.2837,62.96,3490.4
chi_meditation,C1,pre_meditation,1201,16560.898,1008.226,16.804,0.2889,65.08,3490.4
chi_meditation,C1,pre_meditation,1221,16579.078,1026.406,17.107,0.2941,71.09,3490.4
chi_meditation,C1,pre_meditation,1241,16597.047,1044.375,17.406,0.2992,63.49,3490.4
chi_meditation,C1,pre_meditation,1261,16614.797,1062.125,17.702,0.3043,71.77,3490.4
chi_meditation,C1,pre_meditation,1281,16632.648,1079.976,18.0,0.3094,69.2,3490.4
chi_meditation,C1,pre_meditation,1301,16648.172,1095.5,18.258,0.3139,81.74,3490.4
chi_meditation,C1,pre_meditation,1321,16664.109,1111.437,18.524,0.3184,80.86,3490.4
chi_meditation,C1,pre_meditation,1341,16679.688,1127.016,18.784,0.3229,67.34,3490.4
chi_meditation,C1,pre_meditation,1361,16696.391,1143.719,19.062,0.3277,67.95,3490.4
chi_meditation,C1,pre_meditation,1381,16714.383,1161.711,19.362,0.3328,71.77,3490.4
chi_meditation,C1,pre_meditation,1401,16730.914,1178.242,19.637,0.3376,76.82,3490.4
chi_meditation,C1,pre_meditation,1421,16746.18,1193.508,19.892,0.3419,80.0,3490.4
chi_meditation,C1,pre_meditation,1441,16763.273,1210.601,20.177,0.3468,65.65,3490.4
chi_meditation,C1,pre_meditation,1461,16780.914,1228.242,20.471,0.3519,62.96,3490.4
chi_meditation,C1,pre_meditation,1481,16797.633,1244.961,20.749,0.3567,74.53,3490.4
chi_meditation,C1,pre_meditation,1501,16815.031,1262.359,21.039,0.3617,78.33,3490.4
chi_meditation,C1,pre_meditation,1521,16832.414,1279.742,21.329,0.3666,71.77,3490.4
chi_meditation,C1,pre_meditation,1541,16848.148,1295.476,21.591,0.3711,71.77,3490.4
chi_meditation,C1,pre_meditation,1561,16865.883,1313.211,21.887,0.3762,63.49,3490.4
chi_meditation,C1,pre_meditation,1581,16883.68,1331.008,22.183,0.3813,69.85,3490.4
chi_meditation,C1,pre_meditation,1601,16901.289,1348.617,22.477,0.3864,77.62,3490.4
chi_meditation,C1,pre_meditation,1621,16916.93,1364.258,22.738,0.3909,78.33,3490.4
chi_meditation,C1,pre_meditation,1641,16933.445,1380.773,23.013,0.3956,71.77,3490.4
chi_meditation,C1,pre_meditation,1661,16950.68,1398.008,23.3,0.4005,65.08,3490.4
chi_meditation,C1,pre_meditation,1681,16968.258,1415.586,23.593,0.4056,62.44,3490.4
chi_meditation,C1,pre_meditation,1701,16986.227,1433.555,23.893,0.4107,63.49,3490.4
chi_meditation,C1,pre_meditation,1721,17003.992,1451.32,24.189,0.4158,65.65,3490.4
chi_meditation,C1,pre_meditation,1741,17021.641,1468.969,24.483,0.4209,63.49,3490.4
chi_meditation,C1,pre_meditation,1761,17039.422,1486.75,24.779,0.4259,79.16,3490.4
chi_meditation,C1,pre_meditation,1781,17056.516,1503.844,25.064,0.4308,73.17,3490.4
chi_meditation,C1,pre_meditation,1801,17072.727,1520.055,25.334,0.4355,73.89,3490.4
chi_meditation,C1,pre_meditation,1821,17089.734,1537.062,25.618,0.4404,79.16,3490.4
chi_meditation,C1,pre_meditation,1841,17107.047,1554.375,25.906,0.4453,70.42,3490.4
chi_meditation,C1,pre_meditation,1861,17124.656,1571.984,26.2,0.4504,71.09,3490.4
chi_meditation,C1,pre_meditation,1881,17142.328,1589.656,26.494,0.4554,65.65,3490.4
chi_meditation,C1,pre_meditation,1901,17159.375,1606.703,26.778,0.4603,79.16,3490.4
chi_meditation,C1,pre_meditation,1921,17175.281,1622.609,27.043,0.4649,73.89,3490.4
chi_meditation,C1,pre_meditation,1941,17192.766,1640.094,27.335,0.4699,66.82,3490.4
chi_meditation,C1,pre_meditation,1961,17209.891,1657.219,27.62,0.4748,76.05,3490.4
chi_meditation,C1,pre_meditation,1981,17226.508,1673.836,27.897,0.4795,71.77,3490.4
chi_meditation,C1,pre_meditation,2001,17242.711,1690.039,28.167,0.4842,64.52,3490.4
chi_meditation,C1,pre_meditation,2021,17259.938,1707.266,28.454,0.4891,68.57,3490.4
chi_meditation,C1,pre_meditation,2041,17277.555,1724.883,28.748,0.4942,69.2,3490.4
chi_meditation,C1,pre_meditation,2061,17295.734,1743.062,29.051,0.4994,67.95,3490.4
chi_meditation,C1,pre_meditation,2081,17313.969,1761.297,29.355,0.5046,67.34,3490.4
chi_meditation,C1,pre_meditation,2101,17330.57,1777.898,29.632,0.5094,83.45,3490.4
chi_meditation,C1,pre_meditation,2121,17345.211,1792.539,29.876,0.5136,91.46,3490.4
chi_meditation,C1,pre_meditation,2141,17361.875,1809.203,30.153,0.5183,65.65,3490.4
chi_meditation,C1,pre_meditation,2161,17379.211,1826.539,30.442,0.5233,70.42,3490.4
chi_meditation,C1,pre_meditation,2181,17397.07,1844.398,30.74,0.5284,63.49,3490.4
chi_meditation,C1,pre_meditation,2201,17414.266,1861.594,31.027,0.5333,74.53,3490.4
chi_meditation,C1,pre_meditation,2221,17433.156,1880.484,31.341,0.5388,62.96,3490.4
chi_meditation,C1,pre_meditation,2241,17451.852,1899.18,31.653,0.5441,74.53,3490.4
chi_meditation,C1,pre_meditation,2261,17469.773,1917.101,31.952,0.5492,59.52,3490.4
chi_meditation,C1,pre_meditation,2281,17488.305,1935.633,32.261,0.5546,65.08,3490.4
chi_meditation,C1,pre_meditation,2301,17505.273,1952.601,32.543,0.5594,66.82,3490.4
chi_meditation,C1,pre_meditation,2321,17523.828,1971.156,32.853,0.5647,73.89,3490.4
chi_meditation,C1,pre_meditation,2341,17541.57,1988.898,33.148,0.5698,67.34,3490.4
chi_meditation,C1,pre_meditation,2361,17558.695,2006.023,33.434,0.5747,61.41,3490.4
chi_meditation,C1,pre_meditation,2381,17577.031,2024.359,33.739,0.58,61.41,3490.4
chi_meditation,C1,pre_meditation,2401,17595.031,2042.359,34.039,0.5851,78.33,3490.4
chi_meditation,C1,pre_meditation,2421,17612.414,2059.742,34.329,0.5901,64.52,3490.4
chi_meditation,C1,pre_meditation,2441,17629.492,2076.82,34.614,0.595,65.08,3490.4
chi_meditation,C1,pre_meditation,2461,17646.68,2094.008,34.9,0.5999,67.95,3490.4
chi_meditation,C1,pre_meditation,2481,17664.492,2111.82,35.197,0.605,77.62,3490.4
chi_meditation,C1,pre_meditation,2501,17681.75,2129.078,35.485,0.61,69.2,3490.4
chi_meditation,C1,pre_meditation,2521,17698.508,2145.836,35.764,0.6148,86.33,3490.4
chi_meditation,C1,pre_meditation,2541,17716.0,2163.328,36.055,0.6198,63.97,3490.4
chi_meditation,C1,pre_meditation,2561,17733.766,2181.094,36.352,0.6249,61.41,3490.4
chi_meditation,C1,pre_meditation,2581,17752.805,2200.133,36.669,0.6303,59.52,3490.4
chi_meditation,C1,pre_meditation,2601,17768.555,2215.883,36.931,0.6348,72.46,3490.4
chi_meditation,C1,pre_meditation,2621,17787.008,2234.336,37.239,0.6401,68.57,3490.4
chi_meditation,C1,pre_meditation,2641,17804.258,2251.586,37.526,0.6451,69.2,3490.4
chi_meditation,C1,pre_meditation,2661,17821.672,2269.0,37.817,0.6501,76.82,3490.4
chi_meditation,C1,pre_meditation,2681,17839.195,2286.523,38.109,0.6551,62.44,3490.4
chi_meditation,C1,pre_meditation,2701,17857.281,2304.609,38.41,0.6603,67.95,3490.4
chi_meditation,C1,pre_meditation,2721,17875.406,2322.734,38.712,0.6655,60.98,3490.4
chi_meditation,C1,pre_meditation,2741,17893.469,2340.797,39.013,0.6706,70.42,3490.4
chi_meditation,C1,pre_meditation,2761,17911.953,2359.281,39.321,0.6759,61.92,3490.4
chi_meditation,C1,pre_meditation,2781,17929.82,2377.148,39.619,0.681,69.2,3490.4
chi_meditation,C1,pre_meditation,2801,17946.648,2393.976,39.9,0.6859,66.23,3490.4
chi_meditation,C1,pre_meditation,2821,17963.867,2411.195,40.187,0.6908,69.85,3490.4
chi_meditation,C1,pre_meditation,2841,17979.438,2426.766,40.446,0.6953,81.74,3490.4
chi_meditation,C1,pre_meditation,2861,17995.07,2442.398,40.707,0.6997,75.28,3490.4
chi_meditation,C1,pre_meditation,2881,18011.664,2458.992,40.983,0.7045,66.23,3490.4
chi_meditation,C1,pre_meditation,2901,18028.93,2476.258,41.271,0.7094,66.23,3490.4
chi_meditation,C1,pre_meditation,2921,18047.438,2494.766,41.579,0.7147,63.97,3490.4
chi_meditation,C1,pre_meditation,2941,18065.57,2512.898,41.882,0.7199,64.52,3490.4
chi_meditation,C1,pre_meditation,2961,18083.516,2530.844,42.181,0.7251,60.0,3490.4
chi_meditation,C1,pre_meditation,2981,18102.055,2549.383,42.49,0.7304,63.49,3490.4
chi_meditation,C1,pre_meditation,3001,18119.57,2566.898,42.782,0.7354,67.34,3490.4
chi_meditation,C1,pre_meditation,3021,18136.82,2584.148,43.069,0.7403,62.96,3490.4
chi_meditation,C1,pre_meditation,3041,18155.039,2602.367,43.373,0.7456,61.92,3490.4
chi_meditation,C1,pre_meditation,3061,18173.547,2620.875,43.681,0.7509,64.52,3490.4
chi_meditation,C1,pre_meditation,3081,18192.062,2639.39,43.99,0.7562,66.82,3490.4
chi_meditation,C1,pre_meditation,3101,18210.125,2657.453,44.291,0.7614,64.52,3490.4
chi_meditation,C1,pre_meditation,3121,18227.93,2675.258,44.588,0.7665,72.46,3490.4
chi_meditation,C1,pre_meditation,3141,18245.539,2692.867,44.881,0.7715,62.44,3490.4
chi_meditation,C1,pre_meditation,3161,18264.32,2711.648,45.194,0.7769,71.77,3490.4
chi_meditation,C1,pre_meditation,3181,18281.367,2728.695,45.478,0.7818,64.52,3490.4
chi_meditation,C1,pre_meditation,3201,18299.156,2746.484,45.775,0.7869,68.57,3490.4
chi_meditation,C1,pre_meditation,3221,18317.57,2764.898,46.082,0.7921,62.96,3490.4
chi_meditation,C1,pre_meditation,3241,18335.828,2783.156,46.386,0.7974,71.09,3490.4
chi_meditation,C1,pre_meditation,3261,18352.32,2799.648,46.661,0.8021,62.44,3490.4
chi_meditation,C1,pre_meditation,3281,18371.016,2818.344,46.972,0.8074,67.95,3490.4
chi_meditation,C1,pre_meditation,3301,18385.617,2832.945,47.216,0.8116,92.59,3490.4
chi_meditation,C1,pre_meditation,3321,18399.422,2846.75,47.446,0.8156,90.36,3490.4
chi_meditation,C1,pre_meditation,3341,18413.477,2860.805,47.68,0.8196,76.05,3490.4
chi_meditation,C1,pre_meditation,3361,18428.711,2876.039,47.934,0.824,90.36,3490.4
chi_meditation,C1,pre_meditation,3381,18442.016,2889.344,48.156,0.8278,85.35,3490.4
chi_meditation,C1,pre_meditation,3401,18456.578,2903.906,48.398,0.832,75.28,3490.4
chi_meditation,C1,pre_meditation,3421,18470.852,2918.18,48.636,0.836,84.39,3490.4
chi_meditation,C1,pre_meditation,3441,18488.148,2935.476,48.925,0.841,67.95,3490.4
chi_meditation,C1,pre_meditation,3461,18506.062,2953.39,49.223,0.8461,61.41,3490.4
chi_meditation,C1,pre_meditation,3481,18525.078,2972.406,49.54,0.8516,62.96,3490.4
chi_meditation,C1,pre_meditation,3501,18543.266,2990.594,49.843,0.8568,60.0,3490.4
chi_meditation,C1,pre_meditation,3521,18561.047,3008.375,50.14,0.8619,71.77,3490.4
chi_meditation,C1,pre_meditation,3541,18580.188,3027.516,50.459,0.8674,58.2,3490.4
chi_meditation,C1,pre_meditation,3561,18600.203,3047.531,50.792,0.8731,56.87,3490.4
chi_meditation,C1,pre_meditation,3581,18619.727,3067.055,51.118,0.8787,63.97,3490.4
chi_meditation,C1,pre_meditation,3601,18637.359,3084.687,51.411,0.8838,65.08,3490.4
chi_meditation,C1,pre_meditation,3621,18655.719,3103.047,51.717,0.889,64.52,3490.4
chi_meditation,C1,pre_meditation,3641,18672.062,3119.39,51.99,0.8937,80.86,3490.4
chi_meditation,C1,pre_meditation,3661,18701.062,3148.39,52.473,0.902,73.89,3490.4
chi_meditation,C1,pre_meditation,3681,18715.352,3162.68,52.711,0.9061,89.29,3490.4
chi_meditation,C1,pre_meditation,3701,18730.953,3178.281,52.971,0.9106,63.49,3490.4
chi_meditation,C1,pre_meditation,3721,18749.062,3196.39,53.273,0.9158,67.95,3490.4
chi_meditation,C1,pre_meditation,3741,18766.422,3213.75,53.562,0.9207,71.77,3490.4
chi_meditation,C1,pre_meditation,3761,18785.445,3232.773,53.88,0.9262,59.52,3490.4
chi_meditation,C1,pre_meditation,3781,18804.18,3251.508,54.192,0.9315,64.52,3490.4
chi_meditation,C1,pre_meditation,3801,18822.977,3270.305,54.505,0.9369,61.41,3490.4
chi_meditation,C1,pre_meditation,3821,18840.5,3287.828,54.797,0.942,68.57,3490.4
chi_meditation,C1,pre_meditation,3841,18858.781,3306.109,55.102,0.9472,66.23,3490.4
chi_meditation,C1,pre_meditation,3861,18877.125,3324.453,55.408,0.9524,69.2,3490.4
chi_meditation,C1,pre_meditation,3881,18893.422,3340.75,55.679,0.9571,80.0,3490.4
chi_meditation,C1,pre_meditation,3901,18911.508,3358.836,55.981,0.9623,64.52,3490.4
chi_meditation,C1,pre_meditation,3921,18930.133,3377.461,56.291,0.9676,64.52,3490.4
chi_meditation,C1,pre_meditation,3941,18948.484,3395.812,56.597,0.9729,62.44,3490.4
chi_meditation,C1,pre_meditation,3961,18965.219,3412.547,56.876,0.9777,78.33,3490.4
chi_meditation,C1,pre_meditation,3981,18982.438,3429.766,57.163,0.9826,69.2,3490.4
chi_meditation,C1,pre_meditation,4001,19000.945,3448.273,57.471,0.9879,63.97,3490.4
chi_meditation,C1,pre_meditation,4021,19018.609,3465.937,57.766,0.993,67.95,3490.4
chi_meditation,C1,pre_meditation,4041,19036.055,3483.383,58.056,0.998,68.57,3490.4
chi_meditation,C2,meditation,1,19877.016,0.0,0.0,0.0,85.35,3177.1
chi_meditation,C2,meditation,22,19892.695,15.679,0.261,0.0049,75.28,3177.1
chi_meditation,C2,meditation,43,19908.586,31.57,0.526,0.0099,80.0,3177.1
chi_meditation,C2,meditation,64,19925.883,48.867,0.814,0.0154,67.34,3177.1
chi_meditation,C2,meditation,85,19943.43,66.414,1.107,0.0209,73.89,3177.1
chi_meditation,C2,meditation,106,19959.945,82.929,1.382,0.0261,80.0,3177.1
chi_meditation,C2,meditation,127,19976.477,99.461,1.658,0.0313,75.28,3177.1
chi_meditation,C2,meditation,148,19993.508,116.492,1.942,0.0367,72.46,3177.1
chi_meditation,C2,meditation,169,20010.406,133.39,2.223,0.042,79.16,3177.1
chi_meditation,C2,meditation,190,20026.438,149.422,2.49,0.047,79.16,3177.1
chi_meditation,C2,meditation,211,20041.953,164.937,2.749,0.0519,80.0,3177.1
chi_meditation,C2,meditation,232,20057.078,180.062,3.001,0.0567,83.45,3177.1
chi_meditation,C2,meditation,253,20072.672,195.656,3.261,0.0616,84.39,3177.1
chi_meditation,C2,meditation,274,20087.375,210.359,3.506,0.0662,93.6,3177.1
chi_meditation,C2,meditation,295,20102.234,225.218,3.754,0.0709,89.29,3177.1
chi_meditation,C2,meditation,316,20117.93,240.914,4.015,0.0758,80.86,3177.1
chi_meditation,C2,meditation,337,20132.938,255.922,4.265,0.0806,90.36,3177.1
chi_meditation,C2,meditation,358,20148.703,271.687,4.528,0.0855,79.16,3177.1
chi_meditation,C2,meditation,379,20163.719,286.703,4.778,0.0902,94.79,3177.1
chi_meditation,C2,meditation,400,20178.289,301.273,5.021,0.0948,82.53,3177.1
chi_meditation,C2,meditation,421,20193.367,316.351,5.273,0.0996,80.86,3177.1
chi_meditation,C2,meditation,442,20208.344,331.328,5.522,0.1043,91.46,3177.1
chi_meditation,C2,meditation,463,20222.5,345.484,5.758,0.1087,96.0,3177.1
chi_meditation,C2,meditation,484,20237.109,360.093,6.002,0.1133,89.29,3177.1
chi_meditation,C2,meditation,505,20252.094,375.078,6.251,0.1181,83.45,3177.1
chi_meditation,C2,meditation,526,20266.906,389.89,6.498,0.1227,79.16,3177.1
chi_meditation,C2,meditation,547,20282.75,405.734,6.762,0.1277,79.16,3177.1
chi_meditation,C2,meditation,568,20298.219,421.203,7.02,0.1326,87.21,3177.1
chi_meditation,C2,meditation,589,20313.234,436.218,7.27,0.1373,81.74,3177.1
chi_meditation,C2,meditation,610,20328.5,451.484,7.525,0.1421,86.33,3177.1
chi_meditation,C2,meditation,631,20343.195,466.179,7.77,0.1467,89.29,3177.1
chi_meditation,C2,meditation,652,20358.508,481.492,8.025,0.1515,77.62,3177.1
chi_meditation,C2,meditation,673,20373.797,496.781,8.28,0.1564,79.16,3177.1
chi_meditation,C2,meditation,694,20388.336,511.32,8.522,0.1609,92.59,3177.1
chi_meditation,C2,meditation,715,20402.297,525.281,8.755,0.1653,98.52,3177.1
chi_meditation,C2,meditation,736,20416.195,539.179,8.986,0.1697,89.29,3177.1
chi_meditation,C2,meditation,757,20431.312,554.296,9.238,0.1745,81.74,3177.1
chi_meditation,C2,meditation,778,20446.789,569.773,9.496,0.1793,88.24,3177.1
chi_meditation,C2,meditation,799,20461.359,584.343,9.739,0.1839,92.59,3177.1
chi_meditation,C2,meditation,820,20476.633,599.617,9.994,0.1887,84.39,3177.1
chi_meditation,C2,meditation,841,20492.758,615.742,10.262,0.1938,86.33,3177.1
chi_meditation,C2,meditation,862,20508.133,631.117,10.519,0.1986,82.53,3177.1
chi_meditation,C2,meditation,883,20523.961,646.945,10.782,0.2036,74.53,3177.1
chi_meditation,C2,meditation,904,20539.438,662.422,11.04,0.2085,77.62,3177.1
chi_meditation,C2,meditation,925,20554.578,677.562,11.293,0.2133,81.74,3177.1
chi_meditation,C2,meditation,946,20569.617,692.601,11.543,0.218,82.53,3177.1
chi_meditation,C2,meditation,967,20585.484,708.468,11.808,0.223,88.24,3177.1
chi_meditation,C2,meditation,988,20601.141,724.125,12.069,0.2279,86.33,3177.1
chi_meditation,C2,meditation,1009,20616.844,739.828,12.33,0.2329,88.24,3177.1
chi_meditation,C2,meditation,1030,20632.406,755.39,12.59,0.2378,90.36,3177.1
chi_meditation,C2,meditation,1051,20648.367,771.351,12.856,0.2428,81.74,3177.1
chi_meditation,C2,meditation,1072,20664.516,787.5,13.125,0.2479,88.24,3177.1
chi_meditation,C2,meditation,1093,20679.672,802.656,13.378,0.2526,88.24,3177.1
chi_meditation,C2,meditation,1114,20695.461,818.445,13.641,0.2576,82.53,3177.1
chi_meditation,C2,meditation,1135,20710.68,833.664,13.894,0.2624,84.39,3177.1
chi_meditation,C2,meditation,1156,20727.039,850.023,14.167,0.2675,76.82,3177.1
chi_meditation,C2,meditation,1177,20744.719,867.703,14.462,0.2731,71.77,3177.1
chi_meditation,C2,meditation,1198,20762.047,885.031,14.751,0.2786,72.46,3177.1
chi_meditation,C2,meditation,1219,20778.312,901.296,15.022,0.2837,76.05,3177.1
chi_meditation,C2,meditation,1240,20794.156,917.14,15.286,0.2887,73.89,3177.1
chi_meditation,C2,meditation,1261,20810.617,933.601,15.56,0.2938,73.17,3177.1
chi_meditation,C2,meditation,1282,20826.805,949.789,15.83,0.2989,74.53,3177.1
chi_meditation,C2,meditation,1303,20843.969,966.953,16.116,0.3043,66.23,3177.1
chi_meditation,C2,meditation,1324,20860.008,982.992,16.383,0.3094,76.05,3177.1
chi_meditation,C2,meditation,1345,20876.062,999.046,16.651,0.3144,71.77,3177.1
chi_meditation,C2,meditation,1366,20891.703,1014.687,16.911,0.3194,76.05,3177.1
chi_meditation,C2,meditation,1387,20907.727,1030.711,17.179,0.3244,74.53,3177.1
chi_meditation,C2,meditation,1408,20923.508,1046.492,17.442,0.3294,80.86,3177.1
chi_meditation,C2,meditation,1429,20939.508,1062.492,17.708,0.3344,84.39,3177.1
chi_meditation,C2,meditation,1450,20955.258,1078.242,17.971,0.3394,80.0,3177.1
chi_meditation,C2,meditation,1471,20971.039,1094.023,18.234,0.3443,69.2,3177.1
chi_meditation,C2,meditation,1492,20987.656,1110.64,18.511,0.3496,71.77,3177.1
chi_meditation,C2,meditation,1513,21003.859,1126.843,18.781,0.3547,75.28,3177.1
chi_meditation,C2,meditation,1534,21019.633,1142.617,19.044,0.3596,76.82,3177.1
chi_meditation,C2,meditation,1555,21035.328,1158.312,19.305,0.3646,92.59,3177.1
chi_meditation,C2,meditation,1576,21050.875,1173.859,19.564,0.3695,83.45,3177.1
chi_meditation,C2,meditation,1597,21066.992,1189.976,19.833,0.3745,77.62,3177.1
chi_meditation,C2,meditation,1618,21082.531,1205.515,20.092,0.3794,76.82,3177.1
chi_meditation,C2,meditation,1639,21097.562,1220.546,20.342,0.3842,77.62,3177.1
chi_meditation,C2,meditation,1660,21112.922,1235.906,20.598,0.389,77.62,3177.1
chi_meditation,C2,meditation,1681,21128.727,1251.711,20.862,0.394,77.62,3177.1
chi_meditation,C2,meditation,1702,21144.281,1267.265,21.121,0.3989,80.86,3177.1
chi_meditation,C2,meditation,1723,21160.047,1283.031,21.384,0.4038,75.28,3177.1
chi_meditation,C2,meditation,1744,21175.625,1298.609,21.643,0.4087,75.28,3177.1
chi_meditation,C2,meditation,1765,21192.078,1315.062,21.918,0.4139,71.77,3177.1
chi_meditation,C2,meditation,1786,21208.266,1331.25,22.188,0.419,80.86,3177.1
chi_meditation,C2,meditation,1807,21224.188,1347.172,22.453,0.424,84.39,3177.1
chi_meditation,C2,meditation,1828,21239.562,1362.546,22.709,0.4289,91.46,3177.1
chi_meditation,C2,meditation,1849,21255.055,1378.039,22.967,0.4337,76.05,3177.1
chi_meditation,C2,meditation,1870,21270.5,1393.484,23.225,0.4386,79.16,3177.1
chi_meditation,C2,meditation,1891,21286.453,1409.437,23.491,0.4436,86.33,3177.1
chi_meditation,C2,meditation,1912,21302.555,1425.539,23.759,0.4487,80.86,3177.1
chi_meditation,C2,meditation,1933,21318.07,1441.054,24.018,0.4536,76.05,3177.1
chi_meditation,C2,meditation,1954,21333.531,1456.515,24.275,0.4584,78.33,3177.1
chi_meditation,C2,meditation,1975,21349.547,1472.531,24.542,0.4635,81.74,3177.1
chi_meditation,C2,meditation,1996,21365.0,1487.984,24.8,0.4683,75.28,3177.1
chi_meditation,C2,meditation,2017,21381.195,1504.179,25.07,0.4734,78.33,3177.1
chi_meditation,C2,meditation,2038,21396.352,1519.336,25.322,0.4782,90.36,3177.1
chi_meditation,C2,meditation,2059,21411.664,1534.648,25.577,0.483,90.36,3177.1
chi_meditation,C2,meditation,2080,21427.016,1550.0,25.833,0.4879,88.24,3177.1
chi_meditation,C2,meditation,2101,21442.625,1565.609,26.093,0.4928,86.33,3177.1
chi_meditation,C2,meditation,2122,21458.859,1581.843,26.364,0.4979,80.86,3177.1
chi_meditation,C2,meditation,2143,21475.312,1598.296,26.638,0.5031,73.17,3177.1
chi_meditation,C2,meditation,2164,21491.641,1614.625,26.91,0.5082,87.21,3177.1
chi_meditation,C2,meditation,2185,21507.242,1630.226,27.17,0.5131,80.86,3177.1
chi_meditation,C2,meditation,2206,21523.375,1646.359,27.439,0.5182,76.82,3177.1
chi_meditation,C2,meditation,2227,21539.789,1662.773,27.713,0.5234,80.0,3177.1
chi_meditation,C2,meditation,2248,21555.547,1678.531,27.976,0.5283,84.39,3177.1
chi_meditation,C2,meditation,2269,21571.805,1694.789,28.246,0.5334,76.82,3177.1
chi_meditation,C2,meditation,2290,21588.305,1711.289,28.521,0.5386,73.89,3177.1
chi_meditation,C2,meditation,2311,21603.891,1726.875,28.781,0.5435,88.24,3177.1
chi_meditation,C2,meditation,2332,21619.0,1741.984,29.033,0.5483,86.33,3177.1
chi_meditation,C2,meditation,2353,21635.109,1758.093,29.302,0.5534,88.24,3177.1
chi_meditation,C2,meditation,2374,21651.633,1774.617,29.577,0.5586,78.33,3177.1
chi_meditation,C2,meditation,2395,21667.508,1790.492,29.842,0.5636,77.62,3177.1
chi_meditation,C2,meditation,2416,21682.594,1805.578,30.093,0.5683,78.33,3177.1
chi_meditation,C2,meditation,2437,21697.617,1820.601,30.343,0.573,77.62,3177.1
chi_meditation,C2,meditation,2458,21712.938,1835.922,30.599,0.5779,73.17,3177.1
chi_meditation,C2,meditation,2479,21728.445,1851.429,30.857,0.5827,78.33,3177.1
chi_meditation,C2,meditation,2500,21743.477,1866.461,31.108,0.5875,82.53,3177.1
chi_meditation,C2,meditation,2521,21758.914,1881.898,31.365,0.5923,87.21,3177.1
chi_meditation,C2,meditation,2542,21774.438,1897.422,31.624,0.5972,85.35,3177.1
chi_meditation,C2,meditation,2563,21789.562,1912.546,31.876,0.602,86.33,3177.1
chi_meditation,C2,meditation,2584,21804.531,1927.515,32.125,0.6067,82.53,3177.1
chi_meditation,C2,meditation,2605,21819.516,1942.5,32.375,0.6114,77.62,3177.1
chi_meditation,C2,meditation,2626,21834.477,1957.461,32.624,0.6161,82.53,3177.1
chi_meditation,C2,meditation,2647,21849.297,1972.281,32.871,0.6208,87.21,3177.1
chi_meditation,C2,meditation,2668,21864.367,1987.351,33.123,0.6255,93.6,3177.1
chi_meditation,C2,meditation,2689,21879.328,2002.312,33.372,0.6302,86.33,3177.1
chi_meditation,C2,meditation,2710,21893.93,2016.914,33.615,0.6348,87.21,3177.1
chi_meditation,C2,meditation,2731,21908.945,2031.929,33.865,0.6395,94.79,3177.1
chi_meditation,C2,meditation,2752,21923.906,2046.89,34.115,0.6443,93.6,3177.1
chi_meditation,C2,meditation,2773,21938.945,2061.929,34.365,0.649,79.16,3177.1
chi_meditation,C2,meditation,2794,21954.617,2077.601,34.627,0.6539,75.28,3177.1
chi_meditation,C2,meditation,2815,21969.914,2092.898,34.882,0.6587,78.33,3177.1
chi_meditation,C2,meditation,2836,21985.406,2108.39,35.14,0.6636,75.28,3177.1
chi_meditation,C2,meditation,2857,22000.789,2123.773,35.396,0.6685,85.35,3177.1
chi_meditation,C2,meditation,2878,22015.766,2138.75,35.646,0.6732,87.21,3177.1
chi_meditation,C2,meditation,2899,22030.992,2153.976,35.9,0.678,85.35,3177.1
chi_meditation,C2,meditation,2920,22046.008,2168.992,36.15,0.6827,84.39,3177.1
chi_meditation,C2,meditation,2941,22060.977,2183.961,36.399,0.6874,85.35,3177.1
chi_meditation,C2,meditation,2962,22075.414,2198.398,36.64,0.6919,81.74,3177.1
chi_meditation,C2,meditation,2983,22090.0,2212.984,36.883,0.6965,80.0,3177.1
chi_meditation,C2,meditation,3004,22104.602,2227.586,37.126,0.7011,86.33,3177.1
chi_meditation,C2,meditation,3025,22119.016,2242.0,37.367,0.7057,85.35,3177.1
chi_meditation,C2,meditation,3046,22134.859,2257.843,37.631,0.7107,76.82,3177.1
chi_meditation,C2,meditation,3067,22150.281,2273.265,37.888,0.7155,76.05,3177.1
chi_meditation,C2,meditation,3088,22164.781,2287.765,38.129,0.7201,87.21,3177.1
chi_meditation,C2,meditation,3109,22179.219,2302.203,38.37,0.7246,91.46,3177.1
chi_meditation,C2,meditation,3130,22194.75,2317.734,38.629,0.7295,84.39,3177.1
chi_meditation,C2,meditation,3151,22210.047,2333.031,38.884,0.7343,81.74,3177.1
chi_meditation,C2,meditation,3172,22224.414,2347.398,39.123,0.7388,82.53,3177.1
chi_meditation,C2,meditation,3193,22239.156,2362.14,39.369,0.7435,86.33,3177.1
chi_meditation,C2,meditation,3214,22253.859,2376.843,39.614,0.7481,88.24,3177.1
chi_meditation,C2,meditation,3235,22269.422,2392.406,39.873,0.753,84.39,3177.1
chi_meditation,C2,meditation,3256,22284.477,2407.461,40.124,0.7577,82.53,3177.1
chi_meditation,C2,meditation,3277,22299.758,2422.742,40.379,0.7626,75.28,3177.1
chi_meditation,C2,meditation,3298,22314.875,2437.859,40.631,0.7673,87.21,3177.1
chi_meditation,C2,meditation,3319,22328.953,2451.937,40.866,0.7717,96.0,3177.1
chi_meditation,C2,meditation,3340,22343.672,2466.656,41.111,0.7764,82.53,3177.1
chi_meditation,C2,meditation,3361,22359.305,2482.289,41.371,0.7813,76.82,3177.1
chi_meditation,C2,meditation,3382,22375.586,2498.57,41.643,0.7864,81.74,3177.1
chi_meditation,C2,meditation,3403,22390.258,2513.242,41.887,0.791,80.86,3177.1
chi_meditation,C2,meditation,3424,22405.344,2528.328,42.139,0.7958,89.29,3177.1
chi_meditation,C2,meditation,3445,22420.742,2543.726,42.395,0.8006,88.24,3177.1
chi_meditation,C2,meditation,3466,22436.125,2559.109,42.652,0.8055,91.46,3177.1
chi_meditation,C2,meditation,3487,22451.609,2574.593,42.91,0.8103,79.16,3177.1
chi_meditation,C2,meditation,3508,22467.25,2590.234,43.171,0.8153,75.28,3177.1
chi_meditation,C2,meditation,3529,22482.844,2605.828,43.43,0.8202,76.82,3177.1
chi_meditation,C2,meditation,3550,22498.109,2621.093,43.685,0.825,77.62,3177.1
chi_meditation,C2,meditation,3571,22513.977,2636.961,43.949,0.83,73.17,3177.1
chi_meditation,C2,meditation,3592,22529.688,2652.672,44.211,0.8349,74.53,3177.1
chi_meditation,C2,meditation,3613,22545.75,2668.734,44.479,0.84,74.53,3177.1
chi_meditation,C2,meditation,3634,22561.445,2684.429,44.74,0.8449,76.05,3177.1
chi_meditation,C2,meditation,3655,22577.219,2700.203,45.003,0.8499,79.16,3177.1
chi_meditation,C2,meditation,3676,22592.68,2715.664,45.261,0.8548,80.86,3177.1
chi_meditation,C2,meditation,3697,22607.609,2730.593,45.51,0.8595,73.89,3177.1
chi_meditation,C2,meditation,3718,22624.359,2747.343,45.789,0.8647,73.89,3177.1
chi_meditation,C2,meditation,3739,22641.445,2764.429,46.074,0.8701,71.77,3177.1
chi_meditation,C2,meditation,3760,22657.852,2780.836,46.347,0.8753,80.86,3177.1
chi_meditation,C2,meditation,3781,22672.953,2795.937,46.599,0.88,86.33,3177.1
chi_meditation,C2,meditation,3802,22687.414,2810.398,46.84,0.8846,86.33,3177.1
chi_meditation,C2,meditation,3823,22702.328,2825.312,47.089,0.8893,85.35,3177.1
chi_meditation,C2,meditation,3844,22717.031,2840.015,47.334,0.8939,82.53,3177.1
chi_meditation,C2,meditation,3865,22732.062,2855.046,47.584,0.8986,84.39,3177.1
chi_meditation,C2,meditation,3886,22746.898,2869.882,47.831,0.9033,88.24,3177.1
chi_meditation,C2,meditation,3907,22761.828,2884.812,48.08,0.908,84.39,3177.1
chi_meditation,C2,meditation,3928,22776.352,2899.336,48.322,0.9126,85.35,3177.1
chi_meditation,C2,meditation,3949,22791.164,2914.148,48.569,0.9172,90.36,3177.1
chi_meditation,C2,meditation,3970,22805.039,2928.023,48.8,0.9216,89.29,3177.1
chi_meditation,C2,meditation,3991,22818.43,2941.414,49.024,0.9258,105.26,3177.1
chi_meditation,C2,meditation,4012,22835.242,2958.226,49.304,0.9311,97.24,3177.1
chi_meditation,C2,meditation,4033,22849.305,2972.289,49.538,0.9355,88.24,3177.1
chi_meditation,C2,meditation,4054,22863.094,2986.078,49.768,0.9399,91.46,3177.1
chi_meditation,C2,meditation,4075,22876.977,2999.961,49.999,0.9442,84.39,3177.1
chi_meditation,C2,meditation,4096,22891.219,3014.203,50.237,0.9487,88.24,3177.1
chi_meditation,C2,meditation,4117,22905.766,3028.75,50.479,0.9533,81.74,3177.1
chi_meditation,C2,meditation,4138,22920.234,3043.218,50.72,0.9578,88.24,3177.1
chi_meditation,C2,meditation,4159,22935.664,3058.648,50.977,0.9627,80.0,3177.1
chi_meditation,C2,meditation,4180,22950.602,3073.586,51.226,0.9674,85.35,3177.1
chi_meditation,C2,meditation,4201,22966.445,3089.429,51.49,0.9724,81.74,3177.1
chi_meditation,C2,meditation,4222,22981.703,3104.687,51.745,0.9772,88.24,3177.1
chi_meditation,C2,meditation,4243,22996.656,3119.64,51.994,0.9819,88.24,3177.1
chi_meditation,C2,meditation,4264,23010.555,3133.539,52.226,0.9863,88.24,3177.1
chi_meditation,C2,meditation,4285,23024.422,3147.406,52.457,0.9906,92.59,3177.1
chi_meditation,C2,meditation,4306,23037.484,3160.468,52.674,0.9948,97.24,3177.1
chi_meditation,C2,meditation,4327,23050.891,3173.875,52.898,0.999,90.36,3177.1
chi_meditation,C2,pre_meditation,1,16281.68,0.0,0.0,0.0,72.46,3498.4
chi_meditation,C2,pre_meditation,24,16308.484,26.804,0.447,0.0077,67.34,3498.4
chi_meditation,C2,pre_meditation,47,16328.398,46.718,0.779,0.0134,67.95,3498.4
chi_meditation,C2,pre_meditation,70,16347.805,66.125,1.102,0.0189,60.98,3498.4
chi_meditation,C2,pre_meditation,93,16369.812,88.132,1.469,0.0252,65.65,3498.4
chi_meditation,C2,pre_meditation,116,16390.531,108.851,1.814,0.0311,69.2,3498.4
chi_meditation,C2,pre_meditation,139,16412.969,131.289,2.188,0.0375,65.08,3498.4
chi_meditation,C2,pre_meditation,162,16434.82,153.14,2.552,0.0438,65.08,3498.4
chi_meditation,C2,pre_meditation,185,16456.977,175.297,2.922,0.0501,66.23,3498.4
chi_meditation,C2,pre_meditation,208,16477.594,195.914,3.265,0.056,79.16,3498.4
chi_meditation,C2,pre_meditation,231,16495.984,214.304,3.572,0.0613,77.62,3498.4
chi_meditation,C2,pre_meditation,254,16516.539,234.859,3.914,0.0671,62.96,3498.4
chi_meditation,C2,pre_meditation,277,16537.742,256.062,4.268,0.0732,69.2,3498.4
chi_meditation,C2,pre_meditation,300,16557.914,276.234,4.604,0.079,70.42,3498.4
chi_meditation,C2,pre_meditation,323,16578.078,296.398,4.94,0.0847,62.96,3498.4
chi_meditation,C2,pre_meditation,346,16599.195,317.515,5.292,0.0908,70.42,3498.4
chi_meditation,C2,pre_meditation,369,16618.773,337.093,5.618,0.0964,69.85,3498.4
chi_meditation,C2,pre_meditation,392,16638.219,356.539,5.942,0.1019,70.42,3498.4
chi_meditation,C2,pre_meditation,415,16658.516,376.836,6.281,0.1077,70.42,3498.4
chi_meditation,C2,pre_meditation,438,16678.914,397.234,6.621,0.1135,68.57,3498.4
chi_meditation,C2,pre_meditation,461,16699.164,417.484,6.958,0.1193,65.65,3498.4
chi_meditation,C2,pre_meditation,484,16719.438,437.758,7.296,0.1251,63.97,3498.4
chi_meditation,C2,pre_meditation,507,16740.875,459.195,7.653,0.1313,60.98,3498.4
chi_meditation,C2,pre_meditation,530,16762.789,481.109,8.018,0.1375,69.2,3498.4
chi_meditation,C2,pre_meditation,553,16783.156,501.476,8.358,0.1433,65.65,3498.4
chi_meditation,C2,pre_meditation,576,16803.141,521.461,8.691,0.1491,77.62,3498.4
chi_meditation,C2,pre_meditation,599,16818.469,536.789,8.946,0.1534,91.46,3498.4
chi_meditation,C2,pre_meditation,622,16833.742,552.062,9.201,0.1578,92.59,3498.4
chi_meditation,C2,pre_meditation,645,16850.188,568.508,9.475,0.1625,79.16,3498.4
chi_meditation,C2,pre_meditation,668,16867.016,585.336,9.756,0.1673,82.53,3498.4
chi_meditation,C2,pre_meditation,691,16883.875,602.195,10.037,0.1721,69.85,3498.4
chi_meditation,C2,pre_meditation,714,16903.031,621.351,10.356,0.1776,70.42,3498.4
chi_meditation,C2,pre_meditation,737,16921.555,639.875,10.665,0.1829,72.46,3498.4
chi_meditation,C2,pre_meditation,760,16940.523,658.843,10.981,0.1883,67.95,3498.4
chi_meditation,C2,pre_meditation,783,16959.992,678.312,11.305,0.1939,72.46,3498.4
chi_meditation,C2,pre_meditation,806,16979.383,697.703,11.628,0.1994,76.82,3498.4
chi_meditation,C2,pre_meditation,829,16998.062,716.382,11.94,0.2048,69.85,3498.4
chi_meditation,C2,pre_meditation,852,17015.891,734.211,12.237,0.2099,75.28,3498.4
chi_meditation,C2,pre_meditation,875,17034.906,753.226,12.554,0.2153,71.77,3498.4
chi_meditation,C2,pre_meditation,898,17052.516,770.836,12.847,0.2203,74.53,3498.4
chi_meditation,C2,pre_meditation,921,17071.906,790.226,13.17,0.2259,75.28,3498.4
chi_meditation,C2,pre_meditation,944,17090.086,808.406,13.473,0.2311,73.17,3498.4
chi_meditation,C2,pre_meditation,967,17108.805,827.125,13.785,0.2364,89.29,3498.4
chi_meditation,C2,pre_meditation,990,17125.273,843.593,14.06,0.2411,88.24,3498.4
chi_meditation,C2,pre_meditation,1013,17141.812,860.132,14.336,0.2459,82.53,3498.4
chi_meditation,C2,pre_meditation,1036,17157.297,875.617,14.594,0.2503,93.6,3498.4
chi_meditation,C2,pre_meditation,1059,17172.203,890.523,14.842,0.2546,99.67,3498.4
chi_meditation,C2,pre_meditation,1082,17186.766,905.086,15.085,0.2587,93.6,3498.4
chi_meditation,C2,pre_meditation,1105,17200.875,919.195,15.32,0.2627,99.67,3498.4
chi_meditation,C2,pre_meditation,1128,17216.883,935.203,15.587,0.2673,86.33,3498.4
chi_meditation,C2,pre_meditation,1151,17233.68,952.0,15.867,0.2721,80.86,3498.4
chi_meditation,C2,pre_meditation,1174,17250.594,968.914,16.149,0.277,85.35,3498.4
chi_meditation,C2,pre_meditation,1197,17267.438,985.758,16.429,0.2818,77.62,3498.4
chi_meditation,C2,pre_meditation,1220,17282.234,1000.554,16.676,0.286,106.76,3498.4
chi_meditation,C2,pre_meditation,1243,17296.18,1014.5,16.908,0.29,101.01,3498.4
chi_meditation,C2,pre_meditation,1266,17309.453,1027.773,17.13,0.2938,103.81,3498.4
chi_meditation,C2,pre_meditation,1289,17322.695,1041.015,17.35,0.2976,105.26,3498.4
chi_meditation,C2,pre_meditation,1312,17337.078,1055.398,17.59,0.3017,92.59,3498.4
chi_meditation,C2,pre_meditation,1335,17352.68,1071.0,17.85,0.3061,84.39,3498.4
chi_meditation,C2,pre_meditation,1358,17367.383,1085.703,18.095,0.3103,98.52,3498.4
chi_meditation,C2,pre_meditation,1381,17382.102,1100.422,18.34,0.3146,102.39,3498.4
chi_meditation,C2,pre_meditation,1404,17396.07,1114.39,18.573,0.3185,96.0,3498.4
chi_meditation,C2,pre_meditation,1427,17410.344,1128.664,18.811,0.3226,101.01,3498.4
chi_meditation,C2,pre_meditation,1450,17424.273,1142.593,19.043,0.3266,101.01,3498.4
chi_meditation,C2,pre_meditation,1473,17438.695,1157.015,19.284,0.3307,85.35,3498.4
chi_meditation,C2,pre_meditation,1496,17453.789,1172.109,19.535,0.335,89.29,3498.4
chi_meditation,C2,pre_meditation,1519,17469.969,1188.289,19.805,0.3397,85.35,3498.4
chi_meditation,C2,pre_meditation,1542,17484.531,1202.851,20.048,0.3438,99.67,3498.4
chi_meditation,C2,pre_meditation,1565,17498.336,1216.656,20.278,0.3478,103.81,3498.4
chi_meditation,C2,pre_meditation,1588,17511.898,1230.218,20.504,0.3517,102.39,3498.4
chi_meditation,C2,pre_meditation,1611,17526.477,1244.797,20.747,0.3558,98.52,3498.4
chi_meditation,C2,pre_meditation,1634,17542.062,1260.382,21.006,0.3603,96.0,3498.4
chi_meditation,C2,pre_meditation,1657,17560.93,1279.25,21.321,0.3657,62.96,3498.4
chi_meditation,C2,pre_meditation,1680,17582.398,1300.718,21.679,0.3718,67.34,3498.4
chi_meditation,C2,pre_meditation,1703,17602.492,1320.812,22.014,0.3776,75.28,3498.4
chi_meditation,C2,pre_meditation,1726,17622.328,1340.648,22.344,0.3832,69.85,3498.4
chi_meditation,C2,pre_meditation,1749,17641.828,1360.148,22.669,0.3888,74.53,3498.4
chi_meditation,C2,pre_meditation,1772,17660.68,1379.0,22.983,0.3942,66.82,3498.4
chi_meditation,C2,pre_meditation,1795,17680.391,1398.711,23.312,0.3998,71.09,3498.4
chi_meditation,C2,pre_meditation,1818,17700.008,1418.328,23.639,0.4054,71.09,3498.4
chi_meditation,C2,pre_meditation,1841,17719.398,1437.718,23.962,0.411,75.28,3498.4
chi_meditation,C2,pre_meditation,1864,17738.133,1456.453,24.274,0.4163,72.46,3498.4
chi_meditation,C2,pre_meditation,1887,17757.547,1475.867,24.598,0.4219,71.09,3498.4
chi_meditation,C2,pre_meditation,1910,17777.445,1495.765,24.929,0.4276,71.77,3498.4
chi_meditation,C2,pre_meditation,1933,17796.484,1514.804,25.247,0.433,71.77,3498.4
chi_meditation,C2,pre_meditation,1956,17815.828,1534.148,25.569,0.4385,71.09,3498.4
chi_meditation,C2,pre_meditation,1979,17834.344,1552.664,25.878,0.4438,80.0,3498.4
chi_meditation,C2,pre_meditation,2002,17852.742,1571.062,26.184,0.4491,80.86,3498.4
chi_meditation,C2,pre_meditation,2025,17870.914,1589.234,26.487,0.4543,71.77,3498.4
chi_meditation,C2,pre_meditation,2048,17890.281,1608.601,26.81,0.4598,80.0,3498.4
chi_meditation,C2,pre_meditation,2071,17909.688,1628.008,27.133,0.4654,71.09,3498.4
chi_meditation,C2,pre_meditation,2094,17929.148,1647.468,27.458,0.4709,69.85,3498.4
chi_meditation,C2,pre_meditation,2117,17948.125,1666.445,27.774,0.4763,74.53,3498.4
chi_meditation,C2,pre_meditation,2140,17967.625,1685.945,28.099,0.4819,70.42,3498.4
chi_meditation,C2,pre_meditation,2163,17985.742,1704.062,28.401,0.4871,80.86,3498.4
chi_meditation,C2,pre_meditation,2186,18003.219,1721.539,28.692,0.4921,79.16,3498.4
chi_meditation,C2,pre_meditation,2209,18021.531,1739.851,28.998,0.4973,75.28,3498.4
chi_meditation,C2,pre_meditation,2232,18039.289,1757.609,29.293,0.5024,70.42,3498.4
chi_meditation,C2,pre_meditation,2255,18058.719,1777.039,29.617,0.508,76.05,3498.4
chi_meditation,C2,pre_meditation,2278,18077.148,1795.468,29.924,0.5132,72.46,3498.4
chi_meditation,C2,pre_meditation,2301,18095.016,1813.336,30.222,0.5183,78.33,3498.4
chi_meditation,C2,pre_meditation,2324,18113.047,1831.367,30.523,0.5235,76.82,3498.4
chi_meditation,C2,pre_meditation,2347,18131.953,1850.273,30.838,0.5289,75.28,3498.4
chi_meditation,C2,pre_meditation,2370,18150.195,1868.515,31.142,0.5341,76.05,3498.4
chi_meditation,C2,pre_meditation,2393,18168.109,1886.429,31.44,0.5392,70.42,3498.4
chi_meditation,C2,pre_meditation,2416,18185.352,1903.672,31.728,0.5442,81.74,3498.4
chi_meditation,C2,pre_meditation,2439,18200.32,1918.64,31.977,0.5484,103.81,3498.4
chi_meditation,C2,pre_meditation,2462,18214.203,1932.523,32.209,0.5524,98.52,3498.4
chi_meditation,C2,pre_meditation,2485,18227.406,1945.726,32.429,0.5562,112.99,3498.4
chi_meditation,C2,pre_meditation,2508,18239.75,1958.07,32.634,0.5597,114.72,3498.4
chi_meditation,C2,pre_meditation,2531,18251.992,1970.312,32.839,0.5632,111.32,3498.4
chi_meditation,C2,pre_meditation,2554,18264.25,1982.57,33.043,0.5667,118.11,3498.4
chi_meditation,C2,pre_meditation,2577,18276.281,1994.601,33.243,0.5702,112.99,3498.4
chi_meditation,C2,pre_meditation,2600,18288.367,2006.687,33.445,0.5736,118.11,3498.4
chi_meditation,C2,pre_meditation,2623,18300.711,2019.031,33.651,0.5771,114.72,3498.4
chi_meditation,C2,pre_meditation,2646,18313.211,2031.531,33.859,0.5807,108.11,3498.4
chi_meditation,C2,pre_meditation,2669,18325.281,2043.601,34.06,0.5842,109.69,3498.4
chi_meditation,C2,pre_meditation,2692,18338.242,2056.562,34.276,0.5879,109.69,3498.4
chi_meditation,C2,pre_meditation,2715,18351.031,2069.351,34.489,0.5915,112.99,3498.4
chi_meditation,C2,pre_meditation,2738,18363.578,2081.898,34.698,0.5951,112.99,3498.4
chi_meditation,C2,pre_meditation,2761,18376.438,2094.758,34.913,0.5988,112.99,3498.4
chi_meditation,C2,pre_meditation,2784,18389.391,2107.711,35.129,0.6025,108.11,3498.4
chi_meditation,C2,pre_meditation,2807,18402.102,2120.422,35.34,0.6061,111.32,3498.4
chi_meditation,C2,pre_meditation,2830,18415.156,2133.476,35.558,0.6098,103.81,3498.4
chi_meditation,C2,pre_meditation,2853,18428.602,2146.922,35.782,0.6137,103.81,3498.4
chi_meditation,C2,pre_meditation,2876,18442.391,2160.711,36.012,0.6176,90.36,3498.4
chi_meditation,C2,pre_meditation,2899,18456.344,2174.664,36.244,0.6216,99.67,3498.4
chi_meditation,C2,pre_meditation,2922,18469.383,2187.703,36.462,0.6253,112.99,3498.4
chi_meditation,C2,pre_meditation,2945,18481.273,2199.593,36.66,0.6287,114.72,3498.4
chi_meditation,C2,pre_meditation,2968,18493.297,2211.617,36.86,0.6322,108.11,3498.4
chi_meditation,C2,pre_meditation,2991,18505.32,2223.64,37.061,0.6356,118.11,3498.4
chi_meditation,C2,pre_meditation,3014,18517.359,2235.679,37.261,0.6391,111.32,3498.4
chi_meditation,C2,pre_meditation,3037,18529.781,2248.101,37.468,0.6426,111.32,3498.4
chi_meditation,C2,pre_meditation,3060,18542.5,2260.82,37.68,0.6462,109.69,3498.4
chi_meditation,C2,pre_meditation,3083,18555.336,2273.656,37.894,0.6499,109.69,3498.4
chi_meditation,C2,pre_meditation,3106,18568.289,2286.609,38.11,0.6536,101.01,3498.4
chi_meditation,C2,pre_meditation,3129,18582.969,2301.289,38.355,0.6578,91.46,3498.4
chi_meditation,C2,pre_meditation,3152,18597.758,2316.078,38.601,0.662,89.29,3498.4
chi_meditation,C2,pre_meditation,3175,18614.148,2332.468,38.874,0.6667,80.86,3498.4
chi_meditation,C2,pre_meditation,3198,18631.047,2349.367,39.156,0.6716,89.29,3498.4
chi_meditation,C2,pre_meditation,3221,18645.898,2364.218,39.404,0.6758,89.29,3498.4
chi_meditation,C2,pre_meditation,3244,18661.664,2379.984,39.666,0.6803,88.24,3498.4
chi_meditation,C2,pre_meditation,3267,18678.188,2396.508,39.942,0.685,83.45,3498.4
chi_meditation,C2,pre_meditation,3290,18694.18,2412.5,40.208,0.6896,90.36,3498.4
chi_meditation,C2,pre_meditation,3313,18710.07,2428.39,40.473,0.6941,85.35,3498.4
chi_meditation,C2,pre_meditation,3336,18726.047,2444.367,40.739,0.6987,85.35,3498.4
chi_meditation,C2,pre_meditation,3359,18742.062,2460.382,41.006,0.7033,90.36,3498.4
chi_meditation,C2,pre_meditation,3382,18757.266,2475.586,41.26,0.7076,84.39,3498.4
chi_meditation,C2,pre_meditation,3405,18773.594,2491.914,41.532,0.7123,80.86,3498.4
chi_meditation,C2,pre_meditation,3428,18789.578,2507.898,41.798,0.7169,81.74,3498.4
chi_meditation,C2,pre_meditation,3451,18806.414,2524.734,42.079,0.7217,86.33,3498.4
chi_meditation,C2,pre_meditation,3474,18822.086,2540.406,42.34,0.7262,89.29,3498.4
chi_meditation,C2,pre_meditation,3497,18838.172,2556.492,42.608,0.7308,86.33,3498.4
chi_meditation,C2,pre_meditation,3520,18855.008,2573.328,42.889,0.7356,80.86,3498.4
chi_meditation,C2,pre_meditation,3543,18871.758,2590.078,43.168,0.7404,81.74,3498.4
chi_meditation,C2,pre_meditation,3566,18887.984,2606.304,43.438,0.745,84.39,3498.4
chi_meditation,C2,pre_meditation,3589,18904.602,2622.922,43.715,0.7498,84.39,3498.4
chi_meditation,C2,pre_meditation,3612,18921.508,2639.828,43.997,0.7546,83.45,3498.4
chi_meditation,C2,pre_meditation,3635,18937.195,2655.515,44.259,0.7591,94.79,3498.4
chi_meditation,C2,pre_meditation,3658,18953.781,2672.101,44.535,0.7638,84.39,3498.4
chi_meditation,C2,pre_meditation,3681,18970.859,2689.179,44.82,0.7687,79.16,3498.4
chi_meditation,C2,pre_meditation,3704,18988.234,2706.554,45.109,0.7737,76.05,3498.4
chi_meditation,C2,pre_meditation,3727,19005.273,2723.593,45.393,0.7785,88.24,3498.4
chi_meditation,C2,pre_meditation,3750,19022.93,2741.25,45.688,0.7836,77.62,3498.4
chi_meditation,C2,pre_meditation,3773,19040.766,2759.086,45.985,0.7887,73.17,3498.4
chi_meditation,C2,pre_meditation,3796,19058.648,2776.968,46.283,0.7938,78.33,3498.4
chi_meditation,C2,pre_meditation,3819,19075.406,2793.726,46.562,0.7986,85.35,3498.4
chi_meditation,C2,pre_meditation,3842,19091.758,2810.078,46.835,0.8033,76.82,3498.4
chi_meditation,C2,pre_meditation,3865,19109.695,2828.015,47.134,0.8084,77.62,3498.4
chi_meditation,C2,pre_meditation,3888,19127.828,2846.148,47.436,0.8136,77.62,3498.4
chi_meditation,C2,pre_meditation,3911,19145.281,2863.601,47.727,0.8186,76.82,3498.4
chi_meditation,C2,pre_meditation,3934,19163.203,2881.523,48.025,0.8237,75.28,3498.4
chi_meditation,C2,pre_meditation,3957,19181.094,2899.414,48.324,0.8288,80.0,3498.4
chi_meditation,C2,pre_meditation,3980,19199.828,2918.148,48.636,0.8341,72.46,3498.4
chi_meditation,C2,pre_meditation,4003,19217.258,2935.578,48.926,0.8391,83.45,3498.4
chi_meditation,C2,pre_meditation,4026,19233.0,2951.32,49.189,0.8436,84.39,3498.4
chi_meditation,C2,pre_meditation,4049,19249.367,2967.687,49.461,0.8483,86.33,3498.4
chi_meditation,C2,pre_meditation,4072,19265.172,2983.492,49.725,0.8528,81.74,3498.4
chi_meditation,C2,pre_meditation,4095,19281.211,2999.531,49.992,0.8574,89.29,3498.4
chi_meditation,C2,pre_meditation,4118,19297.5,3015.82,50.264,0.8621,82.53,3498.4
chi_meditation,C2,pre_meditation,4141,19314.227,3032.547,50.542,0.8668,83.45,3498.4
chi_meditation,C2,pre_meditation,4164,19329.398,3047.718,50.795,0.8712,88.24,3498.4
chi_meditation,C2,pre_meditation,4187,19345.914,3064.234,51.071,0.8759,80.0,3498.4
chi_meditation,C2,pre_meditation,4210,19362.312,3080.632,51.344,0.8806,87.21,3498.4
chi_meditation,C2,pre_meditation,4233,19378.836,3097.156,51.619,0.8853,83.45,3498.4
chi_meditation,C2,pre_meditation,4256,19395.812,3114.132,51.902,0.8902,81.74,3498.4
chi_meditation,C2,pre_meditation,4279,19412.992,3131.312,52.189,0.8951,80.86,3498.4
chi_meditation,C2,pre_meditation,4302,19430.57,3148.89,52.481,0.9001,82.53,3498.4
chi_meditation,C2,pre_meditation,4325,19447.867,3166.187,52.77,0.905,77.62,3498.4
chi_meditation,C2,pre_meditation,4348,19464.977,3183.297,53.055,0.9099,79.16,3498.4
chi_meditation,C2,pre_meditation,4371,19483.203,3201.523,53.359,0.9151,76.82,3498.4
chi_meditation,C2,pre_meditation,4394,19500.5,3218.82,53.647,0.9201,81.74,3498.4
chi_meditation,C2,pre_meditation,4417,19517.18,3235.5,53.925,0.9249,83.45,3498.4
chi_meditation,C2,pre_meditation,4440,19532.789,3251.109,54.185,0.9293,90.36,3498.4
chi_meditation,C2,pre_meditation,4463,19548.492,3266.812,54.447,0.9338,88.24,3498.4
chi_meditation,C2,pre_meditation,4486,19564.836,3283.156,54.719,0.9385,87.21,3498.4
chi_meditation,C2,pre_meditation,4509,19582.219,3300.539,55.009,0.9434,74.53,3498.4
chi_meditation,C2,pre_meditation,4532,19599.695,3318.015,55.3,0.9484,77.62,3498.4
chi_meditation,C2,pre_meditation,4555,19616.656,3334.976,55.583,0.9533,87.21,3498.4
chi_meditation,C2,pre_meditation,4578,19634.078,3352.398,55.873,0.9583,73.89,3498.4
chi_meditation,C2,pre_meditation,4601,19650.984,3369.304,56.155,0.9631,78.33,3498.4
chi_meditation,C2,pre_meditation,4624,19669.68,3388.0,56.467,0.9684,75.28,3498.4
chi_meditation,C2,pre_meditation,4647,19688.031,3406.351,56.773,0.9737,77.62,3498.4
chi_meditation,C2,pre_meditation,4670,19707.305,3425.625,57.094,0.9792,72.46,3498.4
chi_meditation,C2,pre_meditation,4693,19725.109,3443.429,57.39,0.9843,78.33,3498.4
chi_meditation,C2,pre_meditation,4716,19743.891,3462.211,57.704,0.9897,76.82,3498.4
chi_meditation,C2,pre_meditation,4739,19762.258,3480.578,58.01,0.9949,80.0,3498.4
chi_meditation,C2,pre_meditation,4762,19780.055,3498.375,58.306,1.0,77.62,3498.4
chi_meditation,C3,meditation,1,21975.953,0.0,0.0,0.0,79.16,3052.7
chi_meditation,C3,meditation,19,21990.766,14.813,0.247,0.0049,60.98,3052.7
chi_meditation,C3,meditation,37,22006.18,30.227,0.504,0.0099,85.35,3052.7
chi_meditation,C3,meditation,55,22022.133,46.18,0.77,0.0151,66.23,3052.7
chi_meditation,C3,meditation,73,22036.719,60.766,1.013,0.0199,75.28,3052.7
chi_meditation,C3,meditation,91,22053.406,77.453,1.291,0.0254,63.97,3052.7
chi_meditation,C3,meditation,109,22069.703,93.75,1.562,0.0307,65.65,3052.7
chi_meditation,C3,meditation,127,22085.852,109.899,1.832,0.036,64.52,3052.7
chi_meditation,C3,meditation,145,22102.109,126.156,2.103,0.0413,66.82,3052.7
chi_meditation,C3,meditation,163,22117.844,141.891,2.365,0.0465,71.09,3052.7
chi_meditation,C3,meditation,181,22133.531,157.578,2.626,0.0516,67.95,3052.7
chi_meditation,C3,meditation,199,22149.383,173.43,2.891,0.0568,65.65,3052.7
chi_meditation,C3,meditation,217,22164.609,188.656,3.144,0.0618,62.44,3052.7
chi_meditation,C3,meditation,235,22180.57,204.617,3.41,0.067,70.42,3052.7
chi_meditation,C3,meditation,253,22196.195,220.242,3.671,0.0721,69.85,3052.7
chi_meditation,C3,meditation,271,22211.758,235.805,3.93,0.0772,71.09,3052.7
chi_meditation,C3,meditation,289,22227.328,251.375,4.19,0.0823,66.82,3052.7
chi_meditation,C3,meditation,307,22242.562,266.609,4.443,0.0873,73.89,3052.7
chi_meditation,C3,meditation,325,22257.641,281.688,4.695,0.0923,71.77,3052.7
chi_meditation,C3,meditation,343,22272.867,296.914,4.949,0.0973,69.85,3052.7
chi_meditation,C3,meditation,361,22287.852,311.899,5.198,0.1022,73.17,3052.7
chi_meditation,C3,meditation,379,22303.422,327.469,5.458,0.1073,68.57,3052.7
chi_meditation,C3,meditation,397,22319.086,343.133,5.719,0.1124,68.57,3052.7
chi_meditation,C3,meditation,415,22333.867,357.914,5.965,0.1172,69.85,3052.7
chi_meditation,C3,meditation,433,22348.852,372.899,6.215,0.1222,68.57,3052.7
chi_meditation,C3,meditation,451,22363.734,387.781,6.463,0.127,67.95,3052.7
chi_meditation,C3,meditation,469,22378.781,402.828,6.714,0.132,73.17,3052.7
chi_meditation,C3,meditation,487,22393.586,417.633,6.961,0.1368,76.05,3052.7
chi_meditation,C3,meditation,505,22408.859,432.906,7.215,0.1418,70.42,3052.7
chi_meditation,C3,meditation,523,22423.75,447.797,7.463,0.1467,77.62,3052.7
chi_meditation,C3,meditation,541,22437.789,461.836,7.697,0.1513,73.17,3052.7
chi_meditation,C3,meditation,559,22452.742,476.789,7.946,0.1562,79.16,3052.7
chi_meditation,C3,meditation,577,22467.641,491.688,8.195,0.1611,67.34,3052.7
chi_meditation,C3,meditation,595,22483.25,507.297,8.455,0.1662,67.34,3052.7
chi_meditation,C3,meditation,613,22498.086,522.133,8.702,0.171,73.17,3052.7
chi_meditation,C3,meditation,631,22512.594,536.641,8.944,0.1758,76.05,3052.7
chi_meditation,C3,meditation,649,22527.375,551.422,9.19,0.1806,71.09,3052.7
chi_meditation,C3,meditation,667,22541.938,565.985,9.433,0.1854,76.05,3052.7
chi_meditation,C3,meditation,685,22556.164,580.211,9.67,0.1901,76.82,3052.7
chi_meditation,C3,meditation,703,22571.062,595.109,9.918,0.1949,74.53,3052.7
chi_meditation,C3,meditation,721,22585.805,609.852,10.164,0.1998,72.46,3052.7
chi_meditation,C3,meditation,739,22601.156,625.203,10.42,0.2048,71.77,3052.7
chi_meditation,C3,meditation,757,22615.578,639.625,10.66,0.2095,94.79,3052.7
chi_meditation,C3,meditation,775,22629.242,653.289,10.888,0.214,76.05,3052.7
chi_meditation,C3,meditation,793,22644.469,668.516,11.142,0.219,73.89,3052.7
chi_meditation,C3,meditation,811,22658.844,682.891,11.382,0.2237,84.39,3052.7
chi_meditation,C3,meditation,829,22672.0,696.047,11.601,0.228,71.77,3052.7
chi_meditation,C3,meditation,847,22686.648,710.695,11.845,0.2328,76.05,3052.7
chi_meditation,C3,meditation,865,22701.828,725.875,12.098,0.2378,85.35,3052.7
chi_meditation,C3,meditation,883,22717.695,741.742,12.362,0.243,70.42,3052.7
chi_meditation,C3,meditation,901,22733.266,757.313,12.622,0.2481,62.44,3052.7
chi_meditation,C3,meditation,919,22749.086,773.133,12.886,0.2533,69.85,3052.7
chi_meditation,C3,meditation,937,22764.672,788.719,13.145,0.2584,66.82,3052.7
chi_meditation,C3,meditation,955,22780.008,804.055,13.401,0.2634,84.39,3052.7
chi_meditation,C3,meditation,973,22794.961,819.008,13.65,0.2683,68.57,3052.7
chi_meditation,C3,meditation,991,22809.398,833.445,13.891,0.273,93.6,3052.7
chi_meditation,C3,meditation,1009,22824.773,848.82,14.147,0.2781,69.2,3052.7
chi_meditation,C3,meditation,1027,22839.141,863.188,14.386,0.2828,71.09,3052.7
chi_meditation,C3,meditation,1045,22854.461,878.508,14.642,0.2878,71.09,3052.7
chi_meditation,C3,meditation,1063,22869.664,893.711,14.895,0.2928,73.17,3052.7
chi_meditation,C3,meditation,1081,22884.695,908.742,15.146,0.2977,73.17,3052.7
chi_meditation,C3,meditation,1099,22899.273,923.32,15.389,0.3025,71.77,3052.7
chi_meditation,C3,meditation,1117,22914.188,938.235,15.637,0.3073,66.82,3052.7
chi_meditation,C3,meditation,1135,22929.359,953.406,15.89,0.3123,72.46,3052.7
chi_meditation,C3,meditation,1153,22943.742,967.789,16.13,0.317,78.33,3052.7
chi_meditation,C3,meditation,1171,22956.5,980.547,16.342,0.3212,80.0,3052.7
chi_meditation,C3,meditation,1189,22971.07,995.117,16.585,0.326,62.96,3052.7
chi_meditation,C3,meditation,1207,22985.305,1009.352,16.823,0.3306,74.53,3052.7
chi_meditation,C3,meditation,1225,23001.07,1025.117,17.085,0.3358,70.42,3052.7
chi_meditation,C3,meditation,1243,23016.82,1040.867,17.348,0.341,68.57,3052.7
chi_meditation,C3,meditation,1261,23032.453,1056.5,17.608,0.3461,72.46,3052.7
chi_meditation,C3,meditation,1279,23047.523,1071.57,17.86,0.351,71.09,3052.7
chi_meditation,C3,meditation,1297,23063.352,1087.399,18.123,0.3562,63.97,3052.7
chi_meditation,C3,meditation,1315,23079.156,1103.203,18.387,0.3614,72.46,3052.7
chi_meditation,C3,meditation,1333,23094.344,1118.391,18.64,0.3664,72.46,3052.7
chi_meditation,C3,meditation,1351,23109.023,1133.07,18.884,0.3712,71.09,3052.7
chi_meditation,C3,meditation,1369,23124.781,1148.828,19.147,0.3763,69.85,3052.7
chi_meditation,C3,meditation,1387,23139.688,1163.735,19.396,0.3812,88.24,3052.7
chi_meditation,C3,meditation,1405,23155.516,1179.563,19.659,0.3864,73.17,3052.7
chi_meditation,C3,meditation,1423,23170.5,1194.547,19.909,0.3913,69.85,3052.7
chi_meditation,C3,meditation,1441,23183.648,1207.695,20.128,0.3956,92.59,3052.7
chi_meditation,C3,meditation,1459,23197.844,1221.891,20.365,0.4003,76.05,3052.7
chi_meditation,C3,meditation,1477,23212.352,1236.399,20.607,0.405,88.24,3052.7
chi_meditation,C3,meditation,1495,23227.695,1251.742,20.862,0.41,67.34,3052.7
chi_meditation,C3,meditation,1513,23242.352,1266.399,21.107,0.4148,83.45,3052.7
chi_meditation,C3,meditation,1531,23257.031,1281.078,21.351,0.4197,76.05,3052.7
chi_meditation,C3,meditation,1549,23271.414,1295.461,21.591,0.4244,70.42,3052.7
chi_meditation,C3,meditation,1567,23285.555,1309.602,21.827,0.429,75.28,3052.7
chi_meditation,C3,meditation,1585,23299.617,1323.664,22.061,0.4336,72.46,3052.7
chi_meditation,C3,meditation,1603,23314.289,1338.336,22.306,0.4384,73.17,3052.7
chi_meditation,C3,meditation,1621,23328.156,1352.203,22.537,0.443,73.89,3052.7
chi_meditation,C3,meditation,1639,23342.828,1366.875,22.781,0.4478,68.57,3052.7
chi_meditation,C3,meditation,1657,23357.523,1381.57,23.026,0.4526,73.17,3052.7
chi_meditation,C3,meditation,1675,23371.93,1395.977,23.266,0.4573,77.62,3052.7
chi_meditation,C3,meditation,1693,23384.727,1408.774,23.48,0.4615,86.33,3052.7
chi_meditation,C3,meditation,1711,23399.938,1423.985,23.733,0.4665,75.28,3052.7
chi_meditation,C3,meditation,1729,23413.039,1437.086,23.951,0.4708,88.24,3052.7
chi_meditation,C3,meditation,1747,23426.227,1450.274,24.171,0.4751,72.46,3052.7
chi_meditation,C3,meditation,1765,23442.766,1466.813,24.447,0.4805,68.57,3052.7
chi_meditation,C3,meditation,1783,23456.945,1480.992,24.683,0.4851,92.59,3052.7
chi_meditation,C3,meditation,1801,23471.016,1495.063,24.918,0.4898,68.57,3052.7
chi_meditation,C3,meditation,1819,23486.352,1510.399,25.173,0.4948,79.16,3052.7
chi_meditation,C3,meditation,1837,23499.82,1523.867,25.398,0.4992,75.28,3052.7
chi_meditation,C3,meditation,1855,23514.367,1538.414,25.64,0.504,65.65,3052.7
chi_meditation,C3,meditation,1873,23528.516,1552.563,25.876,0.5086,101.01,3052.7
chi_meditation,C3,meditation,1891,23543.625,1567.672,26.128,0.5135,64.52,3052.7
chi_meditation,C3,meditation,1909,23558.641,1582.688,26.378,0.5185,71.09,3052.7
chi_meditation,C3,meditation,1927,23572.414,1596.461,26.608,0.523,79.16,3052.7
chi_meditation,C3,meditation,1945,23586.312,1610.359,26.839,0.5275,81.74,3052.7
chi_meditation,C3,meditation,1963,23601.625,1625.672,27.095,0.5325,84.39,3052.7
chi_meditation,C3,meditation,1981,23615.719,1639.766,27.329,0.5372,92.59,3052.7
chi_meditation,C3,meditation,1999,23630.055,1654.102,27.568,0.5419,72.46,3052.7
chi_meditation,C3,meditation,2017,23643.188,1667.235,27.787,0.5462,82.53,3052.7
chi_meditation,C3,meditation,2035,23656.461,1680.508,28.008,0.5505,58.2,3052.7
chi_meditation,C3,meditation,2053,23670.977,1695.024,28.25,0.5553,75.28,3052.7
chi_meditation,C3,meditation,2071,23684.539,1708.586,28.476,0.5597,91.46,3052.7
chi_meditation,C3,meditation,2089,23697.414,1721.461,28.691,0.5639,73.17,3052.7
chi_meditation,C3,meditation,2107,23712.375,1736.422,28.94,0.5688,73.17,3052.7
chi_meditation,C3,meditation,2125,23726.492,1750.539,29.176,0.5734,75.28,3052.7
chi_meditation,C3,meditation,2143,23740.031,1764.078,29.401,0.5779,79.16,3052.7
chi_meditation,C3,meditation,2161,23753.719,1777.766,29.629,0.5824,70.42,3052.7
chi_meditation,C3,meditation,2179,23767.812,1791.859,29.864,0.587,72.46,3052.7
chi_meditation,C3,meditation,2197,23782.75,1806.797,30.113,0.5919,75.28,3052.7
chi_meditation,C3,meditation,2215,23796.625,1820.672,30.345,0.5964,81.74,3052.7
chi_meditation,C3,meditation,2233,23809.102,1833.149,30.552,0.6005,93.6,3052.7
chi_meditation,C3,meditation,2251,23824.133,1848.18,30.803,0.6054,73.17,3052.7
chi_meditation,C3,meditation,2269,23837.633,1861.68,31.028,0.6099,84.39,3052.7
chi_meditation,C3,meditation,2287,23850.789,1874.836,31.247,0.6142,83.45,3052.7
chi_meditation,C3,meditation,2305,23865.875,1889.922,31.499,0.6191,63.97,3052.7
chi_meditation,C3,meditation,2323,23880.922,1904.969,31.749,0.624,69.85,3052.7
chi_meditation,C3,meditation,2341,23896.008,1920.055,32.001,0.629,68.57,3052.7
chi_meditation,C3,meditation,2359,23910.258,1934.305,32.238,0.6336,83.45,3052.7
chi_meditation,C3,meditation,2377,23923.711,1947.758,32.463,0.638,75.28,3052.7
chi_meditation,C3,meditation,2395,23938.32,1962.367,32.706,0.6428,73.89,3052.7
chi_meditation,C3,meditation,2413,23950.961,1975.008,32.917,0.647,89.29,3052.7
chi_meditation,C3,meditation,2431,23965.094,1989.141,33.152,0.6516,76.82,3052.7
chi_meditation,C3,meditation,2449,23981.133,2005.18,33.42,0.6569,77.62,3052.7
chi_meditation,C3,meditation,2467,23996.297,2020.344,33.672,0.6618,81.74,3052.7
chi_meditation,C3,meditation,2485,24009.664,2033.711,33.895,0.6662,87.21,3052.7
chi_meditation,C3,meditation,2503,24021.211,2045.258,34.088,0.67,77.62,3052.7
chi_meditation,C3,meditation,2521,24036.852,2060.899,34.348,0.6751,70.42,3052.7
chi_meditation,C3,meditation,2539,24051.086,2075.133,34.586,0.6798,87.21,3052.7
chi_meditation,C3,meditation,2557,24064.805,2088.852,34.814,0.6843,68.57,3052.7
chi_meditation,C3,meditation,2575,24078.734,2102.781,35.046,0.6888,76.82,3052.7
chi_meditation,C3,meditation,2593,24092.578,2116.625,35.277,0.6934,85.35,3052.7
chi_meditation,C3,meditation,2611,24106.086,2130.133,35.502,0.6978,69.2,3052.7
chi_meditation,C3,meditation,2629,24120.766,2144.813,35.747,0.7026,77.62,3052.7
chi_meditation,C3,meditation,2647,24135.422,2159.469,35.991,0.7074,73.89,3052.7
chi_meditation,C3,meditation,2665,24149.727,2173.774,36.23,0.7121,76.05,3052.7
chi_meditation,C3,meditation,2683,24164.523,2188.57,36.476,0.7169,76.05,3052.7
chi_meditation,C3,meditation,2701,24177.023,2201.07,36.684,0.721,102.39,3052.7
chi_meditation,C3,meditation,2719,24189.102,2213.149,36.886,0.725,94.79,3052.7
chi_meditation,C3,meditation,2737,24204.219,2228.266,37.138,0.7299,67.95,3052.7
chi_meditation,C3,meditation,2755,24220.328,2244.375,37.406,0.7352,69.2,3052.7
chi_meditation,C3,meditation,2773,24233.07,2257.117,37.619,0.7394,84.39,3052.7
chi_meditation,C3,meditation,2791,24247.172,2271.219,37.854,0.744,74.53,3052.7
chi_meditation,C3,meditation,2809,24262.234,2286.281,38.105,0.7489,72.46,3052.7
chi_meditation,C3,meditation,2827,24277.422,2301.469,38.358,0.7539,74.53,3052.7
chi_meditation,C3,meditation,2845,24292.227,2316.274,38.605,0.7588,80.0,3052.7
chi_meditation,C3,meditation,2863,24305.945,2329.992,38.833,0.7633,77.62,3052.7
chi_meditation,C3,meditation,2881,24319.227,2343.274,39.055,0.7676,91.46,3052.7
chi_meditation,C3,meditation,2899,24334.203,2358.25,39.304,0.7725,69.85,3052.7
chi_meditation,C3,meditation,2917,24350.086,2374.133,39.569,0.7777,77.62,3052.7
chi_meditation,C3,meditation,2935,24365.172,2389.219,39.82,0.7827,71.77,3052.7
chi_meditation,C3,meditation,2953,24381.328,2405.375,40.09,0.788,67.95,3052.7
chi_meditation,C3,meditation,2971,24396.328,2420.375,40.34,0.7929,67.34,3052.7
chi_meditation,C3,meditation,2989,24411.203,2435.25,40.587,0.7977,75.28,3052.7
chi_meditation,C3,meditation,3007,24425.992,2450.039,40.834,0.8026,71.09,3052.7
chi_meditation,C3,meditation,3025,24441.82,2465.867,41.098,0.8078,66.23,3052.7
chi_meditation,C3,meditation,3043,24457.367,2481.414,41.357,0.8129,67.34,3052.7
chi_meditation,C3,meditation,3061,24472.883,2496.93,41.615,0.8179,61.41,3052.7
chi_meditation,C3,meditation,3079,24488.328,2512.375,41.873,0.823,69.2,3052.7
chi_meditation,C3,meditation,3097,24503.195,2527.242,42.121,0.8279,73.89,3052.7
chi_meditation,C3,meditation,3115,24517.68,2541.727,42.362,0.8326,74.53,3052.7
chi_meditation,C3,meditation,3133,24532.031,2556.078,42.601,0.8373,83.45,3052.7
chi_meditation,C3,meditation,3151,24546.414,2570.461,42.841,0.842,85.35,3052.7
chi_meditation,C3,meditation,3169,24558.898,2582.945,43.049,0.8461,80.86,3052.7
chi_meditation,C3,meditation,3187,24574.359,2598.406,43.307,0.8512,63.97,3052.7
chi_meditation,C3,meditation,3205,24590.469,2614.516,43.575,0.8565,71.09,3052.7
chi_meditation,C3,meditation,3223,24605.086,2629.133,43.819,0.8613,70.42,3052.7
chi_meditation,C3,meditation,3241,24620.352,2644.399,44.073,0.8663,75.28,3052.7
chi_meditation,C3,meditation,3259,24634.695,2658.742,44.312,0.871,87.21,3052.7
chi_meditation,C3,meditation,3277,24649.07,2673.117,44.552,0.8757,72.46,3052.7
chi_meditation,C3,meditation,3295,24663.203,2687.25,44.788,0.8803,76.82,3052.7
chi_meditation,C3,meditation,3313,24677.078,2701.125,45.019,0.8848,78.33,3052.7
chi_meditation,C3,meditation,3331,24691.078,2715.125,45.252,0.8894,74.53,3052.7
chi_meditation,C3,meditation,3349,24705.352,2729.399,45.49,0.8941,73.89,3052.7
chi_meditation,C3,meditation,3367,24718.852,2742.899,45.715,0.8985,79.16,3052.7
chi_meditation,C3,meditation,3385,24733.422,2757.469,45.958,0.9033,74.53,3052.7
chi_meditation,C3,meditation,3403,24748.039,2772.086,46.201,0.9081,82.53,3052.7
chi_meditation,C3,meditation,3421,24761.781,2785.828,46.43,0.9126,79.16,3052.7
chi_meditation,C3,meditation,3439,24775.945,2799.992,46.667,0.9172,73.17,3052.7
chi_meditation,C3,meditation,3457,24788.938,2812.985,46.883,0.9215,84.39,3052.7
chi_meditation,C3,meditation,3475,24802.008,2826.055,47.101,0.9258,72.46,3052.7
chi_meditation,C3,meditation,3493,24815.461,2839.508,47.325,0.9302,86.33,3052.7
chi_meditation,C3,meditation,3511,24830.086,2854.133,47.569,0.935,69.2,3052.7
chi_meditation,C3,meditation,3529,24846.07,2870.117,47.835,0.9402,70.42,3052.7
chi_meditation,C3,meditation,3547,24860.094,2884.141,48.069,0.9448,72.46,3052.7
chi_meditation,C3,meditation,3565,24873.484,2897.531,48.292,0.9492,69.85,3052.7
chi_meditation,C3,meditation,3583,24886.734,2910.781,48.513,0.9535,88.24,3052.7
chi_meditation,C3,meditation,3601,24899.883,2923.93,48.732,0.9578,69.85,3052.7
chi_meditation,C3,meditation,3619,24914.43,2938.477,48.975,0.9626,73.89,3052.7
chi_meditation,C3,meditation,3637,24928.266,2952.313,49.205,0.9671,81.74,3052.7
chi_meditation,C3,meditation,3655,24941.641,2965.688,49.428,0.9715,72.46,3052.7
chi_meditation,C3,meditation,3673,24955.375,2979.422,49.657,0.976,80.86,3052.7
chi_meditation,C3,meditation,3691,24968.586,2992.633,49.877,0.9803,85.35,3052.7
chi_meditation,C3,meditation,3709,24981.555,3005.602,50.093,0.9846,65.65,3052.7
chi_meditation,C3,meditation,3727,24995.789,3019.836,50.331,0.9892,78.33,3052.7
chi_meditation,C3,meditation,3745,25010.258,3034.305,50.572,0.994,66.82,3052.7
chi_meditation,C3,meditation,3763,25025.594,3049.641,50.827,0.999,80.0,3052.7
chi_meditation,C3,pre_meditation,1,18382.266,0.0,0.0,0.0,73.89,3488.3
chi_meditation,C3,pre_meditation,24,18398.719,16.453,0.274,0.0047,90.36,3488.3
chi_meditation,C3,pre_meditation,47,18413.891,31.625,0.527,0.0091,89.29,3488.3
chi_meditation,C3,pre_meditation,70,18430.359,48.093,0.802,0.0138,91.46,3488.3
chi_meditation,C3,pre_meditation,93,18449.062,66.796,1.113,0.0191,64.52,3488.3
chi_meditation,C3,pre_meditation,116,18469.977,87.711,1.462,0.0251,65.08,3488.3
chi_meditation,C3,pre_meditation,139,18488.406,106.14,1.769,0.0304,78.33,3488.3
chi_meditation,C3,pre_meditation,162,18505.328,123.062,2.051,0.0353,66.23,3488.3
chi_meditation,C3,pre_meditation,185,18521.977,139.711,2.329,0.0401,82.53,3488.3
chi_meditation,C3,pre_meditation,208,18538.398,156.132,2.602,0.0448,93.6,3488.3
chi_meditation,C3,pre_meditation,231,18551.562,169.296,2.822,0.0485,114.72,3488.3
chi_meditation,C3,pre_meditation,254,18564.547,182.281,3.038,0.0523,105.26,3488.3
chi_meditation,C3,pre_meditation,277,18577.266,195.0,3.25,0.0559,109.69,3488.3
chi_meditation,C3,pre_meditation,300,18589.672,207.406,3.457,0.0595,106.76,3488.3
chi_meditation,C3,pre_meditation,323,18603.148,220.882,3.681,0.0633,108.11,3488.3
chi_meditation,C3,pre_meditation,346,18615.523,233.257,3.888,0.0669,109.69,3488.3
chi_meditation,C3,pre_meditation,369,18629.195,246.929,4.115,0.0708,103.81,3488.3
chi_meditation,C3,pre_meditation,392,18643.359,261.093,4.352,0.0748,101.01,3488.3
chi_meditation,C3,pre_meditation,415,18660.562,278.296,4.638,0.0798,82.53,3488.3
chi_meditation,C3,pre_meditation,438,18677.109,294.843,4.914,0.0845,85.35,3488.3
chi_meditation,C3,pre_meditation,461,18695.25,312.984,5.216,0.0897,76.05,3488.3
chi_meditation,C3,pre_meditation,484,18713.328,331.062,5.518,0.0949,88.24,3488.3
chi_meditation,C3,pre_meditation,507,18729.266,347.0,5.783,0.0995,84.39,3488.3
chi_meditation,C3,pre_meditation,530,18746.359,364.093,6.068,0.1044,74.53,3488.3
chi_meditation,C3,pre_meditation,553,18762.125,379.859,6.331,0.1089,84.39,3488.3
chi_meditation,C3,pre_meditation,576,18777.211,394.945,6.582,0.1132,91.46,3488.3
chi_meditation,C3,pre_meditation,599,18791.93,409.664,6.828,0.1174,99.67,3488.3
chi_meditation,C3,pre_meditation,622,18807.797,425.531,7.092,0.122,82.53,3488.3
chi_meditation,C3,pre_meditation,645,18823.859,441.593,7.36,0.1266,88.24,3488.3
chi_meditation,C3,pre_meditation,668,18839.273,457.007,7.617,0.131,89.29,3488.3
chi_meditation,C3,pre_meditation,691,18853.492,471.226,7.854,0.1351,106.76,3488.3
chi_meditation,C3,pre_meditation,714,18867.898,485.632,8.094,0.1392,91.46,3488.3
chi_meditation,C3,pre_meditation,737,18882.633,500.367,8.339,0.1434,93.6,3488.3
chi_meditation,C3,pre_meditation,760,18898.57,516.304,8.605,0.148,90.36,3488.3
chi_meditation,C3,pre_meditation,783,18914.211,531.945,8.866,0.1525,80.86,3488.3
chi_meditation,C3,pre_meditation,806,18930.766,548.5,9.142,0.1572,69.85,3488.3
chi_meditation,C3,pre_meditation,829,18947.195,564.929,9.415,0.1619,92.59,3488.3
chi_meditation,C3,pre_meditation,852,18962.766,580.5,9.675,0.1664,73.89,3488.3
chi_meditation,C3,pre_meditation,875,18979.891,597.625,9.96,0.1713,78.33,3488.3
chi_meditation,C3,pre_meditation,898,18997.469,615.203,10.253,0.1764,82.53,3488.3
chi_meditation,C3,pre_meditation,921,19015.336,633.07,10.551,0.1815,65.65,3488.3
chi_meditation,C3,pre_meditation,944,19033.695,651.429,10.857,0.1867,90.36,3488.3
chi_meditation,C3,pre_meditation,967,19050.258,667.992,11.133,0.1915,79.16,3488.3
chi_meditation,C3,pre_meditation,990,19066.719,684.453,11.408,0.1962,83.45,3488.3
chi_meditation,C3,pre_meditation,1013,19082.758,700.492,11.675,0.2008,79.16,3488.3
chi_meditation,C3,pre_meditation,1036,19102.039,719.773,11.996,0.2063,81.74,3488.3
chi_meditation,C3,pre_meditation,1059,19120.25,737.984,12.3,0.2116,86.33,3488.3
chi_meditation,C3,pre_meditation,1082,19133.773,751.507,12.525,0.2154,88.24,3488.3
chi_meditation,C3,pre_meditation,1105,19150.297,768.031,12.801,0.2202,89.29,3488.3
chi_meditation,C3,pre_meditation,1128,19165.812,783.546,13.059,0.2246,80.86,3488.3
chi_meditation,C3,pre_meditation,1151,19181.273,799.007,13.317,0.2291,98.52,3488.3
chi_meditation,C3,pre_meditation,1174,19195.945,813.679,13.561,0.2333,101.01,3488.3
chi_meditation,C3,pre_meditation,1197,19210.359,828.093,13.802,0.2374,101.01,3488.3
chi_meditation,C3,pre_meditation,1220,19226.0,843.734,14.062,0.2419,86.33,3488.3
chi_meditation,C3,pre_meditation,1243,19241.055,858.789,14.313,0.2462,94.79,3488.3
chi_meditation,C3,pre_meditation,1266,19256.703,874.437,14.574,0.2507,78.33,3488.3
chi_meditation,C3,pre_meditation,1289,19273.883,891.617,14.86,0.2556,88.24,3488.3
chi_meditation,C3,pre_meditation,1312,19289.453,907.187,15.12,0.2601,82.53,3488.3
chi_meditation,C3,pre_meditation,1335,19305.188,922.922,15.382,0.2646,91.46,3488.3
chi_meditation,C3,pre_meditation,1358,19319.008,936.742,15.612,0.2685,106.76,3488.3
chi_meditation,C3,pre_meditation,1381,19333.234,950.968,15.849,0.2726,97.24,3488.3
chi_meditation,C3,pre_meditation,1404,19347.453,965.187,16.086,0.2767,94.79,3488.3
chi_meditation,C3,pre_meditation,1427,19362.75,980.484,16.341,0.2811,92.59,3488.3
chi_meditation,C3,pre_meditation,1450,19378.469,996.203,16.603,0.2856,73.17,3488.3
chi_meditation,C3,pre_meditation,1473,19394.477,1012.211,16.87,0.2902,82.53,3488.3
chi_meditation,C3,pre_meditation,1496,19410.469,1028.203,17.137,0.2948,91.46,3488.3
chi_meditation,C3,pre_meditation,1519,19425.789,1043.523,17.392,0.2991,93.6,3488.3
chi_meditation,C3,pre_meditation,1542,19440.766,1058.5,17.642,0.3034,96.0,3488.3
chi_meditation,C3,pre_meditation,1565,19454.547,1072.281,17.871,0.3074,79.16,3488.3
chi_meditation,C3,pre_meditation,1588,19471.398,1089.132,18.152,0.3122,80.86,3488.3
chi_meditation,C3,pre_meditation,1611,19486.938,1104.672,18.411,0.3167,103.81,3488.3
chi_meditation,C3,pre_meditation,1634,19505.164,1122.898,18.715,0.3219,89.29,3488.3
chi_meditation,C3,pre_meditation,1657,19523.219,1140.953,19.016,0.3271,66.82,3488.3
chi_meditation,C3,pre_meditation,1680,19542.711,1160.445,19.341,0.3327,77.62,3488.3
chi_meditation,C3,pre_meditation,1703,19560.969,1178.703,19.645,0.3379,73.17,3488.3
chi_meditation,C3,pre_meditation,1726,19578.234,1195.968,19.933,0.3429,75.28,3488.3
chi_meditation,C3,pre_meditation,1749,19595.672,1213.406,20.223,0.3479,88.24,3488.3
chi_meditation,C3,pre_meditation,1772,19612.945,1230.679,20.511,0.3528,90.36,3488.3
chi_meditation,C3,pre_meditation,1795,19629.539,1247.273,20.788,0.3576,69.2,3488.3
chi_meditation,C3,pre_meditation,1818,19646.664,1264.398,21.073,0.3625,80.0,3488.3
chi_meditation,C3,pre_meditation,1841,19664.461,1282.195,21.37,0.3676,76.82,3488.3
chi_meditation,C3,pre_meditation,1864,19681.664,1299.398,21.657,0.3725,85.35,3488.3
chi_meditation,C3,pre_meditation,1887,19699.094,1316.828,21.947,0.3775,70.42,3488.3
chi_meditation,C3,pre_meditation,1910,19717.828,1335.562,22.259,0.3829,67.95,3488.3
chi_meditation,C3,pre_meditation,1933,19736.727,1354.461,22.574,0.3883,76.82,3488.3
chi_meditation,C3,pre_meditation,1956,19753.969,1371.703,22.862,0.3932,76.05,3488.3
chi_meditation,C3,pre_meditation,1979,19770.727,1388.461,23.141,0.398,80.86,3488.3
chi_meditation,C3,pre_meditation,2002,19786.727,1404.461,23.408,0.4026,106.76,3488.3
chi_meditation,C3,pre_meditation,2025,19800.367,1418.101,23.635,0.4065,85.35,3488.3
chi_meditation,C3,pre_meditation,2048,19814.469,1432.203,23.87,0.4106,101.01,3488.3
chi_meditation,C3,pre_meditation,2071,19827.289,1445.023,24.084,0.4142,118.11,3488.3
chi_meditation,C3,pre_meditation,2094,19838.977,1456.711,24.279,0.4176,109.69,3488.3
chi_meditation,C3,pre_meditation,2117,19851.781,1469.515,24.492,0.4213,109.69,3488.3
chi_meditation,C3,pre_meditation,2140,19864.086,1481.82,24.697,0.4248,114.72,3488.3
chi_meditation,C3,pre_meditation,2163,19876.133,1493.867,24.898,0.4283,108.11,3488.3
chi_meditation,C3,pre_meditation,2186,19888.93,1506.664,25.111,0.4319,102.39,3488.3
chi_meditation,C3,pre_meditation,2209,19904.867,1522.601,25.377,0.4365,93.6,3488.3
chi_meditation,C3,pre_meditation,2232,19921.406,1539.14,25.652,0.4412,64.52,3488.3
chi_meditation,C3,pre_meditation,2255,19939.797,1557.531,25.959,0.4465,74.53,3488.3
chi_meditation,C3,pre_meditation,2278,19959.219,1576.953,26.283,0.4521,72.46,3488.3
chi_meditation,C3,pre_meditation,2301,19976.227,1593.961,26.566,0.4569,90.36,3488.3
chi_meditation,C3,pre_meditation,2324,19991.812,1609.546,26.826,0.4614,80.0,3488.3
chi_meditation,C3,pre_meditation,2347,20010.109,1627.843,27.131,0.4667,76.05,3488.3
chi_meditation,C3,pre_meditation,2370,20028.023,1645.757,27.429,0.4718,73.17,3488.3
chi_meditation,C3,pre_meditation,2393,20047.281,1665.015,27.75,0.4773,66.23,3488.3
chi_meditation,C3,pre_meditation,2416,20066.234,1683.968,28.066,0.4827,69.2,3488.3
chi_meditation,C3,pre_meditation,2439,20084.82,1702.554,28.376,0.4881,74.53,3488.3
chi_meditation,C3,pre_meditation,2462,20103.742,1721.476,28.691,0.4935,73.17,3488.3
chi_meditation,C3,pre_meditation,2485,20123.344,1741.078,29.018,0.4991,65.08,3488.3
chi_meditation,C3,pre_meditation,2508,20143.391,1761.125,29.352,0.5049,74.53,3488.3
chi_meditation,C3,pre_meditation,2531,20162.117,1779.851,29.664,0.5102,73.17,3488.3
chi_meditation,C3,pre_meditation,2554,20178.641,1796.375,29.94,0.515,90.36,3488.3
chi_meditation,C3,pre_meditation,2577,20194.672,1812.406,30.207,0.5196,73.17,3488.3
chi_meditation,C3,pre_meditation,2600,20209.82,1827.554,30.459,0.5239,106.76,3488.3
chi_meditation,C3,pre_meditation,2623,20221.68,1839.414,30.657,0.5273,118.11,3488.3
chi_meditation,C3,pre_meditation,2646,20233.18,1850.914,30.849,0.5306,109.69,3488.3
chi_meditation,C3,pre_meditation,2669,20245.625,1863.359,31.056,0.5342,103.81,3488.3
chi_meditation,C3,pre_meditation,2692,20258.922,1876.656,31.278,0.538,105.26,3488.3
chi_meditation,C3,pre_meditation,2715,20272.312,1890.046,31.501,0.5418,106.76,3488.3
chi_meditation,C3,pre_meditation,2738,20284.789,1902.523,31.709,0.5454,105.26,3488.3
chi_meditation,C3,pre_meditation,2761,20298.719,1916.453,31.941,0.5494,105.26,3488.3
chi_meditation,C3,pre_meditation,2784,20311.648,1929.382,32.156,0.5531,99.67,3488.3
chi_meditation,C3,pre_meditation,2807,20324.344,1942.078,32.368,0.5567,108.11,3488.3
chi_meditation,C3,pre_meditation,2830,20335.758,1953.492,32.558,0.56,123.97,3488.3
chi_meditation,C3,pre_meditation,2853,20346.938,1964.672,32.745,0.5632,112.99,3488.3
chi_meditation,C3,pre_meditation,2876,20360.594,1978.328,32.972,0.5671,94.79,3488.3
chi_meditation,C3,pre_meditation,2899,20374.516,1992.25,33.204,0.5711,112.99,3488.3
chi_meditation,C3,pre_meditation,2922,20388.344,2006.078,33.435,0.5751,101.01,3488.3
chi_meditation,C3,pre_meditation,2945,20402.289,2020.023,33.667,0.5791,111.32,3488.3
chi_meditation,C3,pre_meditation,2968,20415.844,2033.578,33.893,0.583,103.81,3488.3
chi_meditation,C3,pre_meditation,2991,20430.836,2048.57,34.143,0.5873,91.46,3488.3
chi_meditation,C3,pre_meditation,3014,20445.625,2063.359,34.389,0.5915,93.6,3488.3
chi_meditation,C3,pre_meditation,3037,20459.852,2077.586,34.626,0.5956,111.32,3488.3
chi_meditation,C3,pre_meditation,3060,20472.742,2090.476,34.841,0.5993,108.11,3488.3
chi_meditation,C3,pre_meditation,3083,20485.75,2103.484,35.058,0.603,108.11,3488.3
chi_meditation,C3,pre_meditation,3106,20499.461,2117.195,35.287,0.6069,98.52,3488.3
chi_meditation,C3,pre_meditation,3129,20512.875,2130.609,35.51,0.6108,102.39,3488.3
chi_meditation,C3,pre_meditation,3152,20526.883,2144.617,35.744,0.6148,98.52,3488.3
chi_meditation,C3,pre_meditation,3175,20541.547,2159.281,35.988,0.619,98.52,3488.3
chi_meditation,C3,pre_meditation,3198,20557.586,2175.32,36.255,0.6236,66.23,3488.3
chi_meditation,C3,pre_meditation,3221,20576.406,2194.14,36.569,0.629,85.35,3488.3
chi_meditation,C3,pre_meditation,3244,20593.32,2211.054,36.851,0.6338,69.85,3488.3
chi_meditation,C3,pre_meditation,3267,20614.508,2232.242,37.204,0.6399,66.82,3488.3
chi_meditation,C3,pre_meditation,3290,20636.25,2253.984,37.566,0.6462,70.42,3488.3
chi_meditation,C3,pre_meditation,3313,20657.32,2275.054,37.918,0.6522,69.2,3488.3
chi_meditation,C3,pre_meditation,3336,20677.047,2294.781,38.246,0.6579,73.17,3488.3
chi_meditation,C3,pre_meditation,3359,20697.375,2315.109,38.585,0.6637,69.2,3488.3
chi_meditation,C3,pre_meditation,3382,20717.164,2334.898,38.915,0.6694,61.41,3488.3
chi_meditation,C3,pre_meditation,3405,20737.117,2354.851,39.248,0.6751,67.95,3488.3
chi_meditation,C3,pre_meditation,3428,20758.219,2375.953,39.599,0.6811,65.08,3488.3
chi_meditation,C3,pre_meditation,3451,20778.242,2395.976,39.933,0.6869,69.2,3488.3
chi_meditation,C3,pre_meditation,3474,20796.82,2414.554,40.243,0.6922,66.23,3488.3
chi_meditation,C3,pre_meditation,3497,20817.438,2435.172,40.586,0.6981,64.52,3488.3
chi_meditation,C3,pre_meditation,3520,20837.211,2454.945,40.916,0.7038,69.2,3488.3
chi_meditation,C3,pre_meditation,3543,20858.469,2476.203,41.27,0.7099,63.97,3488.3
chi_meditation,C3,pre_meditation,3566,20878.109,2495.843,41.597,0.7155,69.2,3488.3
chi_meditation,C3,pre_meditation,3589,20898.43,2516.164,41.936,0.7213,67.95,3488.3
chi_meditation,C3,pre_meditation,3612,20917.414,2535.148,42.252,0.7268,77.62,3488.3
chi_meditation,C3,pre_meditation,3635,20937.195,2554.929,42.582,0.7324,62.44,3488.3
chi_meditation,C3,pre_meditation,3658,20957.68,2575.414,42.924,0.7383,65.08,3488.3
chi_meditation,C3,pre_meditation,3681,20978.875,2596.609,43.277,0.7444,57.75,3488.3
chi_meditation,C3,pre_meditation,3704,20999.43,2617.164,43.619,0.7503,72.46,3488.3
chi_meditation,C3,pre_meditation,3727,21018.766,2636.5,43.942,0.7558,76.82,3488.3
chi_meditation,C3,pre_meditation,3750,21037.188,2654.922,44.249,0.7611,73.17,3488.3
chi_meditation,C3,pre_meditation,3773,21056.844,2674.578,44.576,0.7667,72.46,3488.3
chi_meditation,C3,pre_meditation,3796,21077.57,2695.304,44.922,0.7727,67.34,3488.3
chi_meditation,C3,pre_meditation,3819,21098.688,2716.422,45.274,0.7787,67.34,3488.3
chi_meditation,C3,pre_meditation,3842,21118.25,2735.984,45.6,0.7843,67.95,3488.3
chi_meditation,C3,pre_meditation,3865,21139.664,2757.398,45.957,0.7905,61.92,3488.3
chi_meditation,C3,pre_meditation,3888,21160.531,2778.265,46.304,0.7965,67.34,3488.3
chi_meditation,C3,pre_meditation,3911,21178.992,2796.726,46.612,0.8017,73.89,3488.3
chi_meditation,C3,pre_meditation,3934,21200.0,2817.734,46.962,0.8078,59.52,3488.3
chi_meditation,C3,pre_meditation,3957,21219.695,2837.429,47.29,0.8134,72.46,3488.3
chi_meditation,C3,pre_meditation,3980,21241.055,2858.789,47.646,0.8195,65.08,3488.3
chi_meditation,C3,pre_meditation,4003,21261.492,2879.226,47.987,0.8254,67.95,3488.3
chi_meditation,C3,pre_meditation,4026,21281.578,2899.312,48.322,0.8312,68.57,3488.3
chi_meditation,C3,pre_meditation,4049,21301.039,2918.773,48.646,0.8367,75.28,3488.3
chi_meditation,C3,pre_meditation,4072,21321.617,2939.351,48.989,0.8426,66.23,3488.3
chi_meditation,C3,pre_meditation,4095,21341.812,2959.546,49.326,0.8484,69.2,3488.3
chi_meditation,C3,pre_meditation,4118,21358.703,2976.437,49.607,0.8533,84.39,3488.3
chi_meditation,C3,pre_meditation,4141,21376.438,2994.172,49.903,0.8583,65.65,3488.3
chi_meditation,C3,pre_meditation,4164,21394.953,3012.687,50.211,0.8637,80.0,3488.3
chi_meditation,C3,pre_meditation,4187,21413.539,3031.273,50.521,0.869,75.28,3488.3
chi_meditation,C3,pre_meditation,4210,21431.602,3049.336,50.822,0.8742,77.62,3488.3
chi_meditation,C3,pre_meditation,4233,21449.547,3067.281,51.121,0.8793,76.05,3488.3
chi_meditation,C3,pre_meditation,4256,21467.008,3084.742,51.412,0.8843,74.53,3488.3
chi_meditation,C3,pre_meditation,4279,21486.859,3104.593,51.743,0.89,69.2,3488.3
chi_meditation,C3,pre_meditation,4302,21506.062,3123.796,52.063,0.8955,79.16,3488.3
chi_meditation,C3,pre_meditation,4325,21523.984,3141.718,52.362,0.9006,83.45,3488.3
chi_meditation,C3,pre_meditation,4348,21539.688,3157.422,52.624,0.9051,94.79,3488.3
chi_meditation,C3,pre_meditation,4371,21556.281,3174.015,52.9,0.9099,75.28,3488.3
chi_meditation,C3,pre_meditation,4394,21572.539,3190.273,53.171,0.9146,78.33,3488.3
chi_meditation,C3,pre_meditation,4417,21592.0,3209.734,53.496,0.9201,76.05,3488.3
chi_meditation,C3,pre_meditation,4440,21609.781,3227.515,53.792,0.9252,73.17,3488.3
chi_meditation,C3,pre_meditation,4463,21627.898,3245.632,54.094,0.9304,89.29,3488.3
chi_meditation,C3,pre_meditation,4486,21643.93,3261.664,54.361,0.935,75.28,3488.3
chi_meditation,C3,pre_meditation,4509,21662.891,3280.625,54.677,0.9405,57.75,3488.3
chi_meditation,C3,pre_meditation,4532,21683.25,3300.984,55.016,0.9463,68.57,3488.3
chi_meditation,C3,pre_meditation,4555,21703.039,3320.773,55.346,0.952,73.89,3488.3
chi_meditation,C3,pre_meditation,4578,21722.641,3340.375,55.673,0.9576,71.77,3488.3
chi_meditation,C3,pre_meditation,4601,21741.906,3359.64,55.994,0.9631,82.53,3488.3
chi_meditation,C3,pre_meditation,4624,21762.188,3379.922,56.332,0.9689,60.0,3488.3
chi_meditation,C3,pre_meditation,4647,21782.859,3400.593,56.677,0.9749,69.85,3488.3
chi_meditation,C3,pre_meditation,4670,21801.969,3419.703,56.995,0.9803,67.34,3488.3
chi_meditation,C3,pre_meditation,4693,21822.281,3440.015,57.334,0.9862,68.57,3488.3
chi_meditation,C3,pre_meditation,4716,21841.117,3458.851,57.648,0.9916,81.74,3488.3
chi_meditation,C3,pre_meditation,4739,21862.367,3480.101,58.002,0.9977,64.52,3488.3
chi_meditation,C4,meditation,1,17720.148,0.0,0.0,0.0,71.77,2988.7
chi_meditation,C4,meditation,19,17736.289,16.141,0.269,0.0054,70.42,2988.7
chi_meditation,C4,meditation,37,17751.234,31.086,0.518,0.0104,73.89,2988.7
chi_meditation,C4,meditation,55,17765.977,45.829,0.764,0.0153,71.09,2988.7
chi_meditation,C4,meditation,73,17781.57,61.422,1.024,0.0206,67.95,2988.7
chi_meditation,C4,meditation,91,17798.594,78.446,1.307,0.0262,59.52,2988.7
chi_meditation,C4,meditation,109,17814.969,94.821,1.58,0.0317,87.21,2988.7
chi_meditation,C4,meditation,127,17830.969,110.821,1.847,0.0371,73.89,2988.7
chi_meditation,C4,meditation,145,17845.695,125.547,2.092,0.042,69.85,2988.7
chi_meditation,C4,meditation,163,17861.18,141.032,2.351,0.0472,83.45,2988.7
chi_meditation,C4,meditation,181,17876.758,156.61,2.61,0.0524,87.21,2988.7
chi_meditation,C4,meditation,199,17892.273,172.125,2.869,0.0576,75.28,2988.7
chi_meditation,C4,meditation,217,17906.922,186.774,3.113,0.0625,75.28,2988.7
chi_meditation,C4,meditation,235,17921.656,201.508,3.358,0.0674,64.52,2988.7
chi_meditation,C4,meditation,253,17936.797,216.649,3.611,0.0725,64.52,2988.7
chi_meditation,C4,meditation,271,17951.492,231.344,3.856,0.0774,63.97,2988.7
chi_meditation,C4,meditation,289,17966.164,246.016,4.1,0.0823,73.17,2988.7
chi_meditation,C4,meditation,307,17981.57,261.422,4.357,0.0875,80.86,2988.7
chi_meditation,C4,meditation,325,17997.398,277.25,4.621,0.0928,70.42,2988.7
chi_meditation,C4,meditation,343,18012.969,292.821,4.88,0.098,67.95,2988.7
chi_meditation,C4,meditation,361,18027.875,307.727,5.129,0.103,67.95,2988.7
chi_meditation,C4,meditation,379,18042.75,322.602,5.377,0.1079,65.65,2988.7
chi_meditation,C4,meditation,397,18056.984,336.836,5.614,0.1127,76.82,2988.7
chi_meditation,C4,meditation,415,18071.906,351.758,5.863,0.1177,87.21,2988.7
chi_meditation,C4,meditation,433,18086.688,366.54,6.109,0.1226,75.28,2988.7
chi_meditation,C4,meditation,451,18101.719,381.571,6.36,0.1277,71.09,2988.7
chi_meditation,C4,meditation,469,18116.508,396.36,6.606,0.1326,69.2,2988.7
chi_meditation,C4,meditation,487,18130.523,410.375,6.84,0.1373,83.45,2988.7
chi_meditation,C4,meditation,505,18145.688,425.54,7.092,0.1424,66.82,2988.7
chi_meditation,C4,meditation,523,18161.258,441.11,7.352,0.1476,62.96,2988.7
chi_meditation,C4,meditation,541,18176.68,456.532,7.609,0.1528,66.82,2988.7
chi_meditation,C4,meditation,559,18191.586,471.438,7.857,0.1577,59.06,2988.7
chi_meditation,C4,meditation,577,18207.039,486.891,8.115,0.1629,60.0,2988.7
chi_meditation,C4,meditation,595,18221.867,501.719,8.362,0.1679,75.28,2988.7
chi_meditation,C4,meditation,613,18236.352,516.204,8.603,0.1727,69.2,2988.7
chi_meditation,C4,meditation,631,18251.344,531.196,8.853,0.1777,69.2,2988.7
chi_meditation,C4,meditation,649,18265.477,545.329,9.089,0.1825,67.34,2988.7
chi_meditation,C4,meditation,667,18280.141,559.993,9.333,0.1874,62.44,2988.7
chi_meditation,C4,meditation,685,18295.43,575.282,9.588,0.1925,72.46,2988.7
chi_meditation,C4,meditation,703,18309.867,589.719,9.829,0.1973,88.24,2988.7
chi_meditation,C4,meditation,721,18324.578,604.43,10.074,0.2022,85.35,2988.7
chi_meditation,C4,meditation,739,18340.414,620.266,10.338,0.2075,72.46,2988.7
chi_meditation,C4,meditation,757,18354.617,634.469,10.574,0.2123,82.53,2988.7
chi_meditation,C4,meditation,775,18369.109,648.961,10.816,0.2171,74.53,2988.7
chi_meditation,C4,meditation,793,18383.805,663.657,11.061,0.2221,65.65,2988.7
chi_meditation,C4,meditation,811,18398.195,678.047,11.301,0.2269,69.2,2988.7
chi_meditation,C4,meditation,829,18412.914,692.766,11.546,0.2318,69.85,2988.7
chi_meditation,C4,meditation,847,18427.234,707.086,11.785,0.2366,80.86,2988.7
chi_meditation,C4,meditation,865,18443.422,723.274,12.055,0.242,64.52,2988.7
chi_meditation,C4,meditation,883,18458.18,738.032,12.301,0.2469,67.95,2988.7
chi_meditation,C4,meditation,901,18472.82,752.672,12.545,0.2518,68.57,2988.7
chi_meditation,C4,meditation,919,18487.484,767.336,12.789,0.2567,74.53,2988.7
chi_meditation,C4,meditation,937,18502.383,782.235,13.037,0.2617,84.39,2988.7
chi_meditation,C4,meditation,955,18517.117,796.969,13.283,0.2667,78.33,2988.7
chi_meditation,C4,meditation,973,18532.133,811.985,13.533,0.2717,71.77,2988.7
chi_meditation,C4,meditation,991,18547.109,826.961,13.783,0.2767,70.42,2988.7
chi_meditation,C4,meditation,1009,18562.219,842.071,14.035,0.2818,71.09,2988.7
chi_meditation,C4,meditation,1027,18576.367,856.219,14.27,0.2865,70.42,2988.7
chi_meditation,C4,meditation,1045,18590.641,870.493,14.508,0.2913,70.42,2988.7
chi_meditation,C4,meditation,1063,18605.195,885.047,14.751,0.2961,79.16,2988.7
chi_meditation,C4,meditation,1081,18619.391,899.243,14.987,0.3009,88.24,2988.7
chi_meditation,C4,meditation,1099,18633.586,913.438,15.224,0.3056,80.0,2988.7
chi_meditation,C4,meditation,1117,18648.172,928.024,15.467,0.3105,73.17,2988.7
chi_meditation,C4,meditation,1135,18663.086,942.938,15.716,0.3155,65.08,2988.7
chi_meditation,C4,meditation,1153,18678.172,958.024,15.967,0.3206,65.08,2988.7
chi_meditation,C4,meditation,1171,18693.57,973.422,16.224,0.3257,62.44,2988.7
chi_meditation,C4,meditation,1189,18709.695,989.547,16.492,0.3311,60.48,2988.7
chi_meditation,C4,meditation,1207,18724.734,1004.586,16.743,0.3361,60.98,2988.7
chi_meditation,C4,meditation,1225,18739.492,1019.344,16.989,0.3411,63.97,2988.7
chi_meditation,C4,meditation,1243,18755.477,1035.329,17.255,0.3464,72.46,2988.7
chi_meditation,C4,meditation,1261,18769.453,1049.305,17.488,0.3511,72.46,2988.7
chi_meditation,C4,meditation,1279,18783.766,1063.618,17.727,0.3559,85.35,2988.7
chi_meditation,C4,meditation,1297,18798.703,1078.555,17.976,0.3609,73.17,2988.7
chi_meditation,C4,meditation,1315,18813.609,1093.461,18.224,0.3659,67.95,2988.7
chi_meditation,C4,meditation,1333,18827.531,1107.383,18.456,0.3705,80.86,2988.7
chi_meditation,C4,meditation,1351,18841.562,1121.414,18.69,0.3752,71.77,2988.7
chi_meditation,C4,meditation,1369,18855.852,1135.704,18.928,0.38,76.82,2988.7
chi_meditation,C4,meditation,1387,18870.086,1149.938,19.166,0.3848,76.82,2988.7
chi_meditation,C4,meditation,1405,18884.406,1164.258,19.404,0.3896,73.17,2988.7
chi_meditation,C4,meditation,1423,18899.242,1179.094,19.652,0.3945,69.85,2988.7
chi_meditation,C4,meditation,1441,18913.75,1193.602,19.893,0.3994,68.57,2988.7
chi_meditation,C4,meditation,1459,18928.719,1208.571,20.143,0.4044,65.08,2988.7
chi_meditation,C4,meditation,1477,18943.992,1223.844,20.397,0.4095,60.48,2988.7
chi_meditation,C4,meditation,1495,18959.492,1239.344,20.656,0.4147,71.09,2988.7
chi_meditation,C4,meditation,1513,18974.586,1254.438,20.907,0.4197,63.97,2988.7
chi_meditation,C4,meditation,1531,18989.375,1269.227,21.154,0.4247,67.34,2988.7
chi_meditation,C4,meditation,1549,19003.195,1283.047,21.384,0.4293,67.34,2988.7
chi_meditation,C4,meditation,1567,19017.781,1297.633,21.627,0.4342,69.85,2988.7
chi_meditation,C4,meditation,1585,19032.406,1312.258,21.871,0.4391,63.97,2988.7
chi_meditation,C4,meditation,1603,19046.844,1326.696,22.112,0.4439,71.09,2988.7
chi_meditation,C4,meditation,1621,19061.102,1340.954,22.349,0.4487,73.17,2988.7
chi_meditation,C4,meditation,1639,19075.758,1355.61,22.593,0.4536,65.65,2988.7
chi_meditation,C4,meditation,1657,19090.438,1370.29,22.838,0.4585,62.96,2988.7
chi_meditation,C4,meditation,1675,19105.141,1384.993,23.083,0.4634,65.65,2988.7
chi_meditation,C4,meditation,1693,19119.883,1399.735,23.329,0.4683,75.28,2988.7
chi_meditation,C4,meditation,1711,19133.297,1413.149,23.552,0.4728,80.86,2988.7
chi_meditation,C4,meditation,1729,19149.086,1428.938,23.816,0.4781,62.96,2988.7
chi_meditation,C4,meditation,1747,19164.094,1443.946,24.066,0.4831,73.17,2988.7
chi_meditation,C4,meditation,1765,19178.32,1458.172,24.303,0.4879,85.35,2988.7
chi_meditation,C4,meditation,1783,19193.398,1473.25,24.554,0.4929,74.53,2988.7
chi_meditation,C4,meditation,1801,19207.484,1487.336,24.789,0.4977,66.23,2988.7
chi_meditation,C4,meditation,1819,19222.703,1502.555,25.043,0.5028,85.35,2988.7
chi_meditation,C4,meditation,1837,19237.734,1517.586,25.293,0.5078,89.29,2988.7
chi_meditation,C4,meditation,1855,19253.008,1532.86,25.548,0.5129,87.21,2988.7
chi_meditation,C4,meditation,1873,19267.477,1547.329,25.789,0.5177,76.82,2988.7
chi_meditation,C4,meditation,1891,19281.727,1561.579,26.026,0.5225,66.23,2988.7
chi_meditation,C4,meditation,1909,19295.844,1575.696,26.262,0.5272,73.89,2988.7
chi_meditation,C4,meditation,1927,19310.711,1590.563,26.509,0.5322,76.05,2988.7
chi_meditation,C4,meditation,1945,19326.0,1605.852,26.764,0.5373,67.95,2988.7
chi_meditation,C4,meditation,1963,19340.609,1620.461,27.008,0.5422,66.23,2988.7
chi_meditation,C4,meditation,1981,19355.461,1635.313,27.255,0.5472,76.05,2988.7
chi_meditation,C4,meditation,1999,19370.375,1650.227,27.504,0.5522,87.21,2988.7
chi_meditation,C4,meditation,2017,19385.852,1665.704,27.762,0.5573,88.24,2988.7
chi_meditation,C4,meditation,2035,19401.562,1681.414,28.024,0.5626,78.33,2988.7
chi_meditation,C4,meditation,2053,19416.93,1696.782,28.28,0.5677,75.28,2988.7
chi_meditation,C4,meditation,2071,19431.312,1711.164,28.519,0.5725,84.39,2988.7
chi_meditation,C4,meditation,2089,19446.031,1725.883,28.765,0.5775,83.45,2988.7
chi_meditation,C4,meditation,2107,19461.312,1741.164,29.019,0.5826,66.82,2988.7
chi_meditation,C4,meditation,2125,19477.422,1757.274,29.288,0.588,60.0,2988.7
chi_meditation,C4,meditation,2143,19493.469,1773.321,29.555,0.5933,60.98,2988.7
chi_meditation,C4,meditation,2161,19509.562,1789.414,29.824,0.5987,56.5,2988.7
chi_meditation,C4,meditation,2179,19525.859,1805.711,30.095,0.6042,63.97,2988.7
chi_meditation,C4,meditation,2197,19541.32,1821.172,30.353,0.6094,76.05,2988.7
chi_meditation,C4,meditation,2215,19556.07,1835.922,30.599,0.6143,72.46,2988.7
chi_meditation,C4,meditation,2233,19570.555,1850.407,30.84,0.6191,78.33,2988.7
chi_meditation,C4,meditation,2251,19584.516,1864.368,31.073,0.6238,78.33,2988.7
chi_meditation,C4,meditation,2269,19599.031,1878.883,31.315,0.6287,80.0,2988.7
chi_meditation,C4,meditation,2287,19613.641,1893.493,31.558,0.6336,86.33,2988.7
chi_meditation,C4,meditation,2305,19628.508,1908.36,31.806,0.6385,88.24,2988.7
chi_meditation,C4,meditation,2323,19642.945,1922.797,32.047,0.6434,86.33,2988.7
chi_meditation,C4,meditation,2341,19657.727,1937.579,32.293,0.6483,81.74,2988.7
chi_meditation,C4,meditation,2359,19672.75,1952.602,32.543,0.6533,62.96,2988.7
chi_meditation,C4,meditation,2377,19687.977,1967.829,32.797,0.6584,67.34,2988.7
chi_meditation,C4,meditation,2395,19702.727,1982.579,33.043,0.6634,67.34,2988.7
chi_meditation,C4,meditation,2413,19717.664,1997.516,33.292,0.6684,67.95,2988.7
chi_meditation,C4,meditation,2431,19731.562,2011.414,33.524,0.673,71.09,2988.7
chi_meditation,C4,meditation,2449,19746.195,2026.047,33.767,0.6779,80.0,2988.7
chi_meditation,C4,meditation,2467,19761.031,2040.883,34.015,0.6829,77.62,2988.7
chi_meditation,C4,meditation,2485,19775.398,2055.25,34.254,0.6877,77.62,2988.7
chi_meditation,C4,meditation,2503,19790.141,2069.993,34.5,0.6926,69.85,2988.7
chi_meditation,C4,meditation,2521,19805.25,2085.102,34.752,0.6977,63.49,2988.7
chi_meditation,C4,meditation,2539,19820.148,2100.0,35.0,0.7027,64.52,2988.7
chi_meditation,C4,meditation,2557,19834.633,2114.485,35.241,0.7075,69.2,2988.7
chi_meditation,C4,meditation,2575,19849.289,2129.141,35.486,0.7124,71.09,2988.7
chi_meditation,C4,meditation,2593,19863.828,2143.68,35.728,0.7173,67.34,2988.7
chi_meditation,C4,meditation,2611,19878.086,2157.938,35.966,0.722,70.42,2988.7
chi_meditation,C4,meditation,2629,19893.094,2172.946,36.216,0.7271,60.98,2988.7
chi_meditation,C4,meditation,2647,19908.711,2188.563,36.476,0.7323,61.41,2988.7
chi_meditation,C4,meditation,2665,19923.633,2203.485,36.725,0.7373,69.85,2988.7
chi_meditation,C4,meditation,2683,19937.781,2217.633,36.961,0.742,68.57,2988.7
chi_meditation,C4,meditation,2701,19952.578,2232.43,37.207,0.747,69.85,2988.7
chi_meditation,C4,meditation,2719,19966.625,2246.477,37.441,0.7517,76.82,2988.7
chi_meditation,C4,meditation,2737,19980.836,2260.688,37.678,0.7564,88.24,2988.7
chi_meditation,C4,meditation,2755,19995.188,2275.04,37.917,0.7612,84.39,2988.7
chi_meditation,C4,meditation,2773,20009.469,2289.321,38.155,0.766,87.21,2988.7
chi_meditation,C4,meditation,2791,20024.477,2304.329,38.405,0.771,71.09,2988.7
chi_meditation,C4,meditation,2809,20040.039,2319.891,38.665,0.7762,63.49,2988.7
chi_meditation,C4,meditation,2827,20055.297,2335.149,38.919,0.7813,80.0,2988.7
chi_meditation,C4,meditation,2845,20069.781,2349.633,39.161,0.7862,90.36,2988.7
chi_meditation,C4,meditation,2863,20082.719,2362.571,39.376,0.7905,76.05,2988.7
chi_meditation,C4,meditation,2881,20097.734,2377.586,39.626,0.7955,65.08,2988.7
chi_meditation,C4,meditation,2899,20113.055,2392.907,39.882,0.8007,76.05,2988.7
chi_meditation,C4,meditation,2917,20128.203,2408.055,40.134,0.8057,77.62,2988.7
chi_meditation,C4,meditation,2935,20145.883,2425.735,40.429,0.8116,60.98,2988.7
chi_meditation,C4,meditation,2953,20161.102,2440.954,40.683,0.8167,69.85,2988.7
chi_meditation,C4,meditation,2971,20176.852,2456.704,40.945,0.822,72.46,2988.7
chi_meditation,C4,meditation,2989,20191.352,2471.204,41.187,0.8269,73.17,2988.7
chi_meditation,C4,meditation,3007,20206.703,2486.555,41.443,0.832,84.39,2988.7
chi_meditation,C4,meditation,3025,20222.039,2501.891,41.698,0.8371,69.2,2988.7
chi_meditation,C4,meditation,3043,20237.148,2517.0,41.95,0.8422,83.45,2988.7
chi_meditation,C4,meditation,3061,20251.477,2531.329,42.189,0.847,76.05,2988.7
chi_meditation,C4,meditation,3079,20266.695,2546.547,42.442,0.8521,79.16,2988.7
chi_meditation,C4,meditation,3097,20280.438,2560.29,42.672,0.8567,76.05,2988.7
chi_meditation,C4,meditation,3115,20295.68,2575.532,42.926,0.8618,75.28,2988.7
chi_meditation,C4,meditation,3133,20309.664,2589.516,43.159,0.8664,77.62,2988.7
chi_meditation,C4,meditation,3151,20324.867,2604.719,43.412,0.8715,75.28,2988.7
chi_meditation,C4,meditation,3169,20338.391,2618.243,43.637,0.8761,87.21,2988.7
chi_meditation,C4,meditation,3187,20350.398,2630.25,43.837,0.8801,86.33,2988.7
chi_meditation,C4,meditation,3205,20362.938,2642.79,44.047,0.8843,92.59,2988.7
chi_meditation,C4,meditation,3223,20375.656,2655.508,44.258,0.8885,75.28,2988.7
chi_meditation,C4,meditation,3241,20387.773,2667.625,44.46,0.8926,83.45,2988.7
chi_meditation,C4,meditation,3259,20400.203,2680.055,44.668,0.8967,80.0,2988.7
chi_meditation,C4,meditation,3277,20412.438,2692.29,44.871,0.9008,88.24,2988.7
chi_meditation,C4,meditation,3295,20423.867,2703.719,45.062,0.9047,102.39,2988.7
chi_meditation,C4,meditation,3313,20435.258,2715.11,45.252,0.9085,93.6,2988.7
chi_meditation,C4,meditation,3331,20446.133,2725.985,45.433,0.9121,94.79,2988.7
chi_meditation,C4,meditation,3349,20457.414,2737.266,45.621,0.9159,99.67,2988.7
chi_meditation,C4,meditation,3367,20467.992,2747.844,45.797,0.9194,102.39,2988.7
chi_meditation,C4,meditation,3385,20478.688,2758.54,45.976,0.923,80.0,2988.7
chi_meditation,C4,meditation,3403,20490.656,2770.508,46.175,0.927,103.81,2988.7
chi_meditation,C4,meditation,3421,20504.305,2784.157,46.403,0.9316,71.09,2988.7
chi_meditation,C4,meditation,3439,20517.594,2797.446,46.624,0.936,83.45,2988.7
chi_meditation,C4,meditation,3457,20529.578,2809.43,46.824,0.94,98.52,2988.7
chi_meditation,C4,meditation,3475,20544.094,2823.946,47.066,0.9449,96.0,2988.7
chi_meditation,C4,meditation,3493,20556.164,2836.016,47.267,0.9489,96.0,2988.7
chi_meditation,C4,meditation,3511,20568.961,2848.813,47.48,0.9532,94.79,2988.7
chi_meditation,C4,meditation,3529,20581.93,2861.782,47.696,0.9575,99.67,2988.7
chi_meditation,C4,meditation,3547,20595.023,2874.875,47.915,0.9619,86.33,2988.7
chi_meditation,C4,meditation,3565,20608.789,2888.641,48.144,0.9665,63.97,2988.7
chi_meditation,C4,meditation,3583,20622.383,2902.235,48.371,0.9711,71.77,2988.7
chi_meditation,C4,meditation,3601,20636.531,2916.383,48.606,0.9758,79.16,2988.7
chi_meditation,C4,meditation,3619,20650.094,2929.946,48.832,0.9804,90.36,2988.7
chi_meditation,C4,meditation,3637,20663.602,2943.454,49.058,0.9849,79.16,2988.7
chi_meditation,C4,meditation,3655,20675.531,2955.383,49.256,0.9889,90.36,2988.7
chi_meditation,C4,meditation,3673,20688.703,2968.555,49.476,0.9933,76.05,2988.7
chi_meditation,C4,meditation,3691,20702.812,2982.664,49.711,0.998,77.62,2988.7
chi_meditation,C4,pre_meditation,1,14132.93,0.0,0.0,0.0,60.0,3489.7
chi_meditation,C4,pre_meditation,24,14155.656,22.726,0.379,0.0065,68.57,3489.7
chi_meditation,C4,pre_meditation,47,14173.922,40.992,0.683,0.0117,65.65,3489.7
chi_meditation,C4,pre_meditation,70,14194.961,62.031,1.034,0.0178,63.97,3489.7
chi_meditation,C4,pre_meditation,93,14217.195,84.265,1.404,0.0241,59.06,3489.7
chi_meditation,C4,pre_meditation,116,14239.773,106.843,1.781,0.0306,56.5,3489.7
chi_meditation,C4,pre_meditation,139,14261.586,128.656,2.144,0.0369,67.34,3489.7
chi_meditation,C4,pre_meditation,162,14283.57,150.64,2.511,0.0432,60.48,3489.7
chi_meditation,C4,pre_meditation,185,14306.609,173.679,2.895,0.0498,60.98,3489.7
chi_meditation,C4,pre_meditation,208,14328.531,195.601,3.26,0.0561,63.97,3489.7
chi_meditation,C4,pre_meditation,231,14352.125,219.195,3.653,0.0628,60.0,3489.7
chi_meditation,C4,pre_meditation,254,14375.547,242.617,4.044,0.0695,59.52,3489.7
chi_meditation,C4,pre_meditation,277,14397.18,264.25,4.404,0.0757,74.53,3489.7
chi_meditation,C4,pre_meditation,300,14418.039,285.109,4.752,0.0817,60.98,3489.7
chi_meditation,C4,pre_meditation,323,14439.648,306.718,5.112,0.0879,60.48,3489.7
chi_meditation,C4,pre_meditation,346,14464.016,331.086,5.518,0.0949,54.84,3489.7
chi_meditation,C4,pre_meditation,369,14484.422,351.492,5.858,0.1007,84.39,3489.7
chi_meditation,C4,pre_meditation,392,14502.883,369.953,6.166,0.106,67.95,3489.7
chi_meditation,C4,pre_meditation,415,14525.531,392.601,6.543,0.1125,57.75,3489.7
chi_meditation,C4,pre_meditation,438,14548.297,415.367,6.923,0.119,79.16,3489.7
chi_meditation,C4,pre_meditation,461,14566.664,433.734,7.229,0.1243,67.34,3489.7
chi_meditation,C4,pre_meditation,484,14588.117,455.187,7.586,0.1304,67.34,3489.7
chi_meditation,C4,pre_meditation,507,14608.992,476.062,7.934,0.1364,60.48,3489.7
chi_meditation,C4,pre_meditation,530,14630.93,498.0,8.3,0.1427,59.06,3489.7
chi_meditation,C4,pre_meditation,553,14653.281,520.351,8.673,0.1491,91.46,3489.7
chi_meditation,C4,pre_meditation,576,14666.344,533.414,8.89,0.1529,109.69,3489.7
chi_meditation,C4,pre_meditation,599,14682.508,549.578,9.16,0.1575,97.24,3489.7
chi_meditation,C4,pre_meditation,622,14697.727,564.797,9.413,0.1618,79.16,3489.7
chi_meditation,C4,pre_meditation,645,14713.312,580.382,9.673,0.1663,97.24,3489.7
chi_meditation,C4,pre_meditation,668,14727.25,594.32,9.905,0.1703,105.26,3489.7
chi_meditation,C4,pre_meditation,691,14743.164,610.234,10.171,0.1749,77.62,3489.7
chi_meditation,C4,pre_meditation,714,14758.898,625.968,10.433,0.1794,85.35,3489.7
chi_meditation,C4,pre_meditation,737,14774.336,641.406,10.69,0.1838,98.52,3489.7
chi_meditation,C4,pre_meditation,760,14789.117,656.187,10.936,0.188,99.67,3489.7
chi_meditation,C4,pre_meditation,783,14802.461,669.531,11.159,0.1919,102.39,3489.7
chi_meditation,C4,pre_meditation,806,14816.57,683.64,11.394,0.1959,99.67,3489.7
chi_meditation,C4,pre_meditation,829,14831.305,698.375,11.64,0.2001,88.24,3489.7
chi_meditation,C4,pre_meditation,852,14846.859,713.929,11.899,0.2046,92.59,3489.7
chi_meditation,C4,pre_meditation,875,14862.422,729.492,12.158,0.209,78.33,3489.7
chi_meditation,C4,pre_meditation,898,14878.398,745.468,12.424,0.2136,93.6,3489.7
chi_meditation,C4,pre_meditation,921,14893.57,760.64,12.677,0.218,87.21,3489.7
chi_meditation,C4,pre_meditation,944,14908.836,775.906,12.932,0.2223,93.6,3489.7
chi_meditation,C4,pre_meditation,967,14923.375,790.445,13.174,0.2265,96.0,3489.7
chi_meditation,C4,pre_meditation,990,14938.773,805.843,13.431,0.2309,84.39,3489.7
chi_meditation,C4,pre_meditation,1013,14954.281,821.351,13.689,0.2354,98.52,3489.7
chi_meditation,C4,pre_meditation,1036,14968.977,836.047,13.934,0.2396,90.36,3489.7
chi_meditation,C4,pre_meditation,1059,14984.133,851.203,14.187,0.2439,84.39,3489.7
chi_meditation,C4,pre_meditation,1082,14999.875,866.945,14.449,0.2484,96.0,3489.7
chi_meditation,C4,pre_meditation,1105,15015.141,882.211,14.704,0.2528,97.24,3489.7
chi_meditation,C4,pre_meditation,1128,15028.781,895.851,14.931,0.2567,105.26,3489.7
chi_meditation,C4,pre_meditation,1151,15043.031,910.101,15.168,0.2608,85.35,3489.7
chi_meditation,C4,pre_meditation,1174,15057.742,924.812,15.414,0.265,84.39,3489.7
chi_meditation,C4,pre_meditation,1197,15073.219,940.289,15.671,0.2694,92.59,3489.7
chi_meditation,C4,pre_meditation,1220,15087.859,954.929,15.915,0.2736,87.21,3489.7
chi_meditation,C4,pre_meditation,1243,15102.898,969.968,16.166,0.278,92.59,3489.7
chi_meditation,C4,pre_meditation,1266,15119.5,986.57,16.443,0.2827,80.86,3489.7
chi_meditation,C4,pre_meditation,1289,15135.242,1002.312,16.705,0.2872,94.79,3489.7
chi_meditation,C4,pre_meditation,1312,15148.797,1015.867,16.931,0.2911,111.32,3489.7
chi_meditation,C4,pre_meditation,1335,15161.242,1028.312,17.139,0.2947,106.76,3489.7
chi_meditation,C4,pre_meditation,1358,15173.453,1040.523,17.342,0.2982,109.69,3489.7
chi_meditation,C4,pre_meditation,1381,15186.273,1053.343,17.556,0.3018,91.46,3489.7
chi_meditation,C4,pre_meditation,1404,15200.875,1067.945,17.799,0.306,99.67,3489.7
chi_meditation,C4,pre_meditation,1427,15216.633,1083.703,18.062,0.3105,82.53,3489.7
chi_meditation,C4,pre_meditation,1450,15233.586,1100.656,18.344,0.3154,81.74,3489.7
chi_meditation,C4,pre_meditation,1473,15250.766,1117.836,18.631,0.3203,76.82,3489.7
chi_meditation,C4,pre_meditation,1496,15268.773,1135.843,18.931,0.3255,76.05,3489.7
chi_meditation,C4,pre_meditation,1519,15287.578,1154.648,19.244,0.3309,71.09,3489.7
chi_meditation,C4,pre_meditation,1542,15307.977,1175.047,19.584,0.3367,61.41,3489.7
chi_meditation,C4,pre_meditation,1565,15328.109,1195.179,19.92,0.3425,80.86,3489.7
chi_meditation,C4,pre_meditation,1588,15344.211,1211.281,20.188,0.3471,82.53,3489.7
chi_meditation,C4,pre_meditation,1611,15359.547,1226.617,20.444,0.3515,93.6,3489.7
chi_meditation,C4,pre_meditation,1634,15376.445,1243.515,20.725,0.3563,69.85,3489.7
chi_meditation,C4,pre_meditation,1657,15396.195,1263.265,21.054,0.362,71.77,3489.7
chi_meditation,C4,pre_meditation,1680,15414.656,1281.726,21.362,0.3673,80.0,3489.7
chi_meditation,C4,pre_meditation,1703,15431.359,1298.429,21.64,0.3721,81.74,3489.7
chi_meditation,C4,pre_meditation,1726,15446.188,1313.258,21.888,0.3763,112.99,3489.7
chi_meditation,C4,pre_meditation,1749,15458.273,1325.343,22.089,0.3798,118.11,3489.7
chi_meditation,C4,pre_meditation,1772,15470.375,1337.445,22.291,0.3833,105.26,3489.7
chi_meditation,C4,pre_meditation,1795,15483.82,1350.89,22.515,0.3871,94.79,3489.7
chi_meditation,C4,pre_meditation,1818,15498.227,1365.297,22.755,0.3912,96.0,3489.7
chi_meditation,C4,pre_meditation,1841,15514.367,1381.437,23.024,0.3959,87.21,3489.7
chi_meditation,C4,pre_meditation,1864,15529.18,1396.25,23.271,0.4001,96.0,3489.7
chi_meditation,C4,pre_meditation,1887,15542.852,1409.922,23.499,0.404,103.81,3489.7
chi_meditation,C4,pre_meditation,1910,15556.289,1423.359,23.723,0.4079,93.6,3489.7
chi_meditation,C4,pre_meditation,1933,15571.805,1438.875,23.981,0.4123,76.82,3489.7
chi_meditation,C4,pre_meditation,1956,15589.539,1456.609,24.277,0.4174,80.86,3489.7
chi_meditation,C4,pre_meditation,1979,15608.32,1475.39,24.59,0.4228,69.85,3489.7
chi_meditation,C4,pre_meditation,2002,15627.258,1494.328,24.905,0.4282,69.85,3489.7
chi_meditation,C4,pre_meditation,2025,15646.203,1513.273,25.221,0.4336,78.33,3489.7
chi_meditation,C4,pre_meditation,2048,15663.992,1531.062,25.518,0.4387,82.53,3489.7
chi_meditation,C4,pre_meditation,2071,15682.344,1549.414,25.824,0.444,83.45,3489.7
chi_meditation,C4,pre_meditation,2094,15700.242,1567.312,26.122,0.4491,85.35,3489.7
chi_meditation,C4,pre_meditation,2117,15719.297,1586.367,26.439,0.4546,74.53,3489.7
chi_meditation,C4,pre_meditation,2140,15737.055,1604.125,26.735,0.4597,83.45,3489.7
chi_meditation,C4,pre_meditation,2163,15754.312,1621.382,27.023,0.4646,71.09,3489.7
chi_meditation,C4,pre_meditation,2186,15772.078,1639.148,27.319,0.4697,79.16,3489.7
chi_meditation,C4,pre_meditation,2209,15789.797,1656.867,27.614,0.4748,76.82,3489.7
chi_meditation,C4,pre_meditation,2232,15806.617,1673.687,27.895,0.4796,85.35,3489.7
chi_meditation,C4,pre_meditation,2255,15823.328,1690.398,28.173,0.4844,84.39,3489.7
chi_meditation,C4,pre_meditation,2278,15839.172,1706.242,28.437,0.4889,88.24,3489.7
chi_meditation,C4,pre_meditation,2301,15854.219,1721.289,28.688,0.4933,77.62,3489.7
chi_meditation,C4,pre_meditation,2324,15868.844,1735.914,28.932,0.4974,106.76,3489.7
chi_meditation,C4,pre_meditation,2347,15882.625,1749.695,29.162,0.5014,96.0,3489.7
chi_meditation,C4,pre_meditation,2370,15896.211,1763.281,29.388,0.5053,108.11,3489.7
chi_meditation,C4,pre_meditation,2393,15908.344,1775.414,29.59,0.5088,106.76,3489.7
chi_meditation,C4,pre_meditation,2416,15921.445,1788.515,29.809,0.5125,98.52,3489.7
chi_meditation,C4,pre_meditation,2439,15934.422,1801.492,30.025,0.5162,109.69,3489.7
chi_meditation,C4,pre_meditation,2462,15946.727,1813.797,30.23,0.5198,116.28,3489.7
chi_meditation,C4,pre_meditation,2485,15959.0,1826.07,30.434,0.5233,116.28,3489.7
chi_meditation,C4,pre_meditation,2508,15971.062,1838.132,30.636,0.5267,112.99,3489.7
chi_meditation,C4,pre_meditation,2531,15983.727,1850.797,30.847,0.5304,106.76,3489.7
chi_meditation,C4,pre_meditation,2554,15996.023,1863.093,31.052,0.5339,112.99,3489.7
chi_meditation,C4,pre_meditation,2577,16008.281,1875.351,31.256,0.5374,112.99,3489.7
chi_meditation,C4,pre_meditation,2600,16020.172,1887.242,31.454,0.5408,114.72,3489.7
chi_meditation,C4,pre_meditation,2623,16032.766,1899.836,31.664,0.5444,105.26,3489.7
chi_meditation,C4,pre_meditation,2646,16045.75,1912.82,31.88,0.5481,105.26,3489.7
chi_meditation,C4,pre_meditation,2669,16058.711,1925.781,32.096,0.5519,105.26,3489.7
chi_meditation,C4,pre_meditation,2692,16072.039,1939.109,32.318,0.5557,102.39,3489.7
chi_meditation,C4,pre_meditation,2715,16085.336,1952.406,32.54,0.5595,108.11,3489.7
chi_meditation,C4,pre_meditation,2738,16098.43,1965.5,32.758,0.5632,106.76,3489.7
chi_meditation,C4,pre_meditation,2761,16111.359,1978.429,32.974,0.5669,114.72,3489.7
chi_meditation,C4,pre_meditation,2784,16125.586,1992.656,33.211,0.571,98.52,3489.7
chi_meditation,C4,pre_meditation,2807,16138.609,2005.679,33.428,0.5747,111.32,3489.7
chi_meditation,C4,pre_meditation,2830,16150.305,2017.375,33.623,0.5781,114.72,3489.7
chi_meditation,C4,pre_meditation,2853,16162.539,2029.609,33.827,0.5816,114.72,3489.7
chi_meditation,C4,pre_meditation,2876,16175.102,2042.172,34.036,0.5852,108.11,3489.7
chi_meditation,C4,pre_meditation,2899,16187.781,2054.851,34.248,0.5888,106.76,3489.7
chi_meditation,C4,pre_meditation,2922,16200.328,2067.398,34.457,0.5924,111.32,3489.7
chi_meditation,C4,pre_meditation,2945,16212.273,2079.343,34.656,0.5959,125.79,3489.7
chi_meditation,C4,pre_meditation,2968,16224.758,2091.828,34.864,0.5994,102.39,3489.7
chi_meditation,C4,pre_meditation,2991,16238.586,2105.656,35.094,0.6034,86.33,3489.7
chi_meditation,C4,pre_meditation,3014,16253.891,2120.961,35.349,0.6078,97.24,3489.7
chi_meditation,C4,pre_meditation,3037,16269.859,2136.929,35.615,0.6124,88.24,3489.7
chi_meditation,C4,pre_meditation,3060,16286.562,2153.632,35.894,0.6171,75.28,3489.7
chi_meditation,C4,pre_meditation,3083,16305.898,2172.968,36.216,0.6227,62.44,3489.7
chi_meditation,C4,pre_meditation,3106,16325.633,2192.703,36.545,0.6283,72.46,3489.7
chi_meditation,C4,pre_meditation,3129,16344.469,2211.539,36.859,0.6337,88.24,3489.7
chi_meditation,C4,pre_meditation,3152,16361.344,2228.414,37.14,0.6386,78.33,3489.7
chi_meditation,C4,pre_meditation,3175,16378.672,2245.742,37.429,0.6435,77.62,3489.7
chi_meditation,C4,pre_meditation,3198,16394.984,2262.054,37.701,0.6482,83.45,3489.7
chi_meditation,C4,pre_meditation,3221,16412.406,2279.476,37.991,0.6532,80.0,3489.7
chi_meditation,C4,pre_meditation,3244,16430.398,2297.468,38.291,0.6584,85.35,3489.7
chi_meditation,C4,pre_meditation,3267,16447.328,2314.398,38.573,0.6632,74.53,3489.7
chi_meditation,C4,pre_meditation,3290,16464.891,2331.961,38.866,0.6682,83.45,3489.7
chi_meditation,C4,pre_meditation,3313,16482.141,2349.211,39.154,0.6732,77.62,3489.7
chi_meditation,C4,pre_meditation,3336,16499.18,2366.25,39.438,0.6781,76.82,3489.7
chi_meditation,C4,pre_meditation,3359,16516.023,2383.093,39.718,0.6829,80.86,3489.7
chi_meditation,C4,pre_meditation,3382,16533.555,2400.625,40.01,0.6879,76.82,3489.7
chi_meditation,C4,pre_meditation,3405,16550.289,2417.359,40.289,0.6927,80.0,3489.7
chi_meditation,C4,pre_meditation,3428,16567.852,2434.922,40.582,0.6978,79.16,3489.7
chi_meditation,C4,pre_meditation,3451,16584.578,2451.648,40.861,0.7025,80.86,3489.7
chi_meditation,C4,pre_meditation,3474,16601.633,2468.703,41.145,0.7074,84.39,3489.7
chi_meditation,C4,pre_meditation,3497,16619.836,2486.906,41.448,0.7126,73.17,3489.7
chi_meditation,C4,pre_meditation,3520,16637.93,2505.0,41.75,0.7178,84.39,3489.7
chi_meditation,C4,pre_meditation,3543,16655.094,2522.164,42.036,0.7228,72.46,3489.7
chi_meditation,C4,pre_meditation,3566,16674.297,2541.367,42.356,0.7283,73.89,3489.7
chi_meditation,C4,pre_meditation,3589,16693.141,2560.211,42.67,0.7337,81.74,3489.7
chi_meditation,C4,pre_meditation,3612,16711.648,2578.718,42.979,0.739,64.52,3489.7
chi_meditation,C4,pre_meditation,3635,16729.312,2596.382,43.273,0.744,83.45,3489.7
chi_meditation,C4,pre_meditation,3658,16747.312,2614.382,43.573,0.7492,71.09,3489.7
chi_meditation,C4,pre_meditation,3681,16764.617,2631.687,43.861,0.7541,83.45,3489.7
chi_meditation,C4,pre_meditation,3704,16782.477,2649.547,44.159,0.7593,76.05,3489.7
chi_meditation,C4,pre_meditation,3727,16801.984,2669.054,44.484,0.7648,69.85,3489.7
chi_meditation,C4,pre_meditation,3750,16819.703,2686.773,44.78,0.7699,82.53,3489.7
chi_meditation,C4,pre_meditation,3773,16837.406,2704.476,45.075,0.775,81.74,3489.7
chi_meditation,C4,pre_meditation,3796,16855.062,2722.132,45.369,0.7801,77.62,3489.7
chi_meditation,C4,pre_meditation,3819,16872.75,2739.82,45.664,0.7851,76.82,3489.7
chi_meditation,C4,pre_meditation,3842,16891.453,2758.523,45.975,0.7905,71.77,3489.7
chi_meditation,C4,pre_meditation,3865,16909.945,2777.015,46.284,0.7958,76.82,3489.7
chi_meditation,C4,pre_meditation,3888,16928.117,2795.187,46.586,0.801,78.33,3489.7
chi_meditation,C4,pre_meditation,3911,16945.977,2813.047,46.884,0.8061,76.05,3489.7
chi_meditation,C4,pre_meditation,3934,16964.664,2831.734,47.196,0.8115,68.57,3489.7
chi_meditation,C4,pre_meditation,3957,16983.453,2850.523,47.509,0.8168,77.62,3489.7
chi_meditation,C4,pre_meditation,3980,16999.5,2866.57,47.776,0.8214,85.35,3489.7
chi_meditation,C4,pre_meditation,4003,17016.156,2883.226,48.054,0.8262,87.21,3489.7
chi_meditation,C4,pre_meditation,4026,17033.164,2900.234,48.337,0.8311,81.74,3489.7
chi_meditation,C4,pre_meditation,4049,17051.094,2918.164,48.636,0.8362,73.17,3489.7
chi_meditation,C4,pre_meditation,4072,17070.453,2937.523,48.959,0.8418,69.2,3489.7
chi_meditation,C4,pre_meditation,4095,17090.75,2957.82,49.297,0.8476,61.92,3489.7
chi_meditation,C4,pre_meditation,4118,17111.273,2978.343,49.639,0.8535,67.34,3489.7
chi_meditation,C4,pre_meditation,4141,17131.516,2998.586,49.976,0.8593,69.2,3489.7
chi_meditation,C4,pre_meditation,4164,17151.078,3018.148,50.302,0.8649,69.85,3489.7
chi_meditation,C4,pre_meditation,4187,17169.648,3036.718,50.612,0.8702,75.28,3489.7
chi_meditation,C4,pre_meditation,4210,17188.156,3055.226,50.92,0.8755,76.82,3489.7
chi_meditation,C4,pre_meditation,4233,17206.625,3073.695,51.228,0.8808,73.89,3489.7
chi_meditation,C4,pre_meditation,4256,17225.086,3092.156,51.536,0.8861,73.17,3489.7
chi_meditation,C4,pre_meditation,4279,17244.609,3111.679,51.861,0.8917,83.45,3489.7
chi_meditation,C4,pre_meditation,4302,17263.727,3130.797,52.18,0.8972,69.2,3489.7
chi_meditation,C4,pre_meditation,4325,17283.383,3150.453,52.508,0.9028,72.46,3489.7
chi_meditation,C4,pre_meditation,4348,17303.523,3170.593,52.843,0.9086,69.85,3489.7
chi_meditation,C4,pre_meditation,4371,17322.195,3189.265,53.154,0.9139,65.08,3489.7
chi_meditation,C4,pre_meditation,4394,17340.445,3207.515,53.459,0.9191,73.89,3489.7
chi_meditation,C4,pre_meditation,4417,17360.93,3228.0,53.8,0.925,64.52,3489.7
chi_meditation,C4,pre_meditation,4440,17379.391,3246.461,54.108,0.9303,77.62,3489.7
chi_meditation,C4,pre_meditation,4463,17399.234,3266.304,54.438,0.936,67.34,3489.7
chi_meditation,C4,pre_meditation,4486,17418.133,3285.203,54.753,0.9414,80.0,3489.7
chi_meditation,C4,pre_meditation,4509,17434.711,3301.781,55.03,0.9462,88.24,3489.7
chi_meditation,C4,pre_meditation,4532,17453.438,3320.508,55.342,0.9515,70.42,3489.7
chi_meditation,C4,pre_meditation,4555,17472.766,3339.836,55.664,0.9571,72.46,3489.7
chi_meditation,C4,pre_meditation,4578,17491.367,3358.437,55.974,0.9624,76.05,3489.7
chi_meditation,C4,pre_meditation,4601,17509.188,3376.258,56.271,0.9675,75.28,3489.7
chi_meditation,C4,pre_meditation,4624,17527.352,3394.422,56.574,0.9727,81.74,3489.7
chi_meditation,C4,pre_meditation,4647,17545.391,3412.461,56.874,0.9779,80.86,3489.7
chi_meditation,C4,pre_meditation,4670,17558.391,3425.461,57.091,0.9816,118.11,3489.7
chi_meditation,C4,pre_meditation,4693,17570.641,3437.711,57.295,0.9851,103.81,3489.7
chi_meditation,C4,pre_meditation,4716,17587.531,3454.601,57.577,0.99,70.42,3489.7
chi_meditation,C4,pre_meditation,4739,17608.016,3475.086,57.918,0.9958,66.82,3489.7
chi_meditation,C5,meditation,1,29760.805,0.0,0.0,0.0,68.57,3443.2
chi_meditation,C5,meditation,20,29777.016,16.211,0.27,0.0047,71.09,3443.2
chi_meditation,C5,meditation,39,29792.742,31.937,0.532,0.0093,78.33,3443.2
chi_meditation,C5,meditation,58,29808.633,47.828,0.797,0.0139,68.57,3443.2
chi_meditation,C5,meditation,77,29825.305,64.5,1.075,0.0187,68.57,3443.2
chi_meditation,C5,meditation,96,29841.914,81.109,1.352,0.0236,69.85,3443.2
chi_meditation,C5,meditation,115,29858.219,97.414,1.624,0.0283,68.57,3443.2
chi_meditation,C5,meditation,134,29874.617,113.812,1.897,0.0331,71.77,3443.2
chi_meditation,C5,meditation,153,29889.93,129.125,2.152,0.0375,71.77,3443.2
chi_meditation,C5,meditation,172,29906.18,145.375,2.423,0.0422,73.17,3443.2
chi_meditation,C5,meditation,191,29922.43,161.625,2.694,0.0469,69.2,3443.2
chi_meditation,C5,meditation,210,29938.828,178.023,2.967,0.0517,66.82,3443.2
chi_meditation,C5,meditation,229,29955.164,194.359,3.239,0.0564,68.57,3443.2
chi_meditation,C5,meditation,248,29971.594,210.789,3.513,0.0612,69.2,3443.2
chi_meditation,C5,meditation,267,29988.414,227.609,3.793,0.0661,73.89,3443.2
chi_meditation,C5,meditation,286,30005.273,244.468,4.074,0.071,65.08,3443.2
chi_meditation,C5,meditation,305,30021.797,260.992,4.35,0.0758,65.65,3443.2
chi_meditation,C5,meditation,324,30038.609,277.804,4.63,0.0807,68.57,3443.2
chi_meditation,C5,meditation,343,30054.727,293.922,4.899,0.0854,66.82,3443.2
chi_meditation,C5,meditation,362,30072.109,311.304,5.188,0.0904,63.97,3443.2
chi_meditation,C5,meditation,381,30088.672,327.867,5.464,0.0952,70.42,3443.2
chi_meditation,C5,meditation,400,30105.367,344.562,5.743,0.1001,69.85,3443.2
chi_meditation,C5,meditation,419,30122.297,361.492,6.025,0.105,63.49,3443.2
chi_meditation,C5,meditation,438,30139.125,378.32,6.305,0.1099,69.85,3443.2
chi_meditation,C5,meditation,457,30156.281,395.476,6.591,0.1149,69.2,3443.2
chi_meditation,C5,meditation,476,30173.266,412.461,6.874,0.1198,63.49,3443.2
chi_meditation,C5,meditation,495,30190.812,430.007,7.167,0.1249,64.52,3443.2
chi_meditation,C5,meditation,514,30207.531,446.726,7.445,0.1297,66.82,3443.2
chi_meditation,C5,meditation,533,30224.242,463.437,7.724,0.1346,63.49,3443.2
chi_meditation,C5,meditation,552,30241.688,480.883,8.015,0.1397,63.97,3443.2
chi_meditation,C5,meditation,571,30258.125,497.32,8.289,0.1444,71.09,3443.2
chi_meditation,C5,meditation,590,30275.266,514.461,8.574,0.1494,64.52,3443.2
chi_meditation,C5,meditation,609,30292.336,531.531,8.859,0.1544,65.08,3443.2
chi_meditation,C5,meditation,628,30309.203,548.398,9.14,0.1593,64.52,3443.2
chi_meditation,C5,meditation,647,30326.438,565.633,9.427,0.1643,71.77,3443.2
chi_meditation,C5,meditation,666,30343.297,582.492,9.708,0.1692,64.52,3443.2
chi_meditation,C5,meditation,685,30359.766,598.961,9.983,0.174,66.23,3443.2
chi_meditation,C5,meditation,704,30376.914,616.109,10.268,0.1789,73.89,3443.2
chi_meditation,C5,meditation,723,30393.828,633.023,10.55,0.1838,70.42,3443.2
chi_meditation,C5,meditation,742,30410.43,649.625,10.827,0.1887,66.23,3443.2
chi_meditation,C5,meditation,761,30426.922,666.117,11.102,0.1935,69.2,3443.2
chi_meditation,C5,meditation,780,30443.812,683.007,11.383,0.1984,64.52,3443.2
chi_meditation,C5,meditation,799,30460.633,699.828,11.664,0.2032,62.96,3443.2
chi_meditation,C5,meditation,818,30477.391,716.586,11.943,0.2081,66.23,3443.2
chi_meditation,C5,meditation,837,30494.656,733.851,12.231,0.2131,66.23,3443.2
chi_meditation,C5,meditation,856,30511.711,750.906,12.515,0.2181,73.17,3443.2
chi_meditation,C5,meditation,875,30528.547,767.742,12.796,0.223,72.46,3443.2
chi_meditation,C5,meditation,894,30545.516,784.711,13.079,0.2279,62.96,3443.2
chi_meditation,C5,meditation,913,30562.391,801.586,13.36,0.2328,68.57,3443.2
chi_meditation,C5,meditation,932,30579.531,818.726,13.645,0.2378,69.85,3443.2
chi_meditation,C5,meditation,951,30597.023,836.218,13.937,0.2429,67.34,3443.2
chi_meditation,C5,meditation,970,30613.539,852.734,14.212,0.2477,65.08,3443.2
chi_meditation,C5,meditation,989,30629.844,869.039,14.484,0.2524,64.52,3443.2
chi_meditation,C5,meditation,1008,30646.969,886.164,14.769,0.2574,70.42,3443.2
chi_meditation,C5,meditation,1027,30663.617,902.812,15.047,0.2622,73.89,3443.2
chi_meditation,C5,meditation,1046,30680.18,919.375,15.323,0.267,65.08,3443.2
chi_meditation,C5,meditation,1065,30697.086,936.281,15.605,0.2719,67.34,3443.2
chi_meditation,C5,meditation,1084,30714.297,953.492,15.892,0.2769,72.46,3443.2
chi_meditation,C5,meditation,1103,30731.336,970.531,16.176,0.2819,65.08,3443.2
chi_meditation,C5,meditation,1122,30748.648,987.843,16.464,0.2869,74.53,3443.2
chi_meditation,C5,meditation,1141,30766.109,1005.304,16.755,0.292,67.34,3443.2
chi_meditation,C5,meditation,1160,30782.5,1021.695,17.028,0.2967,70.42,3443.2
chi_meditation,C5,meditation,1179,30799.914,1039.109,17.318,0.3018,67.95,3443.2
chi_meditation,C5,meditation,1198,30816.984,1056.179,17.603,0.3067,67.95,3443.2
chi_meditation,C5,meditation,1217,30834.156,1073.351,17.889,0.3117,63.49,3443.2
chi_meditation,C5,meditation,1236,30851.211,1090.406,18.173,0.3167,63.97,3443.2
chi_meditation,C5,meditation,1255,30867.859,1107.054,18.451,0.3215,63.49,3443.2
chi_meditation,C5,meditation,1274,30884.945,1124.14,18.736,0.3265,73.89,3443.2
chi_meditation,C5,meditation,1293,30901.883,1141.078,19.018,0.3314,69.2,3443.2
chi_meditation,C5,meditation,1312,30917.672,1156.867,19.281,0.336,63.97,3443.2
chi_meditation,C5,meditation,1331,30934.859,1174.054,19.568,0.341,63.97,3443.2
chi_meditation,C5,meditation,1350,30951.656,1190.851,19.848,0.3459,78.33,3443.2
chi_meditation,C5,meditation,1369,30968.844,1208.039,20.134,0.3508,62.96,3443.2
chi_meditation,C5,meditation,1388,30985.977,1225.172,20.42,0.3558,67.34,3443.2
chi_meditation,C5,meditation,1407,31002.906,1242.101,20.702,0.3607,67.95,3443.2
chi_meditation,C5,meditation,1426,31020.445,1259.64,20.994,0.3658,75.28,3443.2
chi_meditation,C5,meditation,1445,31037.273,1276.468,21.274,0.3707,71.77,3443.2
chi_meditation,C5,meditation,1464,31054.586,1293.781,21.563,0.3757,64.52,3443.2
chi_meditation,C5,meditation,1483,31071.375,1310.57,21.843,0.3806,62.96,3443.2
chi_meditation,C5,meditation,1502,31088.219,1327.414,22.124,0.3855,71.09,3443.2
chi_meditation,C5,meditation,1521,31105.383,1344.578,22.41,0.3905,69.85,3443.2
chi_meditation,C5,meditation,1540,31122.328,1361.523,22.692,0.3954,69.85,3443.2
chi_meditation,C5,meditation,1559,31139.672,1378.867,22.981,0.4005,65.65,3443.2
chi_meditation,C5,meditation,1578,31156.352,1395.547,23.259,0.4053,66.82,3443.2
chi_meditation,C5,meditation,1597,31173.547,1412.742,23.546,0.4103,69.85,3443.2
chi_meditation,C5,meditation,1616,31189.688,1428.883,23.815,0.415,71.77,3443.2
chi_meditation,C5,meditation,1635,31206.609,1445.804,24.097,0.4199,67.95,3443.2
chi_meditation,C5,meditation,1654,31223.977,1463.172,24.386,0.4249,63.49,3443.2
chi_meditation,C5,meditation,1673,31240.891,1480.086,24.668,0.4299,73.89,3443.2
chi_meditation,C5,meditation,1692,31258.57,1497.765,24.963,0.435,61.92,3443.2
chi_meditation,C5,meditation,1711,31275.727,1514.922,25.249,0.44,67.95,3443.2
chi_meditation,C5,meditation,1730,31292.547,1531.742,25.529,0.4449,66.82,3443.2
chi_meditation,C5,meditation,1749,31309.703,1548.898,25.815,0.4498,61.92,3443.2
chi_meditation,C5,meditation,1768,31326.438,1565.633,26.094,0.4547,70.42,3443.2
chi_meditation,C5,meditation,1787,31343.977,1583.172,26.386,0.4598,63.97,3443.2
chi_meditation,C5,meditation,1806,31361.289,1600.484,26.675,0.4648,66.23,3443.2
chi_meditation,C5,meditation,1825,31377.961,1617.156,26.953,0.4697,79.16,3443.2
chi_meditation,C5,meditation,1844,31395.031,1634.226,27.237,0.4746,64.52,3443.2
chi_meditation,C5,meditation,1863,31411.656,1650.851,27.514,0.4795,76.05,3443.2
chi_meditation,C5,meditation,1882,31428.508,1667.703,27.795,0.4843,65.65,3443.2
chi_meditation,C5,meditation,1901,31446.023,1685.218,28.087,0.4894,66.82,3443.2
chi_meditation,C5,meditation,1920,31462.914,1702.109,28.368,0.4943,62.96,3443.2
chi_meditation,C5,meditation,1939,31480.398,1719.593,28.66,0.4994,67.34,3443.2
chi_meditation,C5,meditation,1958,31497.742,1736.937,28.949,0.5045,65.65,3443.2
chi_meditation,C5,meditation,1977,31514.312,1753.507,29.225,0.5093,66.23,3443.2
chi_meditation,C5,meditation,1996,31531.445,1770.64,29.511,0.5142,63.49,3443.2
chi_meditation,C5,meditation,2015,31548.555,1787.75,29.796,0.5192,67.95,3443.2
chi_meditation,C5,meditation,2034,31565.938,1805.133,30.086,0.5243,67.34,3443.2
chi_meditation,C5,meditation,2053,31582.695,1821.89,30.365,0.5291,69.85,3443.2
chi_meditation,C5,meditation,2072,31599.922,1839.117,30.652,0.5341,65.65,3443.2
chi_meditation,C5,meditation,2091,31616.922,1856.117,30.935,0.5391,63.97,3443.2
chi_meditation,C5,meditation,2110,31634.469,1873.664,31.228,0.5442,66.82,3443.2
chi_meditation,C5,meditation,2129,31651.578,1890.773,31.513,0.5491,65.65,3443.2
chi_meditation,C5,meditation,2148,31668.32,1907.515,31.792,0.554,65.08,3443.2
chi_meditation,C5,meditation,2167,31685.219,1924.414,32.074,0.5589,80.86,3443.2
chi_meditation,C5,meditation,2186,31701.844,1941.039,32.351,0.5637,65.65,3443.2
chi_meditation,C5,meditation,2205,31718.508,1957.703,32.628,0.5686,67.34,3443.2
chi_meditation,C5,meditation,2224,31735.367,1974.562,32.909,0.5735,73.89,3443.2
chi_meditation,C5,meditation,2243,31752.32,1991.515,33.192,0.5784,63.97,3443.2
chi_meditation,C5,meditation,2262,31769.5,2008.695,33.478,0.5834,69.2,3443.2
chi_meditation,C5,meditation,2281,31786.773,2025.968,33.766,0.5884,70.42,3443.2
chi_meditation,C5,meditation,2300,31803.234,2042.429,34.04,0.5932,66.23,3443.2
chi_meditation,C5,meditation,2319,31820.672,2059.867,34.331,0.5982,67.95,3443.2
chi_meditation,C5,meditation,2338,31838.094,2077.289,34.621,0.6033,64.52,3443.2
chi_meditation,C5,meditation,2357,31855.109,2094.304,34.905,0.6082,69.85,3443.2
chi_meditation,C5,meditation,2376,31871.344,2110.539,35.176,0.613,63.49,3443.2
chi_meditation,C5,meditation,2395,31888.484,2127.679,35.461,0.6179,76.05,3443.2
chi_meditation,C5,meditation,2414,31905.039,2144.234,35.737,0.6227,67.34,3443.2
chi_meditation,C5,meditation,2433,31922.102,2161.297,36.022,0.6277,64.52,3443.2
chi_meditation,C5,meditation,2452,31939.141,2178.336,36.306,0.6326,71.77,3443.2
chi_meditation,C5,meditation,2471,31956.758,2195.953,36.599,0.6378,65.65,3443.2
chi_meditation,C5,meditation,2490,31973.953,2213.148,36.886,0.6428,64.52,3443.2
chi_meditation,C5,meditation,2509,31990.43,2229.625,37.16,0.6475,71.77,3443.2
chi_meditation,C5,meditation,2528,32007.258,2246.453,37.441,0.6524,73.17,3443.2
chi_meditation,C5,meditation,2547,32024.227,2263.422,37.724,0.6574,69.2,3443.2
chi_meditation,C5,meditation,2566,32041.305,2280.5,38.008,0.6623,67.95,3443.2
chi_meditation,C5,meditation,2585,32057.898,2297.093,38.285,0.6671,67.34,3443.2
chi_meditation,C5,meditation,2604,32074.773,2313.968,38.566,0.672,68.57,3443.2
chi_meditation,C5,meditation,2623,32092.055,2331.25,38.854,0.6771,78.33,3443.2
chi_meditation,C5,meditation,2642,32108.773,2347.968,39.133,0.6819,73.89,3443.2
chi_meditation,C5,meditation,2661,32126.398,2365.593,39.427,0.687,63.49,3443.2
chi_meditation,C5,meditation,2680,32143.672,2382.867,39.714,0.692,64.52,3443.2
chi_meditation,C5,meditation,2699,32160.219,2399.414,39.99,0.6969,60.48,3443.2
chi_meditation,C5,meditation,2718,32178.211,2417.406,40.29,0.7021,75.28,3443.2
chi_meditation,C5,meditation,2737,32195.25,2434.445,40.574,0.707,61.41,3443.2
chi_meditation,C5,meditation,2756,32212.703,2451.898,40.865,0.7121,67.95,3443.2
chi_meditation,C5,meditation,2775,32229.945,2469.14,41.152,0.7171,76.82,3443.2
chi_meditation,C5,meditation,2794,32247.117,2486.312,41.439,0.7221,65.08,3443.2
chi_meditation,C5,meditation,2813,32264.953,2504.148,41.736,0.7273,67.34,3443.2
chi_meditation,C5,meditation,2832,32282.438,2521.633,42.027,0.7323,66.23,3443.2
chi_meditation,C5,meditation,2851,32300.016,2539.211,42.32,0.7375,65.65,3443.2
chi_meditation,C5,meditation,2870,32316.344,2555.539,42.592,0.7422,77.62,3443.2
chi_meditation,C5,meditation,2889,32333.797,2572.992,42.883,0.7473,66.82,3443.2
chi_meditation,C5,meditation,2908,32351.461,2590.656,43.178,0.7524,67.95,3443.2
chi_meditation,C5,meditation,2927,32368.758,2607.953,43.466,0.7574,67.34,3443.2
chi_meditation,C5,meditation,2946,32386.062,2625.257,43.754,0.7624,66.82,3443.2
chi_meditation,C5,meditation,2965,32402.891,2642.086,44.035,0.7673,78.33,3443.2
chi_meditation,C5,meditation,2984,32419.719,2658.914,44.315,0.7722,63.49,3443.2
chi_meditation,C5,meditation,3003,32437.352,2676.547,44.609,0.7773,65.65,3443.2
chi_meditation,C5,meditation,3022,32454.562,2693.757,44.896,0.7823,66.23,3443.2
chi_meditation,C5,meditation,3041,32471.641,2710.836,45.181,0.7873,68.57,3443.2
chi_meditation,C5,meditation,3060,32488.773,2727.968,45.466,0.7923,67.95,3443.2
chi_meditation,C5,meditation,3079,32505.789,2744.984,45.75,0.7972,62.96,3443.2
chi_meditation,C5,meditation,3098,32522.852,2762.047,46.034,0.8022,66.82,3443.2
chi_meditation,C5,meditation,3117,32540.484,2779.679,46.328,0.8073,66.23,3443.2
chi_meditation,C5,meditation,3136,32557.445,2796.64,46.611,0.8122,62.44,3443.2
chi_meditation,C5,meditation,3155,32574.781,2813.976,46.9,0.8173,60.0,3443.2
chi_meditation,C5,meditation,3174,32591.867,2831.062,47.184,0.8222,65.08,3443.2
chi_meditation,C5,meditation,3193,32609.836,2849.031,47.484,0.8274,64.52,3443.2
chi_meditation,C5,meditation,3212,32627.227,2866.422,47.774,0.8325,67.34,3443.2
chi_meditation,C5,meditation,3231,32644.547,2883.742,48.062,0.8375,61.41,3443.2
chi_meditation,C5,meditation,3250,32661.969,2901.164,48.353,0.8426,70.42,3443.2
chi_meditation,C5,meditation,3269,32678.031,2917.226,48.62,0.8472,65.08,3443.2
chi_meditation,C5,meditation,3288,32695.375,2934.57,48.91,0.8523,68.57,3443.2
chi_meditation,C5,meditation,3307,32712.703,2951.898,49.198,0.8573,69.85,3443.2
chi_meditation,C5,meditation,3326,32729.82,2969.015,49.484,0.8623,67.34,3443.2
chi_meditation,C5,meditation,3345,32746.727,2985.922,49.765,0.8672,62.96,3443.2
chi_meditation,C5,meditation,3364,32764.281,3003.476,50.058,0.8723,63.49,3443.2
chi_meditation,C5,meditation,3383,32782.117,3021.312,50.355,0.8775,60.48,3443.2
chi_meditation,C5,meditation,3402,32799.93,3039.125,50.652,0.8826,66.23,3443.2
chi_meditation,C5,meditation,3421,32816.977,3056.172,50.936,0.8876,66.23,3443.2
chi_meditation,C5,meditation,3440,32834.336,3073.531,51.226,0.8926,67.34,3443.2
chi_meditation,C5,meditation,3459,32850.992,3090.187,51.503,0.8975,62.44,3443.2
chi_meditation,C5,meditation,3478,32867.344,3106.539,51.776,0.9022,65.65,3443.2
chi_meditation,C5,meditation,3497,32885.023,3124.218,52.07,0.9074,65.65,3443.2
chi_meditation,C5,meditation,3516,32902.461,3141.656,52.361,0.9124,70.42,3443.2
chi_meditation,C5,meditation,3535,32919.734,3158.929,52.649,0.9174,66.23,3443.2
chi_meditation,C5,meditation,3554,32936.461,3175.656,52.928,0.9223,66.23,3443.2
chi_meditation,C5,meditation,3573,32954.156,3193.351,53.223,0.9274,71.77,3443.2
chi_meditation,C5,meditation,3592,32971.227,3210.422,53.507,0.9324,65.08,3443.2
chi_meditation,C5,meditation,3611,32988.742,3227.937,53.799,0.9375,66.82,3443.2
chi_meditation,C5,meditation,3630,33004.406,3243.601,54.06,0.942,72.46,3443.2
chi_meditation,C5,meditation,3649,33020.203,3259.398,54.323,0.9466,63.49,3443.2
chi_meditation,C5,meditation,3668,33037.617,3276.812,54.614,0.9517,68.57,3443.2
chi_meditation,C5,meditation,3687,33055.164,3294.359,54.906,0.9568,65.08,3443.2
chi_meditation,C5,meditation,3706,33072.703,3311.898,55.198,0.9619,64.52,3443.2
chi_meditation,C5,meditation,3725,33090.055,3329.25,55.487,0.9669,67.34,3443.2
chi_meditation,C5,meditation,3744,33107.531,3346.726,55.779,0.972,65.08,3443.2
chi_meditation,C5,meditation,3763,33123.57,3362.765,56.046,0.9766,73.17,3443.2
chi_meditation,C5,meditation,3782,33139.383,3378.578,56.31,0.9812,76.05,3443.2
chi_meditation,C5,meditation,3801,33153.508,3392.703,56.545,0.9853,86.33,3443.2
chi_meditation,C5,meditation,3820,33166.984,3406.179,56.77,0.9892,96.0,3443.2
chi_meditation,C5,meditation,3839,33179.977,3419.172,56.986,0.993,93.6,3443.2
chi_meditation,C5,meditation,3858,33192.508,3431.703,57.195,0.9967,97.24,3443.2
chi_meditation,C5,pre_meditation,1,26158.117,0.0,0.0,0.0,78.33,3499.6
chi_meditation,C5,pre_meditation,23,26174.789,16.672,0.278,0.0048,82.53,3499.6
chi_meditation,C5,pre_meditation,45,26191.688,33.571,0.56,0.0096,75.28,3499.6
chi_meditation,C5,pre_meditation,67,26209.281,51.164,0.853,0.0146,71.09,3499.6
chi_meditation,C5,pre_meditation,89,26227.133,69.016,1.15,0.0197,73.89,3499.6
chi_meditation,C5,pre_meditation,111,26244.836,86.719,1.445,0.0248,79.16,3499.6
chi_meditation,C5,pre_meditation,133,26261.812,103.695,1.728,0.0296,73.17,3499.6
chi_meditation,C5,pre_meditation,155,26278.633,120.516,2.009,0.0344,78.33,3499.6
chi_meditation,C5,pre_meditation,177,26295.18,137.063,2.284,0.0392,74.53,3499.6
chi_meditation,C5,pre_meditation,199,26311.617,153.5,2.558,0.0439,77.62,3499.6
chi_meditation,C5,pre_meditation,221,26329.164,171.047,2.851,0.0489,76.05,3499.6
chi_meditation,C5,pre_meditation,243,26346.109,187.992,3.133,0.0537,75.28,3499.6
chi_meditation,C5,pre_meditation,265,26363.008,204.891,3.415,0.0585,75.28,3499.6
chi_meditation,C5,pre_meditation,287,26380.609,222.492,3.708,0.0636,74.53,3499.6
chi_meditation,C5,pre_meditation,309,26397.602,239.485,3.991,0.0684,80.0,3499.6
chi_meditation,C5,pre_meditation,331,26415.117,257.0,4.283,0.0734,74.53,3499.6
chi_meditation,C5,pre_meditation,353,26431.906,273.789,4.563,0.0782,78.33,3499.6
chi_meditation,C5,pre_meditation,375,26448.383,290.266,4.838,0.0829,82.53,3499.6
chi_meditation,C5,pre_meditation,397,26464.391,306.274,5.105,0.0875,78.33,3499.6
chi_meditation,C5,pre_meditation,419,26481.227,323.11,5.385,0.0923,83.45,3499.6
chi_meditation,C5,pre_meditation,441,26496.742,338.625,5.644,0.0968,90.36,3499.6
chi_meditation,C5,pre_meditation,463,26512.312,354.195,5.903,0.1012,84.39,3499.6
chi_meditation,C5,pre_meditation,485,26527.797,369.68,6.161,0.1056,89.29,3499.6
chi_meditation,C5,pre_meditation,507,26542.641,384.524,6.409,0.1099,89.29,3499.6
chi_meditation,C5,pre_meditation,529,26557.781,399.664,6.661,0.1142,88.24,3499.6
chi_meditation,C5,pre_meditation,551,26572.438,414.321,6.905,0.1184,90.36,3499.6
chi_meditation,C5,pre_meditation,573,26587.977,429.86,7.164,0.1228,85.35,3499.6
chi_meditation,C5,pre_meditation,595,26603.164,445.047,7.417,0.1272,81.74,3499.6
chi_meditation,C5,pre_meditation,617,26618.828,460.711,7.679,0.1316,86.33,3499.6
chi_meditation,C5,pre_meditation,639,26634.047,475.93,7.932,0.136,84.39,3499.6
chi_meditation,C5,pre_meditation,661,26649.969,491.852,8.198,0.1405,78.33,3499.6
chi_meditation,C5,pre_meditation,683,26665.945,507.828,8.464,0.1451,81.74,3499.6
chi_meditation,C5,pre_meditation,705,26682.109,523.992,8.733,0.1497,80.0,3499.6
chi_meditation,C5,pre_meditation,727,26698.297,540.18,9.003,0.1544,82.53,3499.6
chi_meditation,C5,pre_meditation,749,26714.43,556.313,9.272,0.159,83.45,3499.6
chi_meditation,C5,pre_meditation,771,26730.172,572.055,9.534,0.1635,84.39,3499.6
chi_meditation,C5,pre_meditation,793,26746.266,588.149,9.802,0.1681,80.0,3499.6
chi_meditation,C5,pre_meditation,815,26762.641,604.524,10.075,0.1727,83.45,3499.6
chi_meditation,C5,pre_meditation,837,26778.812,620.695,10.345,0.1774,81.74,3499.6
chi_meditation,C5,pre_meditation,859,26794.914,636.797,10.613,0.182,83.45,3499.6
chi_meditation,C5,pre_meditation,881,26811.766,653.649,10.894,0.1868,77.62,3499.6
chi_meditation,C5,pre_meditation,903,26828.391,670.274,11.171,0.1915,80.0,3499.6
chi_meditation,C5,pre_meditation,925,26843.258,685.141,11.419,0.1958,89.29,3499.6
chi_meditation,C5,pre_meditation,947,26858.727,700.61,11.677,0.2002,84.39,3499.6
chi_meditation,C5,pre_meditation,969,26874.297,716.18,11.936,0.2046,93.6,3499.6
chi_meditation,C5,pre_meditation,991,26890.383,732.266,12.204,0.2092,79.16,3499.6
chi_meditation,C5,pre_meditation,1013,26907.25,749.133,12.486,0.2141,76.82,3499.6
chi_meditation,C5,pre_meditation,1035,26923.953,765.836,12.764,0.2188,76.05,3499.6
chi_meditation,C5,pre_meditation,1057,26940.469,782.352,13.039,0.2236,80.86,3499.6
chi_meditation,C5,pre_meditation,1079,26957.453,799.336,13.322,0.2284,79.16,3499.6
chi_meditation,C5,pre_meditation,1101,26973.758,815.641,13.594,0.2331,80.86,3499.6
chi_meditation,C5,pre_meditation,1123,26991.0,832.883,13.881,0.238,79.16,3499.6
chi_meditation,C5,pre_meditation,1145,27008.398,850.281,14.171,0.243,75.28,3499.6
chi_meditation,C5,pre_meditation,1167,27025.203,867.086,14.451,0.2478,74.53,3499.6
chi_meditation,C5,pre_meditation,1189,27042.133,884.016,14.734,0.2526,79.16,3499.6
chi_meditation,C5,pre_meditation,1211,27059.133,901.016,15.017,0.2575,77.62,3499.6
chi_meditation,C5,pre_meditation,1233,27075.992,917.875,15.298,0.2623,79.16,3499.6
chi_meditation,C5,pre_meditation,1255,27092.742,934.625,15.577,0.2671,76.82,3499.6
chi_meditation,C5,pre_meditation,1277,27109.281,951.164,15.853,0.2718,80.86,3499.6
chi_meditation,C5,pre_meditation,1299,27126.094,967.977,16.133,0.2766,74.53,3499.6
chi_meditation,C5,pre_meditation,1321,27142.93,984.813,16.414,0.2814,78.33,3499.6
chi_meditation,C5,pre_meditation,1343,27160.016,1001.899,16.698,0.2863,85.35,3499.6
chi_meditation,C5,pre_meditation,1365,27176.578,1018.461,16.974,0.291,81.74,3499.6
chi_meditation,C5,pre_meditation,1387,27193.891,1035.774,17.263,0.296,71.09,3499.6
chi_meditation,C5,pre_meditation,1409,27211.578,1053.461,17.558,0.301,73.89,3499.6
chi_meditation,C5,pre_meditation,1431,27228.805,1070.688,17.845,0.3059,80.0,3499.6
chi_meditation,C5,pre_meditation,1453,27245.648,1087.531,18.126,0.3108,74.53,3499.6
chi_meditation,C5,pre_meditation,1475,27262.922,1104.805,18.413,0.3157,79.16,3499.6
chi_meditation,C5,pre_meditation,1497,27280.555,1122.438,18.707,0.3207,74.53,3499.6
chi_meditation,C5,pre_meditation,1519,27298.086,1139.969,18.999,0.3257,79.16,3499.6
chi_meditation,C5,pre_meditation,1541,27314.898,1156.781,19.28,0.3306,77.62,3499.6
chi_meditation,C5,pre_meditation,1563,27332.195,1174.078,19.568,0.3355,77.62,3499.6
chi_meditation,C5,pre_meditation,1585,27349.453,1191.336,19.856,0.3404,76.82,3499.6
chi_meditation,C5,pre_meditation,1607,27367.141,1209.024,20.15,0.3455,77.62,3499.6
chi_meditation,C5,pre_meditation,1629,27385.07,1226.953,20.449,0.3506,73.89,3499.6
chi_meditation,C5,pre_meditation,1651,27402.172,1244.055,20.734,0.3555,78.33,3499.6
chi_meditation,C5,pre_meditation,1673,27419.234,1261.117,21.019,0.3604,75.28,3499.6
chi_meditation,C5,pre_meditation,1695,27436.57,1278.453,21.308,0.3653,76.82,3499.6
chi_meditation,C5,pre_meditation,1717,27453.781,1295.664,21.594,0.3702,74.53,3499.6
chi_meditation,C5,pre_meditation,1739,27471.156,1313.039,21.884,0.3752,78.33,3499.6
chi_meditation,C5,pre_meditation,1761,27488.797,1330.68,22.178,0.3802,76.05,3499.6
chi_meditation,C5,pre_meditation,1783,27506.891,1348.774,22.48,0.3854,76.05,3499.6
chi_meditation,C5,pre_meditation,1805,27523.828,1365.711,22.762,0.3903,77.62,3499.6
chi_meditation,C5,pre_meditation,1827,27540.602,1382.485,23.041,0.395,72.46,3499.6
chi_meditation,C5,pre_meditation,1849,27557.852,1399.735,23.329,0.4,78.33,3499.6
chi_meditation,C5,pre_meditation,1871,27574.898,1416.781,23.613,0.4048,72.46,3499.6
chi_meditation,C5,pre_meditation,1893,27592.523,1434.406,23.907,0.4099,79.16,3499.6
chi_meditation,C5,pre_meditation,1915,27609.781,1451.664,24.194,0.4148,76.05,3499.6
chi_meditation,C5,pre_meditation,1937,27627.32,1469.203,24.487,0.4198,71.77,3499.6
chi_meditation,C5,pre_meditation,1959,27644.883,1486.766,24.779,0.4248,77.62,3499.6
chi_meditation,C5,pre_meditation,1981,27662.328,1504.211,25.07,0.4298,71.77,3499.6
chi_meditation,C5,pre_meditation,2003,27680.117,1522.0,25.367,0.4349,75.28,3499.6
chi_meditation,C5,pre_meditation,2025,27697.789,1539.672,25.661,0.44,73.89,3499.6
chi_meditation,C5,pre_meditation,2047,27716.008,1557.891,25.965,0.4452,73.17,3499.6
chi_meditation,C5,pre_meditation,2069,27734.039,1575.922,26.265,0.4503,73.17,3499.6
chi_meditation,C5,pre_meditation,2091,27752.141,1594.024,26.567,0.4555,71.77,3499.6
chi_meditation,C5,pre_meditation,2113,27769.906,1611.789,26.863,0.4606,72.46,3499.6
chi_meditation,C5,pre_meditation,2135,27788.094,1629.977,27.166,0.4658,69.85,3499.6
chi_meditation,C5,pre_meditation,2157,27806.508,1648.391,27.473,0.471,74.53,3499.6
chi_meditation,C5,pre_meditation,2179,27824.461,1666.344,27.772,0.4762,76.05,3499.6
chi_meditation,C5,pre_meditation,2201,27842.609,1684.492,28.075,0.4813,71.77,3499.6
chi_meditation,C5,pre_meditation,2223,27860.523,1702.406,28.373,0.4865,72.46,3499.6
chi_meditation,C5,pre_meditation,2245,27878.117,1720.0,28.667,0.4915,70.42,3499.6
chi_meditation,C5,pre_meditation,2267,27896.094,1737.977,28.966,0.4966,72.46,3499.6
chi_meditation,C5,pre_meditation,2289,27913.477,1755.36,29.256,0.5016,79.16,3499.6
chi_meditation,C5,pre_meditation,2311,27930.508,1772.391,29.54,0.5065,76.05,3499.6
chi_meditation,C5,pre_meditation,2333,27947.891,1789.774,29.83,0.5114,75.28,3499.6
chi_meditation,C5,pre_meditation,2355,27964.82,1806.703,30.112,0.5163,75.28,3499.6
chi_meditation,C5,pre_meditation,2377,27982.5,1824.383,30.406,0.5213,77.62,3499.6
chi_meditation,C5,pre_meditation,2399,28000.57,1842.453,30.708,0.5265,73.17,3499.6
chi_meditation,C5,pre_meditation,2421,28018.273,1860.156,31.003,0.5315,74.53,3499.6
chi_meditation,C5,pre_meditation,2443,28036.398,1878.281,31.305,0.5367,73.89,3499.6
chi_meditation,C5,pre_meditation,2465,28053.82,1895.703,31.595,0.5417,76.82,3499.6
chi_meditation,C5,pre_meditation,2487,28071.023,1912.906,31.882,0.5466,76.05,3499.6
chi_meditation,C5,pre_meditation,2509,28087.703,1929.586,32.16,0.5514,83.45,3499.6
chi_meditation,C5,pre_meditation,2531,28102.086,1943.969,32.399,0.5555,86.33,3499.6
chi_meditation,C5,pre_meditation,2553,28118.32,1960.203,32.67,0.5601,87.21,3499.6
chi_meditation,C5,pre_meditation,2575,28132.109,1973.992,32.9,0.5641,105.26,3499.6
chi_meditation,C5,pre_meditation,2597,28148.148,1990.031,33.167,0.5687,81.74,3499.6
chi_meditation,C5,pre_meditation,2619,28164.445,2006.328,33.439,0.5733,84.39,3499.6
chi_meditation,C5,pre_meditation,2641,28180.383,2022.266,33.704,0.5779,80.0,3499.6
chi_meditation,C5,pre_meditation,2663,28196.242,2038.125,33.969,0.5824,81.74,3499.6
chi_meditation,C5,pre_meditation,2685,28210.625,2052.508,34.208,0.5865,96.0,3499.6
chi_meditation,C5,pre_meditation,2707,28224.773,2066.656,34.444,0.5905,99.67,3499.6
chi_meditation,C5,pre_meditation,2729,28237.742,2079.625,34.66,0.5943,103.81,3499.6
chi_meditation,C5,pre_meditation,2751,28250.508,2092.391,34.873,0.5979,93.6,3499.6
chi_meditation,C5,pre_meditation,2773,28265.43,2107.313,35.122,0.6022,86.33,3499.6
chi_meditation,C5,pre_meditation,2795,28281.156,2123.039,35.384,0.6067,79.16,3499.6
chi_meditation,C5,pre_meditation,2817,28298.172,2140.055,35.668,0.6115,87.21,3499.6
chi_meditation,C5,pre_meditation,2839,28315.609,2157.492,35.958,0.6165,80.86,3499.6
chi_meditation,C5,pre_meditation,2861,28332.938,2174.821,36.247,0.6215,74.53,3499.6
chi_meditation,C5,pre_meditation,2883,28350.461,2192.344,36.539,0.6265,76.05,3499.6
chi_meditation,C5,pre_meditation,2905,28368.016,2209.899,36.832,0.6315,76.05,3499.6
chi_meditation,C5,pre_meditation,2927,28385.18,2227.063,37.118,0.6364,81.74,3499.6
chi_meditation,C5,pre_meditation,2949,28400.789,2242.672,37.378,0.6408,82.53,3499.6
chi_meditation,C5,pre_meditation,2971,28415.938,2257.821,37.63,0.6452,91.46,3499.6
chi_meditation,C5,pre_meditation,2993,28431.727,2273.61,37.894,0.6497,78.33,3499.6
chi_meditation,C5,pre_meditation,3015,28448.5,2290.383,38.173,0.6545,83.45,3499.6
chi_meditation,C5,pre_meditation,3037,28464.781,2306.664,38.444,0.6591,90.36,3499.6
chi_meditation,C5,pre_meditation,3059,28481.422,2323.305,38.722,0.6639,76.05,3499.6
chi_meditation,C5,pre_meditation,3081,28498.633,2340.516,39.009,0.6688,75.28,3499.6
chi_meditation,C5,pre_meditation,3103,28516.023,2357.906,39.298,0.6738,73.17,3499.6
chi_meditation,C5,pre_meditation,3125,28533.156,2375.039,39.584,0.6787,74.53,3499.6
chi_meditation,C5,pre_meditation,3147,28550.0,2391.883,39.865,0.6835,81.74,3499.6
chi_meditation,C5,pre_meditation,3169,28567.344,2409.227,40.154,0.6884,71.77,3499.6
chi_meditation,C5,pre_meditation,3191,28584.008,2425.891,40.432,0.6932,87.21,3499.6
chi_meditation,C5,pre_meditation,3213,28598.508,2440.391,40.673,0.6973,90.36,3499.6
chi_meditation,C5,pre_meditation,3235,28614.812,2456.695,40.945,0.702,79.16,3499.6
chi_meditation,C5,pre_meditation,3257,28630.75,2472.633,41.211,0.7066,79.16,3499.6
chi_meditation,C5,pre_meditation,3279,28647.797,2489.68,41.495,0.7114,76.82,3499.6
chi_meditation,C5,pre_meditation,3301,28665.172,2507.055,41.784,0.7164,69.85,3499.6
chi_meditation,C5,pre_meditation,3323,28683.18,2525.063,42.084,0.7215,69.2,3499.6
chi_meditation,C5,pre_meditation,3345,28700.812,2542.695,42.378,0.7266,67.95,3499.6
chi_meditation,C5,pre_meditation,3367,28718.828,2560.711,42.679,0.7317,75.28,3499.6
chi_meditation,C5,pre_meditation,3389,28736.734,2578.617,42.977,0.7368,81.74,3499.6
chi_meditation,C5,pre_meditation,3411,28755.383,2597.266,43.288,0.7422,71.09,3499.6
chi_meditation,C5,pre_meditation,3433,28773.516,2615.399,43.59,0.7474,73.89,3499.6
chi_meditation,C5,pre_meditation,3455,28792.133,2634.016,43.9,0.7527,65.65,3499.6
chi_meditation,C5,pre_meditation,3477,28810.945,2652.828,44.214,0.758,70.42,3499.6
chi_meditation,C5,pre_meditation,3499,28828.445,2670.328,44.505,0.763,74.53,3499.6
chi_meditation,C5,pre_meditation,3521,28846.578,2688.461,44.808,0.7682,71.09,3499.6
chi_meditation,C5,pre_meditation,3543,28864.852,2706.735,45.112,0.7734,71.77,3499.6
chi_meditation,C5,pre_meditation,3565,28883.75,2725.633,45.427,0.7788,67.34,3499.6
chi_meditation,C5,pre_meditation,3587,28902.312,2744.195,45.737,0.7842,68.57,3499.6
chi_meditation,C5,pre_meditation,3609,28920.781,2762.664,46.044,0.7894,74.53,3499.6
chi_meditation,C5,pre_meditation,3631,28938.898,2780.781,46.346,0.7946,77.62,3499.6
chi_meditation,C5,pre_meditation,3653,28957.266,2799.149,46.652,0.7999,75.28,3499.6
chi_meditation,C5,pre_meditation,3675,28975.828,2817.711,46.962,0.8052,67.95,3499.6
chi_meditation,C5,pre_meditation,3697,28994.727,2836.61,47.277,0.8106,71.77,3499.6
chi_meditation,C5,pre_meditation,3719,29012.398,2854.281,47.571,0.8156,73.89,3499.6
chi_meditation,C5,pre_meditation,3741,29030.555,2872.438,47.874,0.8208,78.33,3499.6
chi_meditation,C5,pre_meditation,3763,29048.648,2890.531,48.176,0.826,68.57,3499.6
chi_meditation,C5,pre_meditation,3785,29067.5,2909.383,48.49,0.8314,67.34,3499.6
chi_meditation,C5,pre_meditation,3807,29085.648,2927.531,48.792,0.8365,79.16,3499.6
chi_meditation,C5,pre_meditation,3829,29103.109,2944.992,49.083,0.8415,71.77,3499.6
chi_meditation,C5,pre_meditation,3851,29121.766,2963.649,49.394,0.8469,67.95,3499.6
chi_meditation,C5,pre_meditation,3873,29139.125,2981.008,49.683,0.8518,80.0,3499.6
chi_meditation,C5,pre_meditation,3895,29156.484,2998.367,49.973,0.8568,79.16,3499.6
chi_meditation,C5,pre_meditation,3917,29174.211,3016.094,50.268,0.8618,74.53,3499.6
chi_meditation,C5,pre_meditation,3939,29192.039,3033.922,50.565,0.8669,76.05,3499.6
chi_meditation,C5,pre_meditation,3961,29209.875,3051.758,50.863,0.872,75.28,3499.6
chi_meditation,C5,pre_meditation,3983,29228.695,3070.578,51.176,0.8774,68.57,3499.6
chi_meditation,C5,pre_meditation,4005,29247.617,3089.5,51.492,0.8828,72.46,3499.6
chi_meditation,C5,pre_meditation,4027,29265.555,3107.438,51.791,0.888,74.53,3499.6
chi_meditation,C5,pre_meditation,4049,29284.445,3126.328,52.105,0.8933,68.57,3499.6
chi_meditation,C5,pre_meditation,4071,29303.617,3145.5,52.425,0.8988,71.09,3499.6
chi_meditation,C5,pre_meditation,4093,29322.312,3164.195,52.737,0.9042,69.2,3499.6
chi_meditation,C5,pre_meditation,4115,29341.344,3183.227,53.054,0.9096,66.82,3499.6
chi_meditation,C5,pre_meditation,4137,29360.648,3202.531,53.376,0.9151,68.57,3499.6
chi_meditation,C5,pre_meditation,4159,29378.898,3220.781,53.68,0.9203,67.34,3499.6
chi_meditation,C5,pre_meditation,4181,29397.547,3239.43,53.99,0.9257,78.33,3499.6
chi_meditation,C5,pre_meditation,4203,29415.422,3257.305,54.288,0.9308,76.05,3499.6
chi_meditation,C5,pre_meditation,4225,29430.883,3272.766,54.546,0.9352,78.33,3499.6
chi_meditation,C5,pre_meditation,4247,29448.914,3290.797,54.847,0.9403,73.89,3499.6
chi_meditation,C5,pre_meditation,4269,29465.539,3307.422,55.124,0.9451,80.0,3499.6
chi_meditation,C5,pre_meditation,4291,29482.984,3324.867,55.414,0.9501,73.89,3499.6
chi_meditation,C5,pre_meditation,4313,29501.859,3343.742,55.729,0.9555,69.85,3499.6
chi_meditation,C5,pre_meditation,4335,29521.938,3363.821,56.064,0.9612,63.49,3499.6
chi_meditation,C5,pre_meditation,4357,29541.711,3383.594,56.393,0.9669,69.2,3499.6
chi_meditation,C5,pre_meditation,4379,29562.383,3404.266,56.738,0.9728,63.49,3499.6
chi_meditation,C5,pre_meditation,4401,29582.414,3424.297,57.072,0.9785,81.74,3499.6
chi_meditation,C5,pre_meditation,4423,29602.82,3444.703,57.412,0.9843,66.82,3499.6
chi_meditation,C5,pre_meditation,4445,29622.148,3464.031,57.734,0.9898,76.05,3499.6
chi_meditation,C5,pre_meditation,4467,29641.398,3483.281,58.055,0.9953,71.77,3499.6
chi_meditation,C6,meditation,1,29750.391,0.0,0.0,0.0,68.57,3499.0
chi_meditation,C6,meditation,20,29765.938,15.547,0.259,0.0044,69.85,3499.0
chi_meditation,C6,meditation,39,29782.516,32.125,0.535,0.0092,61.92,3499.0
chi_meditation,C6,meditation,58,29800.57,50.179,0.836,0.0143,75.28,3499.0
chi_meditation,C6,meditation,77,29817.109,66.718,1.112,0.0191,64.52,3499.0
chi_meditation,C6,meditation,96,29833.273,82.882,1.381,0.0237,65.08,3499.0
chi_meditation,C6,meditation,115,29850.711,100.32,1.672,0.0287,67.34,3499.0
chi_meditation,C6,meditation,134,29867.453,117.062,1.951,0.0335,71.77,3499.0
chi_meditation,C6,meditation,153,29884.578,134.187,2.236,0.0384,66.23,3499.0
chi_meditation,C6,meditation,172,29901.508,151.117,2.519,0.0432,69.85,3499.0
chi_meditation,C6,meditation,191,29919.25,168.859,2.814,0.0483,60.98,3499.0
chi_meditation,C6,meditation,210,29936.25,185.859,3.098,0.0531,58.65,3499.0
chi_meditation,C6,meditation,229,29953.32,202.929,3.382,0.058,58.2,3499.0
chi_meditation,C6,meditation,248,29970.172,219.781,3.663,0.0628,58.65,3499.0
chi_meditation,C6,meditation,267,29987.219,236.828,3.947,0.0677,77.62,3499.0
chi_meditation,C6,meditation,286,30003.148,252.757,4.213,0.0722,77.62,3499.0
chi_meditation,C6,meditation,305,30019.984,269.593,4.493,0.077,78.33,3499.0
chi_meditation,C6,meditation,324,30035.508,285.117,4.752,0.0815,72.46,3499.0
chi_meditation,C6,meditation,343,30051.727,301.336,5.022,0.0861,79.16,3499.0
chi_meditation,C6,meditation,362,30068.383,317.992,5.3,0.0909,75.28,3499.0
chi_meditation,C6,meditation,381,30085.305,334.914,5.582,0.0957,69.2,3499.0
chi_meditation,C6,meditation,400,30101.727,351.336,5.856,0.1004,80.86,3499.0
chi_meditation,C6,meditation,419,30118.438,368.047,6.134,0.1052,83.45,3499.0
chi_meditation,C6,meditation,438,30134.734,384.343,6.406,0.1098,67.34,3499.0
chi_meditation,C6,meditation,457,30151.695,401.304,6.688,0.1147,75.28,3499.0
chi_meditation,C6,meditation,476,30168.641,418.25,6.971,0.1195,72.46,3499.0
chi_meditation,C6,meditation,495,30184.539,434.148,7.236,0.1241,61.41,3499.0
chi_meditation,C6,meditation,514,30201.234,450.843,7.514,0.1289,80.0,3499.0
chi_meditation,C6,meditation,533,30215.781,465.39,7.756,0.133,70.42,3499.0
chi_meditation,C6,meditation,552,30232.391,482.0,8.033,0.1378,78.33,3499.0
chi_meditation,C6,meditation,571,30249.336,498.945,8.316,0.1426,66.82,3499.0
chi_meditation,C6,meditation,590,30264.867,514.476,8.575,0.147,71.77,3499.0
chi_meditation,C6,meditation,609,30281.266,530.875,8.848,0.1517,83.45,3499.0
chi_meditation,C6,meditation,628,30297.094,546.703,9.112,0.1562,80.0,3499.0
chi_meditation,C6,meditation,647,30313.141,562.75,9.379,0.1608,80.0,3499.0
chi_meditation,C6,meditation,666,30331.367,580.976,9.683,0.166,71.77,3499.0
chi_meditation,C6,meditation,685,30348.492,598.101,9.968,0.1709,57.31,3499.0
chi_meditation,C6,meditation,704,30365.711,615.32,10.255,0.1759,76.82,3499.0
chi_meditation,C6,meditation,723,30381.508,631.117,10.519,0.1804,65.65,3499.0
chi_meditation,C6,meditation,742,30398.219,647.828,10.797,0.1851,73.17,3499.0
chi_meditation,C6,meditation,761,30413.906,663.515,11.059,0.1896,73.17,3499.0
chi_meditation,C6,meditation,780,30429.891,679.5,11.325,0.1942,75.28,3499.0
chi_meditation,C6,meditation,799,30447.664,697.273,11.621,0.1993,57.31,3499.0
chi_meditation,C6,meditation,818,30465.875,715.484,11.925,0.2045,66.23,3499.0
chi_meditation,C6,meditation,837,30483.492,733.101,12.218,0.2095,71.77,3499.0
chi_meditation,C6,meditation,856,30501.0,750.609,12.51,0.2145,65.08,3499.0
chi_meditation,C6,meditation,875,30517.664,767.273,12.788,0.2193,70.42,3499.0
chi_meditation,C6,meditation,894,30534.852,784.461,13.074,0.2242,60.0,3499.0
chi_meditation,C6,meditation,913,30552.602,802.211,13.37,0.2293,71.77,3499.0
chi_meditation,C6,meditation,932,30568.039,817.648,13.627,0.2337,81.74,3499.0
chi_meditation,C6,meditation,951,30584.0,833.609,13.893,0.2382,63.97,3499.0
chi_meditation,C6,meditation,970,30601.602,851.211,14.187,0.2433,60.0,3499.0
chi_meditation,C6,meditation,989,30618.766,868.375,14.473,0.2482,72.46,3499.0
chi_meditation,C6,meditation,1008,30635.734,885.343,14.756,0.253,71.77,3499.0
chi_meditation,C6,meditation,1027,30652.18,901.789,15.03,0.2577,77.62,3499.0
chi_meditation,C6,meditation,1046,30669.531,919.14,15.319,0.2627,63.97,3499.0
chi_meditation,C6,meditation,1065,30687.398,937.007,15.617,0.2678,63.49,3499.0
chi_meditation,C6,meditation,1084,30704.938,954.547,15.909,0.2728,62.96,3499.0
chi_meditation,C6,meditation,1103,30721.898,971.507,16.192,0.2777,63.49,3499.0
chi_meditation,C6,meditation,1122,30739.133,988.742,16.479,0.2826,65.08,3499.0
chi_meditation,C6,meditation,1141,30756.586,1006.195,16.77,0.2876,63.49,3499.0
chi_meditation,C6,meditation,1160,30772.734,1022.343,17.039,0.2922,69.2,3499.0
chi_meditation,C6,meditation,1179,30790.039,1039.648,17.327,0.2971,58.2,3499.0
chi_meditation,C6,meditation,1198,30807.172,1056.781,17.613,0.302,61.41,3499.0
chi_meditation,C6,meditation,1217,30824.523,1074.132,17.902,0.307,60.0,3499.0
chi_meditation,C6,meditation,1236,30841.938,1091.547,18.192,0.312,62.96,3499.0
chi_meditation,C6,meditation,1255,30859.344,1108.953,18.483,0.3169,66.82,3499.0
chi_meditation,C6,meditation,1274,30876.531,1126.14,18.769,0.3219,61.92,3499.0
chi_meditation,C6,meditation,1293,30893.344,1142.953,19.049,0.3267,63.97,3499.0
chi_meditation,C6,meditation,1312,30910.469,1160.078,19.335,0.3316,64.52,3499.0
chi_meditation,C6,meditation,1331,30928.25,1177.859,19.631,0.3366,63.97,3499.0
chi_meditation,C6,meditation,1350,30945.742,1195.351,19.923,0.3416,63.97,3499.0
chi_meditation,C6,meditation,1369,30963.156,1212.765,20.213,0.3466,69.2,3499.0
chi_meditation,C6,meditation,1388,30980.82,1230.429,20.507,0.3517,63.49,3499.0
chi_meditation,C6,meditation,1407,30998.0,1247.609,20.793,0.3566,64.52,3499.0
chi_meditation,C6,meditation,1426,31014.312,1263.921,21.065,0.3612,62.44,3499.0
chi_meditation,C6,meditation,1445,31031.953,1281.562,21.359,0.3663,63.49,3499.0
chi_meditation,C6,meditation,1464,31047.789,1297.398,21.623,0.3708,77.62,3499.0
chi_meditation,C6,meditation,1483,31064.172,1313.781,21.896,0.3755,66.23,3499.0
chi_meditation,C6,meditation,1502,31081.57,1331.179,22.186,0.3805,68.57,3499.0
chi_meditation,C6,meditation,1521,31099.398,1349.007,22.483,0.3855,60.98,3499.0
chi_meditation,C6,meditation,1540,31117.125,1366.734,22.779,0.3906,59.06,3499.0
chi_meditation,C6,meditation,1559,31135.844,1385.453,23.091,0.396,61.92,3499.0
chi_meditation,C6,meditation,1578,31154.047,1403.656,23.394,0.4012,66.82,3499.0
chi_meditation,C6,meditation,1597,31172.188,1421.797,23.697,0.4063,63.49,3499.0
chi_meditation,C6,meditation,1616,31189.75,1439.359,23.989,0.4114,64.52,3499.0
chi_meditation,C6,meditation,1635,31207.836,1457.445,24.291,0.4165,62.44,3499.0
chi_meditation,C6,meditation,1654,31225.984,1475.593,24.593,0.4217,63.97,3499.0
chi_meditation,C6,meditation,1673,31243.898,1493.507,24.892,0.4268,61.41,3499.0
chi_meditation,C6,meditation,1692,31262.312,1511.921,25.199,0.4321,60.48,3499.0
chi_meditation,C6,meditation,1711,31280.594,1530.203,25.503,0.4373,60.98,3499.0
chi_meditation,C6,meditation,1730,31299.148,1548.757,25.813,0.4426,65.65,3499.0
chi_meditation,C6,meditation,1749,31316.305,1565.914,26.099,0.4475,80.0,3499.0
chi_meditation,C6,meditation,1768,31333.648,1583.257,26.388,0.4525,69.85,3499.0
chi_meditation,C6,meditation,1787,31351.156,1600.765,26.679,0.4575,65.08,3499.0
chi_meditation,C6,meditation,1806,31369.328,1618.937,26.982,0.4627,57.75,3499.0
chi_meditation,C6,meditation,1825,31387.68,1637.289,27.288,0.4679,60.48,3499.0
chi_meditation,C6,meditation,1844,31406.25,1655.859,27.598,0.4732,61.41,3499.0
chi_meditation,C6,meditation,1863,31424.922,1674.531,27.909,0.4786,73.89,3499.0
chi_meditation,C6,meditation,1882,31443.141,1692.75,28.212,0.4838,66.82,3499.0
chi_meditation,C6,meditation,1901,31459.828,1709.437,28.491,0.4886,76.82,3499.0
chi_meditation,C6,meditation,1920,31476.461,1726.07,28.768,0.4933,68.57,3499.0
chi_meditation,C6,meditation,1939,31492.68,1742.289,29.038,0.4979,72.46,3499.0
chi_meditation,C6,meditation,1958,31508.75,1758.359,29.306,0.5025,80.0,3499.0
chi_meditation,C6,meditation,1977,31526.469,1776.078,29.601,0.5076,65.08,3499.0
chi_meditation,C6,meditation,1996,31543.562,1793.171,29.886,0.5125,70.42,3499.0
chi_meditation,C6,meditation,2015,31559.508,1809.117,30.152,0.517,73.17,3499.0
chi_meditation,C6,meditation,2034,31576.219,1825.828,30.43,0.5218,63.97,3499.0
chi_meditation,C6,meditation,2053,31593.898,1843.507,30.725,0.5269,63.97,3499.0
chi_meditation,C6,meditation,2072,31611.953,1861.562,31.026,0.532,60.98,3499.0
chi_meditation,C6,meditation,2091,31629.984,1879.593,31.327,0.5372,59.06,3499.0
chi_meditation,C6,meditation,2110,31647.664,1897.273,31.621,0.5422,64.52,3499.0
chi_meditation,C6,meditation,2129,31665.305,1914.914,31.915,0.5473,62.44,3499.0
chi_meditation,C6,meditation,2148,31682.078,1931.687,32.195,0.5521,68.57,3499.0
chi_meditation,C6,meditation,2167,31699.516,1949.125,32.485,0.5571,69.2,3499.0
chi_meditation,C6,meditation,2186,31716.07,1965.679,32.761,0.5618,74.53,3499.0
chi_meditation,C6,meditation,2205,31733.43,1983.039,33.051,0.5668,71.09,3499.0
chi_meditation,C6,meditation,2224,31751.82,2001.429,33.357,0.572,59.52,3499.0
chi_meditation,C6,meditation,2243,31770.305,2019.914,33.665,0.5773,61.41,3499.0
chi_meditation,C6,meditation,2262,31788.688,2038.297,33.972,0.5825,62.96,3499.0
chi_meditation,C6,meditation,2281,31807.391,2057.0,34.283,0.5879,61.92,3499.0
chi_meditation,C6,meditation,2300,31825.391,2075.0,34.583,0.593,62.96,3499.0
chi_meditation,C6,meditation,2319,31843.695,2093.304,34.888,0.5983,64.52,3499.0
chi_meditation,C6,meditation,2338,31862.062,2111.671,35.195,0.6035,61.41,3499.0
chi_meditation,C6,meditation,2357,31879.641,2129.25,35.487,0.6085,62.44,3499.0
chi_meditation,C6,meditation,2376,31898.047,2147.656,35.794,0.6138,67.95,3499.0
chi_meditation,C6,meditation,2395,31915.969,2165.578,36.093,0.6189,63.49,3499.0
chi_meditation,C6,meditation,2414,31934.359,2183.968,36.399,0.6242,69.2,3499.0
chi_meditation,C6,meditation,2433,31951.594,2201.203,36.687,0.6291,77.62,3499.0
chi_meditation,C6,meditation,2452,31967.844,2217.453,36.958,0.6337,80.86,3499.0
chi_meditation,C6,meditation,2471,31985.219,2234.828,37.247,0.6387,62.96,3499.0
chi_meditation,C6,meditation,2490,32002.219,2251.828,37.53,0.6436,69.2,3499.0
chi_meditation,C6,meditation,2509,32018.93,2268.539,37.809,0.6483,63.97,3499.0
chi_meditation,C6,meditation,2528,32036.148,2285.757,38.096,0.6533,65.08,3499.0
chi_meditation,C6,meditation,2547,32053.273,2302.882,38.381,0.6582,71.77,3499.0
chi_meditation,C6,meditation,2566,32071.25,2320.859,38.681,0.6633,70.42,3499.0
chi_meditation,C6,meditation,2585,32087.375,2336.984,38.95,0.6679,63.97,3499.0
chi_meditation,C6,meditation,2604,32103.82,2353.429,39.224,0.6726,72.46,3499.0
chi_meditation,C6,meditation,2623,32119.047,2368.656,39.478,0.677,72.46,3499.0
chi_meditation,C6,meditation,2642,32136.109,2385.718,39.762,0.6818,60.0,3499.0
chi_meditation,C6,meditation,2661,32152.898,2402.507,40.042,0.6866,65.65,3499.0
chi_meditation,C6,meditation,2680,32168.711,2418.32,40.305,0.6912,60.0,3499.0
chi_meditation,C6,meditation,2699,32185.008,2434.617,40.577,0.6958,61.41,3499.0
chi_meditation,C6,meditation,2718,32201.188,2450.797,40.847,0.7004,62.96,3499.0
chi_meditation,C6,meditation,2737,32218.211,2467.82,41.13,0.7053,59.06,3499.0
chi_meditation,C6,meditation,2756,32235.609,2485.218,41.42,0.7103,72.46,3499.0
chi_meditation,C6,meditation,2775,32251.758,2501.367,41.689,0.7149,79.16,3499.0
chi_meditation,C6,meditation,2794,32267.773,2517.382,41.956,0.7195,84.39,3499.0
chi_meditation,C6,meditation,2813,32285.539,2535.148,42.252,0.7245,63.49,3499.0
chi_meditation,C6,meditation,2832,32302.242,2551.851,42.531,0.7293,70.42,3499.0
chi_meditation,C6,meditation,2851,32318.828,2568.437,42.807,0.7341,76.82,3499.0
chi_meditation,C6,meditation,2870,32335.68,2585.289,43.088,0.7389,78.33,3499.0
chi_meditation,C6,meditation,2889,32351.969,2601.578,43.36,0.7435,62.96,3499.0
chi_meditation,C6,meditation,2908,32368.367,2617.976,43.633,0.7482,76.05,3499.0
chi_meditation,C6,meditation,2927,32384.062,2633.671,43.895,0.7527,79.16,3499.0
chi_meditation,C6,meditation,2946,32399.781,2649.39,44.157,0.7572,63.49,3499.0
chi_meditation,C6,meditation,2965,32416.531,2666.14,44.436,0.762,67.95,3499.0
chi_meditation,C6,meditation,2984,32432.539,2682.148,44.702,0.7666,67.95,3499.0
chi_meditation,C6,meditation,3003,32449.5,2699.109,44.985,0.7714,77.62,3499.0
chi_meditation,C6,meditation,3022,32465.273,2714.882,45.248,0.7759,70.42,3499.0
chi_meditation,C6,meditation,3041,32480.781,2730.39,45.506,0.7803,81.74,3499.0
chi_meditation,C6,meditation,3060,32496.078,2745.687,45.761,0.7847,71.09,3499.0
chi_meditation,C6,meditation,3079,32512.812,2762.421,46.04,0.7895,70.42,3499.0
chi_meditation,C6,meditation,3098,32528.398,2778.007,46.3,0.794,70.42,3499.0
chi_meditation,C6,meditation,3117,32544.195,2793.804,46.563,0.7985,77.62,3499.0
chi_meditation,C6,meditation,3136,32559.742,2809.351,46.823,0.8029,72.46,3499.0
chi_meditation,C6,meditation,3155,32576.266,2825.875,47.098,0.8076,72.46,3499.0
chi_meditation,C6,meditation,3174,32593.438,2843.047,47.384,0.8125,66.23,3499.0
chi_meditation,C6,meditation,3193,32607.828,2857.437,47.624,0.8167,76.05,3499.0
chi_meditation,C6,meditation,3212,32624.07,2873.679,47.895,0.8213,60.48,3499.0
chi_meditation,C6,meditation,3231,32641.117,2890.726,48.179,0.8262,67.34,3499.0
chi_meditation,C6,meditation,3250,32657.648,2907.257,48.454,0.8309,67.95,3499.0
chi_meditation,C6,meditation,3269,32672.617,2922.226,48.704,0.8352,71.09,3499.0
chi_meditation,C6,meditation,3288,32688.266,2937.875,48.965,0.8396,70.42,3499.0
chi_meditation,C6,meditation,3307,32704.367,2953.976,49.233,0.8442,73.89,3499.0
chi_meditation,C6,meditation,3326,32719.484,2969.093,49.485,0.8486,81.74,3499.0
chi_meditation,C6,meditation,3345,32733.195,2982.804,49.713,0.8525,85.35,3499.0
chi_meditation,C6,meditation,3364,32749.062,2998.671,49.978,0.857,58.65,3499.0
chi_meditation,C6,meditation,3383,32766.117,3015.726,50.262,0.8619,67.95,3499.0
chi_meditation,C6,meditation,3402,32782.773,3032.382,50.54,0.8667,69.2,3499.0
chi_meditation,C6,meditation,3421,32798.578,3048.187,50.803,0.8712,60.48,3499.0
chi_meditation,C6,meditation,3440,32814.859,3064.468,51.074,0.8758,73.17,3499.0
chi_meditation,C6,meditation,3459,32830.32,3079.929,51.332,0.8802,80.0,3499.0
chi_meditation,C6,meditation,3478,32846.211,3095.82,51.597,0.8848,71.09,3499.0
chi_meditation,C6,meditation,3497,32862.367,3111.976,51.866,0.8894,73.17,3499.0
chi_meditation,C6,meditation,3516,32878.203,3127.812,52.13,0.8939,59.52,3499.0
chi_meditation,C6,meditation,3535,32894.938,3144.547,52.409,0.8987,74.53,3499.0
chi_meditation,C6,meditation,3554,32911.68,3161.289,52.688,0.9035,68.57,3499.0
chi_meditation,C6,meditation,3573,32928.133,3177.742,52.962,0.9082,70.42,3499.0
chi_meditation,C6,meditation,3592,32945.078,3194.687,53.245,0.913,62.44,3499.0
chi_meditation,C6,meditation,3611,32960.648,3210.257,53.504,0.9175,78.33,3499.0
chi_meditation,C6,meditation,3630,32975.672,3225.281,53.755,0.9218,79.16,3499.0
chi_meditation,C6,meditation,3649,32991.695,3241.304,54.022,0.9264,73.17,3499.0
chi_meditation,C6,meditation,3668,33007.469,3257.078,54.285,0.9309,62.44,3499.0
chi_meditation,C6,meditation,3687,33024.719,3274.328,54.572,0.9358,61.41,3499.0
chi_meditation,C6,meditation,3706,33041.727,3291.336,54.856,0.9407,65.65,3499.0
chi_meditation,C6,meditation,3725,33058.805,3308.414,55.14,0.9455,69.85,3499.0
chi_meditation,C6,meditation,3744,33074.594,3324.203,55.403,0.9501,65.08,3499.0
chi_meditation,C6,meditation,3763,33090.578,3340.187,55.67,0.9546,62.44,3499.0
chi_meditation,C6,meditation,3782,33106.461,3356.07,55.934,0.9592,62.44,3499.0
chi_meditation,C6,meditation,3801,33122.562,3372.171,56.203,0.9638,74.53,3499.0
chi_meditation,C6,meditation,3820,33137.211,3386.82,56.447,0.968,84.39,3499.0
chi_meditation,C6,meditation,3839,33150.148,3399.757,56.663,0.9716,89.29,3499.0
chi_meditation,C6,meditation,3858,33163.297,3412.906,56.882,0.9754,88.24,3499.0
chi_meditation,C6,meditation,3877,33175.406,3425.015,57.084,0.9789,102.39,3499.0
chi_meditation,C6,meditation,3896,33186.828,3436.437,57.274,0.9821,93.6,3499.0
chi_meditation,C6,meditation,3915,33199.75,3449.359,57.489,0.9858,85.35,3499.0
chi_meditation,C6,meditation,3934,33211.789,3461.398,57.69,0.9893,91.46,3499.0
chi_meditation,C6,meditation,3953,33226.141,3475.75,57.929,0.9934,76.82,3499.0
chi_meditation,C6,meditation,3972,33240.602,3490.211,58.17,0.9975,79.16,3499.0
chi_meditation,C6,pre_meditation,1,26143.453,0.0,0.0,0.0,74.53,3501.8
chi_meditation,C6,pre_meditation,23,26161.234,17.781,0.296,0.0051,73.89,3501.8
chi_meditation,C6,pre_meditation,45,26178.68,35.227,0.587,0.0101,91.46,3501.8
chi_meditation,C6,pre_meditation,67,26197.508,54.055,0.901,0.0154,68.57,3501.8
chi_meditation,C6,pre_meditation,89,26215.164,71.711,1.195,0.0205,80.86,3501.8
chi_meditation,C6,pre_meditation,111,26232.086,88.633,1.477,0.0253,76.05,3501.8
chi_meditation,C6,pre_meditation,133,26249.523,106.07,1.768,0.0303,71.09,3501.8
chi_meditation,C6,pre_meditation,155,26266.18,122.727,2.045,0.035,79.16,3501.8
chi_meditation,C6,pre_meditation,177,26283.266,139.813,2.33,0.0399,76.82,3501.8
chi_meditation,C6,pre_meditation,199,26301.625,158.172,2.636,0.0452,65.65,3501.8
chi_meditation,C6,pre_meditation,221,26320.461,177.008,2.95,0.0505,67.95,3501.8
chi_meditation,C6,pre_meditation,243,26339.008,195.555,3.259,0.0558,70.42,3501.8
chi_meditation,C6,pre_meditation,265,26356.422,212.969,3.549,0.0608,81.74,3501.8
chi_meditation,C6,pre_meditation,287,26372.93,229.477,3.825,0.0655,80.0,3501.8
chi_meditation,C6,pre_meditation,309,26391.406,247.953,4.133,0.0708,73.89,3501.8
chi_meditation,C6,pre_meditation,331,26408.391,264.938,4.416,0.0757,77.62,3501.8
chi_meditation,C6,pre_meditation,353,26424.742,281.289,4.688,0.0803,91.46,3501.8
chi_meditation,C6,pre_meditation,375,26443.039,299.586,4.993,0.0856,72.46,3501.8
chi_meditation,C6,pre_meditation,397,26461.227,317.774,5.296,0.0907,71.77,3501.8
chi_meditation,C6,pre_meditation,419,26478.781,335.328,5.589,0.0958,71.77,3501.8
chi_meditation,C6,pre_meditation,441,26496.617,353.164,5.886,0.1009,79.16,3501.8
chi_meditation,C6,pre_meditation,463,26514.867,371.414,6.19,0.1061,75.28,3501.8
chi_meditation,C6,pre_meditation,485,26533.008,389.555,6.493,0.1112,72.46,3501.8
chi_meditation,C6,pre_meditation,507,26550.93,407.477,6.791,0.1164,71.09,3501.8
chi_meditation,C6,pre_meditation,529,26568.875,425.422,7.09,0.1215,70.42,3501.8
chi_meditation,C6,pre_meditation,551,26587.344,443.891,7.398,0.1268,73.17,3501.8
chi_meditation,C6,pre_meditation,573,26605.289,461.836,7.697,0.1319,73.17,3501.8
chi_meditation,C6,pre_meditation,595,26622.195,478.742,7.979,0.1367,67.95,3501.8
chi_meditation,C6,pre_meditation,617,26640.477,497.024,8.284,0.1419,69.2,3501.8
chi_meditation,C6,pre_meditation,639,26657.641,514.188,8.57,0.1468,73.89,3501.8
chi_meditation,C6,pre_meditation,661,26674.977,531.524,8.859,0.1518,77.62,3501.8
chi_meditation,C6,pre_meditation,683,26691.727,548.274,9.138,0.1566,90.36,3501.8
chi_meditation,C6,pre_meditation,705,26709.0,565.547,9.426,0.1615,76.82,3501.8
chi_meditation,C6,pre_meditation,727,26725.359,581.906,9.698,0.1662,86.33,3501.8
chi_meditation,C6,pre_meditation,749,26742.422,598.969,9.983,0.171,76.82,3501.8
chi_meditation,C6,pre_meditation,771,26760.117,616.664,10.278,0.1761,71.77,3501.8
chi_meditation,C6,pre_meditation,793,26777.938,634.485,10.575,0.1812,71.77,3501.8
chi_meditation,C6,pre_meditation,815,26794.953,651.5,10.858,0.186,76.82,3501.8
chi_meditation,C6,pre_meditation,837,26812.844,669.391,11.157,0.1912,69.2,3501.8
chi_meditation,C6,pre_meditation,859,26831.211,687.758,11.463,0.1964,73.89,3501.8
chi_meditation,C6,pre_meditation,881,26848.625,705.172,11.753,0.2014,78.33,3501.8
chi_meditation,C6,pre_meditation,903,26865.273,721.82,12.03,0.2061,75.28,3501.8
chi_meditation,C6,pre_meditation,925,26881.797,738.344,12.306,0.2108,82.53,3501.8
chi_meditation,C6,pre_meditation,947,26899.148,755.695,12.595,0.2158,76.82,3501.8
chi_meditation,C6,pre_meditation,969,26915.008,771.555,12.859,0.2203,76.05,3501.8
chi_meditation,C6,pre_meditation,991,26932.148,788.695,13.145,0.2252,77.62,3501.8
chi_meditation,C6,pre_meditation,1013,26950.242,806.789,13.446,0.2304,72.46,3501.8
chi_meditation,C6,pre_meditation,1035,26967.273,823.82,13.73,0.2353,83.45,3501.8
chi_meditation,C6,pre_meditation,1057,26982.859,839.406,13.99,0.2397,79.16,3501.8
chi_meditation,C6,pre_meditation,1079,27000.945,857.492,14.292,0.2449,73.89,3501.8
chi_meditation,C6,pre_meditation,1101,27018.539,875.086,14.585,0.2499,75.28,3501.8
chi_meditation,C6,pre_meditation,1123,27035.789,892.336,14.872,0.2548,67.95,3501.8
chi_meditation,C6,pre_meditation,1145,27053.375,909.922,15.165,0.2598,68.57,3501.8
chi_meditation,C6,pre_meditation,1167,27071.445,927.992,15.467,0.265,80.0,3501.8
chi_meditation,C6,pre_meditation,1189,27088.344,944.891,15.748,0.2698,80.86,3501.8
chi_meditation,C6,pre_meditation,1211,27105.547,962.094,16.035,0.2747,69.85,3501.8
chi_meditation,C6,pre_meditation,1233,27123.445,979.992,16.333,0.2799,71.09,3501.8
chi_meditation,C6,pre_meditation,1255,27141.125,997.672,16.628,0.2849,74.53,3501.8
chi_meditation,C6,pre_meditation,1277,27159.117,1015.664,16.928,0.29,72.46,3501.8
chi_meditation,C6,pre_meditation,1299,27176.836,1033.383,17.223,0.2951,76.82,3501.8
chi_meditation,C6,pre_meditation,1321,27194.25,1050.797,17.513,0.3001,78.33,3501.8
chi_meditation,C6,pre_meditation,1343,27211.094,1067.641,17.794,0.3049,82.53,3501.8
chi_meditation,C6,pre_meditation,1365,27228.945,1085.492,18.092,0.31,69.85,3501.8
chi_meditation,C6,pre_meditation,1387,27247.0,1103.547,18.392,0.3151,87.21,3501.8
chi_meditation,C6,pre_meditation,1409,27262.672,1119.219,18.654,0.3196,83.45,3501.8
chi_meditation,C6,pre_meditation,1431,27280.32,1136.867,18.948,0.3247,66.23,3501.8
chi_meditation,C6,pre_meditation,1453,27299.109,1155.656,19.261,0.33,68.57,3501.8
chi_meditation,C6,pre_meditation,1475,27316.539,1173.086,19.551,0.335,86.33,3501.8
chi_meditation,C6,pre_meditation,1497,27334.461,1191.008,19.85,0.3401,80.86,3501.8
chi_meditation,C6,pre_meditation,1519,27351.75,1208.297,20.138,0.3451,87.21,3501.8
chi_meditation,C6,pre_meditation,1541,27369.859,1226.406,20.44,0.3502,72.46,3501.8
chi_meditation,C6,pre_meditation,1563,27388.164,1244.711,20.745,0.3554,79.16,3501.8
chi_meditation,C6,pre_meditation,1585,27405.477,1262.024,21.034,0.3604,69.2,3501.8
chi_meditation,C6,pre_meditation,1607,27423.375,1279.922,21.332,0.3655,74.53,3501.8
chi_meditation,C6,pre_meditation,1629,27440.938,1297.485,21.625,0.3705,73.89,3501.8
chi_meditation,C6,pre_meditation,1651,27457.898,1314.445,21.907,0.3754,84.39,3501.8
chi_meditation,C6,pre_meditation,1673,27474.25,1330.797,22.18,0.38,82.53,3501.8
chi_meditation,C6,pre_meditation,1695,27490.836,1347.383,22.456,0.3848,82.53,3501.8
chi_meditation,C6,pre_meditation,1717,27507.172,1363.719,22.729,0.3894,80.0,3501.8
chi_meditation,C6,pre_meditation,1739,27524.164,1380.711,23.012,0.3943,76.82,3501.8
chi_meditation,C6,pre_meditation,1761,27540.523,1397.07,23.284,0.399,77.62,3501.8
chi_meditation,C6,pre_meditation,1783,27557.367,1413.914,23.565,0.4038,76.05,3501.8
chi_meditation,C6,pre_meditation,1805,27574.617,1431.164,23.853,0.4087,80.0,3501.8
chi_meditation,C6,pre_meditation,1827,27591.422,1447.969,24.133,0.4135,73.17,3501.8
chi_meditation,C6,pre_meditation,1849,27609.867,1466.414,24.44,0.4188,72.46,3501.8
chi_meditation,C6,pre_meditation,1871,27627.125,1483.672,24.728,0.4237,75.28,3501.8
chi_meditation,C6,pre_meditation,1893,27644.352,1500.899,25.015,0.4286,76.82,3501.8
chi_meditation,C6,pre_meditation,1915,27661.219,1517.766,25.296,0.4334,80.86,3501.8
chi_meditation,C6,pre_meditation,1937,27678.859,1535.406,25.59,0.4385,74.53,3501.8
chi_meditation,C6,pre_meditation,1959,27695.977,1552.524,25.875,0.4434,82.53,3501.8
chi_meditation,C6,pre_meditation,1981,27713.156,1569.703,26.162,0.4483,69.2,3501.8
chi_meditation,C6,pre_meditation,2003,27730.281,1586.828,26.447,0.4531,80.0,3501.8
chi_meditation,C6,pre_meditation,2025,27748.25,1604.797,26.747,0.4583,71.09,3501.8
chi_meditation,C6,pre_meditation,2047,27765.836,1622.383,27.04,0.4633,80.86,3501.8
chi_meditation,C6,pre_meditation,2069,27783.445,1639.992,27.333,0.4683,69.85,3501.8
chi_meditation,C6,pre_meditation,2091,27801.141,1657.688,27.628,0.4734,70.42,3501.8
chi_meditation,C6,pre_meditation,2113,27818.758,1675.305,27.922,0.4784,69.2,3501.8
chi_meditation,C6,pre_meditation,2135,27837.383,1693.93,28.232,0.4837,69.2,3501.8
chi_meditation,C6,pre_meditation,2157,27855.602,1712.149,28.536,0.4889,71.77,3501.8
chi_meditation,C6,pre_meditation,2179,27872.844,1729.391,28.823,0.4939,79.16,3501.8
chi_meditation,C6,pre_meditation,2201,27891.117,1747.664,29.128,0.4991,69.85,3501.8
chi_meditation,C6,pre_meditation,2223,27909.367,1765.914,29.432,0.5043,70.42,3501.8
chi_meditation,C6,pre_meditation,2245,27927.5,1784.047,29.734,0.5095,71.09,3501.8
chi_meditation,C6,pre_meditation,2267,27945.266,1801.813,30.03,0.5145,77.62,3501.8
chi_meditation,C6,pre_meditation,2289,27962.969,1819.516,30.325,0.5196,71.77,3501.8
chi_meditation,C6,pre_meditation,2311,27980.234,1836.781,30.613,0.5245,79.16,3501.8
chi_meditation,C6,pre_meditation,2333,27998.867,1855.414,30.924,0.5298,65.65,3501.8
chi_meditation,C6,pre_meditation,2355,28017.469,1874.016,31.234,0.5352,71.77,3501.8
chi_meditation,C6,pre_meditation,2377,28035.516,1892.063,31.534,0.5403,70.42,3501.8
chi_meditation,C6,pre_meditation,2399,28053.289,1909.836,31.831,0.5454,74.53,3501.8
chi_meditation,C6,pre_meditation,2421,28071.305,1927.852,32.131,0.5505,71.09,3501.8
chi_meditation,C6,pre_meditation,2443,28089.289,1945.836,32.431,0.5557,75.28,3501.8
chi_meditation,C6,pre_meditation,2465,28105.195,1961.742,32.696,0.5602,90.36,3501.8
chi_meditation,C6,pre_meditation,2487,28118.828,1975.375,32.923,0.5641,99.67,3501.8
chi_meditation,C6,pre_meditation,2509,28132.664,1989.211,33.154,0.5681,93.6,3501.8
chi_meditation,C6,pre_meditation,2531,28148.086,2004.633,33.411,0.5725,86.33,3501.8
chi_meditation,C6,pre_meditation,2553,28163.398,2019.945,33.666,0.5768,82.53,3501.8
chi_meditation,C6,pre_meditation,2575,28179.211,2035.758,33.929,0.5813,86.33,3501.8
chi_meditation,C6,pre_meditation,2597,28195.594,2052.141,34.202,0.586,87.21,3501.8
chi_meditation,C6,pre_meditation,2619,28209.367,2065.914,34.432,0.59,94.79,3501.8
chi_meditation,C6,pre_meditation,2641,28222.898,2079.445,34.657,0.5938,98.52,3501.8
chi_meditation,C6,pre_meditation,2663,28235.773,2092.32,34.872,0.5975,108.11,3501.8
chi_meditation,C6,pre_meditation,2685,28248.547,2105.094,35.085,0.6011,98.52,3501.8
chi_meditation,C6,pre_meditation,2707,28262.234,2118.781,35.313,0.6051,93.6,3501.8
chi_meditation,C6,pre_meditation,2729,28275.695,2132.242,35.537,0.6089,93.6,3501.8
chi_meditation,C6,pre_meditation,2751,28290.25,2146.797,35.78,0.6131,90.36,3501.8
chi_meditation,C6,pre_meditation,2773,28305.414,2161.961,36.033,0.6174,82.53,3501.8
chi_meditation,C6,pre_meditation,2795,28321.039,2177.586,36.293,0.6218,86.33,3501.8
chi_meditation,C6,pre_meditation,2817,28338.07,2194.617,36.577,0.6267,74.53,3501.8
chi_meditation,C6,pre_meditation,2839,28356.141,2212.688,36.878,0.6319,78.33,3501.8
chi_meditation,C6,pre_meditation,2861,28373.992,2230.539,37.176,0.637,80.86,3501.8
chi_meditation,C6,pre_meditation,2883,28390.289,2246.836,37.447,0.6416,81.74,3501.8
chi_meditation,C6,pre_meditation,2905,28407.156,2263.703,37.728,0.6464,85.35,3501.8
chi_meditation,C6,pre_meditation,2927,28424.633,2281.18,38.02,0.6514,73.89,3501.8
chi_meditation,C6,pre_meditation,2949,28441.898,2298.445,38.307,0.6564,80.86,3501.8
chi_meditation,C6,pre_meditation,2971,28458.938,2315.485,38.591,0.6612,71.77,3501.8
chi_meditation,C6,pre_meditation,2993,28475.695,2332.242,38.871,0.666,84.39,3501.8
chi_meditation,C6,pre_meditation,3015,28493.297,2349.844,39.164,0.671,81.74,3501.8
chi_meditation,C6,pre_meditation,3037,28510.789,2367.336,39.456,0.676,83.45,3501.8
chi_meditation,C6,pre_meditation,3059,28526.711,2383.258,39.721,0.6806,85.35,3501.8
chi_meditation,C6,pre_meditation,3081,28543.523,2400.07,40.001,0.6854,75.28,3501.8
chi_meditation,C6,pre_meditation,3103,28562.367,2418.914,40.315,0.6908,81.74,3501.8
chi_meditation,C6,pre_meditation,3125,28580.547,2437.094,40.618,0.696,69.2,3501.8
chi_meditation,C6,pre_meditation,3147,28597.898,2454.445,40.907,0.7009,73.89,3501.8
chi_meditation,C6,pre_meditation,3169,28615.492,2472.039,41.201,0.7059,71.09,3501.8
chi_meditation,C6,pre_meditation,3191,28632.336,2488.883,41.481,0.7107,88.24,3501.8
chi_meditation,C6,pre_meditation,3213,28647.781,2504.328,41.739,0.7152,88.24,3501.8
chi_meditation,C6,pre_meditation,3235,28663.0,2519.547,41.992,0.7195,84.39,3501.8
chi_meditation,C6,pre_meditation,3257,28678.164,2534.711,42.245,0.7238,76.82,3501.8
chi_meditation,C6,pre_meditation,3279,28695.344,2551.891,42.532,0.7287,79.16,3501.8
chi_meditation,C6,pre_meditation,3301,28712.375,2568.922,42.815,0.7336,81.74,3501.8
chi_meditation,C6,pre_meditation,3323,28729.617,2586.164,43.103,0.7385,72.46,3501.8
chi_meditation,C6,pre_meditation,3345,28747.305,2603.852,43.398,0.7436,71.77,3501.8
chi_meditation,C6,pre_meditation,3367,28764.508,2621.055,43.684,0.7485,76.05,3501.8
chi_meditation,C6,pre_meditation,3389,28782.133,2638.68,43.978,0.7535,73.89,3501.8
chi_meditation,C6,pre_meditation,3411,28799.273,2655.82,44.264,0.7584,77.62,3501.8
chi_meditation,C6,pre_meditation,3433,28816.547,2673.094,44.552,0.7633,73.89,3501.8
chi_meditation,C6,pre_meditation,3455,28835.281,2691.828,44.864,0.7687,74.53,3501.8
chi_meditation,C6,pre_meditation,3477,28854.664,2711.211,45.187,0.7742,68.57,3501.8
chi_meditation,C6,pre_meditation,3499,28873.273,2729.82,45.497,0.7795,85.35,3501.8
chi_meditation,C6,pre_meditation,3521,28891.984,2748.531,45.809,0.7849,67.95,3501.8
chi_meditation,C6,pre_meditation,3543,28910.781,2767.328,46.122,0.7903,76.82,3501.8
chi_meditation,C6,pre_meditation,3565,28928.914,2785.461,46.424,0.7954,76.05,3501.8
chi_meditation,C6,pre_meditation,3587,28947.297,2803.844,46.731,0.8007,80.86,3501.8
chi_meditation,C6,pre_meditation,3609,28965.68,2822.227,47.037,0.8059,63.49,3501.8
chi_meditation,C6,pre_meditation,3631,28986.055,2842.602,47.377,0.8118,60.48,3501.8
chi_meditation,C6,pre_meditation,3653,29005.203,2861.75,47.696,0.8172,69.2,3501.8
chi_meditation,C6,pre_meditation,3675,29023.664,2880.211,48.004,0.8225,69.85,3501.8
chi_meditation,C6,pre_meditation,3697,29042.523,2899.07,48.318,0.8279,67.95,3501.8
chi_meditation,C6,pre_meditation,3719,29061.523,2918.07,48.635,0.8333,69.2,3501.8
chi_meditation,C6,pre_meditation,3741,29079.484,2936.031,48.934,0.8384,82.53,3501.8
chi_meditation,C6,pre_meditation,3763,29097.688,2954.235,49.237,0.8436,71.77,3501.8
chi_meditation,C6,pre_meditation,3785,29116.008,2972.555,49.543,0.8489,78.33,3501.8
chi_meditation,C6,pre_meditation,3807,29133.336,2989.883,49.831,0.8538,76.05,3501.8
chi_meditation,C6,pre_meditation,3829,29152.234,3008.781,50.146,0.8592,64.52,3501.8
chi_meditation,C6,pre_meditation,3851,29171.32,3027.867,50.464,0.8647,69.2,3501.8
chi_meditation,C6,pre_meditation,3873,29187.68,3044.227,50.737,0.8693,72.46,3501.8
chi_meditation,C6,pre_meditation,3895,29207.25,3063.797,51.063,0.8749,67.95,3501.8
chi_meditation,C6,pre_meditation,3917,29225.43,3081.977,51.366,0.8801,76.05,3501.8
chi_meditation,C6,pre_meditation,3939,29242.773,3099.32,51.655,0.8851,76.05,3501.8
chi_meditation,C6,pre_meditation,3961,29260.555,3117.102,51.952,0.8901,75.28,3501.8
chi_meditation,C6,pre_meditation,3983,29279.406,3135.953,52.266,0.8955,66.23,3501.8
chi_meditation,C6,pre_meditation,4005,29298.227,3154.774,52.58,0.9009,68.57,3501.8
chi_meditation,C6,pre_meditation,4027,29316.883,3173.43,52.89,0.9062,71.09,3501.8
chi_meditation,C6,pre_meditation,4049,29335.727,3192.274,53.205,0.9116,66.82,3501.8
chi_meditation,C6,pre_meditation,4071,29355.016,3211.563,53.526,0.9171,69.2,3501.8
chi_meditation,C6,pre_meditation,4093,29374.07,3230.617,53.844,0.9226,70.42,3501.8
chi_meditation,C6,pre_meditation,4115,29393.422,3249.969,54.166,0.9281,72.46,3501.8
chi_meditation,C6,pre_meditation,4137,29410.781,3267.328,54.455,0.933,83.45,3501.8
chi_meditation,C6,pre_meditation,4159,29426.68,3283.227,54.72,0.9376,83.45,3501.8
chi_meditation,C6,pre_meditation,4181,29441.656,3298.203,54.97,0.9419,96.0,3501.8
chi_meditation,C6,pre_meditation,4203,29458.57,3315.117,55.252,0.9467,74.53,3501.8
chi_meditation,C6,pre_meditation,4225,29474.508,3331.055,55.518,0.9512,89.29,3501.8
chi_meditation,C6,pre_meditation,4247,29488.258,3344.805,55.747,0.9552,93.6,3501.8
chi_meditation,C6,pre_meditation,4269,29504.242,3360.789,56.013,0.9597,86.33,3501.8
chi_meditation,C6,pre_meditation,4291,29521.375,3377.922,56.299,0.9646,71.09,3501.8
chi_meditation,C6,pre_meditation,4313,29538.93,3395.477,56.591,0.9696,76.82,3501.8
chi_meditation,C6,pre_meditation,4335,29557.438,3413.985,56.9,0.9749,69.2,3501.8
chi_meditation,C6,pre_meditation,4357,29577.281,3433.828,57.23,0.9806,66.82,3501.8
chi_meditation,C6,pre_meditation,4379,29597.414,3453.961,57.566,0.9863,58.2,3501.8
chi_meditation,C6,pre_meditation,4401,29619.0,3475.547,57.926,0.9925,60.48,3501.8
chi_meditation,C6,pre_meditation,4423,29639.922,3496.469,58.274,0.9985,64.52,3501.8
chi_meditation,C7,meditation,1,17699.383,0.0,0.0,0.0,78.33,4827.7
chi_meditation,C7,meditation,33,17722.32,22.937,0.382,0.0048,81.74,4827.7
chi_meditation,C7,meditation,65,17744.617,45.234,0.754,0.0094,71.09,4827.7
chi_meditation,C7,meditation,97,17768.602,69.219,1.154,0.0143,65.65,4827.7
chi_meditation,C7,meditation,129,17795.43,96.047,1.601,0.0199,88.24,4827.7
chi_meditation,C7,meditation,161,17817.281,117.898,1.965,0.0244,80.86,4827.7
chi_meditation,C7,meditation,193,17839.789,140.406,2.34,0.0291,85.35,4827.7
chi_meditation,C7,meditation,225,17863.352,163.969,2.733,0.034,78.33,4827.7
chi_meditation,C7,meditation,257,17884.883,185.5,3.092,0.0384,87.21,4827.7
chi_meditation,C7,meditation,289,17908.414,209.031,3.484,0.0433,80.86,4827.7
chi_meditation,C7,meditation,321,17929.875,230.492,3.842,0.0477,89.29,4827.7
chi_meditation,C7,meditation,353,17953.258,253.875,4.231,0.0526,80.0,4827.7
chi_meditation,C7,meditation,385,17976.125,276.742,4.612,0.0573,92.59,4827.7
chi_meditation,C7,meditation,417,17997.992,298.609,4.977,0.0619,70.42,4827.7
chi_meditation,C7,meditation,449,18022.977,323.594,5.393,0.067,80.86,4827.7
chi_meditation,C7,meditation,481,18047.211,347.828,5.797,0.072,87.21,4827.7
chi_meditation,C7,meditation,513,18067.383,368.0,6.133,0.0762,105.26,4827.7
chi_meditation,C7,meditation,545,18091.031,391.648,6.527,0.0811,69.85,4827.7
chi_meditation,C7,meditation,577,18115.102,415.719,6.929,0.0861,82.53,4827.7
chi_meditation,C7,meditation,609,18138.086,438.703,7.312,0.0909,86.33,4827.7
chi_meditation,C7,meditation,641,18161.148,461.765,7.696,0.0956,83.45,4827.7
chi_meditation,C7,meditation,673,18183.234,483.851,8.064,0.1002,87.21,4827.7
chi_meditation,C7,meditation,705,18206.43,507.047,8.451,0.105,82.53,4827.7
chi_meditation,C7,meditation,737,18229.297,529.914,8.832,0.1098,84.39,4827.7
chi_meditation,C7,meditation,769,18251.977,552.594,9.21,0.1145,83.45,4827.7
chi_meditation,C7,meditation,801,18274.953,575.57,9.593,0.1192,82.53,4827.7
chi_meditation,C7,meditation,833,18299.266,599.883,9.998,0.1243,81.74,4827.7
chi_meditation,C7,meditation,865,18323.383,624.0,10.4,0.1293,76.82,4827.7
chi_meditation,C7,meditation,897,18348.711,649.328,10.822,0.1345,77.62,4827.7
chi_meditation,C7,meditation,929,18373.836,674.453,11.241,0.1397,66.82,4827.7
chi_meditation,C7,meditation,961,18400.195,700.812,11.68,0.1452,77.62,4827.7
chi_meditation,C7,meditation,993,18425.961,726.578,12.11,0.1505,73.17,4827.7
chi_meditation,C7,meditation,1025,18452.094,752.711,12.545,0.1559,76.82,4827.7
chi_meditation,C7,meditation,1057,18478.617,779.234,12.987,0.1614,67.34,4827.7
chi_meditation,C7,meditation,1089,18505.969,806.586,13.443,0.1671,70.42,4827.7
chi_meditation,C7,meditation,1121,18533.328,833.945,13.899,0.1727,65.65,4827.7
chi_meditation,C7,meditation,1153,18559.789,860.406,14.34,0.1782,73.89,4827.7
chi_meditation,C7,meditation,1185,18585.789,886.406,14.773,0.1836,84.39,4827.7
chi_meditation,C7,meditation,1217,18611.68,912.297,15.205,0.189,81.74,4827.7
chi_meditation,C7,meditation,1249,18638.117,938.734,15.646,0.1944,76.05,4827.7
chi_meditation,C7,meditation,1281,18664.586,965.203,16.087,0.1999,76.82,4827.7
chi_meditation,C7,meditation,1313,18690.68,991.297,16.522,0.2053,73.17,4827.7
chi_meditation,C7,meditation,1345,18716.18,1016.797,16.947,0.2106,81.74,4827.7
chi_meditation,C7,meditation,1377,18740.492,1041.109,17.352,0.2157,80.0,4827.7
chi_meditation,C7,meditation,1409,18765.461,1066.078,17.768,0.2208,80.86,4827.7
chi_meditation,C7,meditation,1441,18790.984,1091.601,18.193,0.2261,80.0,4827.7
chi_meditation,C7,meditation,1473,18816.047,1116.664,18.611,0.2313,79.16,4827.7
chi_meditation,C7,meditation,1505,18840.297,1140.914,19.015,0.2363,68.57,4827.7
chi_meditation,C7,meditation,1537,18865.617,1166.234,19.437,0.2416,67.95,4827.7
chi_meditation,C7,meditation,1569,18888.688,1189.305,19.822,0.2464,80.0,4827.7
chi_meditation,C7,meditation,1601,18912.672,1213.289,20.221,0.2513,69.85,4827.7
chi_meditation,C7,meditation,1633,18938.289,1238.906,20.648,0.2566,76.82,4827.7
chi_meditation,C7,meditation,1665,18965.68,1266.297,21.105,0.2623,78.33,4827.7
chi_meditation,C7,meditation,1697,18990.344,1290.961,21.516,0.2674,80.86,4827.7
chi_meditation,C7,meditation,1729,19016.609,1317.226,21.954,0.2728,79.16,4827.7
chi_meditation,C7,meditation,1761,19044.047,1344.664,22.411,0.2785,80.0,4827.7
chi_meditation,C7,meditation,1793,19070.977,1371.594,22.86,0.2841,83.45,4827.7
chi_meditation,C7,meditation,1825,19096.117,1396.734,23.279,0.2893,77.62,4827.7
chi_meditation,C7,meditation,1857,19122.266,1422.883,23.715,0.2947,78.33,4827.7
chi_meditation,C7,meditation,1889,19145.977,1446.594,24.11,0.2996,77.62,4827.7
chi_meditation,C7,meditation,1921,19171.688,1472.305,24.538,0.305,73.89,4827.7
chi_meditation,C7,meditation,1953,19199.297,1499.914,24.999,0.3107,71.09,4827.7
chi_meditation,C7,meditation,1985,19226.07,1526.687,25.445,0.3162,73.89,4827.7
chi_meditation,C7,meditation,2017,19252.594,1553.211,25.887,0.3217,78.33,4827.7
chi_meditation,C7,meditation,2049,19280.148,1580.765,26.346,0.3274,65.08,4827.7
chi_meditation,C7,meditation,2081,19307.516,1608.133,26.802,0.3331,65.65,4827.7
chi_meditation,C7,meditation,2113,19334.656,1635.273,27.255,0.3387,73.17,4827.7
chi_meditation,C7,meditation,2145,19361.227,1661.844,27.697,0.3442,75.28,4827.7
chi_meditation,C7,meditation,2177,19389.008,1689.625,28.16,0.35,76.05,4827.7
chi_meditation,C7,meditation,2209,19416.203,1716.82,28.614,0.3556,71.77,4827.7
chi_meditation,C7,meditation,2241,19443.438,1744.055,29.068,0.3613,72.46,4827.7
chi_meditation,C7,meditation,2273,19468.227,1768.844,29.481,0.3664,78.33,4827.7
chi_meditation,C7,meditation,2305,19493.68,1794.297,29.905,0.3717,77.62,4827.7
chi_meditation,C7,meditation,2337,19519.188,1819.805,30.33,0.377,80.86,4827.7
chi_meditation,C7,meditation,2369,19543.727,1844.344,30.739,0.382,76.82,4827.7
chi_meditation,C7,meditation,2401,19566.82,1867.437,31.124,0.3868,88.24,4827.7
chi_meditation,C7,meditation,2433,19590.375,1890.992,31.517,0.3917,85.35,4827.7
chi_meditation,C7,meditation,2465,19613.047,1913.664,31.894,0.3964,88.24,4827.7
chi_meditation,C7,meditation,2497,19638.75,1939.367,32.323,0.4017,80.86,4827.7
chi_meditation,C7,meditation,2529,19663.633,1964.25,32.737,0.4069,65.65,4827.7
chi_meditation,C7,meditation,2561,19688.758,1989.375,33.156,0.4121,80.86,4827.7
chi_meditation,C7,meditation,2593,19715.383,2016.0,33.6,0.4176,94.79,4827.7
chi_meditation,C7,meditation,2625,19737.82,2038.437,33.974,0.4222,87.21,4827.7
chi_meditation,C7,meditation,2657,19760.414,2061.031,34.351,0.4269,85.35,4827.7
chi_meditation,C7,meditation,2689,19785.07,2085.687,34.761,0.432,84.39,4827.7
chi_meditation,C7,meditation,2721,19809.57,2110.187,35.17,0.4371,82.53,4827.7
chi_meditation,C7,meditation,2753,19829.141,2129.758,35.496,0.4412,103.81,4827.7
chi_meditation,C7,meditation,2785,19850.633,2151.25,35.854,0.4456,96.0,4827.7
chi_meditation,C7,meditation,2817,19875.531,2176.148,36.269,0.4508,75.28,4827.7
chi_meditation,C7,meditation,2849,19901.875,2202.492,36.708,0.4562,74.53,4827.7
chi_meditation,C7,meditation,2881,19928.555,2229.172,37.153,0.4617,62.96,4827.7
chi_meditation,C7,meditation,2913,19955.273,2255.89,37.598,0.4673,76.05,4827.7
chi_meditation,C7,meditation,2945,19981.023,2281.64,38.027,0.4726,63.49,4827.7
chi_meditation,C7,meditation,2977,20007.82,2308.437,38.474,0.4782,76.82,4827.7
chi_meditation,C7,meditation,3009,20032.508,2333.125,38.885,0.4833,78.33,4827.7
chi_meditation,C7,meditation,3041,20055.172,2355.789,39.263,0.488,83.45,4827.7
chi_meditation,C7,meditation,3073,20078.109,2378.726,39.645,0.4927,82.53,4827.7
chi_meditation,C7,meditation,3105,20100.602,2401.219,40.02,0.4974,90.36,4827.7
chi_meditation,C7,meditation,3137,20122.797,2423.414,40.39,0.502,86.33,4827.7
chi_meditation,C7,meditation,3169,20144.523,2445.14,40.752,0.5065,92.59,4827.7
chi_meditation,C7,meditation,3201,20165.672,2466.289,41.105,0.5109,91.46,4827.7
chi_meditation,C7,meditation,3233,20187.352,2487.969,41.466,0.5154,88.24,4827.7
chi_meditation,C7,meditation,3265,20209.719,2510.336,41.839,0.52,88.24,4827.7
chi_meditation,C7,meditation,3297,20231.391,2532.008,42.2,0.5245,86.33,4827.7
chi_meditation,C7,meditation,3329,20255.984,2556.601,42.61,0.5296,80.0,4827.7
chi_meditation,C7,meditation,3361,20281.484,2582.101,43.035,0.5349,72.46,4827.7
chi_meditation,C7,meditation,3393,20304.984,2605.601,43.427,0.5397,86.33,4827.7
chi_meditation,C7,meditation,3425,20327.625,2628.242,43.804,0.5444,84.39,4827.7
chi_meditation,C7,meditation,3457,20349.703,2650.32,44.172,0.549,88.24,4827.7
chi_meditation,C7,meditation,3489,20370.43,2671.047,44.517,0.5533,86.33,4827.7
chi_meditation,C7,meditation,3521,20392.18,2692.797,44.88,0.5578,83.45,4827.7
chi_meditation,C7,meditation,3553,20414.547,2715.164,45.253,0.5624,74.53,4827.7
chi_meditation,C7,meditation,3585,20438.383,2739.0,45.65,0.5674,81.74,4827.7
chi_meditation,C7,meditation,3617,20460.188,2760.805,46.013,0.5719,83.45,4827.7
chi_meditation,C7,meditation,3649,20482.742,2783.359,46.389,0.5765,90.36,4827.7
chi_meditation,C7,meditation,3681,20506.664,2807.281,46.788,0.5815,79.16,4827.7
chi_meditation,C7,meditation,3713,20530.602,2831.219,47.187,0.5865,78.33,4827.7
chi_meditation,C7,meditation,3745,20554.328,2854.945,47.582,0.5914,81.74,4827.7
chi_meditation,C7,meditation,3777,20575.375,2875.992,47.933,0.5957,91.46,4827.7
chi_meditation,C7,meditation,3809,20596.914,2897.531,48.292,0.6002,80.0,4827.7
chi_meditation,C7,meditation,3841,20619.617,2920.234,48.671,0.6049,72.46,4827.7
chi_meditation,C7,meditation,3873,20643.859,2944.476,49.075,0.6099,84.39,4827.7
chi_meditation,C7,meditation,3905,20667.328,2967.945,49.466,0.6148,86.33,4827.7
chi_meditation,C7,meditation,3937,20690.328,2990.945,49.849,0.6195,84.39,4827.7
chi_meditation,C7,meditation,3969,20713.281,3013.898,50.232,0.6243,85.35,4827.7
chi_meditation,C7,meditation,4001,20735.969,3036.586,50.61,0.629,82.53,4827.7
chi_meditation,C7,meditation,4033,20759.406,3060.023,51.0,0.6338,87.21,4827.7
chi_meditation,C7,meditation,4065,20781.094,3081.711,51.362,0.6383,85.35,4827.7
chi_meditation,C7,meditation,4097,20804.789,3105.406,51.757,0.6432,69.2,4827.7
chi_meditation,C7,meditation,4129,20829.352,3129.969,52.166,0.6483,79.16,4827.7
chi_meditation,C7,meditation,4161,20854.398,3155.015,52.584,0.6535,76.05,4827.7
chi_meditation,C7,meditation,4193,20878.898,3179.515,52.992,0.6586,84.39,4827.7
chi_meditation,C7,meditation,4225,20902.25,3202.867,53.381,0.6634,83.45,4827.7
chi_meditation,C7,meditation,4257,20925.727,3226.344,53.772,0.6683,85.35,4827.7
chi_meditation,C7,meditation,4289,20949.25,3249.867,54.164,0.6732,83.45,4827.7
chi_meditation,C7,meditation,4321,20972.258,3272.875,54.548,0.6779,84.39,4827.7
chi_meditation,C7,meditation,4353,20994.219,3294.836,54.914,0.6825,89.29,4827.7
chi_meditation,C7,meditation,4385,21015.516,3316.133,55.269,0.6869,90.36,4827.7
chi_meditation,C7,meditation,4417,21037.047,3337.664,55.628,0.6914,89.29,4827.7
chi_meditation,C7,meditation,4449,21058.742,3359.359,55.989,0.6959,99.67,4827.7
chi_meditation,C7,meditation,4481,21079.656,3380.273,56.338,0.7002,76.82,4827.7
chi_meditation,C7,meditation,4513,21102.656,3403.273,56.721,0.7049,83.45,4827.7
chi_meditation,C7,meditation,4545,21125.703,3426.32,57.105,0.7097,79.16,4827.7
chi_meditation,C7,meditation,4577,21149.453,3450.07,57.501,0.7146,85.35,4827.7
chi_meditation,C7,meditation,4609,21171.977,3472.594,57.877,0.7193,80.0,4827.7
chi_meditation,C7,meditation,4641,21196.414,3497.031,58.284,0.7244,82.53,4827.7
chi_meditation,C7,meditation,4673,21219.297,3519.914,58.665,0.7291,84.39,4827.7
chi_meditation,C7,meditation,4705,21242.68,3543.297,59.055,0.734,76.05,4827.7
chi_meditation,C7,meditation,4737,21266.453,3567.07,59.451,0.7389,83.45,4827.7
chi_meditation,C7,meditation,4769,21289.711,3590.328,59.839,0.7437,81.74,4827.7
chi_meditation,C7,meditation,4801,21313.109,3613.726,60.229,0.7485,82.53,4827.7
chi_meditation,C7,meditation,4833,21337.062,3637.679,60.628,0.7535,84.39,4827.7
chi_meditation,C7,meditation,4865,21359.766,3660.383,61.006,0.7582,78.33,4827.7
chi_meditation,C7,meditation,4897,21382.562,3683.179,61.386,0.7629,73.89,4827.7
chi_meditation,C7,meditation,4929,21405.781,3706.398,61.773,0.7677,84.39,4827.7
chi_meditation,C7,meditation,4961,21430.695,3731.312,62.189,0.7729,75.28,4827.7
chi_meditation,C7,meditation,4993,21454.789,3755.406,62.59,0.7779,80.0,4827.7
chi_meditation,C7,meditation,5025,21479.688,3780.305,63.005,0.783,78.33,4827.7
chi_meditation,C7,meditation,5057,21503.93,3804.547,63.409,0.7881,80.0,4827.7
chi_meditation,C7,meditation,5089,21527.703,3828.32,63.805,0.793,81.74,4827.7
chi_meditation,C7,meditation,5121,21551.336,3851.953,64.199,0.7979,80.86,4827.7
chi_meditation,C7,meditation,5153,21574.625,3875.242,64.587,0.8027,83.45,4827.7
chi_meditation,C7,meditation,5185,21597.164,3897.781,64.963,0.8074,83.45,4827.7
chi_meditation,C7,meditation,5217,21621.047,3921.664,65.361,0.8123,80.0,4827.7
chi_meditation,C7,meditation,5249,21644.305,3944.922,65.749,0.8171,80.0,4827.7
chi_meditation,C7,meditation,5281,21667.938,3968.555,66.143,0.822,75.28,4827.7
chi_meditation,C7,meditation,5313,21691.398,3992.015,66.534,0.8269,85.35,4827.7
chi_meditation,C7,meditation,5345,21713.773,4014.39,66.906,0.8315,83.45,4827.7
chi_meditation,C7,meditation,5377,21736.57,4037.187,67.286,0.8363,86.33,4827.7
chi_meditation,C7,meditation,5409,21759.086,4059.703,67.662,0.8409,85.35,4827.7
chi_meditation,C7,meditation,5441,21782.062,4082.679,68.045,0.8457,90.36,4827.7
chi_meditation,C7,meditation,5473,21805.344,4105.961,68.433,0.8505,83.45,4827.7
chi_meditation,C7,meditation,5505,21828.359,4128.976,68.816,0.8553,84.39,4827.7
chi_meditation,C7,meditation,5537,21850.805,4151.422,69.19,0.8599,86.33,4827.7
chi_meditation,C7,meditation,5569,21873.023,4173.64,69.561,0.8645,84.39,4827.7
chi_meditation,C7,meditation,5601,21897.094,4197.711,69.962,0.8695,83.45,4827.7
chi_meditation,C7,meditation,5633,21920.734,4221.351,70.356,0.8744,82.53,4827.7
chi_meditation,C7,meditation,5665,21944.359,4244.976,70.75,0.8793,81.74,4827.7
chi_meditation,C7,meditation,5697,21967.953,4268.57,71.143,0.8842,79.16,4827.7
chi_meditation,C7,meditation,5729,21992.031,4292.648,71.544,0.8892,79.16,4827.7
chi_meditation,C7,meditation,5761,22016.008,4316.625,71.944,0.8941,77.62,4827.7
chi_meditation,C7,meditation,5793,22039.219,4339.836,72.331,0.8989,85.35,4827.7
chi_meditation,C7,meditation,5825,22061.547,4362.164,72.703,0.9036,88.24,4827.7
chi_meditation,C7,meditation,5857,22084.891,4385.508,73.092,0.9084,85.35,4827.7
chi_meditation,C7,meditation,5889,22108.234,4408.851,73.481,0.9132,75.28,4827.7
chi_meditation,C7,meditation,5921,22132.602,4433.219,73.887,0.9183,80.0,4827.7
chi_meditation,C7,meditation,5953,22155.938,4456.555,74.276,0.9231,83.45,4827.7
chi_meditation,C7,meditation,5985,22179.516,4480.133,74.669,0.928,80.86,4827.7
chi_meditation,C7,meditation,6017,22202.281,4502.898,75.048,0.9327,86.33,4827.7
chi_meditation,C7,meditation,6049,22224.031,4524.648,75.411,0.9372,93.6,4827.7
chi_meditation,C7,meditation,6081,22246.023,4546.64,75.777,0.9418,88.24,4827.7
chi_meditation,C7,meditation,6113,22269.062,4569.679,76.161,0.9466,88.24,4827.7
chi_meditation,C7,meditation,6145,22290.922,4591.539,76.526,0.9511,88.24,4827.7
chi_meditation,C7,meditation,6177,22313.984,4614.601,76.91,0.9559,81.74,4827.7
chi_meditation,C7,meditation,6209,22337.852,4638.469,77.308,0.9608,80.0,4827.7
chi_meditation,C7,meditation,6241,22361.289,4661.906,77.698,0.9657,82.53,4827.7
chi_meditation,C7,meditation,6273,22384.516,4685.133,78.086,0.9705,84.39,4827.7
chi_meditation,C7,meditation,6305,22407.766,4708.383,78.473,0.9753,83.45,4827.7
chi_meditation,C7,meditation,6337,22430.945,4731.562,78.859,0.9801,85.35,4827.7
chi_meditation,C7,meditation,6369,22453.5,4754.117,79.235,0.9848,85.35,4827.7
chi_meditation,C7,meditation,6401,22476.172,4776.789,79.613,0.9895,86.33,4827.7
chi_meditation,C7,meditation,6433,22503.047,4803.664,80.061,0.995,87.21,4827.7
chi_meditation,C7,meditation,6465,22527.086,4827.703,80.462,1.0,76.05,4827.7
chi_meditation,C7,pre_meditation,1,14093.391,0.0,0.0,0.0,79.16,3517.3
chi_meditation,C7,pre_meditation,25,14109.547,16.156,0.269,0.0046,93.6,3517.3
chi_meditation,C7,pre_meditation,49,14126.391,33.0,0.55,0.0094,78.33,3517.3
chi_meditation,C7,pre_meditation,73,14143.406,50.015,0.834,0.0142,85.35,3517.3
chi_meditation,C7,pre_meditation,97,14159.562,66.171,1.103,0.0188,81.74,3517.3
chi_meditation,C7,pre_meditation,121,14175.781,82.39,1.373,0.0234,94.79,3517.3
chi_meditation,C7,pre_meditation,145,14192.398,99.007,1.65,0.0281,88.24,3517.3
chi_meditation,C7,pre_meditation,169,14209.242,115.851,1.931,0.0329,88.24,3517.3
chi_meditation,C7,pre_meditation,193,14225.664,132.273,2.205,0.0376,91.46,3517.3
chi_meditation,C7,pre_meditation,217,14241.352,147.961,2.466,0.0421,86.33,3517.3
chi_meditation,C7,pre_meditation,241,14258.578,165.187,2.753,0.047,80.86,3517.3
chi_meditation,C7,pre_meditation,265,14275.219,181.828,3.03,0.0517,94.79,3517.3
chi_meditation,C7,pre_meditation,289,14292.914,199.523,3.325,0.0567,84.39,3517.3
chi_meditation,C7,pre_meditation,313,14310.062,216.671,3.611,0.0616,87.21,3517.3
chi_meditation,C7,pre_meditation,337,14326.68,233.289,3.888,0.0663,97.24,3517.3
chi_meditation,C7,pre_meditation,361,14342.133,248.742,4.146,0.0707,90.36,3517.3
chi_meditation,C7,pre_meditation,385,14357.781,264.39,4.406,0.0752,89.29,3517.3
chi_meditation,C7,pre_meditation,409,14373.023,279.632,4.661,0.0795,99.67,3517.3
chi_meditation,C7,pre_meditation,433,14388.555,295.164,4.919,0.0839,78.33,3517.3
chi_meditation,C7,pre_meditation,457,14407.469,314.078,5.235,0.0893,112.99,3517.3
chi_meditation,C7,pre_meditation,481,14419.727,326.336,5.439,0.0928,120.0,3517.3
chi_meditation,C7,pre_meditation,505,14432.305,338.914,5.649,0.0964,114.72,3517.3
chi_meditation,C7,pre_meditation,529,14451.625,358.234,5.971,0.1018,116.28,3517.3
chi_meditation,C7,pre_meditation,553,14464.273,370.882,6.181,0.1054,114.72,3517.3
chi_meditation,C7,pre_meditation,577,14477.828,384.437,6.407,0.1093,106.76,3517.3
chi_meditation,C7,pre_meditation,601,14491.898,398.507,6.642,0.1133,97.24,3517.3
chi_meditation,C7,pre_meditation,625,14508.336,414.945,6.916,0.118,96.0,3517.3
chi_meditation,C7,pre_meditation,649,14525.586,432.195,7.203,0.1229,87.21,3517.3
chi_meditation,C7,pre_meditation,673,14542.477,449.086,7.485,0.1277,80.0,3517.3
chi_meditation,C7,pre_meditation,697,14561.148,467.757,7.796,0.133,74.53,3517.3
chi_meditation,C7,pre_meditation,721,14579.781,486.39,8.107,0.1383,84.39,3517.3
chi_meditation,C7,pre_meditation,745,14598.922,505.531,8.426,0.1437,79.16,3517.3
chi_meditation,C7,pre_meditation,769,14618.391,525.0,8.75,0.1493,71.77,3517.3
chi_meditation,C7,pre_meditation,793,14636.445,543.054,9.051,0.1544,80.0,3517.3
chi_meditation,C7,pre_meditation,817,14654.086,560.695,9.345,0.1594,76.82,3517.3
chi_meditation,C7,pre_meditation,841,14672.5,579.109,9.652,0.1646,84.39,3517.3
chi_meditation,C7,pre_meditation,865,14690.156,596.765,9.946,0.1697,74.53,3517.3
chi_meditation,C7,pre_meditation,889,14708.617,615.226,10.254,0.1749,75.28,3517.3
chi_meditation,C7,pre_meditation,913,14726.438,633.047,10.551,0.18,80.86,3517.3
chi_meditation,C7,pre_meditation,937,14744.266,650.875,10.848,0.1851,81.74,3517.3
chi_meditation,C7,pre_meditation,961,14761.844,668.453,11.141,0.19,77.62,3517.3
chi_meditation,C7,pre_meditation,985,14779.273,685.882,11.431,0.195,72.46,3517.3
chi_meditation,C7,pre_meditation,1009,14796.688,703.297,11.722,0.2,81.74,3517.3
chi_meditation,C7,pre_meditation,1033,14814.43,721.039,12.017,0.205,73.89,3517.3
chi_meditation,C7,pre_meditation,1057,14832.68,739.289,12.321,0.2102,80.86,3517.3
chi_meditation,C7,pre_meditation,1081,14850.211,756.82,12.614,0.2152,85.35,3517.3
chi_meditation,C7,pre_meditation,1105,14868.984,775.593,12.927,0.2205,83.45,3517.3
chi_meditation,C7,pre_meditation,1129,14887.117,793.726,13.229,0.2257,80.0,3517.3
chi_meditation,C7,pre_meditation,1153,14906.234,812.843,13.547,0.2311,83.45,3517.3
chi_meditation,C7,pre_meditation,1177,14924.625,831.234,13.854,0.2363,68.57,3517.3
chi_meditation,C7,pre_meditation,1201,14948.586,855.195,14.253,0.2431,83.45,3517.3
chi_meditation,C7,pre_meditation,1225,14966.414,873.023,14.55,0.2482,92.59,3517.3
chi_meditation,C7,pre_meditation,1249,14984.109,890.718,14.845,0.2532,87.21,3517.3
chi_meditation,C7,pre_meditation,1273,15001.289,907.898,15.132,0.2581,93.6,3517.3
chi_meditation,C7,pre_meditation,1297,15018.781,925.39,15.423,0.2631,77.62,3517.3
chi_meditation,C7,pre_meditation,1321,15037.242,943.851,15.731,0.2683,76.05,3517.3
chi_meditation,C7,pre_meditation,1345,15056.523,963.132,16.052,0.2738,70.42,3517.3
chi_meditation,C7,pre_meditation,1369,15075.805,982.414,16.374,0.2793,80.86,3517.3
chi_meditation,C7,pre_meditation,1393,15094.68,1001.289,16.688,0.2847,76.82,3517.3
chi_meditation,C7,pre_meditation,1417,15113.445,1020.054,17.001,0.29,77.62,3517.3
chi_meditation,C7,pre_meditation,1441,15131.227,1037.836,17.297,0.2951,82.53,3517.3
chi_meditation,C7,pre_meditation,1465,15149.117,1055.726,17.595,0.3002,84.39,3517.3
chi_meditation,C7,pre_meditation,1489,15166.93,1073.539,17.892,0.3052,74.53,3517.3
chi_meditation,C7,pre_meditation,1513,15185.992,1092.601,18.21,0.3106,76.82,3517.3
chi_meditation,C7,pre_meditation,1537,15204.898,1111.507,18.525,0.316,76.82,3517.3
chi_meditation,C7,pre_meditation,1561,15223.359,1129.968,18.833,0.3213,77.62,3517.3
chi_meditation,C7,pre_meditation,1585,15241.906,1148.515,19.142,0.3265,70.42,3517.3
chi_meditation,C7,pre_meditation,1609,15261.25,1167.859,19.464,0.332,75.28,3517.3
chi_meditation,C7,pre_meditation,1633,15280.336,1186.945,19.782,0.3375,78.33,3517.3
chi_meditation,C7,pre_meditation,1657,15299.586,1206.195,20.103,0.3429,76.82,3517.3
chi_meditation,C7,pre_meditation,1681,15318.508,1225.117,20.419,0.3483,76.82,3517.3
chi_meditation,C7,pre_meditation,1705,15336.727,1243.336,20.722,0.3535,83.45,3517.3
chi_meditation,C7,pre_meditation,1729,15355.258,1261.867,21.031,0.3588,83.45,3517.3
chi_meditation,C7,pre_meditation,1753,15374.391,1281.0,21.35,0.3642,72.46,3517.3
chi_meditation,C7,pre_meditation,1777,15393.805,1300.414,21.674,0.3697,76.05,3517.3
chi_meditation,C7,pre_meditation,1801,15412.336,1318.945,21.982,0.375,73.89,3517.3
chi_meditation,C7,pre_meditation,1825,15431.141,1337.75,22.296,0.3803,75.28,3517.3
chi_meditation,C7,pre_meditation,1849,15449.422,1356.031,22.601,0.3855,76.82,3517.3
chi_meditation,C7,pre_meditation,1873,15467.172,1373.781,22.896,0.3906,81.74,3517.3
chi_meditation,C7,pre_meditation,1897,15485.555,1392.164,23.203,0.3958,80.0,3517.3
chi_meditation,C7,pre_meditation,1921,15503.859,1410.468,23.508,0.401,76.05,3517.3
chi_meditation,C7,pre_meditation,1945,15521.672,1428.281,23.805,0.4061,80.86,3517.3
chi_meditation,C7,pre_meditation,1969,15540.078,1446.687,24.111,0.4113,71.09,3517.3
chi_meditation,C7,pre_meditation,1993,15558.875,1465.484,24.425,0.4167,79.16,3517.3
chi_meditation,C7,pre_meditation,2017,15577.578,1484.187,24.736,0.422,82.53,3517.3
chi_meditation,C7,pre_meditation,2041,15596.375,1502.984,25.05,0.4273,72.46,3517.3
chi_meditation,C7,pre_meditation,2065,15614.742,1521.351,25.356,0.4325,75.28,3517.3
chi_meditation,C7,pre_meditation,2089,15634.016,1540.625,25.677,0.438,73.17,3517.3
chi_meditation,C7,pre_meditation,2113,15652.836,1559.445,25.991,0.4434,73.17,3517.3
chi_meditation,C7,pre_meditation,2137,15670.969,1577.578,26.293,0.4485,83.45,3517.3
chi_meditation,C7,pre_meditation,2161,15688.711,1595.32,26.589,0.4536,88.24,3517.3
chi_meditation,C7,pre_meditation,2185,15707.453,1614.062,26.901,0.4589,77.62,3517.3
chi_meditation,C7,pre_meditation,2209,15726.18,1632.789,27.213,0.4642,71.77,3517.3
chi_meditation,C7,pre_meditation,2233,15745.32,1651.929,27.532,0.4697,73.17,3517.3
chi_meditation,C7,pre_meditation,2257,15764.711,1671.32,27.855,0.4752,78.33,3517.3
chi_meditation,C7,pre_meditation,2281,15783.82,1690.429,28.174,0.4806,79.16,3517.3
chi_meditation,C7,pre_meditation,2305,15802.977,1709.586,28.493,0.4861,77.62,3517.3
chi_meditation,C7,pre_meditation,2329,15820.852,1727.461,28.791,0.4911,79.16,3517.3
chi_meditation,C7,pre_meditation,2353,15838.859,1745.468,29.091,0.4963,69.85,3517.3
chi_meditation,C7,pre_meditation,2377,15858.609,1765.218,29.42,0.5019,70.42,3517.3
chi_meditation,C7,pre_meditation,2401,15878.156,1784.765,29.746,0.5074,72.46,3517.3
chi_meditation,C7,pre_meditation,2425,15896.938,1803.547,30.059,0.5128,73.17,3517.3
chi_meditation,C7,pre_meditation,2449,15916.336,1822.945,30.382,0.5183,72.46,3517.3
chi_meditation,C7,pre_meditation,2473,15935.648,1842.257,30.704,0.5238,77.62,3517.3
chi_meditation,C7,pre_meditation,2497,15954.953,1861.562,31.026,0.5293,72.46,3517.3
chi_meditation,C7,pre_meditation,2521,15973.695,1880.304,31.338,0.5346,80.0,3517.3
chi_meditation,C7,pre_meditation,2545,15991.414,1898.023,31.634,0.5396,78.33,3517.3
chi_meditation,C7,pre_meditation,2569,16008.898,1915.507,31.925,0.5446,88.24,3517.3
chi_meditation,C7,pre_meditation,2593,16027.141,1933.75,32.229,0.5498,76.82,3517.3
chi_meditation,C7,pre_meditation,2617,16045.828,1952.437,32.541,0.5551,75.28,3517.3
chi_meditation,C7,pre_meditation,2641,16063.406,1970.015,32.834,0.5601,84.39,3517.3
chi_meditation,C7,pre_meditation,2665,16080.562,1987.171,33.12,0.565,80.86,3517.3
chi_meditation,C7,pre_meditation,2689,16101.906,2008.515,33.475,0.571,98.52,3517.3
chi_meditation,C7,pre_meditation,2713,16115.945,2022.554,33.709,0.575,101.01,3517.3
chi_meditation,C7,pre_meditation,2737,16130.219,2036.828,33.947,0.5791,106.76,3517.3
chi_meditation,C7,pre_meditation,2761,16143.109,2049.718,34.162,0.5828,118.11,3517.3
chi_meditation,C7,pre_meditation,2785,16155.039,2061.648,34.361,0.5861,125.79,3517.3
chi_meditation,C7,pre_meditation,2809,16166.664,2073.273,34.555,0.5895,130.15,3517.3
chi_meditation,C7,pre_meditation,2833,16177.523,2084.132,34.736,0.5925,130.15,3517.3
chi_meditation,C7,pre_meditation,2857,16188.484,2095.093,34.918,0.5957,125.79,3517.3
chi_meditation,C7,pre_meditation,2881,16204.141,2110.75,35.179,0.6001,130.15,3517.3
chi_meditation,C7,pre_meditation,2905,16221.008,2127.617,35.46,0.6049,116.28,3517.3
chi_meditation,C7,pre_meditation,2929,16233.539,2140.148,35.669,0.6085,118.11,3517.3
chi_meditation,C7,pre_meditation,2953,16247.852,2154.461,35.908,0.6125,99.67,3517.3
chi_meditation,C7,pre_meditation,2977,16263.141,2169.75,36.163,0.6169,101.01,3517.3
chi_meditation,C7,pre_meditation,3001,16279.852,2186.461,36.441,0.6216,84.39,3517.3
chi_meditation,C7,pre_meditation,3025,16297.539,2204.148,36.736,0.6267,84.39,3517.3
chi_meditation,C7,pre_meditation,3049,16314.094,2220.703,37.012,0.6314,101.01,3517.3
chi_meditation,C7,pre_meditation,3073,16327.688,2234.297,37.238,0.6352,105.26,3517.3
chi_meditation,C7,pre_meditation,3097,16342.062,2248.671,37.478,0.6393,98.52,3517.3
chi_meditation,C7,pre_meditation,3121,16358.523,2265.132,37.752,0.644,82.53,3517.3
chi_meditation,C7,pre_meditation,3145,16374.531,2281.14,38.019,0.6486,103.81,3517.3
chi_meditation,C7,pre_meditation,3169,16387.789,2294.398,38.24,0.6523,111.32,3517.3
chi_meditation,C7,pre_meditation,3193,16401.727,2308.336,38.472,0.6563,102.39,3517.3
chi_meditation,C7,pre_meditation,3217,16415.602,2322.211,38.704,0.6602,103.81,3517.3
chi_meditation,C7,pre_meditation,3241,16430.398,2337.007,38.95,0.6644,91.46,3517.3
chi_meditation,C7,pre_meditation,3265,16446.023,2352.632,39.211,0.6689,97.24,3517.3
chi_meditation,C7,pre_meditation,3289,16462.156,2368.765,39.479,0.6735,89.29,3517.3
chi_meditation,C7,pre_meditation,3313,16478.43,2385.039,39.751,0.6781,87.21,3517.3
chi_meditation,C7,pre_meditation,3337,16495.141,2401.75,40.029,0.6828,89.29,3517.3
chi_meditation,C7,pre_meditation,3361,16512.07,2418.679,40.311,0.6877,92.59,3517.3
chi_meditation,C7,pre_meditation,3385,16528.969,2435.578,40.593,0.6925,90.36,3517.3
chi_meditation,C7,pre_meditation,3409,16545.445,2452.054,40.868,0.6971,90.36,3517.3
chi_meditation,C7,pre_meditation,3433,16562.586,2469.195,41.153,0.702,85.35,3517.3
chi_meditation,C7,pre_meditation,3457,16579.773,2486.382,41.44,0.7069,90.36,3517.3
chi_meditation,C7,pre_meditation,3481,16596.648,2503.257,41.721,0.7117,86.33,3517.3
chi_meditation,C7,pre_meditation,3505,16614.43,2521.039,42.017,0.7168,79.16,3517.3
chi_meditation,C7,pre_meditation,3529,16632.328,2538.937,42.316,0.7218,84.39,3517.3
chi_meditation,C7,pre_meditation,3553,16649.117,2555.726,42.595,0.7266,87.21,3517.3
chi_meditation,C7,pre_meditation,3577,16665.68,2572.289,42.871,0.7313,88.24,3517.3
chi_meditation,C7,pre_meditation,3601,16681.219,2587.828,43.13,0.7357,94.79,3517.3
chi_meditation,C7,pre_meditation,3625,16698.391,2605.0,43.417,0.7406,82.53,3517.3
chi_meditation,C7,pre_meditation,3649,16714.977,2621.586,43.693,0.7453,86.33,3517.3
chi_meditation,C7,pre_meditation,3673,16732.266,2638.875,43.981,0.7503,80.0,3517.3
chi_meditation,C7,pre_meditation,3697,16748.43,2655.039,44.251,0.7549,83.45,3517.3
chi_meditation,C7,pre_meditation,3721,16767.023,2673.632,44.561,0.7601,80.86,3517.3
chi_meditation,C7,pre_meditation,3745,16784.672,2691.281,44.855,0.7652,82.53,3517.3
chi_meditation,C7,pre_meditation,3769,16802.25,2708.859,45.148,0.7702,81.74,3517.3
chi_meditation,C7,pre_meditation,3793,16819.078,2725.687,45.428,0.7749,88.24,3517.3
chi_meditation,C7,pre_meditation,3817,16835.93,2742.539,45.709,0.7797,84.39,3517.3
chi_meditation,C7,pre_meditation,3841,16857.859,2764.468,46.074,0.786,83.45,3517.3
chi_meditation,C7,pre_meditation,3865,16875.727,2782.336,46.372,0.791,88.24,3517.3
chi_meditation,C7,pre_meditation,3889,16893.57,2800.179,46.67,0.7961,81.74,3517.3
chi_meditation,C7,pre_meditation,3913,16910.359,2816.968,46.949,0.8009,80.86,3517.3
chi_meditation,C7,pre_meditation,3937,16929.242,2835.851,47.264,0.8063,66.82,3517.3
chi_meditation,C7,pre_meditation,3961,16947.25,2853.859,47.564,0.8114,82.53,3517.3
chi_meditation,C7,pre_meditation,3985,16965.031,2871.64,47.861,0.8164,80.0,3517.3
chi_meditation,C7,pre_meditation,4009,16982.719,2889.328,48.155,0.8215,84.39,3517.3
chi_meditation,C7,pre_meditation,4033,17000.625,2907.234,48.454,0.8266,80.86,3517.3
chi_meditation,C7,pre_meditation,4057,17018.797,2925.406,48.757,0.8317,79.16,3517.3
chi_meditation,C7,pre_meditation,4081,17037.016,2943.625,49.06,0.8369,80.0,3517.3
chi_meditation,C7,pre_meditation,4105,17055.07,2961.679,49.361,0.842,80.86,3517.3
chi_meditation,C7,pre_meditation,4129,17072.922,2979.531,49.659,0.8471,84.39,3517.3
chi_meditation,C7,pre_meditation,4153,17089.414,2996.023,49.934,0.8518,89.29,3517.3
chi_meditation,C7,pre_meditation,4177,17107.812,3014.421,50.24,0.857,81.74,3517.3
chi_meditation,C7,pre_meditation,4201,17126.516,3033.125,50.552,0.8624,69.2,3517.3
chi_meditation,C7,pre_meditation,4225,17144.523,3051.132,50.852,0.8675,90.36,3517.3
chi_meditation,C7,pre_meditation,4249,17161.844,3068.453,51.141,0.8724,82.53,3517.3
chi_meditation,C7,pre_meditation,4273,17178.586,3085.195,51.42,0.8772,98.52,3517.3
chi_meditation,C7,pre_meditation,4297,17196.297,3102.906,51.715,0.8822,85.35,3517.3
chi_meditation,C7,pre_meditation,4321,17213.75,3120.359,52.006,0.8872,81.74,3517.3
chi_meditation,C7,pre_meditation,4345,17231.086,3137.695,52.295,0.8921,91.46,3517.3
chi_meditation,C7,pre_meditation,4369,17248.438,3155.047,52.584,0.897,83.45,3517.3
chi_meditation,C7,pre_meditation,4393,17266.594,3173.203,52.887,0.9022,79.16,3517.3
chi_meditation,C7,pre_meditation,4417,17284.977,3191.586,53.193,0.9074,79.16,3517.3
chi_meditation,C7,pre_meditation,4441,17301.836,3208.445,53.474,0.9122,81.74,3517.3
chi_meditation,C7,pre_meditation,4465,17319.469,3226.078,53.768,0.9172,87.21,3517.3
chi_meditation,C7,pre_meditation,4489,17337.102,3243.711,54.062,0.9222,82.53,3517.3
chi_meditation,C7,pre_meditation,4513,17354.648,3261.257,54.354,0.9272,83.45,3517.3
chi_meditation,C7,pre_meditation,4537,17371.211,3277.82,54.63,0.9319,82.53,3517.3
chi_meditation,C7,pre_meditation,4561,17388.047,3294.656,54.911,0.9367,89.29,3517.3
chi_meditation,C7,pre_meditation,4585,17405.383,3311.992,55.2,0.9416,67.34,3517.3
chi_meditation,C7,pre_meditation,4609,17423.219,3329.828,55.497,0.9467,81.74,3517.3
chi_meditation,C7,pre_meditation,4633,17441.43,3348.039,55.801,0.9519,81.74,3517.3
chi_meditation,C7,pre_meditation,4657,17459.727,3366.336,56.106,0.9571,76.05,3517.3
chi_meditation,C7,pre_meditation,4681,17478.281,3384.89,56.415,0.9624,84.39,3517.3
chi_meditation,C7,pre_meditation,4705,17496.031,3402.64,56.711,0.9674,76.82,3517.3
chi_meditation,C7,pre_meditation,4729,17514.852,3421.461,57.024,0.9728,79.16,3517.3
chi_meditation,C7,pre_meditation,4753,17533.18,3439.789,57.33,0.978,84.39,3517.3
chi_meditation,C7,pre_meditation,4777,17550.188,3456.797,57.613,0.9828,84.39,3517.3
chi_meditation,C7,pre_meditation,4801,17568.453,3475.062,57.918,0.988,84.39,3517.3
chi_meditation,C7,pre_meditation,4825,17586.211,3492.82,58.214,0.993,81.74,3517.3
chi_meditation,C7,pre_meditation,4849,17603.438,3510.047,58.501,0.9979,84.39,3517.3
chi_meditation,C8,meditation,1,18678.312,0.0,0.0,0.0,82.53,3093.4
chi_meditation,C8,meditation,26,18695.359,17.047,0.284,0.0055,96.0,3093.4
chi_meditation,C8,meditation,51,18711.766,33.454,0.558,0.0108,89.29,3093.4
chi_meditation,C8,meditation,76,18727.852,49.54,0.826,0.016,84.39,3093.4
chi_meditation,C8,meditation,101,18743.398,65.086,1.085,0.021,96.0,3093.4
chi_meditation,C8,meditation,126,18760.961,82.649,1.377,0.0267,84.39,3093.4
chi_meditation,C8,meditation,151,18779.148,100.836,1.681,0.0326,83.45,3093.4
chi_meditation,C8,meditation,176,18796.445,118.133,1.969,0.0382,94.79,3093.4
chi_meditation,C8,meditation,201,18813.867,135.555,2.259,0.0438,85.35,3093.4
chi_meditation,C8,meditation,226,18832.266,153.954,2.566,0.0498,81.74,3093.4
chi_meditation,C8,meditation,251,18849.992,171.68,2.861,0.0555,79.16,3093.4
chi_meditation,C8,meditation,276,18867.656,189.344,3.156,0.0612,92.59,3093.4
chi_meditation,C8,meditation,301,18884.57,206.258,3.438,0.0667,92.59,3093.4
chi_meditation,C8,meditation,326,18901.352,223.04,3.717,0.0721,88.24,3093.4
chi_meditation,C8,meditation,351,18918.227,239.915,3.999,0.0776,87.21,3093.4
chi_meditation,C8,meditation,376,18935.32,257.008,4.283,0.0831,91.46,3093.4
chi_meditation,C8,meditation,401,18951.531,273.219,4.554,0.0883,85.35,3093.4
chi_meditation,C8,meditation,426,18968.109,289.797,4.83,0.0937,85.35,3093.4
chi_meditation,C8,meditation,451,18984.375,306.063,5.101,0.0989,99.67,3093.4
chi_meditation,C8,meditation,476,19000.078,321.766,5.363,0.104,94.79,3093.4
chi_meditation,C8,meditation,501,19016.742,338.43,5.641,0.1094,88.24,3093.4
chi_meditation,C8,meditation,526,19034.203,355.891,5.932,0.1151,78.33,3093.4
chi_meditation,C8,meditation,551,19051.555,373.243,6.221,0.1207,91.46,3093.4
chi_meditation,C8,meditation,576,19068.031,389.719,6.495,0.126,90.36,3093.4
chi_meditation,C8,meditation,601,19085.328,407.016,6.784,0.1316,84.39,3093.4
chi_meditation,C8,meditation,626,19101.891,423.579,7.06,0.1369,93.6,3093.4
chi_meditation,C8,meditation,651,19118.891,440.579,7.343,0.1424,97.24,3093.4
chi_meditation,C8,meditation,676,19136.008,457.696,7.628,0.148,94.79,3093.4
chi_meditation,C8,meditation,701,19152.375,474.063,7.901,0.1533,89.29,3093.4
chi_meditation,C8,meditation,726,19168.688,490.376,8.173,0.1585,91.46,3093.4
chi_meditation,C8,meditation,751,19184.812,506.5,8.442,0.1637,90.36,3093.4
chi_meditation,C8,meditation,776,19200.617,522.305,8.705,0.1688,89.29,3093.4
chi_meditation,C8,meditation,801,19216.906,538.594,8.977,0.1741,84.39,3093.4
chi_meditation,C8,meditation,826,19232.711,554.399,9.24,0.1792,89.29,3093.4
chi_meditation,C8,meditation,851,19248.93,570.618,9.51,0.1845,97.24,3093.4
chi_meditation,C8,meditation,876,19265.219,586.907,9.782,0.1897,96.0,3093.4
chi_meditation,C8,meditation,901,19281.031,602.719,10.045,0.1948,97.24,3093.4
chi_meditation,C8,meditation,926,19296.758,618.446,10.307,0.1999,89.29,3093.4
chi_meditation,C8,meditation,951,19312.516,634.204,10.57,0.205,105.26,3093.4
chi_meditation,C8,meditation,976,19328.633,650.321,10.839,0.2102,84.39,3093.4
chi_meditation,C8,meditation,1001,19345.133,666.821,11.114,0.2156,90.36,3093.4
chi_meditation,C8,meditation,1026,19361.07,682.758,11.379,0.2207,96.0,3093.4
chi_meditation,C8,meditation,1051,19376.336,698.024,11.634,0.2257,102.39,3093.4
chi_meditation,C8,meditation,1076,19392.289,713.977,11.9,0.2308,78.33,3093.4
chi_meditation,C8,meditation,1101,19408.25,729.938,12.166,0.236,96.0,3093.4
chi_meditation,C8,meditation,1126,19423.508,745.196,12.42,0.2409,98.52,3093.4
chi_meditation,C8,meditation,1151,19438.758,760.446,12.674,0.2458,98.52,3093.4
chi_meditation,C8,meditation,1176,19454.359,776.047,12.934,0.2509,92.59,3093.4
chi_meditation,C8,meditation,1201,19469.789,791.477,13.191,0.2559,96.0,3093.4
chi_meditation,C8,meditation,1226,19484.945,806.633,13.444,0.2608,101.01,3093.4
chi_meditation,C8,meditation,1251,19499.883,821.571,13.693,0.2656,102.39,3093.4
chi_meditation,C8,meditation,1276,19514.43,836.118,13.935,0.2703,99.67,3093.4
chi_meditation,C8,meditation,1301,19529.617,851.305,14.188,0.2752,92.59,3093.4
chi_meditation,C8,meditation,1326,19544.867,866.555,14.443,0.2801,103.81,3093.4
chi_meditation,C8,meditation,1351,19559.789,881.477,14.691,0.285,97.24,3093.4
chi_meditation,C8,meditation,1376,19574.844,896.532,14.942,0.2898,105.26,3093.4
chi_meditation,C8,meditation,1401,19589.5,911.188,15.186,0.2946,109.69,3093.4
chi_meditation,C8,meditation,1426,19603.852,925.54,15.426,0.2992,97.24,3093.4
chi_meditation,C8,meditation,1451,19619.312,941.0,15.683,0.3042,94.79,3093.4
chi_meditation,C8,meditation,1476,19634.172,955.86,15.931,0.309,99.67,3093.4
chi_meditation,C8,meditation,1501,19648.484,970.172,16.17,0.3136,109.69,3093.4
chi_meditation,C8,meditation,1526,19663.094,984.782,16.413,0.3184,93.6,3093.4
chi_meditation,C8,meditation,1551,19678.438,1000.126,16.669,0.3233,102.39,3093.4
chi_meditation,C8,meditation,1576,19693.055,1014.743,16.912,0.328,102.39,3093.4
chi_meditation,C8,meditation,1601,19707.805,1029.493,17.158,0.3328,108.11,3093.4
chi_meditation,C8,meditation,1626,19722.203,1043.891,17.398,0.3375,108.11,3093.4
chi_meditation,C8,meditation,1651,19737.258,1058.946,17.649,0.3423,101.01,3093.4
chi_meditation,C8,meditation,1676,19751.992,1073.68,17.895,0.3471,103.81,3093.4
chi_meditation,C8,meditation,1701,19766.938,1088.626,18.144,0.3519,97.24,3093.4
chi_meditation,C8,meditation,1726,19781.789,1103.477,18.391,0.3567,102.39,3093.4
chi_meditation,C8,meditation,1751,19797.336,1119.024,18.65,0.3618,98.52,3093.4
chi_meditation,C8,meditation,1776,19812.562,1134.25,18.904,0.3667,102.39,3093.4
chi_meditation,C8,meditation,1801,19827.289,1148.977,19.15,0.3714,103.81,3093.4
chi_meditation,C8,meditation,1826,19842.875,1164.563,19.409,0.3765,103.81,3093.4
chi_meditation,C8,meditation,1851,19858.055,1179.743,19.662,0.3814,99.67,3093.4
chi_meditation,C8,meditation,1876,19872.805,1194.493,19.908,0.3861,102.39,3093.4
chi_meditation,C8,meditation,1901,19887.422,1209.11,20.152,0.3909,93.6,3093.4
chi_meditation,C8,meditation,1926,19903.242,1224.93,20.416,0.396,93.6,3093.4
chi_meditation,C8,meditation,1951,19918.648,1240.336,20.672,0.401,102.39,3093.4
chi_meditation,C8,meditation,1976,19933.969,1255.657,20.928,0.4059,101.01,3093.4
chi_meditation,C8,meditation,2001,19949.031,1270.719,21.179,0.4108,93.6,3093.4
chi_meditation,C8,meditation,2026,19964.711,1286.399,21.44,0.4159,101.01,3093.4
chi_meditation,C8,meditation,2051,19979.539,1301.227,21.687,0.4207,96.0,3093.4
chi_meditation,C8,meditation,2076,19994.703,1316.391,21.94,0.4256,99.67,3093.4
chi_meditation,C8,meditation,2101,20010.445,1332.133,22.202,0.4306,99.67,3093.4
chi_meditation,C8,meditation,2126,20025.539,1347.227,22.454,0.4355,109.69,3093.4
chi_meditation,C8,meditation,2151,20041.062,1362.75,22.712,0.4405,93.6,3093.4
chi_meditation,C8,meditation,2176,20056.312,1378.0,22.967,0.4455,96.0,3093.4
chi_meditation,C8,meditation,2201,20071.133,1392.821,23.214,0.4503,99.67,3093.4
chi_meditation,C8,meditation,2226,20086.148,1407.836,23.464,0.4551,91.46,3093.4
chi_meditation,C8,meditation,2251,20101.508,1423.196,23.72,0.4601,94.79,3093.4
chi_meditation,C8,meditation,2276,20117.086,1438.774,23.98,0.4651,97.24,3093.4
chi_meditation,C8,meditation,2301,20132.648,1454.336,24.239,0.4701,87.21,3093.4
chi_meditation,C8,meditation,2326,20147.711,1469.399,24.49,0.475,94.79,3093.4
chi_meditation,C8,meditation,2351,20163.055,1484.743,24.746,0.48,92.59,3093.4
chi_meditation,C8,meditation,2376,20177.844,1499.532,24.992,0.4848,99.67,3093.4
chi_meditation,C8,meditation,2401,20193.016,1514.704,25.245,0.4897,98.52,3093.4
chi_meditation,C8,meditation,2426,20207.773,1529.461,25.491,0.4944,102.39,3093.4
chi_meditation,C8,meditation,2451,20223.586,1545.274,25.755,0.4995,92.59,3093.4
chi_meditation,C8,meditation,2476,20238.742,1560.43,26.007,0.5044,106.76,3093.4
chi_meditation,C8,meditation,2501,20253.656,1575.344,26.256,0.5093,99.67,3093.4
chi_meditation,C8,meditation,2526,20269.367,1591.055,26.518,0.5143,75.28,3093.4
chi_meditation,C8,meditation,2551,20284.883,1606.571,26.776,0.5194,98.52,3093.4
chi_meditation,C8,meditation,2576,20299.875,1621.563,27.026,0.5242,99.67,3093.4
chi_meditation,C8,meditation,2601,20315.18,1636.868,27.281,0.5292,93.6,3093.4
chi_meditation,C8,meditation,2626,20330.477,1652.165,27.536,0.5341,102.39,3093.4
chi_meditation,C8,meditation,2651,20345.578,1667.266,27.788,0.539,98.52,3093.4
chi_meditation,C8,meditation,2676,20359.977,1681.665,28.028,0.5436,109.69,3093.4
chi_meditation,C8,meditation,2701,20375.195,1696.883,28.281,0.5486,103.81,3093.4
chi_meditation,C8,meditation,2726,20389.906,1711.594,28.527,0.5533,97.24,3093.4
chi_meditation,C8,meditation,2751,20403.938,1725.626,28.76,0.5578,103.81,3093.4
chi_meditation,C8,meditation,2776,20417.766,1739.454,28.991,0.5623,106.76,3093.4
chi_meditation,C8,meditation,2801,20432.375,1754.063,29.234,0.567,93.6,3093.4
chi_meditation,C8,meditation,2826,20447.258,1768.946,29.482,0.5719,105.26,3093.4
chi_meditation,C8,meditation,2851,20461.914,1783.602,29.727,0.5766,102.39,3093.4
chi_meditation,C8,meditation,2876,20476.133,1797.821,29.964,0.5812,106.76,3093.4
chi_meditation,C8,meditation,2901,20491.266,1812.954,30.216,0.5861,96.0,3093.4
chi_meditation,C8,meditation,2926,20505.859,1827.547,30.459,0.5908,98.52,3093.4
chi_meditation,C8,meditation,2951,20520.508,1842.196,30.703,0.5955,103.81,3093.4
chi_meditation,C8,meditation,2976,20535.422,1857.11,30.952,0.6004,108.11,3093.4
chi_meditation,C8,meditation,3001,20550.336,1872.024,31.2,0.6052,103.81,3093.4
chi_meditation,C8,meditation,3026,20565.43,1887.118,31.452,0.6101,98.52,3093.4
chi_meditation,C8,meditation,3051,20580.367,1902.055,31.701,0.6149,102.39,3093.4
chi_meditation,C8,meditation,3076,20594.695,1916.383,31.94,0.6195,102.39,3093.4
chi_meditation,C8,meditation,3101,20609.844,1931.532,32.192,0.6244,96.0,3093.4
chi_meditation,C8,meditation,3126,20624.328,1946.016,32.434,0.6291,93.6,3093.4
chi_meditation,C8,meditation,3151,20639.227,1960.915,32.682,0.6339,97.24,3093.4
chi_meditation,C8,meditation,3176,20654.375,1976.063,32.934,0.6388,103.81,3093.4
chi_meditation,C8,meditation,3201,20669.281,1990.969,33.183,0.6436,96.0,3093.4
chi_meditation,C8,meditation,3226,20683.914,2005.602,33.427,0.6484,105.26,3093.4
chi_meditation,C8,meditation,3251,20698.945,2020.633,33.677,0.6532,106.76,3093.4
chi_meditation,C8,meditation,3276,20714.414,2036.102,33.935,0.6582,111.32,3093.4
chi_meditation,C8,meditation,3301,20729.148,2050.836,34.181,0.663,111.32,3093.4
chi_meditation,C8,meditation,3326,20743.914,2065.602,34.427,0.6678,105.26,3093.4
chi_meditation,C8,meditation,3351,20759.086,2080.774,34.68,0.6727,97.24,3093.4
chi_meditation,C8,meditation,3376,20773.602,2095.29,34.922,0.6774,93.6,3093.4
chi_meditation,C8,meditation,3401,20787.984,2109.672,35.161,0.682,97.24,3093.4
chi_meditation,C8,meditation,3426,20802.719,2124.407,35.407,0.6868,108.11,3093.4
chi_meditation,C8,meditation,3451,20816.992,2138.68,35.645,0.6914,106.76,3093.4
chi_meditation,C8,meditation,3476,20831.766,2153.454,35.891,0.6962,106.76,3093.4
chi_meditation,C8,meditation,3501,20846.445,2168.133,36.136,0.7009,106.76,3093.4
chi_meditation,C8,meditation,3526,20861.383,2183.071,36.385,0.7057,84.39,3093.4
chi_meditation,C8,meditation,3551,20876.039,2197.727,36.629,0.7105,99.67,3093.4
chi_meditation,C8,meditation,3576,20891.18,2212.868,36.881,0.7154,86.33,3093.4
chi_meditation,C8,meditation,3601,20905.961,2227.649,37.127,0.7201,106.76,3093.4
chi_meditation,C8,meditation,3626,20920.68,2242.368,37.373,0.7249,88.24,3093.4
chi_meditation,C8,meditation,3651,20935.828,2257.516,37.625,0.7298,97.24,3093.4
chi_meditation,C8,meditation,3676,20951.023,2272.711,37.879,0.7347,99.67,3093.4
chi_meditation,C8,meditation,3701,20965.984,2287.672,38.128,0.7395,98.52,3093.4
chi_meditation,C8,meditation,3726,20982.141,2303.829,38.397,0.7448,101.01,3093.4
chi_meditation,C8,meditation,3751,20997.219,2318.907,38.648,0.7496,103.81,3093.4
chi_meditation,C8,meditation,3776,21012.5,2334.188,38.903,0.7546,101.01,3093.4
chi_meditation,C8,meditation,3801,21027.375,2349.063,39.151,0.7594,108.11,3093.4
chi_meditation,C8,meditation,3826,21042.438,2364.126,39.402,0.7643,105.26,3093.4
chi_meditation,C8,meditation,3851,21057.516,2379.204,39.653,0.7691,105.26,3093.4
chi_meditation,C8,meditation,3876,21072.211,2393.899,39.898,0.7739,105.26,3093.4
chi_meditation,C8,meditation,3901,21086.992,2408.68,40.145,0.7787,99.67,3093.4
chi_meditation,C8,meditation,3926,21101.469,2423.157,40.386,0.7833,105.26,3093.4
chi_meditation,C8,meditation,3951,21116.289,2437.977,40.633,0.7881,103.81,3093.4
chi_meditation,C8,meditation,3976,21130.82,2452.508,40.875,0.7928,106.76,3093.4
chi_meditation,C8,meditation,4001,21144.977,2466.665,41.111,0.7974,114.72,3093.4
chi_meditation,C8,meditation,4026,21160.07,2481.758,41.363,0.8023,101.01,3093.4
chi_meditation,C8,meditation,4051,21175.141,2496.829,41.614,0.8072,98.52,3093.4
chi_meditation,C8,meditation,4076,21190.484,2512.172,41.87,0.8121,106.76,3093.4
chi_meditation,C8,meditation,4101,21205.578,2527.266,42.121,0.817,105.26,3093.4
chi_meditation,C8,meditation,4126,21220.086,2541.774,42.363,0.8217,105.26,3093.4
chi_meditation,C8,meditation,4151,21234.398,2556.086,42.601,0.8263,112.99,3093.4
chi_meditation,C8,meditation,4176,21249.469,2571.157,42.853,0.8312,97.24,3093.4
chi_meditation,C8,meditation,4201,21264.242,2585.93,43.099,0.836,93.6,3093.4
chi_meditation,C8,meditation,4226,21279.188,2600.876,43.348,0.8408,98.52,3093.4
chi_meditation,C8,meditation,4251,21294.625,2616.313,43.605,0.8458,101.01,3093.4
chi_meditation,C8,meditation,4276,21309.406,2631.094,43.852,0.8506,103.81,3093.4
chi_meditation,C8,meditation,4301,21324.039,2645.727,44.095,0.8553,103.81,3093.4
chi_meditation,C8,meditation,4326,21339.688,2661.376,44.356,0.8604,101.01,3093.4
chi_meditation,C8,meditation,4351,21354.844,2676.532,44.609,0.8653,108.11,3093.4
chi_meditation,C8,meditation,4376,21369.914,2691.602,44.86,0.8701,114.72,3093.4
chi_meditation,C8,meditation,4401,21383.758,2705.446,45.091,0.8746,108.11,3093.4
chi_meditation,C8,meditation,4426,21398.5,2720.188,45.336,0.8794,112.99,3093.4
chi_meditation,C8,meditation,4451,21412.859,2734.547,45.576,0.884,106.76,3093.4
chi_meditation,C8,meditation,4476,21427.828,2749.516,45.825,0.8888,101.01,3093.4
chi_meditation,C8,meditation,4501,21442.367,2764.055,46.068,0.8935,102.39,3093.4
chi_meditation,C8,meditation,4526,21456.375,2778.063,46.301,0.8981,98.52,3093.4
chi_meditation,C8,meditation,4551,21470.852,2792.54,46.542,0.9028,105.26,3093.4
chi_meditation,C8,meditation,4576,21484.969,2806.657,46.778,0.9073,108.11,3093.4
chi_meditation,C8,meditation,4601,21499.18,2820.868,47.014,0.9119,109.69,3093.4
chi_meditation,C8,meditation,4626,21513.273,2834.961,47.249,0.9165,116.28,3093.4
chi_meditation,C8,meditation,4651,21526.945,2848.633,47.477,0.9209,108.11,3093.4
chi_meditation,C8,meditation,4676,21541.344,2863.032,47.717,0.9255,116.28,3093.4
chi_meditation,C8,meditation,4701,21558.711,2880.399,48.007,0.9312,118.11,3093.4
chi_meditation,C8,meditation,4726,21571.898,2893.586,48.226,0.9354,111.32,3093.4
chi_meditation,C8,meditation,4751,21586.469,2908.157,48.469,0.9401,98.52,3093.4
chi_meditation,C8,meditation,4776,21600.062,2921.75,48.696,0.9445,118.11,3093.4
chi_meditation,C8,meditation,4801,21614.094,2935.782,48.93,0.9491,111.32,3093.4
chi_meditation,C8,meditation,4826,21627.758,2949.446,49.157,0.9535,108.11,3093.4
chi_meditation,C8,meditation,4851,21641.945,2963.633,49.394,0.9581,109.69,3093.4
chi_meditation,C8,meditation,4876,21656.562,2978.25,49.638,0.9628,118.11,3093.4
chi_meditation,C8,meditation,4901,21670.617,2992.305,49.872,0.9673,116.28,3093.4
chi_meditation,C8,meditation,4926,21684.25,3005.938,50.099,0.9717,103.81,3093.4
chi_meditation,C8,meditation,4951,21697.383,3019.071,50.318,0.976,105.26,3093.4
chi_meditation,C8,meditation,4976,21710.766,3032.454,50.541,0.9803,109.69,3093.4
chi_meditation,C8,meditation,5001,21723.695,3045.383,50.756,0.9845,114.72,3093.4
chi_meditation,C8,meditation,5026,21736.891,3058.579,50.976,0.9888,112.99,3093.4
chi_meditation,C8,meditation,5051,21750.406,3072.094,51.202,0.9931,114.72,3093.4
chi_meditation,C8,meditation,5076,21763.766,3085.454,51.424,0.9974,108.11,3093.4
chi_meditation,C8,pre_meditation,1,15074.211,0.0,0.0,0.0,82.53,3515.6
chi_meditation,C8,pre_meditation,26,15093.023,18.812,0.314,0.0054,77.62,3515.6
chi_meditation,C8,pre_meditation,51,15111.969,37.758,0.629,0.0107,79.16,3515.6
chi_meditation,C8,pre_meditation,76,15128.711,54.5,0.908,0.0155,92.59,3515.6
chi_meditation,C8,pre_meditation,101,15147.438,73.227,1.22,0.0208,76.82,3515.6
chi_meditation,C8,pre_meditation,126,15167.258,93.047,1.551,0.0265,74.53,3515.6
chi_meditation,C8,pre_meditation,151,15186.578,112.367,1.873,0.032,89.29,3515.6
chi_meditation,C8,pre_meditation,176,15203.992,129.781,2.163,0.0369,91.46,3515.6
chi_meditation,C8,pre_meditation,201,15221.891,147.68,2.461,0.042,78.33,3515.6
chi_meditation,C8,pre_meditation,226,15240.539,166.328,2.772,0.0473,86.33,3515.6
chi_meditation,C8,pre_meditation,251,15258.633,184.422,3.074,0.0525,74.53,3515.6
chi_meditation,C8,pre_meditation,276,15275.398,201.187,3.353,0.0572,106.76,3515.6
chi_meditation,C8,pre_meditation,301,15290.875,216.664,3.611,0.0616,97.24,3515.6
chi_meditation,C8,pre_meditation,326,15305.664,231.453,3.858,0.0658,102.39,3515.6
chi_meditation,C8,pre_meditation,351,15320.398,246.187,4.103,0.07,102.39,3515.6
chi_meditation,C8,pre_meditation,376,15335.734,261.523,4.359,0.0744,94.79,3515.6
chi_meditation,C8,pre_meditation,401,15351.203,276.992,4.617,0.0788,96.0,3515.6
chi_meditation,C8,pre_meditation,426,15367.539,293.328,4.889,0.0834,90.36,3515.6
chi_meditation,C8,pre_meditation,451,15383.711,309.5,5.158,0.088,93.6,3515.6
chi_meditation,C8,pre_meditation,476,15400.172,325.961,5.433,0.0927,96.0,3515.6
chi_meditation,C8,pre_meditation,501,15416.32,342.109,5.702,0.0973,96.0,3515.6
chi_meditation,C8,pre_meditation,526,15430.984,356.773,5.946,0.1015,101.01,3515.6
chi_meditation,C8,pre_meditation,551,15447.297,373.086,6.218,0.1061,89.29,3515.6
chi_meditation,C8,pre_meditation,576,15464.656,390.445,6.507,0.1111,93.6,3515.6
chi_meditation,C8,pre_meditation,601,15480.734,406.523,6.775,0.1156,102.39,3515.6
chi_meditation,C8,pre_meditation,626,15496.75,422.539,7.042,0.1202,91.46,3515.6
chi_meditation,C8,pre_meditation,651,15513.414,439.203,7.32,0.1249,94.79,3515.6
chi_meditation,C8,pre_meditation,676,15531.523,457.312,7.622,0.1301,90.36,3515.6
chi_meditation,C8,pre_meditation,701,15548.375,474.164,7.903,0.1349,80.86,3515.6
chi_meditation,C8,pre_meditation,726,15566.477,492.266,8.204,0.14,80.86,3515.6
chi_meditation,C8,pre_meditation,751,15584.062,509.851,8.498,0.145,82.53,3515.6
chi_meditation,C8,pre_meditation,776,15601.766,527.555,8.793,0.1501,97.24,3515.6
chi_meditation,C8,pre_meditation,801,15617.211,543.0,9.05,0.1545,101.01,3515.6
chi_meditation,C8,pre_meditation,826,15632.672,558.461,9.308,0.1589,102.39,3515.6
chi_meditation,C8,pre_meditation,851,15647.555,573.344,9.556,0.1631,97.24,3515.6
chi_meditation,C8,pre_meditation,876,15662.906,588.695,9.812,0.1675,91.46,3515.6
chi_meditation,C8,pre_meditation,901,15678.383,604.172,10.07,0.1719,97.24,3515.6
chi_meditation,C8,pre_meditation,926,15692.516,618.305,10.305,0.1759,91.46,3515.6
chi_meditation,C8,pre_meditation,951,15707.633,633.422,10.557,0.1802,97.24,3515.6
chi_meditation,C8,pre_meditation,976,15722.82,648.609,10.81,0.1845,99.67,3515.6
chi_meditation,C8,pre_meditation,1001,15738.773,664.562,11.076,0.189,96.0,3515.6
chi_meditation,C8,pre_meditation,1026,15754.195,679.984,11.333,0.1934,94.79,3515.6
chi_meditation,C8,pre_meditation,1051,15770.375,696.164,11.603,0.198,98.52,3515.6
chi_meditation,C8,pre_meditation,1076,15788.359,714.148,11.902,0.2031,76.05,3515.6
chi_meditation,C8,pre_meditation,1101,15806.82,732.609,12.21,0.2084,93.6,3515.6
chi_meditation,C8,pre_meditation,1126,15822.312,748.101,12.468,0.2128,92.59,3515.6
chi_meditation,C8,pre_meditation,1151,15837.859,763.648,12.727,0.2172,99.67,3515.6
chi_meditation,C8,pre_meditation,1176,15853.203,778.992,12.983,0.2216,103.81,3515.6
chi_meditation,C8,pre_meditation,1201,15868.914,794.703,13.245,0.226,88.24,3515.6
chi_meditation,C8,pre_meditation,1226,15885.0,810.789,13.513,0.2306,96.0,3515.6
chi_meditation,C8,pre_meditation,1251,15901.422,827.211,13.787,0.2353,82.53,3515.6
chi_meditation,C8,pre_meditation,1276,15918.477,844.266,14.071,0.2401,86.33,3515.6
chi_meditation,C8,pre_meditation,1301,15935.258,861.047,14.351,0.2449,92.59,3515.6
chi_meditation,C8,pre_meditation,1326,15951.352,877.141,14.619,0.2495,88.24,3515.6
chi_meditation,C8,pre_meditation,1351,15967.594,893.383,14.89,0.2541,88.24,3515.6
chi_meditation,C8,pre_meditation,1376,15984.969,910.758,15.179,0.2591,81.74,3515.6
chi_meditation,C8,pre_meditation,1401,16001.133,926.922,15.449,0.2637,87.21,3515.6
chi_meditation,C8,pre_meditation,1426,16017.422,943.211,15.72,0.2683,99.67,3515.6
chi_meditation,C8,pre_meditation,1451,16032.469,958.258,15.971,0.2726,96.0,3515.6
chi_meditation,C8,pre_meditation,1476,16050.258,976.047,16.267,0.2776,79.16,3515.6
chi_meditation,C8,pre_meditation,1501,16069.719,995.508,16.592,0.2832,76.05,3515.6
chi_meditation,C8,pre_meditation,1526,16089.297,1015.086,16.918,0.2887,77.62,3515.6
chi_meditation,C8,pre_meditation,1551,16108.938,1034.727,17.245,0.2943,71.77,3515.6
chi_meditation,C8,pre_meditation,1576,16128.914,1054.703,17.578,0.3,72.46,3515.6
chi_meditation,C8,pre_meditation,1601,16147.664,1073.453,17.891,0.3053,73.89,3515.6
chi_meditation,C8,pre_meditation,1626,16167.648,1093.437,18.224,0.311,77.62,3515.6
chi_meditation,C8,pre_meditation,1651,16187.594,1113.383,18.556,0.3167,91.46,3515.6
chi_meditation,C8,pre_meditation,1676,16205.461,1131.25,18.854,0.3218,74.53,3515.6
chi_meditation,C8,pre_meditation,1701,16225.438,1151.227,19.187,0.3275,80.86,3515.6
chi_meditation,C8,pre_meditation,1726,16242.391,1168.18,19.47,0.3323,80.86,3515.6
chi_meditation,C8,pre_meditation,1751,16261.219,1187.008,19.783,0.3376,74.53,3515.6
chi_meditation,C8,pre_meditation,1776,16280.07,1205.859,20.098,0.343,86.33,3515.6
chi_meditation,C8,pre_meditation,1801,16298.742,1224.531,20.409,0.3483,79.16,3515.6
chi_meditation,C8,pre_meditation,1826,16316.617,1242.406,20.707,0.3534,83.45,3515.6
chi_meditation,C8,pre_meditation,1851,16334.797,1260.586,21.01,0.3586,82.53,3515.6
chi_meditation,C8,pre_meditation,1876,16352.695,1278.484,21.308,0.3637,86.33,3515.6
chi_meditation,C8,pre_meditation,1901,16370.18,1295.969,21.599,0.3686,90.36,3515.6
chi_meditation,C8,pre_meditation,1926,16386.914,1312.703,21.878,0.3734,91.46,3515.6
chi_meditation,C8,pre_meditation,1951,16405.047,1330.836,22.181,0.3786,89.29,3515.6
chi_meditation,C8,pre_meditation,1976,16422.641,1348.43,22.474,0.3836,86.33,3515.6
chi_meditation,C8,pre_meditation,2001,16438.938,1364.727,22.745,0.3882,87.21,3515.6
chi_meditation,C8,pre_meditation,2026,16457.07,1382.859,23.048,0.3933,84.39,3515.6
chi_meditation,C8,pre_meditation,2051,16474.125,1399.914,23.332,0.3982,93.6,3515.6
chi_meditation,C8,pre_meditation,2076,16490.305,1416.094,23.602,0.4028,87.21,3515.6
chi_meditation,C8,pre_meditation,2101,16508.977,1434.766,23.913,0.4081,80.0,3515.6
chi_meditation,C8,pre_meditation,2126,16525.648,1451.437,24.191,0.4129,83.45,3515.6
chi_meditation,C8,pre_meditation,2151,16544.391,1470.18,24.503,0.4182,88.24,3515.6
chi_meditation,C8,pre_meditation,2176,16563.047,1488.836,24.814,0.4235,74.53,3515.6
chi_meditation,C8,pre_meditation,2201,16582.938,1508.727,25.145,0.4292,71.77,3515.6
chi_meditation,C8,pre_meditation,2226,16602.938,1528.727,25.479,0.4348,76.82,3515.6
chi_meditation,C8,pre_meditation,2251,16622.586,1548.375,25.806,0.4404,71.77,3515.6
chi_meditation,C8,pre_meditation,2276,16640.766,1566.555,26.109,0.4456,93.6,3515.6
chi_meditation,C8,pre_meditation,2301,16656.086,1581.875,26.365,0.45,83.45,3515.6
chi_meditation,C8,pre_meditation,2326,16675.508,1601.297,26.688,0.4555,76.82,3515.6
chi_meditation,C8,pre_meditation,2351,16693.789,1619.578,26.993,0.4607,80.0,3515.6
chi_meditation,C8,pre_meditation,2376,16713.562,1639.351,27.323,0.4663,82.53,3515.6
chi_meditation,C8,pre_meditation,2401,16731.984,1657.773,27.63,0.4715,75.28,3515.6
chi_meditation,C8,pre_meditation,2426,16751.125,1676.914,27.949,0.477,81.74,3515.6
chi_meditation,C8,pre_meditation,2451,16768.547,1694.336,28.239,0.4819,89.29,3515.6
chi_meditation,C8,pre_meditation,2476,16784.836,1710.625,28.51,0.4866,91.46,3515.6
chi_meditation,C8,pre_meditation,2501,16802.336,1728.125,28.802,0.4916,84.39,3515.6
chi_meditation,C8,pre_meditation,2526,16819.703,1745.492,29.092,0.4965,91.46,3515.6
chi_meditation,C8,pre_meditation,2551,16839.172,1764.961,29.416,0.502,77.62,3515.6
chi_meditation,C8,pre_meditation,2576,16858.109,1783.898,29.732,0.5074,73.17,3515.6
chi_meditation,C8,pre_meditation,2601,16877.016,1802.805,30.047,0.5128,78.33,3515.6
chi_meditation,C8,pre_meditation,2626,16895.562,1821.351,30.356,0.5181,80.86,3515.6
chi_meditation,C8,pre_meditation,2651,16915.281,1841.07,30.684,0.5237,76.05,3515.6
chi_meditation,C8,pre_meditation,2676,16935.102,1860.891,31.015,0.5293,76.82,3515.6
chi_meditation,C8,pre_meditation,2701,16953.195,1878.984,31.316,0.5345,76.82,3515.6
chi_meditation,C8,pre_meditation,2726,16972.367,1898.156,31.636,0.5399,88.24,3515.6
chi_meditation,C8,pre_meditation,2751,16991.234,1917.023,31.95,0.5453,80.86,3515.6
chi_meditation,C8,pre_meditation,2776,17010.844,1936.633,32.277,0.5509,71.09,3515.6
chi_meditation,C8,pre_meditation,2801,17030.523,1956.312,32.605,0.5565,78.33,3515.6
chi_meditation,C8,pre_meditation,2826,17049.828,1975.617,32.927,0.562,76.05,3515.6
chi_meditation,C8,pre_meditation,2851,17069.523,1995.312,33.255,0.5676,78.33,3515.6
chi_meditation,C8,pre_meditation,2876,17088.242,2014.031,33.567,0.5729,84.39,3515.6
chi_meditation,C8,pre_meditation,2901,17106.617,2032.406,33.873,0.5781,78.33,3515.6
chi_meditation,C8,pre_meditation,2926,17126.156,2051.945,34.199,0.5837,73.17,3515.6
chi_meditation,C8,pre_meditation,2951,17145.977,2071.766,34.529,0.5893,85.35,3515.6
chi_meditation,C8,pre_meditation,2976,17164.008,2089.797,34.83,0.5944,83.45,3515.6
chi_meditation,C8,pre_meditation,3001,17182.992,2108.781,35.146,0.5998,76.82,3515.6
chi_meditation,C8,pre_meditation,3026,17202.422,2128.211,35.47,0.6054,78.33,3515.6
chi_meditation,C8,pre_meditation,3051,17222.32,2148.109,35.802,0.611,74.53,3515.6
chi_meditation,C8,pre_meditation,3076,17241.453,2167.242,36.121,0.6165,76.05,3515.6
chi_meditation,C8,pre_meditation,3101,17260.688,2186.477,36.441,0.6219,80.86,3515.6
chi_meditation,C8,pre_meditation,3126,17277.141,2202.93,36.715,0.6266,101.01,3515.6
chi_meditation,C8,pre_meditation,3151,17293.055,2218.844,36.981,0.6311,97.24,3515.6
chi_meditation,C8,pre_meditation,3176,17310.484,2236.273,37.271,0.6361,76.05,3515.6
chi_meditation,C8,pre_meditation,3201,17329.672,2255.461,37.591,0.6416,80.86,3515.6
chi_meditation,C8,pre_meditation,3226,17348.156,2273.945,37.899,0.6468,76.05,3515.6
chi_meditation,C8,pre_meditation,3251,17367.586,2293.375,38.223,0.6523,77.62,3515.6
chi_meditation,C8,pre_meditation,3276,17386.664,2312.453,38.541,0.6578,99.67,3515.6
chi_meditation,C8,pre_meditation,3301,17404.445,2330.234,38.837,0.6628,78.33,3515.6
chi_meditation,C8,pre_meditation,3326,17422.594,2348.383,39.14,0.668,93.6,3515.6
chi_meditation,C8,pre_meditation,3351,17442.445,2368.234,39.471,0.6736,73.17,3515.6
chi_meditation,C8,pre_meditation,3376,17461.094,2386.883,39.781,0.6789,72.46,3515.6
chi_meditation,C8,pre_meditation,3401,17480.508,2406.297,40.105,0.6845,84.39,3515.6
chi_meditation,C8,pre_meditation,3426,17497.922,2423.711,40.395,0.6894,99.67,3515.6
chi_meditation,C8,pre_meditation,3451,17512.914,2438.703,40.645,0.6937,102.39,3515.6
chi_meditation,C8,pre_meditation,3476,17527.383,2453.172,40.886,0.6978,105.26,3515.6
chi_meditation,C8,pre_meditation,3501,17541.688,2467.477,41.125,0.7019,105.26,3515.6
chi_meditation,C8,pre_meditation,3526,17556.156,2481.945,41.366,0.706,108.11,3515.6
chi_meditation,C8,pre_meditation,3551,17570.727,2496.516,41.609,0.7101,99.67,3515.6
chi_meditation,C8,pre_meditation,3576,17586.148,2511.937,41.866,0.7145,101.01,3515.6
chi_meditation,C8,pre_meditation,3601,17601.539,2527.328,42.122,0.7189,99.67,3515.6
chi_meditation,C8,pre_meditation,3626,17617.328,2543.117,42.385,0.7234,96.0,3515.6
chi_meditation,C8,pre_meditation,3651,17633.258,2559.047,42.651,0.7279,103.81,3515.6
chi_meditation,C8,pre_meditation,3676,17649.406,2575.195,42.92,0.7325,85.35,3515.6
chi_meditation,C8,pre_meditation,3701,17667.68,2593.469,43.224,0.7377,83.45,3515.6
chi_meditation,C8,pre_meditation,3726,17684.344,2610.133,43.502,0.7424,94.79,3515.6
chi_meditation,C8,pre_meditation,3751,17703.57,2629.359,43.823,0.7479,84.39,3515.6
chi_meditation,C8,pre_meditation,3776,17721.484,2647.273,44.121,0.753,83.45,3515.6
chi_meditation,C8,pre_meditation,3801,17738.68,2664.469,44.408,0.7579,90.36,3515.6
chi_meditation,C8,pre_meditation,3826,17755.359,2681.148,44.686,0.7626,91.46,3515.6
chi_meditation,C8,pre_meditation,3851,17772.406,2698.195,44.97,0.7675,90.36,3515.6
chi_meditation,C8,pre_meditation,3876,17788.094,2713.883,45.231,0.772,103.81,3515.6
chi_meditation,C8,pre_meditation,3901,17803.617,2729.406,45.49,0.7764,90.36,3515.6
chi_meditation,C8,pre_meditation,3926,17818.828,2744.617,45.744,0.7807,98.52,3515.6
chi_meditation,C8,pre_meditation,3951,17833.477,2759.266,45.988,0.7849,97.24,3515.6
chi_meditation,C8,pre_meditation,3976,17848.328,2774.117,46.235,0.7891,92.59,3515.6
chi_meditation,C8,pre_meditation,4001,17863.852,2789.641,46.494,0.7935,98.52,3515.6
chi_meditation,C8,pre_meditation,4026,17879.211,2805.0,46.75,0.7979,96.0,3515.6
chi_meditation,C8,pre_meditation,4051,17893.883,2819.672,46.995,0.802,101.01,3515.6
chi_meditation,C8,pre_meditation,4076,17907.992,2833.781,47.23,0.8061,114.72,3515.6
chi_meditation,C8,pre_meditation,4101,17921.445,2847.234,47.454,0.8099,118.11,3515.6
chi_meditation,C8,pre_meditation,4126,17935.047,2860.836,47.681,0.8138,101.01,3515.6
chi_meditation,C8,pre_meditation,4151,17949.242,2875.031,47.917,0.8178,105.26,3515.6
chi_meditation,C8,pre_meditation,4176,17964.18,2889.969,48.166,0.822,102.39,3515.6
chi_meditation,C8,pre_meditation,4201,17978.43,2904.219,48.404,0.8261,108.11,3515.6
chi_meditation,C8,pre_meditation,4226,17992.102,2917.891,48.632,0.83,112.99,3515.6
chi_meditation,C8,pre_meditation,4251,18005.562,2931.351,48.856,0.8338,112.99,3515.6
chi_meditation,C8,pre_meditation,4276,18019.133,2944.922,49.082,0.8377,111.32,3515.6
chi_meditation,C8,pre_meditation,4301,18032.125,2957.914,49.299,0.8414,114.72,3515.6
chi_meditation,C8,pre_meditation,4326,18045.336,2971.125,49.519,0.8451,112.99,3515.6
chi_meditation,C8,pre_meditation,4351,18058.648,2984.437,49.741,0.8489,114.72,3515.6
chi_meditation,C8,pre_meditation,4376,18073.258,2999.047,49.984,0.8531,101.01,3515.6
chi_meditation,C8,pre_meditation,4401,18088.258,3014.047,50.234,0.8573,106.76,3515.6
chi_meditation,C8,pre_meditation,4426,18105.492,3031.281,50.521,0.8622,80.0,3515.6
chi_meditation,C8,pre_meditation,4451,18123.508,3049.297,50.822,0.8674,77.62,3515.6
chi_meditation,C8,pre_meditation,4476,18143.047,3068.836,51.147,0.8729,67.34,3515.6
chi_meditation,C8,pre_meditation,4501,18164.375,3090.164,51.503,0.879,71.09,3515.6
chi_meditation,C8,pre_meditation,4526,18184.32,3110.109,51.835,0.8847,78.33,3515.6
chi_meditation,C8,pre_meditation,4551,18204.336,3130.125,52.169,0.8904,73.17,3515.6
chi_meditation,C8,pre_meditation,4576,18224.727,3150.516,52.509,0.8962,71.09,3515.6
chi_meditation,C8,pre_meditation,4601,18243.93,3169.719,52.829,0.9016,78.33,3515.6
chi_meditation,C8,pre_meditation,4626,18262.82,3188.609,53.143,0.907,86.33,3515.6
chi_meditation,C8,pre_meditation,4651,18281.344,3207.133,53.452,0.9123,75.28,3515.6
chi_meditation,C8,pre_meditation,4676,18298.82,3224.609,53.743,0.9172,94.79,3515.6
chi_meditation,C8,pre_meditation,4701,18314.641,3240.43,54.007,0.9217,89.29,3515.6
chi_meditation,C8,pre_meditation,4726,18332.18,3257.969,54.299,0.9267,86.33,3515.6
chi_meditation,C8,pre_meditation,4751,18350.586,3276.375,54.606,0.932,75.28,3515.6
chi_meditation,C8,pre_meditation,4776,18370.07,3295.859,54.931,0.9375,73.89,3515.6
chi_meditation,C8,pre_meditation,4801,18387.484,3313.273,55.221,0.9424,80.86,3515.6
chi_meditation,C8,pre_meditation,4826,18407.266,3333.055,55.551,0.9481,77.62,3515.6
chi_meditation,C8,pre_meditation,4851,18426.633,3352.422,55.874,0.9536,77.62,3515.6
chi_meditation,C8,pre_meditation,4876,18445.859,3371.648,56.194,0.9591,83.45,3515.6
chi_meditation,C8,pre_meditation,4901,18462.805,3388.594,56.477,0.9639,94.79,3515.6
chi_meditation,C8,pre_meditation,4926,18479.195,3404.984,56.75,0.9685,92.59,3515.6
chi_meditation,C8,pre_meditation,4951,18496.539,3422.328,57.039,0.9735,91.46,3515.6
chi_meditation,C8,pre_meditation,4976,18513.781,3439.57,57.326,0.9784,89.29,3515.6
chi_meditation,C8,pre_meditation,5001,18530.469,3456.258,57.604,0.9831,87.21,3515.6
chi_meditation,C8,pre_meditation,5026,18549.641,3475.43,57.924,0.9886,73.89,3515.6
chi_meditation,C8,pre_meditation,5051,18568.266,3494.055,58.234,0.9939,82.53,3515.6
chi_meditation,C8,pre_meditation,5076,18586.148,3511.937,58.532,0.999,92.59,3515.6
kundalini_yoga,Y1,meditation,1,1291.711,0.0,0.0,0.0,77.62,626.6
kundalini_yoga,Y1,meditation,6,1295.844,4.133,0.069,0.0066,76.82,626.6
kundalini_yoga,Y1,meditation,11,1299.414,7.703,0.128,0.0123,85.35,626.6
kundalini_yoga,Y1,meditation,16,1302.984,11.273,0.188,0.018,79.16,626.6
kundalini_yoga,Y1,meditation,21,1306.547,14.836,0.247,0.0237,88.24,626.6
kundalini_yoga,Y1,meditation,26,1309.898,18.187,0.303,0.029,87.21,626.6
kundalini_yoga,Y1,meditation,31,1313.438,21.727,0.362,0.0347,87.21,626.6
kundalini_yoga,Y1,meditation,36,1316.688,24.977,0.416,0.0399,92.59,626.6
kundalini_yoga,Y1,meditation,41,1320.109,28.398,0.473,0.0453,85.35,626.6
kundalini_yoga,Y1,meditation,46,1323.539,31.828,0.53,0.0508,91.46,626.6
kundalini_yoga,Y1,meditation,51,1326.617,34.906,0.582,0.0557,99.67,626.6
kundalini_yoga,Y1,meditation,56,1329.797,38.086,0.635,0.0608,86.33,626.6
kundalini_yoga,Y1,meditation,61,1333.289,41.578,0.693,0.0664,89.29,626.6
kundalini_yoga,Y1,meditation,66,1336.422,44.711,0.745,0.0714,97.24,626.6
kundalini_yoga,Y1,meditation,71,1339.539,47.828,0.797,0.0763,96.0,626.6
kundalini_yoga,Y1,meditation,76,1342.594,50.883,0.848,0.0812,102.39,626.6
kundalini_yoga,Y1,meditation,81,1345.727,54.016,0.9,0.0862,89.29,626.6
kundalini_yoga,Y1,meditation,86,1349.211,57.5,0.958,0.0918,86.33,626.6
kundalini_yoga,Y1,meditation,91,1352.484,60.773,1.013,0.097,96.0,626.6
kundalini_yoga,Y1,meditation,96,1355.516,63.805,1.063,0.1018,98.52,626.6
kundalini_yoga,Y1,meditation,101,1358.875,67.164,1.119,0.1072,83.45,626.6
kundalini_yoga,Y1,meditation,106,1362.469,70.758,1.179,0.1129,83.45,626.6
kundalini_yoga,Y1,meditation,111,1365.906,74.195,1.237,0.1184,90.36,626.6
kundalini_yoga,Y1,meditation,116,1369.062,77.351,1.289,0.1234,98.52,626.6
kundalini_yoga,Y1,meditation,121,1371.977,80.266,1.338,0.1281,105.26,626.6
kundalini_yoga,Y1,meditation,126,1375.023,83.312,1.389,0.133,91.46,626.6
kundalini_yoga,Y1,meditation,131,1378.422,86.711,1.445,0.1384,87.21,626.6
kundalini_yoga,Y1,meditation,136,1381.688,89.977,1.5,0.1436,96.0,626.6
kundalini_yoga,Y1,meditation,141,1384.695,92.984,1.55,0.1484,101.01,626.6
kundalini_yoga,Y1,meditation,146,1387.594,95.883,1.598,0.153,102.39,626.6
kundalini_yoga,Y1,meditation,151,1390.461,98.75,1.646,0.1576,108.11,626.6
kundalini_yoga,Y1,meditation,156,1393.414,101.703,1.695,0.1623,99.67,626.6
kundalini_yoga,Y1,meditation,161,1396.578,104.867,1.748,0.1674,93.6,626.6
kundalini_yoga,Y1,meditation,166,1399.727,108.016,1.8,0.1724,96.0,626.6
kundalini_yoga,Y1,meditation,171,1402.789,111.078,1.851,0.1773,94.79,626.6
kundalini_yoga,Y1,meditation,176,1405.898,114.187,1.903,0.1822,93.6,626.6
kundalini_yoga,Y1,meditation,181,1408.992,117.281,1.955,0.1872,97.24,626.6
kundalini_yoga,Y1,meditation,186,1412.195,120.484,2.008,0.1923,92.59,626.6
kundalini_yoga,Y1,meditation,191,1415.594,123.883,2.065,0.1977,88.24,626.6
kundalini_yoga,Y1,meditation,196,1418.766,127.055,2.118,0.2028,96.0,626.6
kundalini_yoga,Y1,meditation,201,1421.633,129.922,2.165,0.2073,108.11,626.6
kundalini_yoga,Y1,meditation,206,1424.828,133.117,2.219,0.2124,86.33,626.6
kundalini_yoga,Y1,meditation,211,1428.297,136.586,2.276,0.218,89.29,626.6
kundalini_yoga,Y1,meditation,216,1431.57,139.859,2.331,0.2232,93.6,626.6
kundalini_yoga,Y1,meditation,221,1434.672,142.961,2.383,0.2281,98.52,626.6
kundalini_yoga,Y1,meditation,226,1437.594,145.883,2.431,0.2328,101.01,626.6
kundalini_yoga,Y1,meditation,231,1441.008,149.297,2.488,0.2383,79.16,626.6
kundalini_yoga,Y1,meditation,236,1444.57,152.859,2.548,0.2439,86.33,626.6
kundalini_yoga,Y1,meditation,241,1447.789,156.078,2.601,0.2491,99.67,626.6
kundalini_yoga,Y1,meditation,246,1450.633,158.922,2.649,0.2536,109.69,626.6
kundalini_yoga,Y1,meditation,251,1453.438,161.727,2.695,0.2581,98.52,626.6
kundalini_yoga,Y1,meditation,256,1456.656,164.945,2.749,0.2632,91.46,626.6
kundalini_yoga,Y1,meditation,261,1460.156,168.445,2.807,0.2688,83.45,626.6
kundalini_yoga,Y1,meditation,266,1463.344,171.633,2.861,0.2739,101.01,626.6
kundalini_yoga,Y1,meditation,271,1466.227,174.516,2.909,0.2785,105.26,626.6
kundalini_yoga,Y1,meditation,276,1469.344,177.633,2.961,0.2835,88.24,626.6
kundalini_yoga,Y1,meditation,281,1472.852,181.141,3.019,0.2891,87.21,626.6
kundalini_yoga,Y1,meditation,286,1476.148,184.437,3.074,0.2943,93.6,626.6
kundalini_yoga,Y1,meditation,291,1479.117,187.406,3.123,0.2991,105.26,626.6
kundalini_yoga,Y1,meditation,296,1481.844,190.133,3.169,0.3034,111.32,626.6
kundalini_yoga,Y1,meditation,301,1484.555,192.844,3.214,0.3078,105.26,626.6
kundalini_yoga,Y1,meditation,306,1487.773,196.062,3.268,0.3129,87.21,626.6
kundalini_yoga,Y1,meditation,311,1491.32,199.609,3.327,0.3185,81.74,626.6
kundalini_yoga,Y1,meditation,316,1494.578,202.867,3.381,0.3237,99.67,626.6
kundalini_yoga,Y1,meditation,321,1497.391,205.68,3.428,0.3282,109.69,626.6
kundalini_yoga,Y1,meditation,326,1500.227,208.516,3.475,0.3328,101.01,626.6
kundalini_yoga,Y1,meditation,331,1503.531,211.82,3.53,0.338,88.24,626.6
kundalini_yoga,Y1,meditation,336,1506.961,215.25,3.587,0.3435,88.24,626.6
kundalini_yoga,Y1,meditation,341,1510.062,218.351,3.639,0.3485,102.39,626.6
kundalini_yoga,Y1,meditation,346,1512.812,221.101,3.685,0.3528,112.99,626.6
kundalini_yoga,Y1,meditation,351,1515.562,223.851,3.731,0.3572,99.67,626.6
kundalini_yoga,Y1,meditation,356,1519.188,227.477,3.791,0.363,79.16,626.6
kundalini_yoga,Y1,meditation,361,1522.742,231.031,3.851,0.3687,90.36,626.6
kundalini_yoga,Y1,meditation,366,1525.734,234.023,3.9,0.3735,105.26,626.6
kundalini_yoga,Y1,meditation,371,1528.453,236.742,3.946,0.3778,109.69,626.6
kundalini_yoga,Y1,meditation,376,1531.492,239.781,3.996,0.3827,90.36,626.6
kundalini_yoga,Y1,meditation,381,1535.117,243.406,4.057,0.3884,80.0,626.6
kundalini_yoga,Y1,meditation,386,1538.344,246.633,4.111,0.3936,101.01,626.6
kundalini_yoga,Y1,meditation,391,1541.133,249.422,4.157,0.398,109.69,626.6
kundalini_yoga,Y1,meditation,396,1544.109,252.398,4.207,0.4028,103.81,626.6
kundalini_yoga,Y1,meditation,401,1547.148,255.437,4.257,0.4076,94.79,626.6
kundalini_yoga,Y1,meditation,406,1550.305,258.594,4.31,0.4127,94.79,626.6
kundalini_yoga,Y1,meditation,411,1553.344,261.633,4.361,0.4175,101.01,626.6
kundalini_yoga,Y1,meditation,416,1556.336,264.625,4.41,0.4223,102.39,626.6
kundalini_yoga,Y1,meditation,421,1559.195,267.484,4.458,0.4269,106.76,626.6
kundalini_yoga,Y1,meditation,426,1561.969,270.258,4.504,0.4313,108.11,626.6
kundalini_yoga,Y1,meditation,431,1564.992,273.281,4.555,0.4361,93.6,626.6
kundalini_yoga,Y1,meditation,436,1568.406,276.695,4.612,0.4416,85.35,626.6
kundalini_yoga,Y1,meditation,441,1571.539,279.828,4.664,0.4466,101.01,626.6
kundalini_yoga,Y1,meditation,446,1574.289,282.578,4.71,0.451,112.99,626.6
kundalini_yoga,Y1,meditation,451,1577.086,285.375,4.756,0.4554,97.24,626.6
kundalini_yoga,Y1,meditation,456,1580.5,288.789,4.813,0.4609,84.39,626.6
kundalini_yoga,Y1,meditation,461,1584.227,292.516,4.875,0.4668,83.45,626.6
kundalini_yoga,Y1,meditation,466,1587.438,295.727,4.929,0.4719,99.67,626.6
kundalini_yoga,Y1,meditation,471,1590.258,298.547,4.976,0.4764,109.69,626.6
kundalini_yoga,Y1,meditation,476,1593.156,301.445,5.024,0.4811,88.24,626.6
kundalini_yoga,Y1,meditation,481,1596.93,305.219,5.087,0.4871,78.33,626.6
kundalini_yoga,Y1,meditation,486,1600.938,309.227,5.154,0.4935,76.05,626.6
kundalini_yoga,Y1,meditation,491,1604.484,312.773,5.213,0.4991,93.6,626.6
kundalini_yoga,Y1,meditation,496,1607.484,315.773,5.263,0.5039,105.26,626.6
kundalini_yoga,Y1,meditation,501,1610.391,318.68,5.311,0.5086,98.52,626.6
kundalini_yoga,Y1,meditation,506,1613.953,322.242,5.371,0.5143,80.0,626.6
kundalini_yoga,Y1,meditation,511,1617.484,325.773,5.43,0.5199,86.33,626.6
kundalini_yoga,Y1,meditation,516,1620.727,329.016,5.484,0.5251,96.0,626.6
kundalini_yoga,Y1,meditation,521,1623.695,331.984,5.533,0.5298,103.81,626.6
kundalini_yoga,Y1,meditation,526,1626.594,334.883,5.581,0.5344,98.52,626.6
kundalini_yoga,Y1,meditation,531,1629.883,338.172,5.636,0.5397,90.36,626.6
kundalini_yoga,Y1,meditation,536,1633.188,341.477,5.691,0.5449,92.59,626.6
kundalini_yoga,Y1,meditation,541,1636.234,344.523,5.742,0.5498,102.39,626.6
kundalini_yoga,Y1,meditation,546,1638.953,347.242,5.787,0.5541,114.72,626.6
kundalini_yoga,Y1,meditation,551,1641.586,349.875,5.831,0.5583,111.32,626.6
kundalini_yoga,Y1,meditation,556,1644.445,352.734,5.879,0.5629,101.01,626.6
kundalini_yoga,Y1,meditation,561,1647.469,355.758,5.929,0.5677,101.01,626.6
kundalini_yoga,Y1,meditation,566,1650.453,358.742,5.979,0.5725,102.39,626.6
kundalini_yoga,Y1,meditation,571,1653.32,361.609,6.027,0.5771,108.11,626.6
kundalini_yoga,Y1,meditation,576,1656.094,364.383,6.073,0.5815,106.76,626.6
kundalini_yoga,Y1,meditation,581,1659.234,367.523,6.125,0.5865,89.29,626.6
kundalini_yoga,Y1,meditation,586,1662.531,370.82,6.18,0.5918,93.6,626.6
kundalini_yoga,Y1,meditation,591,1665.672,373.961,6.233,0.5968,99.67,626.6
kundalini_yoga,Y1,meditation,596,1668.547,376.836,6.281,0.6014,108.11,626.6
kundalini_yoga,Y1,meditation,601,1671.25,379.539,6.326,0.6057,112.99,626.6
kundalini_yoga,Y1,meditation,606,1674.211,382.5,6.375,0.6104,88.24,626.6
kundalini_yoga,Y1,meditation,611,1677.695,385.984,6.433,0.616,85.35,626.6
kundalini_yoga,Y1,meditation,616,1681.062,389.351,6.489,0.6213,92.59,626.6
kundalini_yoga,Y1,meditation,621,1684.008,392.297,6.538,0.626,106.76,626.6
kundalini_yoga,Y1,meditation,626,1686.703,394.992,6.583,0.6303,114.72,626.6
kundalini_yoga,Y1,meditation,631,1689.477,397.766,6.629,0.6348,99.67,626.6
kundalini_yoga,Y1,meditation,636,1692.812,401.101,6.685,0.6401,86.33,626.6
kundalini_yoga,Y1,meditation,641,1696.109,404.398,6.74,0.6454,96.0,626.6
kundalini_yoga,Y1,meditation,646,1699.047,407.336,6.789,0.65,106.76,626.6
kundalini_yoga,Y1,meditation,651,1701.797,410.086,6.835,0.6544,103.81,626.6
kundalini_yoga,Y1,meditation,656,1705.344,413.633,6.894,0.6601,84.39,626.6
kundalini_yoga,Y1,meditation,661,1708.875,417.164,6.953,0.6657,89.29,626.6
kundalini_yoga,Y1,meditation,666,1712.0,420.289,7.005,0.6707,99.67,626.6
kundalini_yoga,Y1,meditation,671,1714.875,423.164,7.053,0.6753,106.76,626.6
kundalini_yoga,Y1,meditation,676,1717.547,425.836,7.097,0.6796,111.32,626.6
kundalini_yoga,Y1,meditation,681,1720.25,428.539,7.142,0.6839,108.11,626.6
kundalini_yoga,Y1,meditation,686,1723.234,431.523,7.192,0.6886,96.0,626.6
kundalini_yoga,Y1,meditation,691,1726.32,434.609,7.243,0.6936,98.52,626.6
kundalini_yoga,Y1,meditation,696,1729.312,437.601,7.293,0.6983,105.26,626.6
kundalini_yoga,Y1,meditation,701,1732.07,440.359,7.339,0.7027,111.32,626.6
kundalini_yoga,Y1,meditation,706,1734.75,443.039,7.384,0.707,111.32,626.6
kundalini_yoga,Y1,meditation,711,1737.461,445.75,7.429,0.7114,108.11,626.6
kundalini_yoga,Y1,meditation,716,1740.391,448.68,7.478,0.716,101.01,626.6
kundalini_yoga,Y1,meditation,721,1743.297,451.586,7.526,0.7207,105.26,626.6
kundalini_yoga,Y1,meditation,726,1746.039,454.328,7.572,0.725,111.32,626.6
kundalini_yoga,Y1,meditation,731,1748.742,457.031,7.617,0.7294,112.99,626.6
kundalini_yoga,Y1,meditation,736,1751.445,459.734,7.662,0.7337,112.99,626.6
kundalini_yoga,Y1,meditation,741,1754.203,462.492,7.708,0.7381,105.26,626.6
kundalini_yoga,Y1,meditation,746,1757.172,465.461,7.758,0.7428,99.67,626.6
kundalini_yoga,Y1,meditation,751,1760.148,468.437,7.807,0.7476,103.81,626.6
kundalini_yoga,Y1,meditation,756,1762.969,471.258,7.854,0.7521,108.11,626.6
kundalini_yoga,Y1,meditation,761,1765.664,473.953,7.899,0.7564,112.99,626.6
kundalini_yoga,Y1,meditation,766,1768.281,476.57,7.943,0.7605,112.99,626.6
kundalini_yoga,Y1,meditation,771,1771.086,479.375,7.99,0.765,101.01,626.6
kundalini_yoga,Y1,meditation,776,1774.188,482.477,8.041,0.77,98.52,626.6
kundalini_yoga,Y1,meditation,781,1777.234,485.523,8.092,0.7748,101.01,626.6
kundalini_yoga,Y1,meditation,786,1780.047,488.336,8.139,0.7793,111.32,626.6
kundalini_yoga,Y1,meditation,791,1782.656,490.945,8.182,0.7835,116.28,626.6
kundalini_yoga,Y1,meditation,796,1785.211,493.5,8.225,0.7876,112.99,626.6
kundalini_yoga,Y1,meditation,801,1788.297,496.586,8.276,0.7925,92.59,626.6
kundalini_yoga,Y1,meditation,806,1791.383,499.672,8.328,0.7974,99.67,626.6
kundalini_yoga,Y1,meditation,811,1794.414,502.703,8.378,0.8022,99.67,626.6
kundalini_yoga,Y1,meditation,816,1797.242,505.531,8.426,0.8068,111.32,626.6
kundalini_yoga,Y1,meditation,821,1799.883,508.172,8.47,0.811,116.28,626.6
kundalini_yoga,Y1,meditation,826,1802.867,511.156,8.519,0.8157,85.35,626.6
kundalini_yoga,Y1,meditation,831,1806.461,514.75,8.579,0.8215,85.35,626.6
kundalini_yoga,Y1,meditation,836,1809.844,518.133,8.636,0.8269,90.36,626.6
kundalini_yoga,Y1,meditation,841,1812.852,521.141,8.686,0.8317,106.76,626.6
kundalini_yoga,Y1,meditation,846,1815.523,523.812,8.73,0.8359,114.72,626.6
kundalini_yoga,Y1,meditation,851,1818.203,526.492,8.775,0.8402,106.76,626.6
kundalini_yoga,Y1,meditation,856,1821.195,529.484,8.825,0.845,96.0,626.6
kundalini_yoga,Y1,meditation,861,1824.344,532.633,8.877,0.85,93.6,626.6
kundalini_yoga,Y1,meditation,866,1827.336,535.625,8.927,0.8548,105.26,626.6
kundalini_yoga,Y1,meditation,871,1830.023,538.312,8.972,0.8591,114.72,626.6
kundalini_yoga,Y1,meditation,876,1832.758,541.047,9.017,0.8634,99.67,626.6
kundalini_yoga,Y1,meditation,881,1836.102,544.391,9.073,0.8688,90.36,626.6
kundalini_yoga,Y1,meditation,886,1839.492,547.781,9.13,0.8742,92.59,626.6
kundalini_yoga,Y1,meditation,891,1842.516,550.805,9.18,0.879,105.26,626.6
kundalini_yoga,Y1,meditation,896,1845.242,553.531,9.226,0.8834,112.99,626.6
kundalini_yoga,Y1,meditation,901,1848.047,556.336,9.272,0.8878,99.67,626.6
kundalini_yoga,Y1,meditation,906,1851.289,559.578,9.326,0.893,88.24,626.6
kundalini_yoga,Y1,meditation,911,1854.547,562.836,9.381,0.8982,97.24,626.6
kundalini_yoga,Y1,meditation,916,1857.422,565.711,9.429,0.9028,109.69,626.6
kundalini_yoga,Y1,meditation,921,1860.156,568.445,9.474,0.9072,105.26,626.6
kundalini_yoga,Y1,meditation,926,1863.172,571.461,9.524,0.912,98.52,626.6
kundalini_yoga,Y1,meditation,931,1866.312,574.601,9.577,0.917,91.46,626.6
kundalini_yoga,Y1,meditation,936,1869.281,577.57,9.626,0.9217,106.76,626.6
kundalini_yoga,Y1,meditation,941,1871.953,580.242,9.671,0.926,116.28,626.6
kundalini_yoga,Y1,meditation,946,1874.508,582.797,9.713,0.9301,114.72,626.6
kundalini_yoga,Y1,meditation,951,1877.688,585.977,9.766,0.9351,88.24,626.6
kundalini_yoga,Y1,meditation,956,1880.773,589.062,9.818,0.9401,96.0,626.6
kundalini_yoga,Y1,meditation,961,1883.859,592.148,9.869,0.945,98.52,626.6
kundalini_yoga,Y1,meditation,966,1886.648,594.937,9.916,0.9494,114.72,626.6
kundalini_yoga,Y1,meditation,971,1889.195,597.484,9.958,0.9535,121.95,626.6
kundalini_yoga,Y1,meditation,976,1891.859,600.148,10.002,0.9577,106.76,626.6
kundalini_yoga,Y1,meditation,981,1894.828,603.117,10.052,0.9625,99.67,626.6
kundalini_yoga,Y1,meditation,986,1897.953,606.242,10.104,0.9675,92.59,626.6
kundalini_yoga,Y1,meditation,991,1901.0,609.289,10.155,0.9723,103.81,626.6
kundalini_yoga,Y1,meditation,996,1903.766,612.055,10.201,0.9767,108.11,626.6
kundalini_yoga,Y1,meditation,1001,1906.641,614.93,10.249,0.9813,102.39,626.6
kundalini_yoga,Y1,meditation,1006,1909.617,617.906,10.298,0.9861,101.01,626.6
kundalini_yoga,Y1,meditation,1011,1912.5,620.789,10.346,0.9907,108.11,626.6
kundalini_yoga,Y1,meditation,1016,1915.172,623.461,10.391,0.995,116.28,626.6
kundalini_yoga,Y1,meditation,1021,1917.781,626.07,10.435,0.9991,112.99,626.6
kundalini_yoga,Y1,pre_meditation,1,540.258,0.0,0.0,0.0,78.33,522.6
kundalini_yoga,Y1,pre_meditation,3,541.906,1.648,0.027,0.0032,70.42,522.6
kundalini_yoga,Y1,pre_meditation,5,543.625,3.367,0.056,0.0064,69.85,522.6
kundalini_yoga,Y1,pre_meditation,7,545.305,5.047,0.084,0.0097,69.2,522.6
kundalini_yoga,Y1,pre_meditation,9,547.148,6.89,0.115,0.0132,64.52,522.6
kundalini_yoga,Y1,pre_meditation,11,548.969,8.711,0.145,0.0167,63.97,522.6
kundalini_yoga,Y1,pre_meditation,13,550.789,10.531,0.176,0.0201,67.95,522.6
kundalini_yoga,Y1,pre_meditation,15,552.594,12.336,0.206,0.0236,65.65,522.6
kundalini_yoga,Y1,pre_meditation,17,554.375,14.117,0.235,0.027,65.65,522.6
kundalini_yoga,Y1,pre_meditation,19,556.266,16.008,0.267,0.0306,63.97,522.6
kundalini_yoga,Y1,pre_meditation,21,558.133,17.875,0.298,0.0342,62.44,522.6
kundalini_yoga,Y1,pre_meditation,23,560.023,19.765,0.329,0.0378,63.97,522.6
kundalini_yoga,Y1,pre_meditation,25,561.914,21.656,0.361,0.0414,64.52,522.6
kundalini_yoga,Y1,pre_meditation,27,563.75,23.492,0.392,0.0449,63.97,522.6
kundalini_yoga,Y1,pre_meditation,29,565.656,25.398,0.423,0.0486,64.52,522.6
kundalini_yoga,Y1,pre_meditation,31,567.617,27.359,0.456,0.0523,60.0,522.6
kundalini_yoga,Y1,pre_meditation,33,569.586,29.328,0.489,0.0561,60.98,522.6
kundalini_yoga,Y1,pre_meditation,35,571.594,31.336,0.522,0.06,60.98,522.6
kundalini_yoga,Y1,pre_meditation,37,573.445,33.187,0.553,0.0635,63.97,522.6
kundalini_yoga,Y1,pre_meditation,39,575.375,35.117,0.585,0.0672,61.41,522.6
kundalini_yoga,Y1,pre_meditation,41,577.289,37.031,0.617,0.0709,60.48,522.6
kundalini_yoga,Y1,pre_meditation,43,579.281,39.023,0.65,0.0747,61.92,522.6
kundalini_yoga,Y1,pre_meditation,45,581.266,41.008,0.683,0.0785,59.52,522.6
kundalini_yoga,Y1,pre_meditation,47,583.211,42.953,0.716,0.0822,64.52,522.6
kundalini_yoga,Y1,pre_meditation,49,585.086,44.828,0.747,0.0858,62.44,522.6
kundalini_yoga,Y1,pre_meditation,51,587.031,46.773,0.78,0.0895,62.44,522.6
kundalini_yoga,Y1,pre_meditation,53,588.961,48.703,0.812,0.0932,60.48,522.6
kundalini_yoga,Y1,pre_meditation,55,590.953,50.695,0.845,0.097,61.41,522.6
kundalini_yoga,Y1,pre_meditation,57,592.977,52.719,0.879,0.1009,59.52,522.6
kundalini_yoga,Y1,pre_meditation,59,594.906,54.648,0.911,0.1046,62.44,522.6
kundalini_yoga,Y1,pre_meditation,61,596.82,56.562,0.943,0.1082,65.08,522.6
kundalini_yoga,Y1,pre_meditation,63,598.773,58.515,0.975,0.112,60.98,522.6
kundalini_yoga,Y1,pre_meditation,65,600.641,60.383,1.006,0.1155,64.52,522.6
kundalini_yoga,Y1,pre_meditation,67,602.609,62.351,1.039,0.1193,60.98,522.6
kundalini_yoga,Y1,pre_meditation,69,604.516,64.258,1.071,0.1229,60.98,522.6
kundalini_yoga,Y1,pre_meditation,71,606.438,66.18,1.103,0.1266,65.08,522.6
kundalini_yoga,Y1,pre_meditation,73,608.391,68.133,1.136,0.1304,60.98,522.6
kundalini_yoga,Y1,pre_meditation,75,610.188,69.93,1.166,0.1338,67.95,522.6
kundalini_yoga,Y1,pre_meditation,77,612.0,71.742,1.196,0.1373,65.65,522.6
kundalini_yoga,Y1,pre_meditation,79,613.766,73.508,1.225,0.1406,68.57,522.6
kundalini_yoga,Y1,pre_meditation,81,615.656,75.398,1.257,0.1443,62.44,522.6
kundalini_yoga,Y1,pre_meditation,83,617.656,77.398,1.29,0.1481,60.0,522.6
kundalini_yoga,Y1,pre_meditation,85,619.57,79.312,1.322,0.1518,65.08,522.6
kundalini_yoga,Y1,pre_meditation,87,621.492,81.234,1.354,0.1554,61.92,522.6
kundalini_yoga,Y1,pre_meditation,89,623.312,83.054,1.384,0.1589,65.08,522.6
kundalini_yoga,Y1,pre_meditation,91,625.133,84.875,1.415,0.1624,67.34,522.6
kundalini_yoga,Y1,pre_meditation,93,626.953,86.695,1.445,0.1659,63.97,522.6
kundalini_yoga,Y1,pre_meditation,95,628.812,88.554,1.476,0.1694,66.82,522.6
kundalini_yoga,Y1,pre_meditation,97,630.789,90.531,1.509,0.1732,59.52,522.6
kundalini_yoga,Y1,pre_meditation,99,632.727,92.469,1.541,0.1769,61.92,522.6
kundalini_yoga,Y1,pre_meditation,101,634.703,94.445,1.574,0.1807,61.41,522.6
kundalini_yoga,Y1,pre_meditation,103,636.562,96.304,1.605,0.1843,62.96,522.6
kundalini_yoga,Y1,pre_meditation,105,638.477,98.219,1.637,0.1879,64.52,522.6
kundalini_yoga,Y1,pre_meditation,107,640.398,100.14,1.669,0.1916,60.98,522.6
kundalini_yoga,Y1,pre_meditation,109,642.305,102.047,1.701,0.1953,65.08,522.6
kundalini_yoga,Y1,pre_meditation,111,644.234,103.976,1.733,0.1989,61.41,522.6
kundalini_yoga,Y1,pre_meditation,113,646.125,105.867,1.764,0.2026,64.52,522.6
kundalini_yoga,Y1,pre_meditation,115,648.125,107.867,1.798,0.2064,59.52,522.6
kundalini_yoga,Y1,pre_meditation,117,650.039,109.781,1.83,0.2101,61.92,522.6
kundalini_yoga,Y1,pre_meditation,119,652.031,111.773,1.863,0.2139,60.98,522.6
kundalini_yoga,Y1,pre_meditation,121,653.922,113.664,1.894,0.2175,62.44,522.6
kundalini_yoga,Y1,pre_meditation,123,655.828,115.57,1.926,0.2211,64.52,522.6
kundalini_yoga,Y1,pre_meditation,125,657.719,117.461,1.958,0.2247,62.96,522.6
kundalini_yoga,Y1,pre_meditation,127,659.586,119.328,1.989,0.2283,62.44,522.6
kundalini_yoga,Y1,pre_meditation,129,661.562,121.304,2.022,0.2321,60.48,522.6
kundalini_yoga,Y1,pre_meditation,131,663.5,123.242,2.054,0.2358,60.98,522.6
kundalini_yoga,Y1,pre_meditation,133,665.406,125.148,2.086,0.2395,65.08,522.6
kundalini_yoga,Y1,pre_meditation,135,667.281,127.023,2.117,0.243,62.44,522.6
kundalini_yoga,Y1,pre_meditation,137,669.172,128.914,2.149,0.2467,65.08,522.6
kundalini_yoga,Y1,pre_meditation,139,671.102,130.844,2.181,0.2504,61.41,522.6
kundalini_yoga,Y1,pre_meditation,141,672.969,132.711,2.212,0.2539,62.96,522.6
kundalini_yoga,Y1,pre_meditation,143,674.891,134.633,2.244,0.2576,62.96,522.6
kundalini_yoga,Y1,pre_meditation,145,676.727,136.469,2.274,0.2611,64.52,522.6
kundalini_yoga,Y1,pre_meditation,147,678.727,138.469,2.308,0.2649,58.65,522.6
kundalini_yoga,Y1,pre_meditation,149,680.68,140.422,2.34,0.2687,60.0,522.6
kundalini_yoga,Y1,pre_meditation,151,682.586,142.328,2.372,0.2723,64.52,522.6
kundalini_yoga,Y1,pre_meditation,153,684.336,144.078,2.401,0.2757,67.34,522.6
kundalini_yoga,Y1,pre_meditation,155,686.117,145.859,2.431,0.2791,67.95,522.6
kundalini_yoga,Y1,pre_meditation,157,687.711,147.453,2.458,0.2821,76.82,522.6
kundalini_yoga,Y1,pre_meditation,159,689.32,149.062,2.484,0.2852,71.77,522.6
kundalini_yoga,Y1,pre_meditation,161,690.977,150.719,2.512,0.2884,70.42,522.6
kundalini_yoga,Y1,pre_meditation,163,692.828,152.57,2.543,0.2919,62.96,522.6
kundalini_yoga,Y1,pre_meditation,165,694.703,154.445,2.574,0.2955,61.41,522.6
kundalini_yoga,Y1,pre_meditation,167,696.695,156.437,2.607,0.2993,61.41,522.6
kundalini_yoga,Y1,pre_meditation,169,698.734,158.476,2.641,0.3032,57.75,522.6
kundalini_yoga,Y1,pre_meditation,171,700.594,160.336,2.672,0.3068,65.65,522.6
kundalini_yoga,Y1,pre_meditation,173,702.523,162.265,2.704,0.3105,61.92,522.6
kundalini_yoga,Y1,pre_meditation,175,704.352,164.094,2.735,0.314,65.65,522.6
kundalini_yoga,Y1,pre_meditation,177,706.336,166.078,2.768,0.3178,59.06,522.6
kundalini_yoga,Y1,pre_meditation,179,708.289,168.031,2.801,0.3215,60.0,522.6
kundalini_yoga,Y1,pre_meditation,181,710.273,170.015,2.834,0.3253,62.44,522.6
kundalini_yoga,Y1,pre_meditation,183,712.273,172.015,2.867,0.3291,60.0,522.6
kundalini_yoga,Y1,pre_meditation,185,714.141,173.883,2.898,0.3327,66.82,522.6
kundalini_yoga,Y1,pre_meditation,187,716.023,175.765,2.929,0.3363,62.96,522.6
kundalini_yoga,Y1,pre_meditation,189,717.867,177.609,2.96,0.3398,65.65,522.6
kundalini_yoga,Y1,pre_meditation,191,719.82,179.562,2.993,0.3436,60.48,522.6
kundalini_yoga,Y1,pre_meditation,193,721.711,181.453,3.024,0.3472,61.41,522.6
kundalini_yoga,Y1,pre_meditation,195,723.555,183.297,3.055,0.3507,66.82,522.6
kundalini_yoga,Y1,pre_meditation,197,725.5,185.242,3.087,0.3544,60.0,522.6
kundalini_yoga,Y1,pre_meditation,199,727.477,187.219,3.12,0.3582,63.49,522.6
kundalini_yoga,Y1,pre_meditation,201,729.508,189.25,3.154,0.3621,58.2,522.6
kundalini_yoga,Y1,pre_meditation,203,731.453,191.195,3.187,0.3658,60.48,522.6
kundalini_yoga,Y1,pre_meditation,205,733.438,193.18,3.22,0.3696,62.44,522.6
kundalini_yoga,Y1,pre_meditation,207,735.398,195.14,3.252,0.3734,60.98,522.6
kundalini_yoga,Y1,pre_meditation,209,737.203,196.945,3.282,0.3768,66.82,522.6
kundalini_yoga,Y1,pre_meditation,211,739.094,198.836,3.314,0.3804,62.44,522.6
kundalini_yoga,Y1,pre_meditation,213,740.977,200.719,3.345,0.384,62.44,522.6
kundalini_yoga,Y1,pre_meditation,215,742.969,202.711,3.379,0.3879,60.98,522.6
kundalini_yoga,Y1,pre_meditation,217,744.859,204.601,3.41,0.3915,61.92,522.6
kundalini_yoga,Y1,pre_meditation,219,746.766,206.508,3.442,0.3951,65.08,522.6
kundalini_yoga,Y1,pre_meditation,221,748.633,208.375,3.473,0.3987,63.49,522.6
kundalini_yoga,Y1,pre_meditation,223,750.484,210.226,3.504,0.4022,67.34,522.6
kundalini_yoga,Y1,pre_meditation,225,752.359,212.101,3.535,0.4058,62.96,522.6
kundalini_yoga,Y1,pre_meditation,227,754.219,213.961,3.566,0.4094,65.08,522.6
kundalini_yoga,Y1,pre_meditation,229,756.125,215.867,3.598,0.413,62.44,522.6
kundalini_yoga,Y1,pre_meditation,231,757.93,217.672,3.628,0.4165,65.65,522.6
kundalini_yoga,Y1,pre_meditation,233,759.789,219.531,3.659,0.42,66.23,522.6
kundalini_yoga,Y1,pre_meditation,235,761.688,221.43,3.691,0.4237,61.92,522.6
kundalini_yoga,Y1,pre_meditation,237,763.547,223.289,3.721,0.4272,66.82,522.6
kundalini_yoga,Y1,pre_meditation,239,765.422,225.164,3.753,0.4308,62.96,522.6
kundalini_yoga,Y1,pre_meditation,241,767.273,227.015,3.784,0.4344,66.82,522.6
kundalini_yoga,Y1,pre_meditation,243,769.219,228.961,3.816,0.4381,60.98,522.6
kundalini_yoga,Y1,pre_meditation,245,771.141,230.883,3.848,0.4418,61.92,522.6
kundalini_yoga,Y1,pre_meditation,247,773.109,232.851,3.881,0.4455,61.92,522.6
kundalini_yoga,Y1,pre_meditation,249,775.023,234.765,3.913,0.4492,62.44,522.6
kundalini_yoga,Y1,pre_meditation,251,776.875,236.617,3.944,0.4527,67.95,522.6
kundalini_yoga,Y1,pre_meditation,253,778.742,238.484,3.975,0.4563,63.49,522.6
kundalini_yoga,Y1,pre_meditation,255,780.586,240.328,4.005,0.4598,65.65,522.6
kundalini_yoga,Y1,pre_meditation,257,782.57,242.312,4.039,0.4636,59.52,522.6
kundalini_yoga,Y1,pre_meditation,259,784.484,244.226,4.07,0.4673,61.41,522.6
kundalini_yoga,Y1,pre_meditation,261,786.422,246.164,4.103,0.471,62.44,522.6
kundalini_yoga,Y1,pre_meditation,263,788.219,247.961,4.133,0.4744,66.23,522.6
kundalini_yoga,Y1,pre_meditation,265,790.055,249.797,4.163,0.478,66.23,522.6
kundalini_yoga,Y1,pre_meditation,267,791.844,251.586,4.193,0.4814,65.08,522.6
kundalini_yoga,Y1,pre_meditation,269,793.688,253.43,4.224,0.4849,66.82,522.6
kundalini_yoga,Y1,pre_meditation,271,795.617,255.359,4.256,0.4886,60.98,522.6
kundalini_yoga,Y1,pre_meditation,273,797.508,257.25,4.287,0.4922,65.08,522.6
kundalini_yoga,Y1,pre_meditation,275,799.43,259.172,4.32,0.4959,62.44,522.6
kundalini_yoga,Y1,pre_meditation,277,801.211,260.953,4.349,0.4993,67.34,522.6
kundalini_yoga,Y1,pre_meditation,279,803.0,262.742,4.379,0.5027,68.57,522.6
kundalini_yoga,Y1,pre_meditation,281,804.812,264.554,4.409,0.5062,65.08,522.6
kundalini_yoga,Y1,pre_meditation,283,806.633,266.375,4.44,0.5097,66.82,522.6
kundalini_yoga,Y1,pre_meditation,285,808.57,268.312,4.472,0.5134,61.41,522.6
kundalini_yoga,Y1,pre_meditation,287,810.438,270.18,4.503,0.517,63.97,522.6
kundalini_yoga,Y1,pre_meditation,289,812.352,272.094,4.535,0.5206,62.44,522.6
kundalini_yoga,Y1,pre_meditation,291,814.141,273.883,4.565,0.524,66.23,522.6
kundalini_yoga,Y1,pre_meditation,293,815.945,275.687,4.595,0.5275,68.57,522.6
kundalini_yoga,Y1,pre_meditation,295,817.852,277.594,4.627,0.5311,61.41,522.6
kundalini_yoga,Y1,pre_meditation,297,819.797,279.539,4.659,0.5349,62.44,522.6
kundalini_yoga,Y1,pre_meditation,299,821.789,281.531,4.692,0.5387,59.52,522.6
kundalini_yoga,Y1,pre_meditation,301,823.625,283.367,4.723,0.5422,67.34,522.6
kundalini_yoga,Y1,pre_meditation,303,825.461,285.203,4.753,0.5457,65.08,522.6
kundalini_yoga,Y1,pre_meditation,305,827.188,286.93,4.782,0.549,69.85,522.6
kundalini_yoga,Y1,pre_meditation,307,828.961,288.703,4.812,0.5524,67.34,522.6
kundalini_yoga,Y1,pre_meditation,309,830.672,290.414,4.84,0.5557,69.2,522.6
kundalini_yoga,Y1,pre_meditation,311,832.562,292.304,4.872,0.5593,61.92,522.6
kundalini_yoga,Y1,pre_meditation,313,834.469,294.211,4.904,0.5629,62.44,522.6
kundalini_yoga,Y1,pre_meditation,315,836.398,296.14,4.936,0.5666,62.96,522.6
kundalini_yoga,Y1,pre_meditation,317,838.273,298.015,4.967,0.5702,62.96,522.6
kundalini_yoga,Y1,pre_meditation,319,840.109,299.851,4.998,0.5737,67.95,522.6
kundalini_yoga,Y1,pre_meditation,321,841.859,301.601,5.027,0.5771,67.34,522.6
kundalini_yoga,Y1,pre_meditation,323,843.625,303.367,5.056,0.5805,69.85,522.6
kundalini_yoga,Y1,pre_meditation,325,845.492,305.234,5.087,0.584,63.49,522.6
kundalini_yoga,Y1,pre_meditation,327,847.328,307.07,5.118,0.5875,64.52,522.6
kundalini_yoga,Y1,pre_meditation,329,849.266,309.008,5.15,0.5912,61.92,522.6
kundalini_yoga,Y1,pre_meditation,331,851.109,310.851,5.181,0.5948,64.52,522.6
kundalini_yoga,Y1,pre_meditation,333,852.938,312.68,5.211,0.5983,67.95,522.6
kundalini_yoga,Y1,pre_meditation,335,854.773,314.515,5.242,0.6018,64.52,522.6
kundalini_yoga,Y1,pre_meditation,337,856.617,316.359,5.273,0.6053,67.34,522.6
kundalini_yoga,Y1,pre_meditation,339,858.469,318.211,5.304,0.6089,63.97,522.6
kundalini_yoga,Y1,pre_meditation,341,860.328,320.07,5.335,0.6124,66.23,522.6
kundalini_yoga,Y1,pre_meditation,343,862.211,321.953,5.366,0.616,62.96,522.6
kundalini_yoga,Y1,pre_meditation,345,864.086,323.828,5.397,0.6196,65.65,522.6
kundalini_yoga,Y1,pre_meditation,347,866.008,325.75,5.429,0.6233,61.92,522.6
kundalini_yoga,Y1,pre_meditation,349,867.82,327.562,5.459,0.6267,65.65,522.6
kundalini_yoga,Y1,pre_meditation,351,869.562,329.304,5.488,0.6301,68.57,522.6
kundalini_yoga,Y1,pre_meditation,353,871.25,330.992,5.517,0.6333,72.46,522.6
kundalini_yoga,Y1,pre_meditation,355,873.016,332.758,5.546,0.6367,66.23,522.6
kundalini_yoga,Y1,pre_meditation,357,874.828,334.57,5.576,0.6402,67.95,522.6
kundalini_yoga,Y1,pre_meditation,359,876.711,336.453,5.608,0.6438,63.49,522.6
kundalini_yoga,Y1,pre_meditation,361,878.445,338.187,5.636,0.6471,69.2,522.6
kundalini_yoga,Y1,pre_meditation,363,880.133,339.875,5.665,0.6503,72.46,522.6
kundalini_yoga,Y1,pre_meditation,365,881.844,341.586,5.693,0.6536,68.57,522.6
kundalini_yoga,Y1,pre_meditation,367,883.586,343.328,5.722,0.6569,70.42,522.6
kundalini_yoga,Y1,pre_meditation,369,885.375,345.117,5.752,0.6603,66.82,522.6
kundalini_yoga,Y1,pre_meditation,371,887.109,346.851,5.781,0.6637,69.2,522.6
kundalini_yoga,Y1,pre_meditation,373,888.945,348.687,5.811,0.6672,64.52,522.6
kundalini_yoga,Y1,pre_meditation,375,890.727,350.469,5.841,0.6706,66.23,522.6
kundalini_yoga,Y1,pre_meditation,377,892.477,352.219,5.87,0.6739,70.42,522.6
kundalini_yoga,Y1,pre_meditation,379,894.219,353.961,5.899,0.6773,68.57,522.6
kundalini_yoga,Y1,pre_meditation,381,895.969,355.711,5.929,0.6806,69.85,522.6
kundalini_yoga,Y1,pre_meditation,383,897.758,357.5,5.958,0.684,66.23,522.6
kundalini_yoga,Y1,pre_meditation,385,899.578,359.32,5.989,0.6875,67.34,522.6
kundalini_yoga,Y1,pre_meditation,387,901.477,361.219,6.02,0.6911,63.49,522.6
kundalini_yoga,Y1,pre_meditation,389,903.281,363.023,6.05,0.6946,67.95,522.6
kundalini_yoga,Y1,pre_meditation,391,905.109,364.851,6.081,0.6981,65.08,522.6
kundalini_yoga,Y1,pre_meditation,393,906.875,366.617,6.11,0.7015,66.82,522.6
kundalini_yoga,Y1,pre_meditation,395,908.617,368.359,6.139,0.7048,71.09,522.6
kundalini_yoga,Y1,pre_meditation,397,910.188,369.93,6.165,0.7078,78.33,522.6
kundalini_yoga,Y1,pre_meditation,399,911.906,371.648,6.194,0.7111,65.65,522.6
kundalini_yoga,Y1,pre_meditation,401,913.812,373.554,6.226,0.7147,60.98,522.6
kundalini_yoga,Y1,pre_meditation,403,915.719,375.461,6.258,0.7184,65.08,522.6
kundalini_yoga,Y1,pre_meditation,405,917.633,377.375,6.29,0.7221,62.44,522.6
kundalini_yoga,Y1,pre_meditation,407,919.453,379.195,6.32,0.7255,65.65,522.6
kundalini_yoga,Y1,pre_meditation,409,921.266,381.008,6.35,0.729,66.82,522.6
kundalini_yoga,Y1,pre_meditation,411,923.023,382.765,6.379,0.7324,66.23,522.6
kundalini_yoga,Y1,pre_meditation,413,924.852,384.594,6.41,0.7359,66.82,522.6
kundalini_yoga,Y1,pre_meditation,415,926.703,386.445,6.441,0.7394,63.49,522.6
kundalini_yoga,Y1,pre_meditation,417,928.617,388.359,6.473,0.7431,63.97,522.6
kundalini_yoga,Y1,pre_meditation,419,930.547,390.289,6.505,0.7468,60.98,522.6
kundalini_yoga,Y1,pre_meditation,421,932.453,392.195,6.537,0.7504,65.65,522.6
kundalini_yoga,Y1,pre_meditation,423,934.359,394.101,6.568,0.7541,62.44,522.6
kundalini_yoga,Y1,pre_meditation,425,936.148,395.89,6.598,0.7575,66.23,522.6
kundalini_yoga,Y1,pre_meditation,427,938.039,397.781,6.63,0.7611,62.96,522.6
kundalini_yoga,Y1,pre_meditation,429,939.906,399.648,6.661,0.7647,62.96,522.6
kundalini_yoga,Y1,pre_meditation,431,941.828,401.57,6.693,0.7683,63.49,522.6
kundalini_yoga,Y1,pre_meditation,433,943.703,403.445,6.724,0.7719,62.44,522.6
kundalini_yoga,Y1,pre_meditation,435,945.547,405.289,6.755,0.7755,66.82,522.6
kundalini_yoga,Y1,pre_meditation,437,947.375,407.117,6.785,0.779,64.52,522.6
kundalini_yoga,Y1,pre_meditation,439,949.188,408.93,6.816,0.7824,67.95,522.6
kundalini_yoga,Y1,pre_meditation,441,951.062,410.804,6.847,0.786,62.96,522.6
kundalini_yoga,Y1,pre_meditation,443,952.891,412.633,6.877,0.7895,65.65,522.6
kundalini_yoga,Y1,pre_meditation,445,954.742,414.484,6.908,0.7931,65.65,522.6
kundalini_yoga,Y1,pre_meditation,447,956.594,416.336,6.939,0.7966,63.97,522.6
kundalini_yoga,Y1,pre_meditation,449,958.438,418.18,6.97,0.8001,66.82,522.6
kundalini_yoga,Y1,pre_meditation,451,960.328,420.07,7.001,0.8037,62.44,522.6
kundalini_yoga,Y1,pre_meditation,453,962.234,421.976,7.033,0.8074,65.08,522.6
kundalini_yoga,Y1,pre_meditation,455,964.164,423.906,7.065,0.8111,61.41,522.6
kundalini_yoga,Y1,pre_meditation,457,966.016,425.758,7.096,0.8146,64.52,522.6
kundalini_yoga,Y1,pre_meditation,459,967.953,427.695,7.128,0.8183,61.92,522.6
kundalini_yoga,Y1,pre_meditation,461,969.766,429.508,7.158,0.8218,66.82,522.6
kundalini_yoga,Y1,pre_meditation,463,971.648,431.39,7.19,0.8254,62.96,522.6
kundalini_yoga,Y1,pre_meditation,465,973.484,433.226,7.22,0.8289,63.97,522.6
kundalini_yoga,Y1,pre_meditation,467,975.328,435.07,7.251,0.8324,66.82,522.6
kundalini_yoga,Y1,pre_meditation,469,977.18,436.922,7.282,0.836,63.49,522.6
kundalini_yoga,Y1,pre_meditation,471,979.047,438.789,7.313,0.8396,66.23,522.6
kundalini_yoga,Y1,pre_meditation,473,980.977,440.719,7.345,0.8433,60.98,522.6
kundalini_yoga,Y1,pre_meditation,475,982.828,442.57,7.376,0.8468,64.52,522.6
kundalini_yoga,Y1,pre_meditation,477,984.703,444.445,7.407,0.8504,63.97,522.6
kundalini_yoga,Y1,pre_meditation,479,986.516,446.258,7.438,0.8539,65.08,522.6
kundalini_yoga,Y1,pre_meditation,481,988.391,448.133,7.469,0.8574,65.08,522.6
kundalini_yoga,Y1,pre_meditation,483,990.289,450.031,7.501,0.8611,61.92,522.6
kundalini_yoga,Y1,pre_meditation,485,992.156,451.898,7.532,0.8646,66.82,522.6
kundalini_yoga,Y1,pre_meditation,487,994.0,453.742,7.562,0.8682,65.65,522.6
kundalini_yoga,Y1,pre_meditation,489,995.727,455.469,7.591,0.8715,68.57,522.6
kundalini_yoga,Y1,pre_meditation,491,997.523,457.265,7.621,0.8749,66.82,522.6
kundalini_yoga,Y1,pre_meditation,493,999.336,459.078,7.651,0.8784,64.52,522.6
kundalini_yoga,Y1,pre_meditation,495,1001.188,460.93,7.682,0.8819,66.23,522.6
kundalini_yoga,Y1,pre_meditation,497,1003.0,462.742,7.712,0.8854,64.52,522.6
kundalini_yoga,Y1,pre_meditation,499,1004.828,464.57,7.743,0.8889,67.34,522.6
kundalini_yoga,Y1,pre_meditation,501,1006.672,466.414,7.774,0.8924,64.52,522.6
kundalini_yoga,Y1,pre_meditation,503,1008.469,468.211,7.804,0.8959,67.34,522.6
kundalini_yoga,Y1,pre_meditation,505,1010.344,470.086,7.835,0.8994,63.97,522.6
kundalini_yoga,Y1,pre_meditation,507,1012.156,471.898,7.865,0.9029,65.65,522.6
kundalini_yoga,Y1,pre_meditation,509,1014.031,473.773,7.896,0.9065,64.52,522.6
kundalini_yoga,Y1,pre_meditation,511,1015.867,475.609,7.927,0.91,63.49,522.6
kundalini_yoga,Y1,pre_meditation,513,1017.742,477.484,7.958,0.9136,65.65,522.6
kundalini_yoga,Y1,pre_meditation,515,1019.57,479.312,7.989,0.9171,64.52,522.6
kundalini_yoga,Y1,pre_meditation,517,1021.375,481.117,8.019,0.9206,67.95,522.6
kundalini_yoga,Y1,pre_meditation,519,1023.195,482.937,8.049,0.924,64.52,522.6
kundalini_yoga,Y1,pre_meditation,521,1025.016,484.758,8.079,0.9275,65.08,522.6
kundalini_yoga,Y1,pre_meditation,523,1026.875,486.617,8.11,0.9311,66.23,522.6
kundalini_yoga,Y1,pre_meditation,525,1028.789,488.531,8.142,0.9347,62.96,522.6
kundalini_yoga,Y1,pre_meditation,527,1030.57,490.312,8.172,0.9381,67.34,522.6
kundalini_yoga,Y1,pre_meditation,529,1032.391,492.133,8.202,0.9416,65.08,522.6
kundalini_yoga,Y1,pre_meditation,531,1034.188,493.93,8.232,0.9451,66.82,522.6
kundalini_yoga,Y1,pre_meditation,533,1036.0,495.742,8.262,0.9485,67.95,522.6
kundalini_yoga,Y1,pre_meditation,535,1037.898,497.64,8.294,0.9522,63.49,522.6
kundalini_yoga,Y1,pre_meditation,537,1039.742,499.484,8.325,0.9557,63.97,522.6
kundalini_yoga,Y1,pre_meditation,539,1041.562,501.304,8.355,0.9592,67.34,522.6
kundalini_yoga,Y1,pre_meditation,541,1043.414,503.156,8.386,0.9627,63.97,522.6
kundalini_yoga,Y1,pre_meditation,543,1045.203,504.945,8.416,0.9661,65.65,522.6
kundalini_yoga,Y1,pre_meditation,545,1047.039,506.781,8.446,0.9697,65.65,522.6
kundalini_yoga,Y1,pre_meditation,547,1048.844,508.586,8.476,0.9731,65.08,522.6
kundalini_yoga,Y1,pre_meditation,549,1050.727,510.469,8.508,0.9767,65.08,522.6
kundalini_yoga,Y1,pre_meditation,551,1052.602,512.344,8.539,0.9803,62.96,522.6
kundalini_yoga,Y1,pre_meditation,553,1054.531,514.273,8.571,0.984,63.97,522.6
kundalini_yoga,Y1,pre_meditation,555,1056.43,516.172,8.603,0.9876,62.44,522.6
kundalini_yoga,Y1,pre_meditation,557,1058.258,518.0,8.633,0.9911,67.34,522.6
kundalini_yoga,Y1,pre_meditation,559,1060.125,519.867,8.664,0.9947,63.97,522.6
kundalini_yoga,Y1,pre_meditation,561,1061.945,521.687,8.695,0.9982,65.08,522.6
kundalini_yoga,Y2,meditation,1,1534.453,0.0,0.0,0.0,102.39,685.7
kundalini_yoga,Y2,meditation,6,1537.758,3.305,0.055,0.0048,90.36,685.7
kundalini_yoga,Y2,meditation,11,1540.93,6.477,0.108,0.0094,99.67,685.7
kundalini_yoga,Y2,meditation,16,1543.867,9.414,0.157,0.0137,98.52,685.7
kundalini_yoga,Y2,meditation,21,1547.133,12.68,0.211,0.0185,89.29,685.7
kundalini_yoga,Y2,meditation,26,1550.156,15.703,0.262,0.0229,103.81,685.7
kundalini_yoga,Y2,meditation,31,1553.258,18.805,0.313,0.0274,89.29,685.7
kundalini_yoga,Y2,meditation,36,1557.289,22.836,0.381,0.0333,71.77,685.7
kundalini_yoga,Y2,meditation,41,1560.852,26.399,0.44,0.0385,97.24,685.7
kundalini_yoga,Y2,meditation,46,1563.867,29.414,0.49,0.0429,98.52,685.7
kundalini_yoga,Y2,meditation,51,1567.312,32.859,0.548,0.0479,88.24,685.7
kundalini_yoga,Y2,meditation,56,1570.406,35.953,0.599,0.0524,102.39,685.7
kundalini_yoga,Y2,meditation,61,1573.266,38.813,0.647,0.0566,99.67,685.7
kundalini_yoga,Y2,meditation,66,1576.539,42.086,0.701,0.0614,94.79,685.7
kundalini_yoga,Y2,meditation,71,1579.602,45.149,0.752,0.0658,97.24,685.7
kundalini_yoga,Y2,meditation,76,1582.828,48.375,0.806,0.0705,92.59,685.7
kundalini_yoga,Y2,meditation,81,1585.797,51.344,0.856,0.0749,108.11,685.7
kundalini_yoga,Y2,meditation,86,1588.93,54.477,0.908,0.0794,76.82,685.7
kundalini_yoga,Y2,meditation,91,1593.484,59.031,0.984,0.0861,71.09,685.7
kundalini_yoga,Y2,meditation,96,1596.711,62.258,1.038,0.0908,101.01,685.7
kundalini_yoga,Y2,meditation,101,1599.57,65.117,1.085,0.095,99.67,685.7
kundalini_yoga,Y2,meditation,106,1603.664,69.211,1.154,0.1009,73.17,685.7
kundalini_yoga,Y2,meditation,111,1606.922,72.469,1.208,0.1057,99.67,685.7
kundalini_yoga,Y2,meditation,116,1609.781,75.328,1.255,0.1099,102.39,685.7
kundalini_yoga,Y2,meditation,121,1613.195,78.742,1.312,0.1148,88.24,685.7
kundalini_yoga,Y2,meditation,126,1616.336,81.883,1.365,0.1194,96.0,685.7
kundalini_yoga,Y2,meditation,131,1619.414,84.961,1.416,0.1239,92.59,685.7
kundalini_yoga,Y2,meditation,136,1622.555,88.102,1.468,0.1285,99.67,685.7
kundalini_yoga,Y2,meditation,141,1625.375,90.922,1.515,0.1326,108.11,685.7
kundalini_yoga,Y2,meditation,146,1628.258,93.805,1.563,0.1368,101.01,685.7
kundalini_yoga,Y2,meditation,151,1631.18,96.727,1.612,0.1411,103.81,685.7
kundalini_yoga,Y2,meditation,156,1634.094,99.641,1.661,0.1453,94.79,685.7
kundalini_yoga,Y2,meditation,161,1638.0,103.547,1.726,0.151,85.35,685.7
kundalini_yoga,Y2,meditation,166,1640.93,106.477,1.775,0.1553,106.76,685.7
kundalini_yoga,Y2,meditation,171,1643.898,109.445,1.824,0.1596,85.35,685.7
kundalini_yoga,Y2,meditation,176,1647.852,113.399,1.89,0.1654,84.39,685.7
kundalini_yoga,Y2,meditation,181,1650.969,116.516,1.942,0.1699,99.67,685.7
kundalini_yoga,Y2,meditation,186,1653.961,119.508,1.992,0.1743,98.52,685.7
kundalini_yoga,Y2,meditation,191,1656.961,122.508,2.042,0.1787,102.39,685.7
kundalini_yoga,Y2,meditation,196,1659.703,125.25,2.087,0.1827,112.99,685.7
kundalini_yoga,Y2,meditation,201,1662.414,127.961,2.133,0.1866,105.26,685.7
kundalini_yoga,Y2,meditation,206,1666.234,131.781,2.196,0.1922,73.17,685.7
kundalini_yoga,Y2,meditation,211,1669.492,135.039,2.251,0.1969,101.01,685.7
kundalini_yoga,Y2,meditation,216,1672.367,137.914,2.299,0.2011,103.81,685.7
kundalini_yoga,Y2,meditation,221,1675.789,141.336,2.356,0.2061,78.33,685.7
kundalini_yoga,Y2,meditation,226,1679.047,144.594,2.41,0.2109,99.67,685.7
kundalini_yoga,Y2,meditation,231,1681.828,147.375,2.456,0.2149,111.32,685.7
kundalini_yoga,Y2,meditation,236,1684.695,150.242,2.504,0.2191,94.79,685.7
kundalini_yoga,Y2,meditation,241,1688.023,153.57,2.559,0.224,91.46,685.7
kundalini_yoga,Y2,meditation,246,1690.969,156.516,2.609,0.2283,106.76,685.7
kundalini_yoga,Y2,meditation,251,1693.672,159.219,2.654,0.2322,109.69,685.7
kundalini_yoga,Y2,meditation,256,1696.898,162.445,2.707,0.2369,86.33,685.7
kundalini_yoga,Y2,meditation,261,1700.188,165.735,2.762,0.2417,99.67,685.7
kundalini_yoga,Y2,meditation,266,1703.008,168.555,2.809,0.2458,106.76,685.7
kundalini_yoga,Y2,meditation,271,1706.492,172.039,2.867,0.2509,82.53,685.7
kundalini_yoga,Y2,meditation,276,1709.68,175.227,2.92,0.2555,102.39,685.7
kundalini_yoga,Y2,meditation,281,1712.492,178.039,2.967,0.2596,108.11,685.7
kundalini_yoga,Y2,meditation,286,1715.414,180.961,3.016,0.2639,97.24,685.7
kundalini_yoga,Y2,meditation,291,1718.477,184.024,3.067,0.2684,101.01,685.7
kundalini_yoga,Y2,meditation,296,1721.422,186.969,3.116,0.2727,101.01,685.7
kundalini_yoga,Y2,meditation,301,1724.641,190.188,3.17,0.2774,88.24,685.7
kundalini_yoga,Y2,meditation,306,1727.812,193.359,3.223,0.282,101.01,685.7
kundalini_yoga,Y2,meditation,311,1730.625,196.172,3.27,0.2861,109.69,685.7
kundalini_yoga,Y2,meditation,316,1733.633,199.18,3.32,0.2905,84.39,685.7
kundalini_yoga,Y2,meditation,321,1737.383,202.93,3.382,0.2959,88.24,685.7
kundalini_yoga,Y2,meditation,326,1740.391,205.938,3.432,0.3003,105.26,685.7
kundalini_yoga,Y2,meditation,331,1743.211,208.758,3.479,0.3044,105.26,685.7
kundalini_yoga,Y2,meditation,336,1746.062,211.609,3.527,0.3086,106.76,685.7
kundalini_yoga,Y2,meditation,341,1748.789,214.336,3.572,0.3126,109.69,685.7
kundalini_yoga,Y2,meditation,346,1752.0,217.547,3.626,0.3173,78.33,685.7
kundalini_yoga,Y2,meditation,351,1755.602,221.149,3.686,0.3225,98.52,685.7
kundalini_yoga,Y2,meditation,356,1758.43,223.977,3.733,0.3266,108.11,685.7
kundalini_yoga,Y2,meditation,361,1761.547,227.094,3.785,0.3312,87.21,685.7
kundalini_yoga,Y2,meditation,366,1764.781,230.328,3.839,0.3359,99.67,685.7
kundalini_yoga,Y2,meditation,371,1767.539,233.086,3.885,0.3399,112.99,685.7
kundalini_yoga,Y2,meditation,376,1770.43,235.977,3.933,0.3441,93.6,685.7
kundalini_yoga,Y2,meditation,381,1773.469,239.016,3.984,0.3486,102.39,685.7
kundalini_yoga,Y2,meditation,386,1776.336,241.883,4.031,0.3528,105.26,685.7
kundalini_yoga,Y2,meditation,391,1779.328,244.875,4.081,0.3571,96.0,685.7
kundalini_yoga,Y2,meditation,396,1782.516,248.063,4.134,0.3618,98.52,685.7
kundalini_yoga,Y2,meditation,401,1785.336,250.883,4.181,0.3659,109.69,685.7
kundalini_yoga,Y2,meditation,406,1788.336,253.883,4.231,0.3703,82.53,685.7
kundalini_yoga,Y2,meditation,411,1792.422,257.969,4.299,0.3762,80.0,685.7
kundalini_yoga,Y2,meditation,416,1795.438,260.985,4.35,0.3806,108.11,685.7
kundalini_yoga,Y2,meditation,421,1798.102,263.649,4.394,0.3845,112.99,685.7
kundalini_yoga,Y2,meditation,426,1801.109,266.656,4.444,0.3889,84.39,685.7
kundalini_yoga,Y2,meditation,431,1804.602,270.149,4.502,0.394,91.46,685.7
kundalini_yoga,Y2,meditation,436,1807.578,273.125,4.552,0.3983,108.11,685.7
kundalini_yoga,Y2,meditation,441,1810.32,275.867,4.598,0.4023,108.11,685.7
kundalini_yoga,Y2,meditation,446,1813.773,279.32,4.655,0.4073,71.77,685.7
kundalini_yoga,Y2,meditation,451,1817.492,283.039,4.717,0.4128,96.0,685.7
kundalini_yoga,Y2,meditation,456,1820.383,285.93,4.766,0.417,106.76,685.7
kundalini_yoga,Y2,meditation,461,1823.172,288.719,4.812,0.4211,103.81,685.7
kundalini_yoga,Y2,meditation,466,1826.523,292.07,4.868,0.4259,80.86,685.7
kundalini_yoga,Y2,meditation,471,1830.125,295.672,4.928,0.4312,98.52,685.7
kundalini_yoga,Y2,meditation,476,1832.883,298.43,4.974,0.4352,116.28,685.7
kundalini_yoga,Y2,meditation,481,1835.539,301.086,5.018,0.4391,105.26,685.7
kundalini_yoga,Y2,meditation,486,1838.742,304.289,5.071,0.4438,88.24,685.7
kundalini_yoga,Y2,meditation,491,1842.289,307.836,5.131,0.4489,88.24,685.7
kundalini_yoga,Y2,meditation,496,1845.312,310.859,5.181,0.4533,106.76,685.7
kundalini_yoga,Y2,meditation,501,1847.961,313.508,5.225,0.4572,114.72,685.7
kundalini_yoga,Y2,meditation,506,1850.82,316.367,5.273,0.4614,97.24,685.7
kundalini_yoga,Y2,meditation,511,1853.789,319.336,5.322,0.4657,106.76,685.7
kundalini_yoga,Y2,meditation,516,1856.5,322.047,5.367,0.4697,112.99,685.7
kundalini_yoga,Y2,meditation,521,1859.25,324.797,5.413,0.4737,101.01,685.7
kundalini_yoga,Y2,meditation,526,1862.328,327.875,5.465,0.4782,99.67,685.7
kundalini_yoga,Y2,meditation,531,1865.18,330.727,5.512,0.4823,106.76,685.7
kundalini_yoga,Y2,meditation,536,1868.125,333.672,5.561,0.4866,91.46,685.7
kundalini_yoga,Y2,meditation,541,1871.484,337.031,5.617,0.4915,97.24,685.7
kundalini_yoga,Y2,meditation,546,1874.352,339.899,5.665,0.4957,108.11,685.7
kundalini_yoga,Y2,meditation,551,1877.352,342.899,5.715,0.5001,96.0,685.7
kundalini_yoga,Y2,meditation,556,1880.32,345.867,5.764,0.5044,106.76,685.7
kundalini_yoga,Y2,meditation,561,1883.039,348.586,5.81,0.5084,111.32,685.7
kundalini_yoga,Y2,meditation,566,1886.344,351.891,5.865,0.5132,84.39,685.7
kundalini_yoga,Y2,meditation,571,1889.414,354.961,5.916,0.5177,106.76,685.7
kundalini_yoga,Y2,meditation,576,1892.078,357.625,5.96,0.5215,114.72,685.7
kundalini_yoga,Y2,meditation,581,1894.883,360.43,6.007,0.5256,99.67,685.7
kundalini_yoga,Y2,meditation,586,1898.055,363.602,6.06,0.5303,96.0,685.7
kundalini_yoga,Y2,meditation,591,1900.945,366.492,6.108,0.5345,108.11,685.7
kundalini_yoga,Y2,meditation,596,1903.633,369.18,6.153,0.5384,111.32,685.7
kundalini_yoga,Y2,meditation,601,1906.711,372.258,6.204,0.5429,89.29,685.7
kundalini_yoga,Y2,meditation,606,1909.758,375.305,6.255,0.5473,103.81,685.7
kundalini_yoga,Y2,meditation,611,1912.578,378.125,6.302,0.5514,108.11,685.7
kundalini_yoga,Y2,meditation,616,1915.383,380.93,6.349,0.5555,109.69,685.7
kundalini_yoga,Y2,meditation,621,1918.016,383.563,6.393,0.5594,116.28,685.7
kundalini_yoga,Y2,meditation,626,1920.633,386.18,6.436,0.5632,111.32,685.7
kundalini_yoga,Y2,meditation,631,1923.648,389.195,6.487,0.5676,87.21,685.7
kundalini_yoga,Y2,meditation,636,1926.719,392.266,6.538,0.5721,101.01,685.7
kundalini_yoga,Y2,meditation,641,1929.445,394.992,6.583,0.576,109.69,685.7
kundalini_yoga,Y2,meditation,646,1932.5,398.047,6.634,0.5805,85.35,685.7
kundalini_yoga,Y2,meditation,651,1935.664,401.211,6.687,0.5851,99.67,685.7
kundalini_yoga,Y2,meditation,656,1938.477,404.024,6.734,0.5892,106.76,685.7
kundalini_yoga,Y2,meditation,661,1941.547,407.094,6.785,0.5937,93.6,685.7
kundalini_yoga,Y2,meditation,666,1944.469,410.016,6.834,0.5979,108.11,685.7
kundalini_yoga,Y2,meditation,671,1947.156,412.703,6.878,0.6019,112.99,685.7
kundalini_yoga,Y2,meditation,676,1950.008,415.555,6.926,0.606,97.24,685.7
kundalini_yoga,Y2,meditation,681,1953.195,418.742,6.979,0.6107,97.24,685.7
kundalini_yoga,Y2,meditation,686,1956.07,421.617,7.027,0.6149,109.69,685.7
kundalini_yoga,Y2,meditation,691,1958.789,424.336,7.072,0.6188,105.26,685.7
kundalini_yoga,Y2,meditation,696,1961.93,427.477,7.125,0.6234,94.79,685.7
kundalini_yoga,Y2,meditation,701,1964.898,430.445,7.174,0.6277,105.26,685.7
kundalini_yoga,Y2,meditation,706,1967.641,433.188,7.22,0.6317,111.32,685.7
kundalini_yoga,Y2,meditation,711,1970.359,435.906,7.265,0.6357,102.39,685.7
kundalini_yoga,Y2,meditation,716,1974.086,439.633,7.327,0.6411,75.28,685.7
kundalini_yoga,Y2,meditation,721,1977.258,442.805,7.38,0.6458,102.39,685.7
kundalini_yoga,Y2,meditation,726,1980.031,445.578,7.426,0.6498,108.11,685.7
kundalini_yoga,Y2,meditation,731,1983.039,448.586,7.476,0.6542,93.6,685.7
kundalini_yoga,Y2,meditation,736,1986.008,451.555,7.526,0.6585,105.26,685.7
kundalini_yoga,Y2,meditation,741,1988.688,454.235,7.571,0.6624,114.72,685.7
kundalini_yoga,Y2,meditation,746,1991.484,457.031,7.617,0.6665,101.01,685.7
kundalini_yoga,Y2,meditation,751,1994.367,459.914,7.665,0.6707,106.76,685.7
kundalini_yoga,Y2,meditation,756,1997.055,462.602,7.71,0.6746,114.72,685.7
kundalini_yoga,Y2,meditation,761,1999.727,465.274,7.755,0.6785,106.76,685.7
kundalini_yoga,Y2,meditation,766,2003.508,469.055,7.818,0.684,79.16,685.7
kundalini_yoga,Y2,meditation,771,2006.664,472.211,7.87,0.6887,102.39,685.7
kundalini_yoga,Y2,meditation,776,2009.562,475.109,7.918,0.6929,102.39,685.7
kundalini_yoga,Y2,meditation,781,2012.617,478.164,7.969,0.6973,97.24,685.7
kundalini_yoga,Y2,meditation,786,2015.555,481.102,8.018,0.7016,105.26,685.7
kundalini_yoga,Y2,meditation,791,2018.281,483.828,8.064,0.7056,111.32,685.7
kundalini_yoga,Y2,meditation,796,2021.367,486.914,8.115,0.7101,88.24,685.7
kundalini_yoga,Y2,meditation,801,2024.492,490.039,8.167,0.7147,101.01,685.7
kundalini_yoga,Y2,meditation,806,2027.383,492.93,8.216,0.7189,103.81,685.7
kundalini_yoga,Y2,meditation,811,2030.633,496.18,8.27,0.7236,90.36,685.7
kundalini_yoga,Y2,meditation,816,2033.609,499.156,8.319,0.7279,108.11,685.7
kundalini_yoga,Y2,meditation,821,2036.359,501.906,8.365,0.732,108.11,685.7
kundalini_yoga,Y2,meditation,826,2039.336,504.883,8.415,0.7363,97.24,685.7
kundalini_yoga,Y2,meditation,831,2042.547,508.094,8.468,0.741,97.24,685.7
kundalini_yoga,Y2,meditation,836,2045.391,510.938,8.516,0.7451,109.69,685.7
kundalini_yoga,Y2,meditation,841,2048.133,513.68,8.561,0.7491,103.81,685.7
kundalini_yoga,Y2,meditation,846,2051.867,517.414,8.624,0.7546,77.62,685.7
kundalini_yoga,Y2,meditation,851,2055.109,520.656,8.678,0.7593,99.67,685.7
kundalini_yoga,Y2,meditation,856,2058.016,523.563,8.726,0.7635,101.01,685.7
kundalini_yoga,Y2,meditation,861,2061.094,526.641,8.777,0.768,94.79,685.7
kundalini_yoga,Y2,meditation,866,2064.18,529.727,8.829,0.7725,99.67,685.7
kundalini_yoga,Y2,meditation,871,2067.023,532.57,8.876,0.7767,105.26,685.7
kundalini_yoga,Y2,meditation,876,2069.938,535.485,8.925,0.7809,97.24,685.7
kundalini_yoga,Y2,meditation,881,2072.992,538.539,8.976,0.7854,102.39,685.7
kundalini_yoga,Y2,meditation,886,2075.719,541.266,9.021,0.7894,111.32,685.7
kundalini_yoga,Y2,meditation,891,2078.727,544.274,9.071,0.7937,86.33,685.7
kundalini_yoga,Y2,meditation,896,2082.703,548.25,9.137,0.7995,79.16,685.7
kundalini_yoga,Y2,meditation,901,2085.883,551.43,9.19,0.8042,102.39,685.7
kundalini_yoga,Y2,meditation,906,2088.891,554.438,9.241,0.8086,96.0,685.7
kundalini_yoga,Y2,meditation,911,2092.141,557.688,9.295,0.8133,96.0,685.7
kundalini_yoga,Y2,meditation,916,2095.07,560.617,9.344,0.8176,108.11,685.7
kundalini_yoga,Y2,meditation,921,2097.812,563.359,9.389,0.8216,105.26,685.7
kundalini_yoga,Y2,meditation,926,2101.398,566.945,9.449,0.8268,82.53,685.7
kundalini_yoga,Y2,meditation,931,2104.445,569.992,9.5,0.8313,106.76,685.7
kundalini_yoga,Y2,meditation,936,2107.18,572.727,9.545,0.8352,105.26,685.7
kundalini_yoga,Y2,meditation,941,2110.961,576.508,9.608,0.8408,74.53,685.7
kundalini_yoga,Y2,meditation,946,2114.305,579.852,9.664,0.8456,98.52,685.7
kundalini_yoga,Y2,meditation,951,2117.344,582.891,9.715,0.8501,97.24,685.7
kundalini_yoga,Y2,meditation,956,2120.375,585.922,9.765,0.8545,102.39,685.7
kundalini_yoga,Y2,meditation,961,2123.102,588.649,9.811,0.8585,111.32,685.7
kundalini_yoga,Y2,meditation,966,2126.07,591.617,9.86,0.8628,89.29,685.7
kundalini_yoga,Y2,meditation,971,2129.352,594.899,9.915,0.8676,97.24,685.7
kundalini_yoga,Y2,meditation,976,2132.281,597.828,9.964,0.8718,105.26,685.7
kundalini_yoga,Y2,meditation,981,2135.219,600.766,10.013,0.8761,99.67,685.7
kundalini_yoga,Y2,meditation,986,2138.195,603.742,10.062,0.8805,105.26,685.7
kundalini_yoga,Y2,meditation,991,2140.891,606.438,10.107,0.8844,116.28,685.7
kundalini_yoga,Y2,meditation,996,2143.555,609.102,10.152,0.8883,108.11,685.7
kundalini_yoga,Y2,meditation,1001,2146.562,612.109,10.202,0.8927,99.67,685.7
kundalini_yoga,Y2,meditation,1006,2149.445,614.992,10.25,0.8969,108.11,685.7
kundalini_yoga,Y2,meditation,1011,2152.133,617.68,10.295,0.9008,112.99,685.7
kundalini_yoga,Y2,meditation,1016,2155.172,620.719,10.345,0.9052,90.36,685.7
kundalini_yoga,Y2,meditation,1021,2158.688,624.235,10.404,0.9104,88.24,685.7
kundalini_yoga,Y2,meditation,1026,2161.695,627.242,10.454,0.9147,103.81,685.7
kundalini_yoga,Y2,meditation,1031,2164.578,630.125,10.502,0.9189,102.39,685.7
kundalini_yoga,Y2,meditation,1036,2167.43,632.977,10.55,0.9231,108.11,685.7
kundalini_yoga,Y2,meditation,1041,2170.125,635.672,10.595,0.927,112.99,685.7
kundalini_yoga,Y2,meditation,1046,2172.922,638.469,10.641,0.9311,101.01,685.7
kundalini_yoga,Y2,meditation,1051,2175.938,641.485,10.691,0.9355,102.39,685.7
kundalini_yoga,Y2,meditation,1056,2178.742,644.289,10.738,0.9396,106.76,685.7
kundalini_yoga,Y2,meditation,1061,2181.828,647.375,10.79,0.9441,88.24,685.7
kundalini_yoga,Y2,meditation,1066,2184.945,650.492,10.842,0.9486,101.01,685.7
kundalini_yoga,Y2,meditation,1071,2187.773,653.32,10.889,0.9528,106.76,685.7
kundalini_yoga,Y2,meditation,1076,2190.844,656.391,10.94,0.9573,93.6,685.7
kundalini_yoga,Y2,meditation,1081,2193.875,659.422,10.99,0.9617,103.81,685.7
kundalini_yoga,Y2,meditation,1086,2196.617,662.164,11.036,0.9657,114.72,685.7
kundalini_yoga,Y2,meditation,1091,2199.438,664.985,11.083,0.9698,96.0,685.7
kundalini_yoga,Y2,meditation,1096,2202.633,668.18,11.136,0.9744,98.52,685.7
kundalini_yoga,Y2,meditation,1101,2205.422,670.969,11.183,0.9785,111.32,685.7
kundalini_yoga,Y2,meditation,1106,2208.117,673.664,11.228,0.9824,109.69,685.7
kundalini_yoga,Y2,meditation,1111,2210.859,676.406,11.273,0.9864,111.32,685.7
kundalini_yoga,Y2,meditation,1116,2213.453,679.0,11.317,0.9902,121.95,685.7
kundalini_yoga,Y2,meditation,1121,2216.008,681.555,11.359,0.994,112.99,685.7
kundalini_yoga,Y2,meditation,1126,2219.453,685.0,11.417,0.999,81.74,685.7
kundalini_yoga,Y2,pre_meditation,1,657.938,0.0,0.0,0.0,65.08,655.3
kundalini_yoga,Y2,pre_meditation,4,660.664,2.726,0.045,0.0042,66.23,655.3
kundalini_yoga,Y2,pre_meditation,7,663.555,5.617,0.094,0.0086,61.41,655.3
kundalini_yoga,Y2,pre_meditation,10,666.43,8.492,0.142,0.013,64.52,655.3
kundalini_yoga,Y2,pre_meditation,13,669.203,11.265,0.188,0.0172,65.65,655.3
kundalini_yoga,Y2,pre_meditation,16,672.125,14.187,0.236,0.0216,59.06,655.3
kundalini_yoga,Y2,pre_meditation,19,675.047,17.109,0.285,0.0261,61.41,655.3
kundalini_yoga,Y2,pre_meditation,22,677.898,19.96,0.333,0.0305,60.0,655.3
kundalini_yoga,Y2,pre_meditation,25,680.789,22.851,0.381,0.0349,62.96,655.3
kundalini_yoga,Y2,pre_meditation,28,683.57,25.632,0.427,0.0391,65.65,655.3
kundalini_yoga,Y2,pre_meditation,31,686.328,28.39,0.473,0.0433,65.65,655.3
kundalini_yoga,Y2,pre_meditation,34,689.125,31.187,0.52,0.0476,63.97,655.3
kundalini_yoga,Y2,pre_meditation,37,691.828,33.89,0.565,0.0517,69.2,655.3
kundalini_yoga,Y2,pre_meditation,40,694.492,36.554,0.609,0.0558,67.95,655.3
kundalini_yoga,Y2,pre_meditation,43,697.289,39.351,0.656,0.06,66.23,655.3
kundalini_yoga,Y2,pre_meditation,46,700.141,42.203,0.703,0.0644,62.44,655.3
kundalini_yoga,Y2,pre_meditation,49,702.977,45.039,0.751,0.0687,63.49,655.3
kundalini_yoga,Y2,pre_meditation,52,705.758,47.82,0.797,0.073,62.96,655.3
kundalini_yoga,Y2,pre_meditation,55,708.648,50.71,0.845,0.0774,61.92,655.3
kundalini_yoga,Y2,pre_meditation,58,711.492,53.554,0.893,0.0817,63.97,655.3
kundalini_yoga,Y2,pre_meditation,61,714.109,56.171,0.936,0.0857,70.42,655.3
kundalini_yoga,Y2,pre_meditation,64,716.5,58.562,0.976,0.0894,76.82,655.3
kundalini_yoga,Y2,pre_meditation,67,719.016,61.078,1.018,0.0932,71.09,655.3
kundalini_yoga,Y2,pre_meditation,70,721.648,63.71,1.062,0.0972,65.65,655.3
kundalini_yoga,Y2,pre_meditation,73,724.531,66.593,1.11,0.1016,59.52,655.3
kundalini_yoga,Y2,pre_meditation,76,727.391,69.453,1.158,0.106,66.23,655.3
kundalini_yoga,Y2,pre_meditation,79,730.062,72.124,1.202,0.1101,68.57,655.3
kundalini_yoga,Y2,pre_meditation,82,732.875,74.937,1.249,0.1143,63.49,655.3
kundalini_yoga,Y2,pre_meditation,85,735.711,77.773,1.296,0.1187,64.52,655.3
kundalini_yoga,Y2,pre_meditation,88,738.57,80.632,1.344,0.123,62.44,655.3
kundalini_yoga,Y2,pre_meditation,91,741.359,83.421,1.39,0.1273,63.49,655.3
kundalini_yoga,Y2,pre_meditation,94,744.195,86.257,1.438,0.1316,61.92,655.3
kundalini_yoga,Y2,pre_meditation,97,747.055,89.117,1.485,0.136,61.41,655.3
kundalini_yoga,Y2,pre_meditation,100,749.922,91.984,1.533,0.1404,61.92,655.3
kundalini_yoga,Y2,pre_meditation,103,752.586,94.648,1.577,0.1444,69.85,655.3
kundalini_yoga,Y2,pre_meditation,106,755.266,97.328,1.622,0.1485,66.23,655.3
kundalini_yoga,Y2,pre_meditation,109,758.18,100.242,1.671,0.153,61.41,655.3
kundalini_yoga,Y2,pre_meditation,112,760.969,103.031,1.717,0.1572,67.34,655.3
kundalini_yoga,Y2,pre_meditation,115,763.727,105.789,1.763,0.1614,66.82,655.3
kundalini_yoga,Y2,pre_meditation,118,766.594,108.656,1.811,0.1658,61.92,655.3
kundalini_yoga,Y2,pre_meditation,121,769.445,111.507,1.858,0.1702,61.41,655.3
kundalini_yoga,Y2,pre_meditation,124,772.211,114.273,1.905,0.1744,63.97,655.3
kundalini_yoga,Y2,pre_meditation,127,774.953,117.015,1.95,0.1786,63.49,655.3
kundalini_yoga,Y2,pre_meditation,130,777.727,119.789,1.996,0.1828,64.52,655.3
kundalini_yoga,Y2,pre_meditation,133,780.609,122.671,2.045,0.1872,61.41,655.3
kundalini_yoga,Y2,pre_meditation,136,783.461,125.523,2.092,0.1915,66.82,655.3
kundalini_yoga,Y2,pre_meditation,139,786.164,128.226,2.137,0.1957,68.57,655.3
kundalini_yoga,Y2,pre_meditation,142,789.016,131.078,2.185,0.2,61.41,655.3
kundalini_yoga,Y2,pre_meditation,145,791.906,133.968,2.233,0.2044,61.41,655.3
kundalini_yoga,Y2,pre_meditation,148,794.688,136.75,2.279,0.2087,63.97,655.3
kundalini_yoga,Y2,pre_meditation,151,797.617,139.679,2.328,0.2131,60.0,655.3
kundalini_yoga,Y2,pre_meditation,154,800.523,142.585,2.376,0.2176,67.34,655.3
kundalini_yoga,Y2,pre_meditation,157,803.281,145.343,2.422,0.2218,65.08,655.3
kundalini_yoga,Y2,pre_meditation,160,806.078,148.14,2.469,0.2261,64.52,655.3
kundalini_yoga,Y2,pre_meditation,163,808.867,150.929,2.515,0.2303,60.98,655.3
kundalini_yoga,Y2,pre_meditation,166,811.789,153.851,2.564,0.2348,61.41,655.3
kundalini_yoga,Y2,pre_meditation,169,814.43,156.492,2.608,0.2388,69.2,655.3
kundalini_yoga,Y2,pre_meditation,172,817.062,159.124,2.652,0.2428,67.95,655.3
kundalini_yoga,Y2,pre_meditation,175,819.859,161.921,2.699,0.2471,65.65,655.3
kundalini_yoga,Y2,pre_meditation,178,822.672,164.734,2.746,0.2514,66.23,655.3
kundalini_yoga,Y2,pre_meditation,181,825.43,167.492,2.792,0.2556,64.52,655.3
kundalini_yoga,Y2,pre_meditation,184,828.188,170.25,2.837,0.2598,63.97,655.3
kundalini_yoga,Y2,pre_meditation,187,830.992,173.054,2.884,0.2641,62.44,655.3
kundalini_yoga,Y2,pre_meditation,190,833.742,175.804,2.93,0.2683,66.23,655.3
kundalini_yoga,Y2,pre_meditation,193,836.414,178.476,2.975,0.2723,67.34,655.3
kundalini_yoga,Y2,pre_meditation,196,839.141,181.203,3.02,0.2765,67.95,655.3
kundalini_yoga,Y2,pre_meditation,199,841.906,183.968,3.066,0.2807,66.82,655.3
kundalini_yoga,Y2,pre_meditation,202,844.703,186.765,3.113,0.285,65.65,655.3
kundalini_yoga,Y2,pre_meditation,205,847.32,189.382,3.156,0.289,68.57,655.3
kundalini_yoga,Y2,pre_meditation,208,849.883,191.945,3.199,0.2929,66.23,655.3
kundalini_yoga,Y2,pre_meditation,211,852.844,194.906,3.248,0.2974,57.75,655.3
kundalini_yoga,Y2,pre_meditation,214,855.844,197.906,3.298,0.302,62.96,655.3
kundalini_yoga,Y2,pre_meditation,217,858.625,200.687,3.345,0.3062,67.34,655.3
kundalini_yoga,Y2,pre_meditation,220,861.367,203.429,3.39,0.3104,66.82,655.3
kundalini_yoga,Y2,pre_meditation,223,864.195,206.257,3.438,0.3147,63.97,655.3
kundalini_yoga,Y2,pre_meditation,226,866.938,209.0,3.483,0.3189,65.08,655.3
kundalini_yoga,Y2,pre_meditation,229,869.586,211.648,3.527,0.323,66.82,655.3
kundalini_yoga,Y2,pre_meditation,232,872.336,214.398,3.573,0.3272,62.96,655.3
kundalini_yoga,Y2,pre_meditation,235,875.242,217.304,3.622,0.3316,63.97,655.3
kundalini_yoga,Y2,pre_meditation,238,877.938,220.0,3.667,0.3357,69.85,655.3
kundalini_yoga,Y2,pre_meditation,241,880.688,222.75,3.712,0.3399,66.82,655.3
kundalini_yoga,Y2,pre_meditation,244,883.578,225.64,3.761,0.3443,62.44,655.3
kundalini_yoga,Y2,pre_meditation,247,886.391,228.453,3.808,0.3486,62.96,655.3
kundalini_yoga,Y2,pre_meditation,250,889.125,231.187,3.853,0.3528,65.08,655.3
kundalini_yoga,Y2,pre_meditation,253,891.867,233.929,3.899,0.357,63.97,655.3
kundalini_yoga,Y2,pre_meditation,256,894.742,236.804,3.947,0.3613,62.96,655.3
kundalini_yoga,Y2,pre_meditation,259,897.469,239.531,3.992,0.3655,67.95,655.3
kundalini_yoga,Y2,pre_meditation,262,900.25,242.312,4.039,0.3698,67.34,655.3
kundalini_yoga,Y2,pre_meditation,265,903.094,245.156,4.086,0.3741,62.44,655.3
kundalini_yoga,Y2,pre_meditation,268,905.969,248.031,4.134,0.3785,61.92,655.3
kundalini_yoga,Y2,pre_meditation,271,908.695,250.757,4.179,0.3826,66.82,655.3
kundalini_yoga,Y2,pre_meditation,274,911.32,253.382,4.223,0.3866,66.23,655.3
kundalini_yoga,Y2,pre_meditation,277,914.281,256.343,4.272,0.3912,60.48,655.3
kundalini_yoga,Y2,pre_meditation,280,917.094,259.156,4.319,0.3955,69.85,655.3
kundalini_yoga,Y2,pre_meditation,283,919.719,261.781,4.363,0.3995,67.34,655.3
kundalini_yoga,Y2,pre_meditation,286,922.453,264.515,4.409,0.4036,62.96,655.3
kundalini_yoga,Y2,pre_meditation,289,925.227,267.289,4.455,0.4079,64.52,655.3
kundalini_yoga,Y2,pre_meditation,292,927.906,269.968,4.499,0.412,66.82,655.3
kundalini_yoga,Y2,pre_meditation,295,930.648,272.71,4.545,0.4161,65.08,655.3
kundalini_yoga,Y2,pre_meditation,298,933.477,275.539,4.592,0.4205,65.08,655.3
kundalini_yoga,Y2,pre_meditation,301,936.289,278.351,4.639,0.4247,66.82,655.3
kundalini_yoga,Y2,pre_meditation,304,938.969,281.031,4.684,0.4288,70.42,655.3
kundalini_yoga,Y2,pre_meditation,307,941.453,283.515,4.725,0.4326,71.09,655.3
kundalini_yoga,Y2,pre_meditation,310,943.867,285.929,4.765,0.4363,73.89,655.3
kundalini_yoga,Y2,pre_meditation,313,946.078,288.14,4.802,0.4397,83.45,655.3
kundalini_yoga,Y2,pre_meditation,316,948.156,290.218,4.837,0.4429,87.21,655.3
kundalini_yoga,Y2,pre_meditation,319,950.211,292.273,4.871,0.446,89.29,655.3
kundalini_yoga,Y2,pre_meditation,322,952.211,294.273,4.905,0.449,89.29,655.3
kundalini_yoga,Y2,pre_meditation,325,954.234,296.296,4.938,0.4521,87.21,655.3
kundalini_yoga,Y2,pre_meditation,328,956.32,298.382,4.973,0.4553,87.21,655.3
kundalini_yoga,Y2,pre_meditation,331,958.469,300.531,5.009,0.4586,81.74,655.3
kundalini_yoga,Y2,pre_meditation,334,960.734,302.796,5.047,0.462,75.28,655.3
kundalini_yoga,Y2,pre_meditation,337,963.328,305.39,5.09,0.466,68.57,655.3
kundalini_yoga,Y2,pre_meditation,340,965.844,307.906,5.132,0.4698,74.53,655.3
kundalini_yoga,Y2,pre_meditation,343,968.43,310.492,5.175,0.4738,66.82,655.3
kundalini_yoga,Y2,pre_meditation,346,971.312,313.374,5.223,0.4782,64.52,655.3
kundalini_yoga,Y2,pre_meditation,349,974.07,316.132,5.269,0.4824,64.52,655.3
kundalini_yoga,Y2,pre_meditation,352,976.688,318.75,5.312,0.4864,66.82,655.3
kundalini_yoga,Y2,pre_meditation,355,979.367,321.429,5.357,0.4905,65.08,655.3
kundalini_yoga,Y2,pre_meditation,358,981.93,323.992,5.4,0.4944,72.46,655.3
kundalini_yoga,Y2,pre_meditation,361,984.414,326.476,5.441,0.4982,73.89,655.3
kundalini_yoga,Y2,pre_meditation,364,987.055,329.117,5.485,0.5022,67.34,655.3
kundalini_yoga,Y2,pre_meditation,367,989.828,331.89,5.531,0.5064,65.08,655.3
kundalini_yoga,Y2,pre_meditation,370,992.5,334.562,5.576,0.5105,68.57,655.3
kundalini_yoga,Y2,pre_meditation,373,995.078,337.14,5.619,0.5145,69.85,655.3
kundalini_yoga,Y2,pre_meditation,376,997.656,339.718,5.662,0.5184,66.82,655.3
kundalini_yoga,Y2,pre_meditation,379,1000.438,342.5,5.708,0.5226,62.96,655.3
kundalini_yoga,Y2,pre_meditation,382,1003.211,345.273,5.755,0.5269,66.23,655.3
kundalini_yoga,Y2,pre_meditation,385,1005.977,348.039,5.801,0.5311,67.34,655.3
kundalini_yoga,Y2,pre_meditation,388,1008.719,350.781,5.846,0.5353,63.49,655.3
kundalini_yoga,Y2,pre_meditation,391,1011.516,353.578,5.893,0.5395,62.96,655.3
kundalini_yoga,Y2,pre_meditation,394,1014.211,356.273,5.938,0.5437,66.23,655.3
kundalini_yoga,Y2,pre_meditation,397,1016.883,358.945,5.982,0.5477,66.23,655.3
kundalini_yoga,Y2,pre_meditation,400,1019.609,361.671,6.028,0.5519,65.65,655.3
kundalini_yoga,Y2,pre_meditation,403,1022.234,364.296,6.072,0.5559,68.57,655.3
kundalini_yoga,Y2,pre_meditation,406,1024.914,366.976,6.116,0.56,67.34,655.3
kundalini_yoga,Y2,pre_meditation,409,1027.586,369.648,6.161,0.5641,69.85,655.3
kundalini_yoga,Y2,pre_meditation,412,1030.18,372.242,6.204,0.568,69.85,655.3
kundalini_yoga,Y2,pre_meditation,415,1032.773,374.835,6.247,0.572,67.34,655.3
kundalini_yoga,Y2,pre_meditation,418,1035.461,377.523,6.292,0.5761,65.08,655.3
kundalini_yoga,Y2,pre_meditation,421,1038.148,380.21,6.337,0.5802,66.82,655.3
kundalini_yoga,Y2,pre_meditation,424,1040.883,382.945,6.382,0.5843,66.23,655.3
kundalini_yoga,Y2,pre_meditation,427,1043.602,385.664,6.428,0.5885,68.57,655.3
kundalini_yoga,Y2,pre_meditation,430,1046.359,388.421,6.474,0.5927,67.95,655.3
kundalini_yoga,Y2,pre_meditation,433,1049.008,391.07,6.518,0.5967,69.2,655.3
kundalini_yoga,Y2,pre_meditation,436,1051.648,393.71,6.562,0.6008,66.82,655.3
kundalini_yoga,Y2,pre_meditation,439,1054.289,396.351,6.606,0.6048,65.65,655.3
kundalini_yoga,Y2,pre_meditation,442,1056.977,399.039,6.651,0.6089,64.52,655.3
kundalini_yoga,Y2,pre_meditation,445,1059.617,401.679,6.695,0.6129,66.82,655.3
kundalini_yoga,Y2,pre_meditation,448,1062.328,404.39,6.74,0.6171,66.23,655.3
kundalini_yoga,Y2,pre_meditation,451,1064.906,406.968,6.783,0.621,73.17,655.3
kundalini_yoga,Y2,pre_meditation,454,1067.531,409.593,6.827,0.625,69.2,655.3
kundalini_yoga,Y2,pre_meditation,457,1070.297,412.359,6.873,0.6292,65.08,655.3
kundalini_yoga,Y2,pre_meditation,460,1073.117,415.179,6.92,0.6335,63.97,655.3
kundalini_yoga,Y2,pre_meditation,463,1075.711,417.773,6.963,0.6375,69.85,655.3
kundalini_yoga,Y2,pre_meditation,466,1078.312,420.374,7.006,0.6415,66.23,655.3
kundalini_yoga,Y2,pre_meditation,469,1081.016,423.078,7.051,0.6456,64.52,655.3
kundalini_yoga,Y2,pre_meditation,472,1083.75,425.812,7.097,0.6498,67.34,655.3
kundalini_yoga,Y2,pre_meditation,475,1086.219,428.281,7.138,0.6535,76.82,655.3
kundalini_yoga,Y2,pre_meditation,478,1088.414,430.476,7.175,0.6569,86.33,655.3
kundalini_yoga,Y2,pre_meditation,481,1090.438,432.5,7.208,0.66,91.46,655.3
kundalini_yoga,Y2,pre_meditation,484,1092.383,434.445,7.241,0.6629,93.6,655.3
kundalini_yoga,Y2,pre_meditation,487,1094.305,436.367,7.273,0.6659,91.46,655.3
kundalini_yoga,Y2,pre_meditation,490,1096.477,438.539,7.309,0.6692,78.33,655.3
kundalini_yoga,Y2,pre_meditation,493,1098.742,440.804,7.347,0.6726,84.39,655.3
kundalini_yoga,Y2,pre_meditation,496,1100.922,442.984,7.383,0.676,80.86,655.3
kundalini_yoga,Y2,pre_meditation,499,1103.117,445.179,7.42,0.6793,79.16,655.3
kundalini_yoga,Y2,pre_meditation,502,1105.547,447.609,7.46,0.683,77.62,655.3
kundalini_yoga,Y2,pre_meditation,505,1107.992,450.054,7.501,0.6868,71.09,655.3
kundalini_yoga,Y2,pre_meditation,508,1110.484,452.546,7.542,0.6906,70.42,655.3
kundalini_yoga,Y2,pre_meditation,511,1113.086,455.148,7.586,0.6945,71.09,655.3
kundalini_yoga,Y2,pre_meditation,514,1115.625,457.687,7.628,0.6984,69.85,655.3
kundalini_yoga,Y2,pre_meditation,517,1118.109,460.171,7.67,0.7022,69.85,655.3
kundalini_yoga,Y2,pre_meditation,520,1120.781,462.843,7.714,0.7063,65.65,655.3
kundalini_yoga,Y2,pre_meditation,523,1123.586,465.648,7.761,0.7105,65.65,655.3
kundalini_yoga,Y2,pre_meditation,526,1126.336,468.398,7.807,0.7147,66.23,655.3
kundalini_yoga,Y2,pre_meditation,529,1129.094,471.156,7.853,0.719,63.97,655.3
kundalini_yoga,Y2,pre_meditation,532,1131.852,473.914,7.899,0.7232,63.97,655.3
kundalini_yoga,Y2,pre_meditation,535,1134.508,476.57,7.943,0.7272,68.57,655.3
kundalini_yoga,Y2,pre_meditation,538,1137.164,479.226,7.987,0.7313,67.95,655.3
kundalini_yoga,Y2,pre_meditation,541,1139.984,482.046,8.034,0.7356,66.82,655.3
kundalini_yoga,Y2,pre_meditation,544,1142.531,484.593,8.077,0.7395,73.89,655.3
kundalini_yoga,Y2,pre_meditation,547,1144.906,486.968,8.116,0.7431,71.09,655.3
kundalini_yoga,Y2,pre_meditation,550,1147.938,490.0,8.167,0.7477,58.65,655.3
kundalini_yoga,Y2,pre_meditation,553,1150.766,492.828,8.214,0.752,67.95,655.3
kundalini_yoga,Y2,pre_meditation,556,1153.398,495.46,8.258,0.756,69.2,655.3
kundalini_yoga,Y2,pre_meditation,559,1156.094,498.156,8.303,0.7602,65.65,655.3
kundalini_yoga,Y2,pre_meditation,562,1158.82,500.882,8.348,0.7643,62.96,655.3
kundalini_yoga,Y2,pre_meditation,565,1161.617,503.679,8.395,0.7686,63.97,655.3
kundalini_yoga,Y2,pre_meditation,568,1164.273,506.335,8.439,0.7726,70.42,655.3
kundalini_yoga,Y2,pre_meditation,571,1167.0,509.062,8.484,0.7768,64.52,655.3
kundalini_yoga,Y2,pre_meditation,574,1169.75,511.812,8.53,0.781,65.08,655.3
kundalini_yoga,Y2,pre_meditation,577,1172.43,514.492,8.575,0.7851,66.23,655.3
kundalini_yoga,Y2,pre_meditation,580,1175.156,517.218,8.62,0.7892,64.52,655.3
kundalini_yoga,Y2,pre_meditation,583,1177.961,520.023,8.667,0.7935,67.34,655.3
kundalini_yoga,Y2,pre_meditation,586,1180.781,522.843,8.714,0.7978,62.96,655.3
kundalini_yoga,Y2,pre_meditation,589,1183.586,525.648,8.761,0.8021,63.97,655.3
kundalini_yoga,Y2,pre_meditation,592,1186.477,528.539,8.809,0.8065,58.2,655.3
kundalini_yoga,Y2,pre_meditation,595,1189.422,531.484,8.858,0.811,62.96,655.3
kundalini_yoga,Y2,pre_meditation,598,1192.117,534.179,8.903,0.8151,68.57,655.3
kundalini_yoga,Y2,pre_meditation,601,1194.906,536.968,8.949,0.8194,65.08,655.3
kundalini_yoga,Y2,pre_meditation,604,1197.812,539.874,8.998,0.8238,63.49,655.3
kundalini_yoga,Y2,pre_meditation,607,1200.578,542.64,9.044,0.828,67.95,655.3
kundalini_yoga,Y2,pre_meditation,610,1203.43,545.492,9.092,0.8324,60.98,655.3
kundalini_yoga,Y2,pre_meditation,613,1206.281,548.343,9.139,0.8367,62.44,655.3
kundalini_yoga,Y2,pre_meditation,616,1209.078,551.14,9.186,0.841,61.92,655.3
kundalini_yoga,Y2,pre_meditation,619,1211.93,553.992,9.233,0.8454,62.96,655.3
kundalini_yoga,Y2,pre_meditation,622,1214.656,556.718,9.279,0.8495,68.57,655.3
kundalini_yoga,Y2,pre_meditation,625,1217.398,559.46,9.324,0.8537,65.08,655.3
kundalini_yoga,Y2,pre_meditation,628,1220.078,562.14,9.369,0.8578,69.85,655.3
kundalini_yoga,Y2,pre_meditation,631,1222.531,564.593,9.41,0.8615,72.46,655.3
kundalini_yoga,Y2,pre_meditation,634,1225.25,567.312,9.455,0.8657,62.44,655.3
kundalini_yoga,Y2,pre_meditation,637,1228.016,570.078,9.501,0.8699,66.23,655.3
kundalini_yoga,Y2,pre_meditation,640,1230.352,572.414,9.54,0.8735,81.74,655.3
kundalini_yoga,Y2,pre_meditation,643,1232.469,574.531,9.576,0.8767,86.33,655.3
kundalini_yoga,Y2,pre_meditation,646,1234.867,576.929,9.615,0.8804,64.52,655.3
kundalini_yoga,Y2,pre_meditation,649,1237.594,579.656,9.661,0.8845,69.85,655.3
kundalini_yoga,Y2,pre_meditation,652,1239.922,581.984,9.7,0.8881,80.0,655.3
kundalini_yoga,Y2,pre_meditation,655,1242.312,584.374,9.74,0.8917,72.46,655.3
kundalini_yoga,Y2,pre_meditation,658,1244.969,587.031,9.784,0.8958,63.97,655.3
kundalini_yoga,Y2,pre_meditation,661,1247.773,589.835,9.831,0.9001,63.97,655.3
kundalini_yoga,Y2,pre_meditation,664,1250.422,592.484,9.875,0.9041,68.57,655.3
kundalini_yoga,Y2,pre_meditation,667,1252.992,595.054,9.918,0.908,73.17,655.3
kundalini_yoga,Y2,pre_meditation,670,1255.617,597.679,9.961,0.912,66.23,655.3
kundalini_yoga,Y2,pre_meditation,673,1258.523,600.585,10.01,0.9165,61.41,655.3
kundalini_yoga,Y2,pre_meditation,676,1261.305,603.367,10.056,0.9207,63.97,655.3
kundalini_yoga,Y2,pre_meditation,679,1264.023,606.085,10.101,0.9248,64.52,655.3
kundalini_yoga,Y2,pre_meditation,682,1266.797,608.859,10.148,0.9291,64.52,655.3
kundalini_yoga,Y2,pre_meditation,685,1269.5,611.562,10.193,0.9332,65.08,655.3
kundalini_yoga,Y2,pre_meditation,688,1272.227,614.289,10.238,0.9374,66.23,655.3
kundalini_yoga,Y2,pre_meditation,691,1274.977,617.039,10.284,0.9416,65.65,655.3
kundalini_yoga,Y2,pre_meditation,694,1277.711,619.773,10.33,0.9457,67.95,655.3
kundalini_yoga,Y2,pre_meditation,697,1280.422,622.484,10.375,0.9499,69.2,655.3
kundalini_yoga,Y2,pre_meditation,700,1283.18,625.242,10.421,0.9541,66.82,655.3
kundalini_yoga,Y2,pre_meditation,703,1286.008,628.07,10.468,0.9584,62.96,655.3
kundalini_yoga,Y2,pre_meditation,706,1288.75,630.812,10.514,0.9626,64.52,655.3
kundalini_yoga,Y2,pre_meditation,709,1291.438,633.5,10.558,0.9667,65.08,655.3
kundalini_yoga,Y2,pre_meditation,712,1294.164,636.226,10.604,0.9708,65.65,655.3
kundalini_yoga,Y2,pre_meditation,715,1296.977,639.039,10.651,0.9751,64.52,655.3
kundalini_yoga,Y2,pre_meditation,718,1299.719,641.781,10.696,0.9793,69.2,655.3
kundalini_yoga,Y2,pre_meditation,721,1302.477,644.539,10.742,0.9835,65.65,655.3
kundalini_yoga,Y2,pre_meditation,724,1305.281,647.343,10.789,0.9878,62.96,655.3
kundalini_yoga,Y2,pre_meditation,727,1307.891,649.953,10.833,0.9918,69.2,655.3
kundalini_yoga,Y2,pre_meditation,730,1310.438,652.5,10.875,0.9957,67.95,655.3
kundalini_yoga,Y2,pre_meditation,733,1313.273,655.335,10.922,1.0,63.97,655.3
kundalini_yoga,Y3,meditation,1,2184.227,0.0,0.0,0.0,94.79,680.0
kundalini_yoga,Y3,meditation,5,2187.289,3.062,0.051,0.0045,64.52,680.0
kundalini_yoga,Y3,meditation,9,2190.695,6.468,0.108,0.0095,75.28,680.0
kundalini_yoga,Y3,meditation,13,2193.5,9.273,0.155,0.0136,90.36,680.0
kundalini_yoga,Y3,meditation,17,2196.148,11.921,0.199,0.0175,84.39,680.0
kundalini_yoga,Y3,meditation,21,2198.906,14.679,0.245,0.0216,89.29,680.0
kundalini_yoga,Y3,meditation,25,2201.5,17.273,0.288,0.0254,96.0,680.0
kundalini_yoga,Y3,meditation,29,2204.117,19.89,0.332,0.0293,77.62,680.0
kundalini_yoga,Y3,meditation,33,2207.25,23.023,0.384,0.0339,79.16,680.0
kundalini_yoga,Y3,meditation,37,2209.977,25.75,0.429,0.0379,93.6,680.0
kundalini_yoga,Y3,meditation,41,2212.531,28.304,0.472,0.0416,91.46,680.0
kundalini_yoga,Y3,meditation,45,2215.812,31.585,0.526,0.0464,68.57,680.0
kundalini_yoga,Y3,meditation,49,2218.953,34.726,0.579,0.0511,84.39,680.0
kundalini_yoga,Y3,meditation,53,2221.492,37.265,0.621,0.0548,97.24,680.0
kundalini_yoga,Y3,meditation,57,2224.375,40.148,0.669,0.059,71.77,680.0
kundalini_yoga,Y3,meditation,61,2227.914,43.687,0.728,0.0642,71.77,680.0
kundalini_yoga,Y3,meditation,65,2230.688,46.461,0.774,0.0683,93.6,680.0
kundalini_yoga,Y3,meditation,69,2233.305,49.078,0.818,0.0722,81.74,680.0
kundalini_yoga,Y3,meditation,73,2236.43,52.203,0.87,0.0768,80.86,680.0
kundalini_yoga,Y3,meditation,77,2239.195,54.968,0.916,0.0808,91.46,680.0
kundalini_yoga,Y3,meditation,81,2242.031,57.804,0.963,0.085,78.33,680.0
kundalini_yoga,Y3,meditation,85,2245.156,60.929,1.015,0.0896,81.74,680.0
kundalini_yoga,Y3,meditation,89,2247.844,63.617,1.06,0.0936,94.79,680.0
kundalini_yoga,Y3,meditation,93,2250.664,66.437,1.107,0.0977,68.57,680.0
kundalini_yoga,Y3,meditation,97,2253.812,69.585,1.16,0.1023,80.86,680.0
kundalini_yoga,Y3,meditation,101,2256.531,72.304,1.205,0.1063,92.59,680.0
kundalini_yoga,Y3,meditation,105,2259.289,75.062,1.251,0.1104,83.45,680.0
kundalini_yoga,Y3,meditation,109,2262.359,78.132,1.302,0.1149,83.45,680.0
kundalini_yoga,Y3,meditation,113,2265.156,80.929,1.349,0.119,91.46,680.0
kundalini_yoga,Y3,meditation,117,2267.641,83.414,1.39,0.1227,96.0,680.0
kundalini_yoga,Y3,meditation,121,2270.641,86.414,1.44,0.1271,66.82,680.0
kundalini_yoga,Y3,meditation,125,2273.93,89.703,1.495,0.1319,80.0,680.0
kundalini_yoga,Y3,meditation,129,2276.492,92.265,1.538,0.1357,99.67,680.0
kundalini_yoga,Y3,meditation,133,2279.109,94.882,1.581,0.1395,83.45,680.0
kundalini_yoga,Y3,meditation,137,2282.586,98.359,1.639,0.1446,64.52,680.0
kundalini_yoga,Y3,meditation,141,2285.875,101.648,1.694,0.1495,80.86,680.0
kundalini_yoga,Y3,meditation,145,2288.531,104.304,1.738,0.1534,94.79,680.0
kundalini_yoga,Y3,meditation,149,2291.258,107.031,1.784,0.1574,79.16,680.0
kundalini_yoga,Y3,meditation,153,2294.281,110.054,1.834,0.1618,82.53,680.0
kundalini_yoga,Y3,meditation,157,2296.914,112.687,1.878,0.1657,96.0,680.0
kundalini_yoga,Y3,meditation,161,2299.633,115.406,1.923,0.1697,78.33,680.0
kundalini_yoga,Y3,meditation,165,2303.258,119.031,1.984,0.175,68.57,680.0
kundalini_yoga,Y3,meditation,169,2306.164,121.937,2.032,0.1793,90.36,680.0
kundalini_yoga,Y3,meditation,173,2309.078,124.851,2.081,0.1836,68.57,680.0
kundalini_yoga,Y3,meditation,177,2312.641,128.414,2.14,0.1888,72.46,680.0
kundalini_yoga,Y3,meditation,181,2315.492,131.265,2.188,0.193,92.59,680.0
kundalini_yoga,Y3,meditation,185,2318.109,133.882,2.231,0.1969,85.35,680.0
kundalini_yoga,Y3,meditation,189,2321.773,137.546,2.292,0.2023,61.41,680.0
kundalini_yoga,Y3,meditation,193,2325.039,140.812,2.347,0.2071,82.53,680.0
kundalini_yoga,Y3,meditation,197,2327.812,143.585,2.393,0.2112,84.39,680.0
kundalini_yoga,Y3,meditation,201,2330.859,146.632,2.444,0.2156,82.53,680.0
kundalini_yoga,Y3,meditation,205,2333.508,149.281,2.488,0.2195,93.6,680.0
kundalini_yoga,Y3,meditation,209,2336.328,152.101,2.535,0.2237,69.2,680.0
kundalini_yoga,Y3,meditation,213,2339.555,155.328,2.589,0.2284,79.16,680.0
kundalini_yoga,Y3,meditation,217,2342.219,157.992,2.633,0.2323,96.0,680.0
kundalini_yoga,Y3,meditation,221,2345.133,160.906,2.682,0.2366,67.95,680.0
kundalini_yoga,Y3,meditation,225,2348.461,164.234,2.737,0.2415,78.33,680.0
kundalini_yoga,Y3,meditation,229,2351.156,166.929,2.782,0.2455,94.79,680.0
kundalini_yoga,Y3,meditation,233,2353.711,169.484,2.825,0.2492,92.59,680.0
kundalini_yoga,Y3,meditation,237,2357.07,172.843,2.881,0.2542,67.95,680.0
kundalini_yoga,Y3,meditation,241,2360.273,176.046,2.934,0.2589,82.53,680.0
kundalini_yoga,Y3,meditation,245,2362.906,178.679,2.978,0.2628,92.59,680.0
kundalini_yoga,Y3,meditation,249,2366.273,182.046,3.034,0.2677,65.08,680.0
kundalini_yoga,Y3,meditation,253,2369.688,185.461,3.091,0.2727,78.33,680.0
kundalini_yoga,Y3,meditation,257,2372.414,188.187,3.136,0.2767,90.36,680.0
kundalini_yoga,Y3,meditation,261,2375.703,191.476,3.191,0.2816,65.65,680.0
kundalini_yoga,Y3,meditation,265,2379.039,194.812,3.247,0.2865,80.0,680.0
kundalini_yoga,Y3,meditation,269,2381.734,197.507,3.292,0.2905,92.59,680.0
kundalini_yoga,Y3,meditation,273,2384.695,200.468,3.341,0.2948,72.46,680.0
kundalini_yoga,Y3,meditation,277,2387.648,203.421,3.39,0.2991,87.21,680.0
kundalini_yoga,Y3,meditation,281,2390.266,206.039,3.434,0.303,91.46,680.0
kundalini_yoga,Y3,meditation,285,2393.531,209.304,3.488,0.3078,70.42,680.0
kundalini_yoga,Y3,meditation,289,2396.5,212.273,3.538,0.3122,89.29,680.0
kundalini_yoga,Y3,meditation,293,2398.977,214.75,3.579,0.3158,99.67,680.0
kundalini_yoga,Y3,meditation,297,2401.797,217.57,3.626,0.32,72.46,680.0
kundalini_yoga,Y3,meditation,301,2405.562,221.335,3.689,0.3255,64.52,680.0
kundalini_yoga,Y3,meditation,305,2408.75,224.523,3.742,0.3302,83.45,680.0
kundalini_yoga,Y3,meditation,309,2411.5,227.273,3.788,0.3342,79.16,680.0
kundalini_yoga,Y3,meditation,313,2415.008,230.781,3.846,0.3394,70.42,680.0
kundalini_yoga,Y3,meditation,317,2417.914,233.687,3.895,0.3437,89.29,680.0
kundalini_yoga,Y3,meditation,321,2420.844,236.617,3.944,0.348,71.77,680.0
kundalini_yoga,Y3,meditation,325,2424.289,240.062,4.001,0.353,76.82,680.0
kundalini_yoga,Y3,meditation,329,2427.078,242.851,4.048,0.3571,91.46,680.0
kundalini_yoga,Y3,meditation,333,2429.844,245.617,4.094,0.3612,84.39,680.0
kundalini_yoga,Y3,meditation,337,2432.469,248.242,4.137,0.3651,91.46,680.0
kundalini_yoga,Y3,meditation,341,2435.594,251.367,4.189,0.3697,73.17,680.0
kundalini_yoga,Y3,meditation,345,2438.539,254.312,4.239,0.374,87.21,680.0
kundalini_yoga,Y3,meditation,349,2441.18,256.953,4.283,0.3779,89.29,680.0
kundalini_yoga,Y3,meditation,353,2444.758,260.531,4.342,0.3831,66.82,680.0
kundalini_yoga,Y3,meditation,357,2447.82,263.593,4.393,0.3876,84.39,680.0
kundalini_yoga,Y3,meditation,361,2450.625,266.398,4.44,0.3918,79.16,680.0
kundalini_yoga,Y3,meditation,365,2453.789,269.562,4.493,0.3964,82.53,680.0
kundalini_yoga,Y3,meditation,369,2456.531,272.304,4.538,0.4004,90.36,680.0
kundalini_yoga,Y3,meditation,373,2459.727,275.5,4.592,0.4051,65.08,680.0
kundalini_yoga,Y3,meditation,377,2463.102,278.875,4.648,0.4101,77.62,680.0
kundalini_yoga,Y3,meditation,381,2465.836,281.609,4.693,0.4141,92.59,680.0
kundalini_yoga,Y3,meditation,385,2468.547,284.32,4.739,0.4181,82.53,680.0
kundalini_yoga,Y3,meditation,389,2471.414,287.187,4.786,0.4223,87.21,680.0
kundalini_yoga,Y3,meditation,393,2474.211,289.984,4.833,0.4264,85.35,680.0
kundalini_yoga,Y3,meditation,397,2477.023,292.796,4.88,0.4306,81.74,680.0
kundalini_yoga,Y3,meditation,401,2479.992,295.765,4.929,0.4349,79.16,680.0
kundalini_yoga,Y3,meditation,405,2482.914,298.687,4.978,0.4392,87.21,680.0
kundalini_yoga,Y3,meditation,409,2485.453,301.226,5.02,0.443,101.01,680.0
kundalini_yoga,Y3,meditation,413,2488.172,303.945,5.066,0.447,72.46,680.0
kundalini_yoga,Y3,meditation,417,2491.633,307.406,5.123,0.4521,70.42,680.0
kundalini_yoga,Y3,meditation,421,2494.562,310.335,5.172,0.4564,86.33,680.0
kundalini_yoga,Y3,meditation,425,2497.516,313.289,5.221,0.4607,76.05,680.0
kundalini_yoga,Y3,meditation,429,2500.469,316.242,5.271,0.4651,86.33,680.0
kundalini_yoga,Y3,meditation,433,2503.008,318.781,5.313,0.4688,98.52,680.0
kundalini_yoga,Y3,meditation,437,2505.977,321.75,5.362,0.4732,67.34,680.0
kundalini_yoga,Y3,meditation,441,2509.422,325.195,5.42,0.4782,76.05,680.0
kundalini_yoga,Y3,meditation,445,2512.227,328.0,5.467,0.4824,89.29,680.0
kundalini_yoga,Y3,meditation,449,2515.25,331.023,5.517,0.4868,76.82,680.0
kundalini_yoga,Y3,meditation,453,2518.023,333.796,5.563,0.4909,91.46,680.0
kundalini_yoga,Y3,meditation,457,2520.914,336.687,5.611,0.4951,71.77,680.0
kundalini_yoga,Y3,meditation,461,2524.156,339.929,5.665,0.4999,80.0,680.0
kundalini_yoga,Y3,meditation,465,2527.109,342.882,5.715,0.5042,76.05,680.0
kundalini_yoga,Y3,meditation,469,2530.602,346.375,5.773,0.5094,73.89,680.0
kundalini_yoga,Y3,meditation,473,2533.484,349.257,5.821,0.5136,88.24,680.0
kundalini_yoga,Y3,meditation,477,2536.344,352.117,5.869,0.5178,75.28,680.0
kundalini_yoga,Y3,meditation,481,2540.078,355.851,5.931,0.5233,67.34,680.0
kundalini_yoga,Y3,meditation,485,2543.086,358.859,5.981,0.5277,85.35,680.0
kundalini_yoga,Y3,meditation,489,2545.828,361.601,6.027,0.5318,81.74,680.0
kundalini_yoga,Y3,meditation,493,2549.18,364.953,6.083,0.5367,74.53,680.0
kundalini_yoga,Y3,meditation,497,2552.016,367.789,6.13,0.5409,90.36,680.0
kundalini_yoga,Y3,meditation,501,2554.719,370.492,6.175,0.5448,78.33,680.0
kundalini_yoga,Y3,meditation,505,2558.07,373.843,6.231,0.5498,73.89,680.0
kundalini_yoga,Y3,meditation,509,2561.008,376.781,6.28,0.5541,84.39,680.0
kundalini_yoga,Y3,meditation,513,2564.047,379.82,6.33,0.5586,66.23,680.0
kundalini_yoga,Y3,meditation,517,2567.422,383.195,6.387,0.5635,76.82,680.0
kundalini_yoga,Y3,meditation,521,2570.172,385.945,6.432,0.5676,92.59,680.0
kundalini_yoga,Y3,meditation,525,2572.977,388.75,6.479,0.5717,73.89,680.0
kundalini_yoga,Y3,meditation,529,2576.453,392.226,6.537,0.5768,72.46,680.0
kundalini_yoga,Y3,meditation,533,2579.375,395.148,6.586,0.5811,87.21,680.0
kundalini_yoga,Y3,meditation,537,2582.219,397.992,6.633,0.5853,77.62,680.0
kundalini_yoga,Y3,meditation,541,2585.523,401.296,6.688,0.5901,76.82,680.0
kundalini_yoga,Y3,meditation,545,2588.266,404.039,6.734,0.5942,92.59,680.0
kundalini_yoga,Y3,meditation,549,2591.039,406.812,6.78,0.5983,79.16,680.0
kundalini_yoga,Y3,meditation,553,2594.008,409.781,6.83,0.6026,86.33,680.0
kundalini_yoga,Y3,meditation,557,2596.656,412.429,6.874,0.6065,92.59,680.0
kundalini_yoga,Y3,meditation,561,2599.539,415.312,6.922,0.6108,73.89,680.0
kundalini_yoga,Y3,meditation,565,2602.633,418.406,6.973,0.6153,84.39,680.0
kundalini_yoga,Y3,meditation,569,2605.258,421.031,7.017,0.6192,93.6,680.0
kundalini_yoga,Y3,meditation,573,2608.109,423.882,7.065,0.6234,70.42,680.0
kundalini_yoga,Y3,meditation,577,2611.398,427.171,7.12,0.6282,76.82,680.0
kundalini_yoga,Y3,meditation,581,2614.141,429.914,7.165,0.6322,88.24,680.0
kundalini_yoga,Y3,meditation,585,2617.391,433.164,7.219,0.637,72.46,680.0
kundalini_yoga,Y3,meditation,589,2620.367,436.14,7.269,0.6414,85.35,680.0
kundalini_yoga,Y3,meditation,593,2623.516,439.289,7.321,0.646,68.57,680.0
kundalini_yoga,Y3,meditation,597,2626.75,442.523,7.375,0.6508,80.0,680.0
kundalini_yoga,Y3,meditation,601,2629.375,445.148,7.419,0.6546,94.79,680.0
kundalini_yoga,Y3,meditation,605,2632.219,447.992,7.467,0.6588,69.85,680.0
kundalini_yoga,Y3,meditation,609,2635.555,451.328,7.522,0.6637,73.89,680.0
kundalini_yoga,Y3,meditation,613,2638.398,454.171,7.57,0.6679,89.29,680.0
kundalini_yoga,Y3,meditation,617,2640.891,456.664,7.611,0.6716,98.52,680.0
kundalini_yoga,Y3,meditation,621,2643.953,459.726,7.662,0.6761,69.85,680.0
kundalini_yoga,Y3,meditation,625,2647.344,463.117,7.719,0.6811,75.28,680.0
kundalini_yoga,Y3,meditation,629,2650.148,465.921,7.765,0.6852,91.46,680.0
kundalini_yoga,Y3,meditation,633,2653.016,468.789,7.813,0.6894,73.17,680.0
kundalini_yoga,Y3,meditation,637,2656.383,472.156,7.869,0.6943,73.89,680.0
kundalini_yoga,Y3,meditation,641,2659.219,474.992,7.917,0.6985,89.29,680.0
kundalini_yoga,Y3,meditation,645,2661.82,477.593,7.96,0.7023,87.21,680.0
kundalini_yoga,Y3,meditation,649,2665.234,481.007,8.017,0.7074,67.95,680.0
kundalini_yoga,Y3,meditation,653,2668.336,484.109,8.068,0.7119,84.39,680.0
kundalini_yoga,Y3,meditation,657,2671.031,486.804,8.113,0.7159,88.24,680.0
kundalini_yoga,Y3,meditation,661,2674.359,490.132,8.169,0.7208,63.97,680.0
kundalini_yoga,Y3,meditation,665,2677.633,493.406,8.223,0.7256,79.16,680.0
kundalini_yoga,Y3,meditation,669,2680.375,496.148,8.269,0.7296,89.29,680.0
kundalini_yoga,Y3,meditation,673,2683.555,499.328,8.322,0.7343,68.57,680.0
kundalini_yoga,Y3,meditation,677,2686.656,502.429,8.374,0.7389,82.53,680.0
kundalini_yoga,Y3,meditation,681,2689.453,505.226,8.42,0.743,84.39,680.0
kundalini_yoga,Y3,meditation,685,2692.781,508.554,8.476,0.7479,72.46,680.0
kundalini_yoga,Y3,meditation,689,2695.727,511.5,8.525,0.7522,86.33,680.0
kundalini_yoga,Y3,meditation,693,2698.477,514.25,8.571,0.7562,82.53,680.0
kundalini_yoga,Y3,meditation,697,2701.859,517.632,8.627,0.7612,71.77,680.0
kundalini_yoga,Y3,meditation,701,2704.828,520.601,8.677,0.7656,85.35,680.0
kundalini_yoga,Y3,meditation,705,2707.586,523.359,8.723,0.7696,86.33,680.0
kundalini_yoga,Y3,meditation,709,2710.82,526.593,8.777,0.7744,66.82,680.0
kundalini_yoga,Y3,meditation,713,2714.055,529.828,8.83,0.7792,80.86,680.0
kundalini_yoga,Y3,meditation,717,2716.734,532.507,8.875,0.7831,93.6,680.0
kundalini_yoga,Y3,meditation,721,2720.023,535.796,8.93,0.7879,64.52,680.0
kundalini_yoga,Y3,meditation,725,2723.539,539.312,8.989,0.7931,75.28,680.0
kundalini_yoga,Y3,meditation,729,2726.336,542.109,9.035,0.7972,89.29,680.0
kundalini_yoga,Y3,meditation,733,2729.461,545.234,9.087,0.8018,66.82,680.0
kundalini_yoga,Y3,meditation,737,2732.477,548.25,9.137,0.8063,84.39,680.0
kundalini_yoga,Y3,meditation,741,2735.312,551.085,9.185,0.8104,80.86,680.0
kundalini_yoga,Y3,meditation,745,2738.281,554.054,9.234,0.8148,84.39,680.0
kundalini_yoga,Y3,meditation,749,2740.898,556.671,9.278,0.8186,93.6,680.0
kundalini_yoga,Y3,meditation,753,2744.0,559.773,9.33,0.8232,69.85,680.0
kundalini_yoga,Y3,meditation,757,2747.266,563.039,9.384,0.828,79.16,680.0
kundalini_yoga,Y3,meditation,761,2750.086,565.859,9.431,0.8321,87.21,680.0
kundalini_yoga,Y3,meditation,765,2753.336,569.109,9.485,0.8369,71.09,680.0
kundalini_yoga,Y3,meditation,769,2756.469,572.242,9.537,0.8415,83.45,680.0
kundalini_yoga,Y3,meditation,773,2759.164,574.937,9.582,0.8455,89.29,680.0
kundalini_yoga,Y3,meditation,777,2762.391,578.164,9.636,0.8502,71.77,680.0
kundalini_yoga,Y3,meditation,781,2765.367,581.14,9.686,0.8546,85.35,680.0
kundalini_yoga,Y3,meditation,785,2768.148,583.921,9.732,0.8587,80.86,680.0
kundalini_yoga,Y3,meditation,789,2771.125,586.898,9.782,0.8631,83.45,680.0
kundalini_yoga,Y3,meditation,793,2773.711,589.484,9.825,0.8669,97.24,680.0
kundalini_yoga,Y3,meditation,797,2776.406,592.179,9.87,0.8709,77.62,680.0
kundalini_yoga,Y3,meditation,801,2780.188,595.961,9.933,0.8764,68.57,680.0
kundalini_yoga,Y3,meditation,805,2783.188,598.961,9.983,0.8808,84.39,680.0
kundalini_yoga,Y3,meditation,809,2786.273,602.046,10.034,0.8854,69.2,680.0
kundalini_yoga,Y3,meditation,813,2789.648,605.421,10.09,0.8903,76.82,680.0
kundalini_yoga,Y3,meditation,817,2792.461,608.234,10.137,0.8945,90.36,680.0
kundalini_yoga,Y3,meditation,821,2795.133,610.906,10.182,0.8984,85.35,680.0
kundalini_yoga,Y3,meditation,825,2798.836,614.609,10.243,0.9038,64.52,680.0
kundalini_yoga,Y3,meditation,829,2801.938,617.711,10.295,0.9084,83.45,680.0
kundalini_yoga,Y3,meditation,833,2804.875,620.648,10.344,0.9127,71.77,680.0
kundalini_yoga,Y3,meditation,837,2808.18,623.953,10.399,0.9176,76.82,680.0
kundalini_yoga,Y3,meditation,841,2810.992,626.765,10.446,0.9217,89.29,680.0
kundalini_yoga,Y3,meditation,845,2813.711,629.484,10.491,0.9257,84.39,680.0
kundalini_yoga,Y3,meditation,849,2817.461,633.234,10.554,0.9312,63.49,680.0
kundalini_yoga,Y3,meditation,853,2820.656,636.429,10.607,0.9359,83.45,680.0
kundalini_yoga,Y3,meditation,857,2823.375,639.148,10.652,0.9399,86.33,680.0
kundalini_yoga,Y3,meditation,861,2826.789,642.562,10.709,0.9449,66.82,680.0
kundalini_yoga,Y3,meditation,865,2830.094,645.867,10.764,0.9498,80.0,680.0
kundalini_yoga,Y3,meditation,869,2832.82,648.593,10.81,0.9538,90.36,680.0
kundalini_yoga,Y3,meditation,873,2835.57,651.343,10.856,0.9579,79.16,680.0
kundalini_yoga,Y3,meditation,877,2839.289,655.062,10.918,0.9633,66.23,680.0
kundalini_yoga,Y3,meditation,881,2842.43,658.203,10.97,0.9679,83.45,680.0
kundalini_yoga,Y3,meditation,885,2845.117,660.89,11.015,0.9719,91.46,680.0
kundalini_yoga,Y3,meditation,889,2848.25,664.023,11.067,0.9765,66.82,680.0
kundalini_yoga,Y3,meditation,893,2851.812,667.585,11.126,0.9817,71.77,680.0
kundalini_yoga,Y3,meditation,897,2854.672,670.445,11.174,0.9859,88.24,680.0
kundalini_yoga,Y3,meditation,901,2857.781,673.554,11.226,0.9905,71.77,680.0
kundalini_yoga,Y3,meditation,905,2860.82,676.593,11.277,0.995,84.39,680.0
kundalini_yoga,Y3,meditation,909,2863.492,679.265,11.321,0.9989,89.29,680.0
kundalini_yoga,Y3,pre_meditation,1,1309.469,0.0,0.0,0.0,66.82,652.7
kundalini_yoga,Y3,pre_meditation,4,1312.438,2.969,0.049,0.0045,60.0,652.7
kundalini_yoga,Y3,pre_meditation,7,1315.336,5.867,0.098,0.009,60.48,652.7
kundalini_yoga,Y3,pre_meditation,10,1318.055,8.586,0.143,0.0132,66.23,652.7
kundalini_yoga,Y3,pre_meditation,13,1320.672,11.203,0.187,0.0172,65.65,652.7
kundalini_yoga,Y3,pre_meditation,16,1323.336,13.867,0.231,0.0212,62.96,652.7
kundalini_yoga,Y3,pre_meditation,19,1326.359,16.89,0.282,0.0259,59.06,652.7
kundalini_yoga,Y3,pre_meditation,22,1329.203,19.734,0.329,0.0302,66.23,652.7
kundalini_yoga,Y3,pre_meditation,25,1331.836,22.367,0.373,0.0343,65.65,652.7
kundalini_yoga,Y3,pre_meditation,28,1334.695,25.226,0.42,0.0387,61.92,652.7
kundalini_yoga,Y3,pre_meditation,31,1337.609,28.14,0.469,0.0431,60.0,652.7
kundalini_yoga,Y3,pre_meditation,34,1340.516,31.047,0.517,0.0476,63.49,652.7
kundalini_yoga,Y3,pre_meditation,37,1343.203,33.734,0.562,0.0517,66.23,652.7
kundalini_yoga,Y3,pre_meditation,40,1345.977,36.508,0.608,0.0559,65.65,652.7
kundalini_yoga,Y3,pre_meditation,43,1348.82,39.351,0.656,0.0603,61.92,652.7
kundalini_yoga,Y3,pre_meditation,46,1351.648,42.179,0.703,0.0646,64.52,652.7
kundalini_yoga,Y3,pre_meditation,49,1354.18,44.711,0.745,0.0685,72.46,652.7
kundalini_yoga,Y3,pre_meditation,52,1356.633,47.164,0.786,0.0723,73.89,652.7
kundalini_yoga,Y3,pre_meditation,55,1359.055,49.586,0.826,0.076,73.17,652.7
kundalini_yoga,Y3,pre_meditation,58,1361.656,52.187,0.87,0.08,62.96,652.7
kundalini_yoga,Y3,pre_meditation,61,1364.703,55.234,0.921,0.0846,59.52,652.7
kundalini_yoga,Y3,pre_meditation,64,1367.469,58.0,0.967,0.0889,63.97,652.7
kundalini_yoga,Y3,pre_meditation,67,1370.18,60.711,1.012,0.093,66.23,652.7
kundalini_yoga,Y3,pre_meditation,70,1372.875,63.406,1.057,0.0971,70.42,652.7
kundalini_yoga,Y3,pre_meditation,73,1375.43,65.961,1.099,0.1011,73.17,652.7
kundalini_yoga,Y3,pre_meditation,76,1378.078,68.609,1.143,0.1051,65.08,652.7
kundalini_yoga,Y3,pre_meditation,79,1380.82,71.351,1.189,0.1093,66.23,652.7
kundalini_yoga,Y3,pre_meditation,82,1383.734,74.265,1.238,0.1138,57.75,652.7
kundalini_yoga,Y3,pre_meditation,85,1386.711,77.242,1.287,0.1183,60.48,652.7
kundalini_yoga,Y3,pre_meditation,88,1389.633,80.164,1.336,0.1228,60.98,652.7
kundalini_yoga,Y3,pre_meditation,91,1392.5,83.031,1.384,0.1272,65.65,652.7
kundalini_yoga,Y3,pre_meditation,94,1395.328,85.859,1.431,0.1316,64.52,652.7
kundalini_yoga,Y3,pre_meditation,97,1398.102,88.633,1.477,0.1358,69.2,652.7
kundalini_yoga,Y3,pre_meditation,100,1400.75,91.281,1.521,0.1399,66.82,652.7
kundalini_yoga,Y3,pre_meditation,103,1403.695,94.226,1.57,0.1444,61.41,652.7
kundalini_yoga,Y3,pre_meditation,106,1406.688,97.219,1.62,0.149,62.44,652.7
kundalini_yoga,Y3,pre_meditation,109,1409.305,99.836,1.664,0.153,74.53,652.7
kundalini_yoga,Y3,pre_meditation,112,1411.984,102.515,1.709,0.1571,65.08,652.7
kundalini_yoga,Y3,pre_meditation,115,1414.789,105.32,1.755,0.1614,67.34,652.7
kundalini_yoga,Y3,pre_meditation,118,1417.5,108.031,1.801,0.1655,67.95,652.7
kundalini_yoga,Y3,pre_meditation,121,1420.195,110.726,1.845,0.1697,67.95,652.7
kundalini_yoga,Y3,pre_meditation,124,1423.148,113.679,1.895,0.1742,60.48,652.7
kundalini_yoga,Y3,pre_meditation,127,1426.047,116.578,1.943,0.1786,70.42,652.7
kundalini_yoga,Y3,pre_meditation,130,1428.688,119.219,1.987,0.1827,66.23,652.7
kundalini_yoga,Y3,pre_meditation,133,1431.672,122.203,2.037,0.1872,57.31,652.7
kundalini_yoga,Y3,pre_meditation,136,1434.555,125.086,2.085,0.1917,62.44,652.7
kundalini_yoga,Y3,pre_meditation,139,1437.117,127.648,2.127,0.1956,69.2,652.7
kundalini_yoga,Y3,pre_meditation,142,1440.086,130.617,2.177,0.2001,59.06,652.7
kundalini_yoga,Y3,pre_meditation,145,1443.117,133.648,2.227,0.2048,56.87,652.7
kundalini_yoga,Y3,pre_meditation,148,1446.094,136.625,2.277,0.2093,57.75,652.7
kundalini_yoga,Y3,pre_meditation,151,1449.047,139.578,2.326,0.2139,60.98,652.7
kundalini_yoga,Y3,pre_meditation,154,1451.789,142.32,2.372,0.2181,65.08,652.7
kundalini_yoga,Y3,pre_meditation,157,1454.828,145.359,2.423,0.2227,53.72,652.7
kundalini_yoga,Y3,pre_meditation,160,1457.555,148.086,2.468,0.2269,71.09,652.7
kundalini_yoga,Y3,pre_meditation,163,1459.883,150.414,2.507,0.2305,77.62,652.7
kundalini_yoga,Y3,pre_meditation,166,1462.25,152.781,2.546,0.2341,73.89,652.7
kundalini_yoga,Y3,pre_meditation,169,1464.586,155.117,2.585,0.2377,76.82,652.7
kundalini_yoga,Y3,pre_meditation,172,1467.18,157.711,2.629,0.2416,69.2,652.7
kundalini_yoga,Y3,pre_meditation,175,1470.094,160.625,2.677,0.2461,59.52,652.7
kundalini_yoga,Y3,pre_meditation,178,1473.023,163.554,2.726,0.2506,60.98,652.7
kundalini_yoga,Y3,pre_meditation,181,1475.875,166.406,2.773,0.255,62.44,652.7
kundalini_yoga,Y3,pre_meditation,184,1478.438,168.969,2.816,0.2589,68.57,652.7
kundalini_yoga,Y3,pre_meditation,187,1481.312,171.843,2.864,0.2633,60.48,652.7
kundalini_yoga,Y3,pre_meditation,190,1484.297,174.828,2.914,0.2679,60.98,652.7
kundalini_yoga,Y3,pre_meditation,193,1487.133,177.664,2.961,0.2722,65.65,652.7
kundalini_yoga,Y3,pre_meditation,196,1489.945,180.476,3.008,0.2765,64.52,652.7
kundalini_yoga,Y3,pre_meditation,199,1492.711,183.242,3.054,0.2808,66.23,652.7
kundalini_yoga,Y3,pre_meditation,202,1495.523,186.054,3.101,0.2851,66.23,652.7
kundalini_yoga,Y3,pre_meditation,205,1498.414,188.945,3.149,0.2895,64.52,652.7
kundalini_yoga,Y3,pre_meditation,208,1501.258,191.789,3.196,0.2939,67.34,652.7
kundalini_yoga,Y3,pre_meditation,211,1504.086,194.617,3.244,0.2982,66.23,652.7
kundalini_yoga,Y3,pre_meditation,214,1506.844,197.375,3.29,0.3024,69.2,652.7
kundalini_yoga,Y3,pre_meditation,217,1509.688,200.219,3.337,0.3068,57.75,652.7
kundalini_yoga,Y3,pre_meditation,220,1512.742,203.273,3.388,0.3115,56.87,652.7
kundalini_yoga,Y3,pre_meditation,223,1515.688,206.219,3.437,0.316,60.98,652.7
kundalini_yoga,Y3,pre_meditation,226,1518.852,209.383,3.49,0.3208,55.25,652.7
kundalini_yoga,Y3,pre_meditation,229,1521.711,212.242,3.537,0.3252,61.41,652.7
kundalini_yoga,Y3,pre_meditation,232,1524.375,214.906,3.582,0.3293,67.34,652.7
kundalini_yoga,Y3,pre_meditation,235,1527.062,217.593,3.627,0.3334,62.96,652.7
kundalini_yoga,Y3,pre_meditation,238,1529.812,220.343,3.672,0.3376,65.08,652.7
kundalini_yoga,Y3,pre_meditation,241,1532.461,222.992,3.717,0.3417,67.34,652.7
kundalini_yoga,Y3,pre_meditation,244,1535.055,225.586,3.76,0.3456,68.57,652.7
kundalini_yoga,Y3,pre_meditation,247,1537.508,228.039,3.801,0.3494,73.17,652.7
kundalini_yoga,Y3,pre_meditation,250,1540.258,230.789,3.846,0.3536,61.92,652.7
kundalini_yoga,Y3,pre_meditation,253,1543.227,233.758,3.896,0.3582,57.75,652.7
kundalini_yoga,Y3,pre_meditation,256,1546.43,236.961,3.949,0.3631,55.66,652.7
kundalini_yoga,Y3,pre_meditation,259,1549.461,239.992,4.0,0.3677,60.0,652.7
kundalini_yoga,Y3,pre_meditation,262,1552.281,242.812,4.047,0.372,63.97,652.7
kundalini_yoga,Y3,pre_meditation,265,1555.047,245.578,4.093,0.3763,62.96,652.7
kundalini_yoga,Y3,pre_meditation,268,1557.922,248.453,4.141,0.3807,60.48,652.7
kundalini_yoga,Y3,pre_meditation,271,1560.859,251.39,4.19,0.3852,60.98,652.7
kundalini_yoga,Y3,pre_meditation,274,1563.844,254.375,4.24,0.3897,56.07,652.7
kundalini_yoga,Y3,pre_meditation,277,1567.016,257.547,4.292,0.3946,57.31,652.7
kundalini_yoga,Y3,pre_meditation,280,1569.945,260.476,4.341,0.3991,63.49,652.7
kundalini_yoga,Y3,pre_meditation,283,1572.789,263.32,4.389,0.4035,60.98,652.7
kundalini_yoga,Y3,pre_meditation,286,1575.82,266.351,4.439,0.4081,59.06,652.7
kundalini_yoga,Y3,pre_meditation,289,1578.656,269.187,4.486,0.4124,68.57,652.7
kundalini_yoga,Y3,pre_meditation,292,1581.148,271.679,4.528,0.4163,67.34,652.7
kundalini_yoga,Y3,pre_meditation,295,1583.906,274.437,4.574,0.4205,70.42,652.7
kundalini_yoga,Y3,pre_meditation,298,1586.453,276.984,4.616,0.4244,71.77,652.7
kundalini_yoga,Y3,pre_meditation,301,1588.93,279.461,4.658,0.4282,73.89,652.7
kundalini_yoga,Y3,pre_meditation,304,1591.32,281.851,4.698,0.4318,74.53,652.7
kundalini_yoga,Y3,pre_meditation,307,1593.938,284.469,4.741,0.4359,68.57,652.7
kundalini_yoga,Y3,pre_meditation,310,1596.844,287.375,4.79,0.4403,62.44,652.7
kundalini_yoga,Y3,pre_meditation,313,1599.797,290.328,4.839,0.4448,60.48,652.7
kundalini_yoga,Y3,pre_meditation,316,1602.695,293.226,4.887,0.4493,60.48,652.7
kundalini_yoga,Y3,pre_meditation,319,1605.555,296.086,4.935,0.4537,61.41,652.7
kundalini_yoga,Y3,pre_meditation,322,1608.383,298.914,4.982,0.458,65.08,652.7
kundalini_yoga,Y3,pre_meditation,325,1611.227,301.758,5.029,0.4623,63.97,652.7
kundalini_yoga,Y3,pre_meditation,328,1614.148,304.679,5.078,0.4668,62.44,652.7
kundalini_yoga,Y3,pre_meditation,331,1616.875,307.406,5.123,0.471,67.34,652.7
kundalini_yoga,Y3,pre_meditation,334,1619.477,310.008,5.167,0.475,71.09,652.7
kundalini_yoga,Y3,pre_meditation,337,1622.195,312.726,5.212,0.4792,65.65,652.7
kundalini_yoga,Y3,pre_meditation,340,1624.961,315.492,5.258,0.4834,65.08,652.7
kundalini_yoga,Y3,pre_meditation,343,1627.695,318.226,5.304,0.4876,66.23,652.7
kundalini_yoga,Y3,pre_meditation,346,1630.484,321.015,5.35,0.4919,61.92,652.7
kundalini_yoga,Y3,pre_meditation,349,1633.18,323.711,5.395,0.496,65.65,652.7
kundalini_yoga,Y3,pre_meditation,352,1635.664,326.195,5.437,0.4998,71.77,652.7
kundalini_yoga,Y3,pre_meditation,355,1638.164,328.695,5.478,0.5036,68.57,652.7
kundalini_yoga,Y3,pre_meditation,358,1640.656,331.187,5.52,0.5074,74.53,652.7
kundalini_yoga,Y3,pre_meditation,361,1643.195,333.726,5.562,0.5113,69.85,652.7
kundalini_yoga,Y3,pre_meditation,364,1646.266,336.797,5.613,0.516,54.84,652.7
kundalini_yoga,Y3,pre_meditation,367,1649.148,339.679,5.661,0.5205,66.82,652.7
kundalini_yoga,Y3,pre_meditation,370,1651.703,342.234,5.704,0.5244,69.2,652.7
kundalini_yoga,Y3,pre_meditation,373,1654.141,344.672,5.745,0.5281,78.33,652.7
kundalini_yoga,Y3,pre_meditation,376,1656.461,346.992,5.783,0.5317,79.16,652.7
kundalini_yoga,Y3,pre_meditation,379,1658.711,349.242,5.821,0.5351,80.0,652.7
kundalini_yoga,Y3,pre_meditation,382,1660.859,351.39,5.856,0.5384,86.33,652.7
kundalini_yoga,Y3,pre_meditation,385,1663.031,353.562,5.893,0.5417,80.0,652.7
kundalini_yoga,Y3,pre_meditation,388,1665.891,356.422,5.94,0.5461,60.48,652.7
kundalini_yoga,Y3,pre_meditation,391,1668.68,359.211,5.987,0.5504,61.92,652.7
kundalini_yoga,Y3,pre_meditation,394,1671.375,361.906,6.032,0.5545,65.65,652.7
kundalini_yoga,Y3,pre_meditation,397,1674.078,364.609,6.077,0.5586,66.82,652.7
kundalini_yoga,Y3,pre_meditation,400,1676.906,367.437,6.124,0.563,63.97,652.7
kundalini_yoga,Y3,pre_meditation,403,1679.922,370.453,6.174,0.5676,61.41,652.7
kundalini_yoga,Y3,pre_meditation,406,1682.812,373.343,6.222,0.572,65.08,652.7
kundalini_yoga,Y3,pre_meditation,409,1685.68,376.211,6.27,0.5764,66.23,652.7
kundalini_yoga,Y3,pre_meditation,412,1688.398,378.929,6.315,0.5806,68.57,652.7
kundalini_yoga,Y3,pre_meditation,415,1691.141,381.672,6.361,0.5848,70.42,652.7
kundalini_yoga,Y3,pre_meditation,418,1693.828,384.359,6.406,0.5889,69.85,652.7
kundalini_yoga,Y3,pre_meditation,421,1696.562,387.093,6.452,0.5931,71.77,652.7
kundalini_yoga,Y3,pre_meditation,424,1699.148,389.679,6.495,0.5971,71.77,652.7
kundalini_yoga,Y3,pre_meditation,427,1701.727,392.258,6.538,0.601,73.17,652.7
kundalini_yoga,Y3,pre_meditation,430,1704.359,394.89,6.582,0.605,66.23,652.7
kundalini_yoga,Y3,pre_meditation,433,1707.164,397.695,6.628,0.6093,62.44,652.7
kundalini_yoga,Y3,pre_meditation,436,1709.828,400.359,6.673,0.6134,67.34,652.7
kundalini_yoga,Y3,pre_meditation,439,1712.359,402.89,6.715,0.6173,69.85,652.7
kundalini_yoga,Y3,pre_meditation,442,1715.055,405.586,6.76,0.6214,62.44,652.7
kundalini_yoga,Y3,pre_meditation,445,1717.773,408.304,6.805,0.6256,63.97,652.7
kundalini_yoga,Y3,pre_meditation,448,1720.453,410.984,6.85,0.6297,66.23,652.7
kundalini_yoga,Y3,pre_meditation,451,1723.133,413.664,6.894,0.6338,67.34,652.7
kundalini_yoga,Y3,pre_meditation,454,1725.578,416.109,6.935,0.6376,78.33,652.7
kundalini_yoga,Y3,pre_meditation,457,1728.156,418.687,6.978,0.6415,63.49,652.7
kundalini_yoga,Y3,pre_meditation,460,1730.898,421.429,7.024,0.6457,66.23,652.7
kundalini_yoga,Y3,pre_meditation,463,1733.641,424.172,7.07,0.6499,69.2,652.7
kundalini_yoga,Y3,pre_meditation,466,1736.398,426.929,7.115,0.6541,63.97,652.7
kundalini_yoga,Y3,pre_meditation,469,1739.148,429.679,7.161,0.6583,63.97,652.7
kundalini_yoga,Y3,pre_meditation,472,1741.961,432.492,7.208,0.6627,59.52,652.7
kundalini_yoga,Y3,pre_meditation,475,1744.781,435.312,7.255,0.667,62.96,652.7
kundalini_yoga,Y3,pre_meditation,478,1747.539,438.07,7.301,0.6712,63.97,652.7
kundalini_yoga,Y3,pre_meditation,481,1750.141,440.672,7.345,0.6752,71.77,652.7
kundalini_yoga,Y3,pre_meditation,484,1752.562,443.093,7.385,0.6789,76.05,652.7
kundalini_yoga,Y3,pre_meditation,487,1754.977,445.508,7.425,0.6826,72.46,652.7
kundalini_yoga,Y3,pre_meditation,490,1757.469,448.0,7.467,0.6864,71.77,652.7
kundalini_yoga,Y3,pre_meditation,493,1759.977,450.508,7.508,0.6903,71.77,652.7
kundalini_yoga,Y3,pre_meditation,496,1762.711,453.242,7.554,0.6944,67.34,652.7
kundalini_yoga,Y3,pre_meditation,499,1765.484,456.015,7.6,0.6987,63.97,652.7
kundalini_yoga,Y3,pre_meditation,502,1768.32,458.851,7.648,0.703,60.98,652.7
kundalini_yoga,Y3,pre_meditation,505,1771.227,461.758,7.696,0.7075,59.06,652.7
kundalini_yoga,Y3,pre_meditation,508,1774.148,464.679,7.745,0.712,60.48,652.7
kundalini_yoga,Y3,pre_meditation,511,1776.836,467.367,7.789,0.7161,66.23,652.7
kundalini_yoga,Y3,pre_meditation,514,1779.555,470.086,7.835,0.7203,65.08,652.7
kundalini_yoga,Y3,pre_meditation,517,1782.367,472.898,7.882,0.7246,65.08,652.7
kundalini_yoga,Y3,pre_meditation,520,1785.094,475.625,7.927,0.7287,69.85,652.7
kundalini_yoga,Y3,pre_meditation,523,1787.805,478.336,7.972,0.7329,68.57,652.7
kundalini_yoga,Y3,pre_meditation,526,1790.594,481.125,8.019,0.7372,63.97,652.7
kundalini_yoga,Y3,pre_meditation,529,1793.484,484.015,8.067,0.7416,63.49,652.7
kundalini_yoga,Y3,pre_meditation,532,1796.352,486.883,8.115,0.746,60.48,652.7
kundalini_yoga,Y3,pre_meditation,535,1799.109,489.64,8.161,0.7502,63.97,652.7
kundalini_yoga,Y3,pre_meditation,538,1801.875,492.406,8.207,0.7545,63.97,652.7
kundalini_yoga,Y3,pre_meditation,541,1804.859,495.39,8.256,0.759,59.06,652.7
kundalini_yoga,Y3,pre_meditation,544,1807.711,498.242,8.304,0.7634,63.97,652.7
kundalini_yoga,Y3,pre_meditation,547,1810.523,501.054,8.351,0.7677,66.23,652.7
kundalini_yoga,Y3,pre_meditation,550,1813.258,503.789,8.396,0.7719,67.34,652.7
kundalini_yoga,Y3,pre_meditation,553,1816.078,506.609,8.443,0.7762,66.82,652.7
kundalini_yoga,Y3,pre_meditation,556,1818.844,509.375,8.49,0.7805,65.08,652.7
kundalini_yoga,Y3,pre_meditation,559,1821.555,512.086,8.535,0.7846,67.34,652.7
kundalini_yoga,Y3,pre_meditation,562,1824.289,514.82,8.58,0.7888,63.49,652.7
kundalini_yoga,Y3,pre_meditation,565,1827.023,517.554,8.626,0.793,66.23,652.7
kundalini_yoga,Y3,pre_meditation,568,1829.484,520.015,8.667,0.7968,75.28,652.7
kundalini_yoga,Y3,pre_meditation,571,1831.875,522.406,8.707,0.8004,69.85,652.7
kundalini_yoga,Y3,pre_meditation,574,1834.344,524.875,8.748,0.8042,73.17,652.7
kundalini_yoga,Y3,pre_meditation,577,1836.602,527.133,8.786,0.8077,80.86,652.7
kundalini_yoga,Y3,pre_meditation,580,1838.758,529.289,8.821,0.811,86.33,652.7
kundalini_yoga,Y3,pre_meditation,583,1840.992,531.523,8.859,0.8144,76.82,652.7
kundalini_yoga,Y3,pre_meditation,586,1843.57,534.101,8.902,0.8183,67.34,652.7
kundalini_yoga,Y3,pre_meditation,589,1846.312,536.843,8.947,0.8225,65.08,652.7
kundalini_yoga,Y3,pre_meditation,592,1848.984,539.515,8.992,0.8266,67.95,652.7
kundalini_yoga,Y3,pre_meditation,595,1851.586,542.117,9.035,0.8306,69.85,652.7
kundalini_yoga,Y3,pre_meditation,598,1854.125,544.656,9.078,0.8345,72.46,652.7
kundalini_yoga,Y3,pre_meditation,601,1856.75,547.281,9.121,0.8385,69.85,652.7
kundalini_yoga,Y3,pre_meditation,604,1859.383,549.914,9.165,0.8426,67.34,652.7
kundalini_yoga,Y3,pre_meditation,607,1862.148,552.679,9.211,0.8468,60.0,652.7
kundalini_yoga,Y3,pre_meditation,610,1864.984,555.515,9.259,0.8512,62.96,652.7
kundalini_yoga,Y3,pre_meditation,613,1867.594,558.125,9.302,0.8551,68.57,652.7
kundalini_yoga,Y3,pre_meditation,616,1870.32,560.851,9.348,0.8593,63.49,652.7
kundalini_yoga,Y3,pre_meditation,619,1872.992,563.523,9.392,0.8634,66.23,652.7
kundalini_yoga,Y3,pre_meditation,622,1875.734,566.265,9.438,0.8676,66.23,652.7
kundalini_yoga,Y3,pre_meditation,625,1878.461,568.992,9.483,0.8718,65.65,652.7
kundalini_yoga,Y3,pre_meditation,628,1881.109,571.64,9.527,0.8759,69.85,652.7
kundalini_yoga,Y3,pre_meditation,631,1883.766,574.297,9.572,0.8799,70.42,652.7
kundalini_yoga,Y3,pre_meditation,634,1886.539,577.07,9.618,0.8842,65.65,652.7
kundalini_yoga,Y3,pre_meditation,637,1889.32,579.851,9.664,0.8884,67.34,652.7
kundalini_yoga,Y3,pre_meditation,640,1891.891,582.422,9.707,0.8924,73.17,652.7
kundalini_yoga,Y3,pre_meditation,643,1894.391,584.922,9.749,0.8962,73.17,652.7
kundalini_yoga,Y3,pre_meditation,646,1896.82,587.351,9.789,0.8999,74.53,652.7
kundalini_yoga,Y3,pre_meditation,649,1899.32,589.851,9.831,0.9038,73.89,652.7
kundalini_yoga,Y3,pre_meditation,652,1901.898,592.429,9.874,0.9077,66.82,652.7
kundalini_yoga,Y3,pre_meditation,655,1904.547,595.078,9.918,0.9118,68.57,652.7
kundalini_yoga,Y3,pre_meditation,658,1907.203,597.734,9.962,0.9158,70.42,652.7
kundalini_yoga,Y3,pre_meditation,661,1909.719,600.25,10.004,0.9197,67.95,652.7
kundalini_yoga,Y3,pre_meditation,664,1912.414,602.945,10.049,0.9238,63.49,652.7
kundalini_yoga,Y3,pre_meditation,667,1915.25,605.781,10.096,0.9282,65.08,652.7
kundalini_yoga,Y3,pre_meditation,670,1917.969,608.5,10.142,0.9323,68.57,652.7
kundalini_yoga,Y3,pre_meditation,673,1920.859,611.39,10.19,0.9368,60.0,652.7
kundalini_yoga,Y3,pre_meditation,676,1923.641,614.172,10.236,0.941,62.96,652.7
kundalini_yoga,Y3,pre_meditation,679,1926.352,616.883,10.281,0.9452,66.23,652.7
kundalini_yoga,Y3,pre_meditation,682,1929.07,619.601,10.327,0.9493,67.34,652.7
kundalini_yoga,Y3,pre_meditation,685,1931.906,622.437,10.374,0.9537,66.23,652.7
kundalini_yoga,Y3,pre_meditation,688,1934.742,625.273,10.421,0.958,66.23,652.7
kundalini_yoga,Y3,pre_meditation,691,1937.461,627.992,10.467,0.9622,70.42,652.7
kundalini_yoga,Y3,pre_meditation,694,1940.016,630.547,10.509,0.9661,72.46,652.7
kundalini_yoga,Y3,pre_meditation,697,1942.461,632.992,10.55,0.9699,72.46,652.7
kundalini_yoga,Y3,pre_meditation,700,1944.805,635.336,10.589,0.9735,77.62,652.7
kundalini_yoga,Y3,pre_meditation,703,1947.164,637.695,10.628,0.9771,78.33,652.7
kundalini_yoga,Y3,pre_meditation,706,1949.523,640.054,10.668,0.9807,77.62,652.7
kundalini_yoga,Y3,pre_meditation,709,1952.047,642.578,10.71,0.9845,67.95,652.7
kundalini_yoga,Y3,pre_meditation,712,1954.859,645.39,10.756,0.9889,60.48,652.7
kundalini_yoga,Y3,pre_meditation,715,1957.57,648.101,10.802,0.993,67.34,652.7
kundalini_yoga,Y3,pre_meditation,718,1960.211,650.742,10.846,0.9971,65.65,652.7
kundalini_yoga,Y4,meditation,1,1872.719,0.0,0.0,0.0,92.59,665.1
kundalini_yoga,Y4,meditation,5,1875.211,2.492,0.042,0.0037,97.24,665.1
kundalini_yoga,Y4,meditation,9,1878.32,5.601,0.093,0.0084,65.65,665.1
kundalini_yoga,Y4,meditation,13,1881.328,8.609,0.143,0.0129,89.29,665.1
kundalini_yoga,Y4,meditation,17,1883.875,11.156,0.186,0.0168,96.0,665.1
kundalini_yoga,Y4,meditation,21,1886.422,13.703,0.228,0.0206,90.36,665.1
kundalini_yoga,Y4,meditation,25,1889.25,16.531,0.276,0.0249,85.35,665.1
kundalini_yoga,Y4,meditation,29,1891.914,19.195,0.32,0.0289,94.79,665.1
kundalini_yoga,Y4,meditation,33,1894.312,21.593,0.36,0.0325,103.81,665.1
kundalini_yoga,Y4,meditation,37,1896.719,24.0,0.4,0.0361,97.24,665.1
kundalini_yoga,Y4,meditation,41,1899.844,27.125,0.452,0.0408,87.21,665.1
kundalini_yoga,Y4,meditation,45,1902.32,29.601,0.493,0.0445,101.01,665.1
kundalini_yoga,Y4,meditation,49,1904.836,32.117,0.535,0.0483,89.29,665.1
kundalini_yoga,Y4,meditation,53,1907.789,35.07,0.585,0.0527,84.39,665.1
kundalini_yoga,Y4,meditation,57,1910.336,37.617,0.627,0.0566,99.67,665.1
kundalini_yoga,Y4,meditation,61,1912.695,39.976,0.666,0.0601,101.01,665.1
kundalini_yoga,Y4,meditation,65,1915.375,42.656,0.711,0.0641,82.53,665.1
kundalini_yoga,Y4,meditation,69,1917.945,45.226,0.754,0.068,97.24,665.1
kundalini_yoga,Y4,meditation,73,1920.406,47.687,0.795,0.0717,97.24,665.1
kundalini_yoga,Y4,meditation,77,1923.203,50.484,0.841,0.0759,77.62,665.1
kundalini_yoga,Y4,meditation,81,1925.867,53.148,0.886,0.0799,96.0,665.1
kundalini_yoga,Y4,meditation,85,1928.297,55.578,0.926,0.0836,98.52,665.1
kundalini_yoga,Y4,meditation,89,1932.117,59.398,0.99,0.0893,63.49,665.1
kundalini_yoga,Y4,meditation,93,1935.133,62.414,1.04,0.0938,92.59,665.1
kundalini_yoga,Y4,meditation,97,1938.359,65.64,1.094,0.0987,57.75,665.1
kundalini_yoga,Y4,meditation,101,1942.109,69.39,1.157,0.1043,79.16,665.1
kundalini_yoga,Y4,meditation,105,1944.617,71.898,1.198,0.1081,101.01,665.1
kundalini_yoga,Y4,meditation,109,1947.172,74.453,1.241,0.112,85.35,665.1
kundalini_yoga,Y4,meditation,113,1950.68,77.961,1.299,0.1172,80.0,665.1
kundalini_yoga,Y4,meditation,117,1953.344,80.625,1.344,0.1212,96.0,665.1
kundalini_yoga,Y4,meditation,121,1955.719,83.0,1.383,0.1248,102.39,665.1
kundalini_yoga,Y4,meditation,125,1958.438,85.719,1.429,0.1289,68.57,665.1
kundalini_yoga,Y4,meditation,129,1961.727,89.008,1.483,0.1338,84.39,665.1
kundalini_yoga,Y4,meditation,133,1964.219,91.5,1.525,0.1376,101.01,665.1
kundalini_yoga,Y4,meditation,137,1966.953,94.234,1.571,0.1417,67.95,665.1
kundalini_yoga,Y4,meditation,141,1970.305,97.586,1.626,0.1467,83.45,665.1
kundalini_yoga,Y4,meditation,145,1972.836,100.117,1.669,0.1505,98.52,665.1
kundalini_yoga,Y4,meditation,149,1975.375,102.656,1.711,0.1544,90.36,665.1
kundalini_yoga,Y4,meditation,153,1978.812,106.093,1.768,0.1595,75.28,665.1
kundalini_yoga,Y4,meditation,157,1981.562,108.843,1.814,0.1637,99.67,665.1
kundalini_yoga,Y4,meditation,161,1984.516,111.797,1.863,0.1681,99.67,665.1
kundalini_yoga,Y4,meditation,165,1986.836,114.117,1.902,0.1716,99.67,665.1
kundalini_yoga,Y4,meditation,169,1989.398,116.679,1.945,0.1754,98.52,665.1
kundalini_yoga,Y4,meditation,173,1991.727,119.008,1.983,0.1789,105.26,665.1
kundalini_yoga,Y4,meditation,177,1993.992,121.273,2.021,0.1824,105.26,665.1
kundalini_yoga,Y4,meditation,181,1996.25,123.531,2.059,0.1857,105.26,665.1
kundalini_yoga,Y4,meditation,185,1998.766,126.047,2.101,0.1895,90.36,665.1
kundalini_yoga,Y4,meditation,189,2001.297,128.578,2.143,0.1933,99.67,665.1
kundalini_yoga,Y4,meditation,193,2003.609,130.89,2.181,0.1968,106.76,665.1
kundalini_yoga,Y4,meditation,197,2005.852,133.133,2.219,0.2002,105.26,665.1
kundalini_yoga,Y4,meditation,201,2008.805,136.086,2.268,0.2046,67.95,665.1
kundalini_yoga,Y4,meditation,205,2011.852,139.133,2.319,0.2092,88.24,665.1
kundalini_yoga,Y4,meditation,209,2014.258,141.539,2.359,0.2128,102.39,665.1
kundalini_yoga,Y4,meditation,213,2016.625,143.906,2.398,0.2164,97.24,665.1
kundalini_yoga,Y4,meditation,217,2020.219,147.5,2.458,0.2218,61.92,665.1
kundalini_yoga,Y4,meditation,221,2023.445,150.726,2.512,0.2266,88.24,665.1
kundalini_yoga,Y4,meditation,225,2025.898,153.179,2.553,0.2303,98.52,665.1
kundalini_yoga,Y4,meditation,229,2028.773,156.054,2.601,0.2346,65.08,665.1
kundalini_yoga,Y4,meditation,233,2032.023,159.304,2.655,0.2395,81.74,665.1
kundalini_yoga,Y4,meditation,237,2034.539,161.82,2.697,0.2433,99.67,665.1
kundalini_yoga,Y4,meditation,241,2036.906,164.187,2.736,0.2469,98.52,665.1
kundalini_yoga,Y4,meditation,245,2040.172,167.453,2.791,0.2518,63.49,665.1
kundalini_yoga,Y4,meditation,249,2043.211,170.492,2.842,0.2564,94.79,665.1
kundalini_yoga,Y4,meditation,253,2045.609,172.89,2.881,0.26,98.52,665.1
kundalini_yoga,Y4,meditation,257,2048.938,176.219,2.937,0.265,66.82,665.1
kundalini_yoga,Y4,meditation,261,2052.164,179.445,2.991,0.2698,84.39,665.1
kundalini_yoga,Y4,meditation,265,2054.758,182.039,3.034,0.2737,98.52,665.1
kundalini_yoga,Y4,meditation,269,2057.844,185.125,3.085,0.2784,63.49,665.1
kundalini_yoga,Y4,meditation,273,2061.477,188.758,3.146,0.2838,67.95,665.1
kundalini_yoga,Y4,meditation,277,2064.586,191.867,3.198,0.2885,87.21,665.1
kundalini_yoga,Y4,meditation,281,2067.336,194.617,3.244,0.2926,80.86,665.1
kundalini_yoga,Y4,meditation,285,2070.773,198.054,3.301,0.2978,84.39,665.1
kundalini_yoga,Y4,meditation,289,2073.344,200.625,3.344,0.3017,105.26,665.1
kundalini_yoga,Y4,meditation,293,2075.648,202.929,3.382,0.3051,108.11,665.1
kundalini_yoga,Y4,meditation,297,2078.109,205.39,3.423,0.3088,91.46,665.1
kundalini_yoga,Y4,meditation,301,2080.742,208.023,3.467,0.3128,96.0,665.1
kundalini_yoga,Y4,meditation,305,2083.156,210.437,3.507,0.3164,101.01,665.1
kundalini_yoga,Y4,meditation,309,2085.461,212.742,3.546,0.3199,103.81,665.1
kundalini_yoga,Y4,meditation,313,2087.797,215.078,3.585,0.3234,101.01,665.1
kundalini_yoga,Y4,meditation,317,2090.992,218.273,3.638,0.3282,75.28,665.1
kundalini_yoga,Y4,meditation,321,2093.719,221.0,3.683,0.3323,94.79,665.1
kundalini_yoga,Y4,meditation,325,2096.031,223.312,3.722,0.3358,112.99,665.1
kundalini_yoga,Y4,meditation,329,2098.305,225.586,3.76,0.3392,105.26,665.1
kundalini_yoga,Y4,meditation,333,2100.945,228.226,3.804,0.3432,69.2,665.1
kundalini_yoga,Y4,meditation,337,2104.133,231.414,3.857,0.348,84.39,665.1
kundalini_yoga,Y4,meditation,341,2106.555,233.836,3.897,0.3516,106.76,665.1
kundalini_yoga,Y4,meditation,345,2108.734,236.015,3.934,0.3549,111.32,665.1
kundalini_yoga,Y4,meditation,349,2110.938,238.219,3.97,0.3582,105.26,665.1
kundalini_yoga,Y4,meditation,353,2113.383,240.664,4.011,0.3619,98.52,665.1
kundalini_yoga,Y4,meditation,357,2115.68,242.961,4.049,0.3653,105.26,665.1
kundalini_yoga,Y4,meditation,361,2117.898,245.179,4.086,0.3687,108.11,665.1
kundalini_yoga,Y4,meditation,365,2120.195,247.476,4.125,0.3721,101.01,665.1
kundalini_yoga,Y4,meditation,369,2123.391,250.672,4.178,0.3769,80.0,665.1
kundalini_yoga,Y4,meditation,373,2125.93,253.211,4.22,0.3807,99.67,665.1
kundalini_yoga,Y4,meditation,377,2128.078,255.359,4.256,0.384,112.99,665.1
kundalini_yoga,Y4,meditation,381,2130.219,257.5,4.292,0.3872,112.99,665.1
kundalini_yoga,Y4,meditation,385,2132.695,259.976,4.333,0.3909,76.82,665.1
kundalini_yoga,Y4,meditation,389,2135.555,262.836,4.381,0.3952,92.59,665.1
kundalini_yoga,Y4,meditation,393,2137.859,265.14,4.419,0.3987,111.32,665.1
kundalini_yoga,Y4,meditation,397,2140.031,267.312,4.455,0.4019,112.99,665.1
kundalini_yoga,Y4,meditation,401,2142.18,269.461,4.491,0.4052,108.11,665.1
kundalini_yoga,Y4,meditation,405,2145.18,272.461,4.541,0.4097,70.42,665.1
kundalini_yoga,Y4,meditation,409,2148.047,275.328,4.589,0.414,93.6,665.1
kundalini_yoga,Y4,meditation,413,2150.312,277.593,4.627,0.4174,109.69,665.1
kundalini_yoga,Y4,meditation,417,2152.469,279.75,4.662,0.4206,111.32,665.1
kundalini_yoga,Y4,meditation,421,2154.75,282.031,4.701,0.4241,99.67,665.1
kundalini_yoga,Y4,meditation,425,2158.289,285.57,4.76,0.4294,72.46,665.1
kundalini_yoga,Y4,meditation,429,2161.125,288.406,4.807,0.4337,93.6,665.1
kundalini_yoga,Y4,meditation,433,2163.43,290.711,4.845,0.4371,112.99,665.1
kundalini_yoga,Y4,meditation,437,2165.688,292.969,4.883,0.4405,106.76,665.1
kundalini_yoga,Y4,meditation,441,2168.578,295.859,4.931,0.4449,56.87,665.1
kundalini_yoga,Y4,meditation,445,2172.055,299.336,4.989,0.4501,76.82,665.1
kundalini_yoga,Y4,meditation,449,2174.539,301.82,5.03,0.4538,108.11,665.1
kundalini_yoga,Y4,meditation,453,2176.773,304.054,5.068,0.4572,108.11,665.1
kundalini_yoga,Y4,meditation,457,2179.016,306.297,5.105,0.4606,102.39,665.1
kundalini_yoga,Y4,meditation,461,2181.812,309.093,5.152,0.4648,78.33,665.1
kundalini_yoga,Y4,meditation,465,2184.641,311.922,5.199,0.469,90.36,665.1
kundalini_yoga,Y4,meditation,469,2186.992,314.273,5.238,0.4726,108.11,665.1
kundalini_yoga,Y4,meditation,473,2189.211,316.492,5.275,0.4759,108.11,665.1
kundalini_yoga,Y4,meditation,477,2191.711,318.992,5.317,0.4796,74.53,665.1
kundalini_yoga,Y4,meditation,481,2194.609,321.89,5.365,0.484,90.36,665.1
kundalini_yoga,Y4,meditation,485,2196.844,324.125,5.402,0.4874,134.83,665.1
kundalini_yoga,Y4,meditation,489,2199.336,326.617,5.444,0.4911,105.26,665.1
kundalini_yoga,Y4,meditation,493,2201.844,329.125,5.485,0.4949,90.36,665.1
kundalini_yoga,Y4,meditation,497,2204.32,331.601,5.527,0.4986,99.67,665.1
kundalini_yoga,Y4,meditation,501,2206.609,333.89,5.565,0.502,103.81,665.1
kundalini_yoga,Y4,meditation,505,2209.094,336.375,5.606,0.5058,87.21,665.1
kundalini_yoga,Y4,meditation,509,2212.406,339.687,5.661,0.5108,83.45,665.1
kundalini_yoga,Y4,meditation,513,2214.844,342.125,5.702,0.5144,105.26,665.1
kundalini_yoga,Y4,meditation,517,2217.086,344.367,5.739,0.5178,105.26,665.1
kundalini_yoga,Y4,meditation,521,2220.531,347.812,5.797,0.523,75.28,665.1
kundalini_yoga,Y4,meditation,525,2223.141,350.422,5.84,0.5269,101.01,665.1
kundalini_yoga,Y4,meditation,529,2225.453,352.734,5.879,0.5304,103.81,665.1
kundalini_yoga,Y4,meditation,533,2228.016,355.297,5.922,0.5342,87.21,665.1
kundalini_yoga,Y4,meditation,537,2231.328,358.609,5.977,0.5392,72.46,665.1
kundalini_yoga,Y4,meditation,541,2234.258,361.539,6.026,0.5436,90.36,665.1
kundalini_yoga,Y4,meditation,545,2236.625,363.906,6.065,0.5472,105.26,665.1
kundalini_yoga,Y4,meditation,549,2238.93,366.211,6.104,0.5506,105.26,665.1
kundalini_yoga,Y4,meditation,553,2241.633,368.914,6.149,0.5547,71.77,665.1
kundalini_yoga,Y4,meditation,557,2245.406,372.687,6.211,0.5604,62.44,665.1
kundalini_yoga,Y4,meditation,561,2248.531,375.812,6.264,0.5651,88.24,665.1
kundalini_yoga,Y4,meditation,565,2250.969,378.25,6.304,0.5688,101.01,665.1
kundalini_yoga,Y4,meditation,569,2253.43,380.711,6.345,0.5725,94.79,665.1
kundalini_yoga,Y4,meditation,573,2256.68,383.961,6.399,0.5773,61.92,665.1
kundalini_yoga,Y4,meditation,577,2260.523,387.804,6.463,0.5831,68.57,665.1
kundalini_yoga,Y4,meditation,581,2263.391,390.672,6.511,0.5874,91.46,665.1
kundalini_yoga,Y4,meditation,585,2266.625,393.906,6.565,0.5923,62.96,665.1
kundalini_yoga,Y4,meditation,589,2269.125,396.406,6.607,0.5961,97.24,665.1
kundalini_yoga,Y4,meditation,593,2272.422,399.703,6.662,0.601,70.42,665.1
kundalini_yoga,Y4,meditation,597,2275.375,402.656,6.711,0.6054,89.29,665.1
kundalini_yoga,Y4,meditation,601,2277.734,405.015,6.75,0.609,106.76,665.1
kundalini_yoga,Y4,meditation,605,2280.719,408.0,6.8,0.6135,98.52,665.1
kundalini_yoga,Y4,meditation,609,2284.047,411.328,6.855,0.6185,67.34,665.1
kundalini_yoga,Y4,meditation,613,2287.125,414.406,6.907,0.6231,85.35,665.1
kundalini_yoga,Y4,meditation,617,2289.602,416.883,6.948,0.6268,102.39,665.1
kundalini_yoga,Y4,meditation,621,2291.953,419.234,6.987,0.6304,99.67,665.1
kundalini_yoga,Y4,meditation,625,2295.344,422.625,7.044,0.6355,58.65,665.1
kundalini_yoga,Y4,meditation,629,2299.008,426.289,7.105,0.641,76.82,665.1
kundalini_yoga,Y4,meditation,633,2301.594,428.875,7.148,0.6449,98.52,665.1
kundalini_yoga,Y4,meditation,637,2304.062,431.343,7.189,0.6486,99.67,665.1
kundalini_yoga,Y4,meditation,641,2306.594,433.875,7.231,0.6524,88.24,665.1
kundalini_yoga,Y4,meditation,645,2310.391,437.672,7.295,0.6581,63.49,665.1
kundalini_yoga,Y4,meditation,649,2313.477,440.758,7.346,0.6627,90.36,665.1
kundalini_yoga,Y4,meditation,653,2315.93,443.211,7.387,0.6664,101.01,665.1
kundalini_yoga,Y4,meditation,657,2318.336,445.617,7.427,0.67,96.0,665.1
kundalini_yoga,Y4,meditation,661,2322.062,449.343,7.489,0.6756,56.87,665.1
kundalini_yoga,Y4,meditation,665,2325.586,452.867,7.548,0.6809,78.33,665.1
kundalini_yoga,Y4,meditation,669,2328.219,455.5,7.592,0.6849,97.24,665.1
kundalini_yoga,Y4,meditation,673,2331.312,458.593,7.643,0.6896,70.42,665.1
kundalini_yoga,Y4,meditation,677,2333.883,461.164,7.686,0.6934,89.29,665.1
kundalini_yoga,Y4,meditation,681,2337.625,464.906,7.748,0.6991,69.85,665.1
kundalini_yoga,Y4,meditation,685,2340.547,467.828,7.797,0.7034,89.29,665.1
kundalini_yoga,Y4,meditation,689,2342.977,470.258,7.838,0.7071,102.39,665.1
kundalini_yoga,Y4,meditation,693,2345.523,472.804,7.88,0.7109,85.35,665.1
kundalini_yoga,Y4,meditation,697,2349.438,476.719,7.945,0.7168,62.44,665.1
kundalini_yoga,Y4,meditation,701,2352.656,479.937,7.999,0.7217,64.52,665.1
kundalini_yoga,Y4,meditation,705,2355.141,482.422,8.04,0.7254,101.01,665.1
kundalini_yoga,Y4,meditation,709,2358.094,485.375,8.09,0.7298,74.53,665.1
kundalini_yoga,Y4,meditation,713,2361.656,488.937,8.149,0.7352,83.45,665.1
kundalini_yoga,Y4,meditation,717,2365.672,492.953,8.216,0.7412,58.2,665.1
kundalini_yoga,Y4,meditation,721,2369.586,496.867,8.281,0.7471,93.6,665.1
kundalini_yoga,Y4,meditation,725,2372.031,499.312,8.322,0.7508,99.67,665.1
kundalini_yoga,Y4,meditation,729,2375.398,502.679,8.378,0.7558,66.82,665.1
kundalini_yoga,Y4,meditation,733,2379.117,506.398,8.44,0.7614,66.82,665.1
kundalini_yoga,Y4,meditation,737,2382.508,509.789,8.496,0.7665,73.89,665.1
kundalini_yoga,Y4,meditation,741,2385.352,512.633,8.544,0.7708,91.46,665.1
kundalini_yoga,Y4,meditation,745,2387.883,515.164,8.586,0.7746,92.59,665.1
kundalini_yoga,Y4,meditation,749,2390.875,518.156,8.636,0.7791,69.2,665.1
kundalini_yoga,Y4,meditation,753,2394.781,522.062,8.701,0.785,63.97,665.1
kundalini_yoga,Y4,meditation,757,2397.836,525.117,8.752,0.7896,88.24,665.1
kundalini_yoga,Y4,meditation,761,2400.383,527.664,8.794,0.7934,96.0,665.1
kundalini_yoga,Y4,meditation,765,2403.086,530.367,8.839,0.7975,83.45,665.1
kundalini_yoga,Y4,meditation,769,2406.359,533.64,8.894,0.8024,69.2,665.1
kundalini_yoga,Y4,meditation,773,2410.188,537.469,8.958,0.8082,87.21,665.1
kundalini_yoga,Y4,meditation,777,2412.641,539.922,8.999,0.8118,102.39,665.1
kundalini_yoga,Y4,meditation,781,2415.359,542.64,9.044,0.8159,67.95,665.1
kundalini_yoga,Y4,meditation,785,2418.984,546.265,9.104,0.8214,62.44,665.1
kundalini_yoga,Y4,meditation,789,2422.203,549.484,9.158,0.8262,83.45,665.1
kundalini_yoga,Y4,meditation,793,2424.844,552.125,9.202,0.8302,91.46,665.1
kundalini_yoga,Y4,meditation,797,2427.344,554.625,9.244,0.834,98.52,665.1
kundalini_yoga,Y4,meditation,801,2429.805,557.086,9.285,0.8377,93.6,665.1
kundalini_yoga,Y4,meditation,805,2432.992,560.273,9.338,0.8424,62.44,665.1
kundalini_yoga,Y4,meditation,809,2436.266,563.547,9.392,0.8474,80.86,665.1
kundalini_yoga,Y4,meditation,813,2438.898,566.179,9.436,0.8513,96.0,665.1
kundalini_yoga,Y4,meditation,817,2441.32,568.601,9.477,0.855,98.52,665.1
kundalini_yoga,Y4,meditation,821,2444.289,571.57,9.526,0.8594,62.44,665.1
kundalini_yoga,Y4,meditation,825,2447.758,575.039,9.584,0.8647,67.34,665.1
kundalini_yoga,Y4,meditation,829,2450.992,578.273,9.638,0.8695,77.62,665.1
kundalini_yoga,Y4,meditation,833,2453.75,581.031,9.684,0.8737,90.36,665.1
kundalini_yoga,Y4,meditation,837,2456.359,583.64,9.727,0.8776,89.29,665.1
kundalini_yoga,Y4,meditation,841,2460.102,587.383,9.79,0.8832,62.44,665.1
kundalini_yoga,Y4,meditation,845,2463.617,590.898,9.848,0.8885,73.17,665.1
kundalini_yoga,Y4,meditation,849,2466.406,593.687,9.895,0.8927,91.46,665.1
kundalini_yoga,Y4,meditation,853,2468.773,596.054,9.934,0.8962,123.97,665.1
kundalini_yoga,Y4,meditation,857,2471.906,599.187,9.986,0.901,88.24,665.1
kundalini_yoga,Y4,meditation,861,2475.312,602.593,10.043,0.9061,73.89,665.1
kundalini_yoga,Y4,meditation,865,2478.203,605.484,10.091,0.9104,88.24,665.1
kundalini_yoga,Y4,meditation,869,2480.727,608.008,10.133,0.9142,98.52,665.1
kundalini_yoga,Y4,meditation,873,2483.188,610.469,10.174,0.9179,97.24,665.1
kundalini_yoga,Y4,meditation,877,2486.344,613.625,10.227,0.9227,67.95,665.1
kundalini_yoga,Y4,meditation,881,2490.148,617.429,10.29,0.9284,62.44,665.1
kundalini_yoga,Y4,meditation,885,2492.57,619.851,10.331,0.932,103.81,665.1
kundalini_yoga,Y4,meditation,889,2495.867,623.148,10.386,0.937,90.36,665.1
kundalini_yoga,Y4,meditation,893,2498.953,626.234,10.437,0.9416,65.08,665.1
kundalini_yoga,Y4,meditation,897,2503.211,630.492,10.508,0.948,83.45,665.1
kundalini_yoga,Y4,meditation,901,2505.805,633.086,10.551,0.9519,96.0,665.1
kundalini_yoga,Y4,meditation,905,2509.133,636.414,10.607,0.9569,66.82,665.1
kundalini_yoga,Y4,meditation,909,2512.977,640.258,10.671,0.9627,61.41,665.1
kundalini_yoga,Y4,meditation,913,2516.367,643.648,10.727,0.9678,82.53,665.1
kundalini_yoga,Y4,meditation,917,2519.719,647.0,10.783,0.9729,69.2,665.1
kundalini_yoga,Y4,meditation,921,2523.266,650.547,10.842,0.9782,48.9,665.1
kundalini_yoga,Y4,meditation,925,2526.398,653.679,10.895,0.9829,81.74,665.1
kundalini_yoga,Y4,meditation,929,2529.055,656.336,10.939,0.9869,96.0,665.1
kundalini_yoga,Y4,meditation,933,2531.875,659.156,10.986,0.9911,84.39,665.1
kundalini_yoga,Y4,meditation,937,2535.062,662.343,11.039,0.9959,58.2,665.1
kundalini_yoga,Y4,pre_meditation,1,1005.336,0.0,0.0,0.0,52.59,602.7
kundalini_yoga,Y4,pre_meditation,3,1007.586,2.25,0.037,0.0037,53.72,602.7
kundalini_yoga,Y4,pre_meditation,5,1009.695,4.359,0.073,0.0072,57.31,602.7
kundalini_yoga,Y4,pre_meditation,7,1011.844,6.508,0.108,0.0108,55.66,602.7
kundalini_yoga,Y4,pre_meditation,9,1014.188,8.852,0.148,0.0147,51.19,602.7
kundalini_yoga,Y4,pre_meditation,11,1016.523,11.187,0.186,0.0186,50.51,602.7
kundalini_yoga,Y4,pre_meditation,13,1018.742,13.406,0.223,0.0222,53.33,602.7
kundalini_yoga,Y4,pre_meditation,15,1021.156,15.82,0.264,0.0262,49.88,602.7
kundalini_yoga,Y4,pre_meditation,17,1023.602,18.266,0.304,0.0303,50.51,602.7
kundalini_yoga,Y4,pre_meditation,19,1025.797,20.461,0.341,0.0339,56.5,602.7
kundalini_yoga,Y4,pre_meditation,21,1027.922,22.586,0.376,0.0375,60.0,602.7
kundalini_yoga,Y4,pre_meditation,23,1029.82,24.484,0.408,0.0406,65.65,602.7
kundalini_yoga,Y4,pre_meditation,25,1031.828,26.492,0.442,0.044,55.25,602.7
kundalini_yoga,Y4,pre_meditation,27,1033.914,28.578,0.476,0.0474,56.5,602.7
kundalini_yoga,Y4,pre_meditation,29,1036.047,30.711,0.512,0.051,56.87,602.7
kundalini_yoga,Y4,pre_meditation,31,1038.086,32.75,0.546,0.0543,58.65,602.7
kundalini_yoga,Y4,pre_meditation,33,1040.25,34.914,0.582,0.0579,52.96,602.7
kundalini_yoga,Y4,pre_meditation,35,1042.578,37.242,0.621,0.0618,52.26,602.7
kundalini_yoga,Y4,pre_meditation,37,1044.852,39.516,0.659,0.0656,53.72,602.7
kundalini_yoga,Y4,pre_meditation,39,1047.102,41.766,0.696,0.0693,55.25,602.7
kundalini_yoga,Y4,pre_meditation,41,1049.508,44.172,0.736,0.0733,48.31,602.7
kundalini_yoga,Y4,pre_meditation,43,1052.445,47.109,0.785,0.0782,58.65,602.7
kundalini_yoga,Y4,pre_meditation,45,1054.914,49.578,0.826,0.0823,41.96,602.7
kundalini_yoga,Y4,pre_meditation,47,1057.703,52.367,0.873,0.0869,45.45,602.7
kundalini_yoga,Y4,pre_meditation,49,1061.047,55.711,0.929,0.0924,38.78,602.7
kundalini_yoga,Y4,pre_meditation,51,1064.266,58.93,0.982,0.0978,41.96,602.7
kundalini_yoga,Y4,pre_meditation,53,1067.047,61.711,1.029,0.1024,42.19,602.7
kundalini_yoga,Y4,pre_meditation,55,1069.758,64.422,1.074,0.1069,40.62,602.7
kundalini_yoga,Y4,pre_meditation,57,1072.758,67.422,1.124,0.1119,41.52,602.7
kundalini_yoga,Y4,pre_meditation,59,1075.609,70.273,1.171,0.1166,41.72,602.7
kundalini_yoga,Y4,pre_meditation,61,1078.336,73.0,1.217,0.1211,43.13,602.7
kundalini_yoga,Y4,pre_meditation,63,1081.305,75.969,1.266,0.1261,41.96,602.7
kundalini_yoga,Y4,pre_meditation,65,1083.945,78.609,1.31,0.1304,50.51,602.7
kundalini_yoga,Y4,pre_meditation,67,1086.5,81.164,1.353,0.1347,41.52,602.7
kundalini_yoga,Y4,pre_meditation,69,1089.375,84.039,1.401,0.1394,43.13,602.7
kundalini_yoga,Y4,pre_meditation,71,1092.133,86.797,1.447,0.144,42.43,602.7
kundalini_yoga,Y4,pre_meditation,73,1095.062,89.726,1.495,0.1489,40.43,602.7
kundalini_yoga,Y4,pre_meditation,75,1098.234,92.898,1.548,0.1541,38.22,602.7
kundalini_yoga,Y4,pre_meditation,77,1101.352,96.016,1.6,0.1593,38.41,602.7
kundalini_yoga,Y4,pre_meditation,79,1104.336,99.0,1.65,0.1643,40.43,602.7
kundalini_yoga,Y4,pre_meditation,81,1107.312,101.976,1.7,0.1692,43.38,602.7
kundalini_yoga,Y4,pre_meditation,83,1110.062,104.726,1.745,0.1738,44.38,602.7
kundalini_yoga,Y4,pre_meditation,85,1112.719,107.383,1.79,0.1782,44.64,602.7
kundalini_yoga,Y4,pre_meditation,87,1115.469,110.133,1.836,0.1827,45.73,602.7
kundalini_yoga,Y4,pre_meditation,89,1118.312,112.976,1.883,0.1875,41.96,602.7
kundalini_yoga,Y4,pre_meditation,91,1121.375,116.039,1.934,0.1925,40.84,602.7
kundalini_yoga,Y4,pre_meditation,93,1124.438,119.102,1.985,0.1976,41.07,602.7
kundalini_yoga,Y4,pre_meditation,95,1127.07,121.734,2.029,0.202,44.91,602.7
kundalini_yoga,Y4,pre_meditation,97,1129.844,124.508,2.075,0.2066,42.67,602.7
kundalini_yoga,Y4,pre_meditation,99,1132.602,127.266,2.121,0.2112,45.45,602.7
kundalini_yoga,Y4,pre_meditation,101,1135.25,129.914,2.165,0.2156,40.43,602.7
kundalini_yoga,Y4,pre_meditation,103,1138.141,132.805,2.213,0.2204,41.29,602.7
kundalini_yoga,Y4,pre_meditation,105,1141.008,135.672,2.261,0.2251,41.72,602.7
kundalini_yoga,Y4,pre_meditation,107,1143.875,138.539,2.309,0.2299,41.52,602.7
kundalini_yoga,Y4,pre_meditation,109,1146.766,141.43,2.357,0.2347,41.07,602.7
kundalini_yoga,Y4,pre_meditation,111,1149.609,144.273,2.405,0.2394,42.43,602.7
kundalini_yoga,Y4,pre_meditation,113,1152.391,147.055,2.451,0.244,43.13,602.7
kundalini_yoga,Y4,pre_meditation,115,1155.258,149.922,2.499,0.2488,42.19,602.7
kundalini_yoga,Y4,pre_meditation,117,1158.07,152.734,2.546,0.2534,41.96,602.7
kundalini_yoga,Y4,pre_meditation,119,1160.758,155.422,2.59,0.2579,48.0,602.7
kundalini_yoga,Y4,pre_meditation,121,1163.43,158.094,2.635,0.2623,43.38,602.7
kundalini_yoga,Y4,pre_meditation,123,1165.828,160.492,2.675,0.2663,49.55,602.7
kundalini_yoga,Y4,pre_meditation,125,1167.953,162.617,2.71,0.2698,56.87,602.7
kundalini_yoga,Y4,pre_meditation,127,1169.984,164.648,2.744,0.2732,63.49,602.7
kundalini_yoga,Y4,pre_meditation,129,1172.023,166.687,2.778,0.2766,58.2,602.7
kundalini_yoga,Y4,pre_meditation,131,1174.125,168.789,2.813,0.2801,57.31,602.7
kundalini_yoga,Y4,pre_meditation,133,1176.445,171.109,2.852,0.2839,51.19,602.7
kundalini_yoga,Y4,pre_meditation,135,1178.734,173.398,2.89,0.2877,52.59,602.7
kundalini_yoga,Y4,pre_meditation,137,1180.883,175.547,2.926,0.2913,58.65,602.7
kundalini_yoga,Y4,pre_meditation,139,1182.703,177.367,2.956,0.2943,65.08,602.7
kundalini_yoga,Y4,pre_meditation,141,1184.953,179.617,2.994,0.298,53.33,602.7
kundalini_yoga,Y4,pre_meditation,143,1187.281,181.945,3.032,0.3019,51.9,602.7
kundalini_yoga,Y4,pre_meditation,145,1189.594,184.258,3.071,0.3057,48.9,602.7
kundalini_yoga,Y4,pre_meditation,147,1192.18,186.844,3.114,0.31,44.64,602.7
kundalini_yoga,Y4,pre_meditation,149,1194.688,189.352,3.156,0.3142,49.55,602.7
kundalini_yoga,Y4,pre_meditation,151,1197.258,191.922,3.199,0.3184,48.9,602.7
kundalini_yoga,Y4,pre_meditation,153,1199.867,194.531,3.242,0.3228,44.91,602.7
kundalini_yoga,Y4,pre_meditation,155,1203.18,197.844,3.297,0.3283,39.19,602.7
kundalini_yoga,Y4,pre_meditation,157,1205.781,200.445,3.341,0.3326,44.15,602.7
kundalini_yoga,Y4,pre_meditation,159,1208.742,203.406,3.39,0.3375,40.21,602.7
kundalini_yoga,Y4,pre_meditation,161,1211.68,206.344,3.439,0.3424,40.62,602.7
kundalini_yoga,Y4,pre_meditation,163,1214.5,209.164,3.486,0.3471,44.15,602.7
kundalini_yoga,Y4,pre_meditation,165,1217.219,211.883,3.531,0.3516,44.15,602.7
kundalini_yoga,Y4,pre_meditation,167,1219.977,214.641,3.577,0.3561,44.15,602.7
kundalini_yoga,Y4,pre_meditation,169,1222.633,217.297,3.622,0.3605,44.64,602.7
kundalini_yoga,Y4,pre_meditation,171,1225.312,219.976,3.666,0.365,43.64,602.7
kundalini_yoga,Y4,pre_meditation,173,1228.055,222.719,3.712,0.3695,42.92,602.7
kundalini_yoga,Y4,pre_meditation,175,1230.758,225.422,3.757,0.374,44.15,602.7
kundalini_yoga,Y4,pre_meditation,177,1233.547,228.211,3.804,0.3787,43.64,602.7
kundalini_yoga,Y4,pre_meditation,179,1236.258,230.922,3.849,0.3832,45.98,602.7
kundalini_yoga,Y4,pre_meditation,181,1238.93,233.594,3.893,0.3876,44.64,602.7
kundalini_yoga,Y4,pre_meditation,183,1241.602,236.266,3.938,0.392,45.18,602.7
kundalini_yoga,Y4,pre_meditation,185,1244.156,238.82,3.98,0.3963,45.98,602.7
kundalini_yoga,Y4,pre_meditation,187,1247.391,242.055,4.034,0.4016,47.69,602.7
kundalini_yoga,Y4,pre_meditation,189,1250.117,244.781,4.08,0.4061,43.13,602.7
kundalini_yoga,Y4,pre_meditation,191,1253.094,247.758,4.129,0.4111,41.72,602.7
kundalini_yoga,Y4,pre_meditation,193,1255.867,250.531,4.176,0.4157,44.91,602.7
kundalini_yoga,Y4,pre_meditation,195,1258.727,253.391,4.223,0.4204,41.07,602.7
kundalini_yoga,Y4,pre_meditation,197,1261.695,256.359,4.273,0.4254,40.0,602.7
kundalini_yoga,Y4,pre_meditation,199,1264.68,259.344,4.322,0.4303,40.84,602.7
kundalini_yoga,Y4,pre_meditation,201,1267.797,262.461,4.374,0.4355,39.4,602.7
kundalini_yoga,Y4,pre_meditation,203,1270.734,265.398,4.423,0.4404,40.84,602.7
kundalini_yoga,Y4,pre_meditation,205,1273.602,268.266,4.471,0.4451,41.72,602.7
kundalini_yoga,Y4,pre_meditation,207,1276.523,271.187,4.52,0.45,40.21,602.7
kundalini_yoga,Y4,pre_meditation,209,1279.328,273.992,4.567,0.4546,43.38,602.7
kundalini_yoga,Y4,pre_meditation,211,1281.93,276.594,4.61,0.4589,42.92,602.7
kundalini_yoga,Y4,pre_meditation,213,1284.898,279.562,4.659,0.4639,38.99,602.7
kundalini_yoga,Y4,pre_meditation,215,1287.742,282.406,4.707,0.4686,42.67,602.7
kundalini_yoga,Y4,pre_meditation,217,1290.641,285.305,4.755,0.4734,39.58,602.7
kundalini_yoga,Y4,pre_meditation,219,1293.5,288.164,4.803,0.4781,40.0,602.7
kundalini_yoga,Y4,pre_meditation,221,1296.312,290.976,4.85,0.4828,41.72,602.7
kundalini_yoga,Y4,pre_meditation,223,1299.203,293.867,4.898,0.4876,41.07,602.7
kundalini_yoga,Y4,pre_meditation,225,1302.148,296.812,4.947,0.4925,41.96,602.7
kundalini_yoga,Y4,pre_meditation,227,1305.062,299.726,4.995,0.4973,42.43,602.7
kundalini_yoga,Y4,pre_meditation,229,1307.953,302.617,5.044,0.5021,39.19,602.7
kundalini_yoga,Y4,pre_meditation,231,1311.047,305.711,5.095,0.5072,39.58,602.7
kundalini_yoga,Y4,pre_meditation,233,1313.68,308.344,5.139,0.5116,47.69,602.7
kundalini_yoga,Y4,pre_meditation,235,1316.047,310.711,5.179,0.5155,52.26,602.7
kundalini_yoga,Y4,pre_meditation,237,1318.445,313.109,5.218,0.5195,48.9,602.7
kundalini_yoga,Y4,pre_meditation,239,1320.922,315.586,5.26,0.5236,47.69,602.7
kundalini_yoga,Y4,pre_meditation,241,1323.18,317.844,5.297,0.5274,57.31,602.7
kundalini_yoga,Y4,pre_meditation,243,1325.297,319.961,5.333,0.5309,60.98,602.7
kundalini_yoga,Y4,pre_meditation,245,1327.297,321.961,5.366,0.5342,57.75,602.7
kundalini_yoga,Y4,pre_meditation,247,1329.414,324.078,5.401,0.5377,58.2,602.7
kundalini_yoga,Y4,pre_meditation,249,1332.93,327.594,5.46,0.5436,47.39,602.7
kundalini_yoga,Y4,pre_meditation,251,1335.32,329.984,5.5,0.5475,51.19,602.7
kundalini_yoga,Y4,pre_meditation,253,1337.875,332.539,5.542,0.5518,47.39,602.7
kundalini_yoga,Y4,pre_meditation,255,1341.109,335.773,5.596,0.5571,48.0,602.7
kundalini_yoga,Y4,pre_meditation,257,1343.75,338.414,5.64,0.5615,42.19,602.7
kundalini_yoga,Y4,pre_meditation,259,1346.789,341.453,5.691,0.5666,39.79,602.7
kundalini_yoga,Y4,pre_meditation,261,1349.344,344.008,5.733,0.5708,46.55,602.7
kundalini_yoga,Y4,pre_meditation,263,1352.227,346.891,5.782,0.5756,43.64,602.7
kundalini_yoga,Y4,pre_meditation,265,1354.992,349.656,5.828,0.5802,42.43,602.7
kundalini_yoga,Y4,pre_meditation,267,1357.727,352.391,5.873,0.5847,42.92,602.7
kundalini_yoga,Y4,pre_meditation,269,1360.492,355.156,5.919,0.5893,44.64,602.7
kundalini_yoga,Y4,pre_meditation,271,1363.25,357.914,5.965,0.5939,44.15,602.7
kundalini_yoga,Y4,pre_meditation,273,1366.094,360.758,6.013,0.5986,42.92,602.7
kundalini_yoga,Y4,pre_meditation,275,1368.992,363.656,6.061,0.6034,41.07,602.7
kundalini_yoga,Y4,pre_meditation,277,1372.07,366.734,6.112,0.6085,37.29,602.7
kundalini_yoga,Y4,pre_meditation,279,1375.039,369.703,6.162,0.6134,39.19,602.7
kundalini_yoga,Y4,pre_meditation,281,1378.039,372.703,6.212,0.6184,39.79,602.7
kundalini_yoga,Y4,pre_meditation,283,1380.977,375.641,6.261,0.6233,42.43,602.7
kundalini_yoga,Y4,pre_meditation,285,1384.086,378.75,6.312,0.6284,39.19,602.7
kundalini_yoga,Y4,pre_meditation,287,1387.125,381.789,6.363,0.6335,38.41,602.7
kundalini_yoga,Y4,pre_meditation,289,1390.219,384.883,6.415,0.6386,37.64,602.7
kundalini_yoga,Y4,pre_meditation,291,1393.266,387.93,6.466,0.6437,38.99,602.7
kundalini_yoga,Y4,pre_meditation,293,1396.25,390.914,6.515,0.6486,40.43,602.7
kundalini_yoga,Y4,pre_meditation,295,1399.305,393.969,6.566,0.6537,40.43,602.7
kundalini_yoga,Y4,pre_meditation,297,1402.297,396.961,6.616,0.6587,38.99,602.7
kundalini_yoga,Y4,pre_meditation,299,1405.227,399.891,6.665,0.6635,41.52,602.7
kundalini_yoga,Y4,pre_meditation,301,1408.164,402.828,6.714,0.6684,42.92,602.7
kundalini_yoga,Y4,pre_meditation,303,1411.0,405.664,6.761,0.6731,40.43,602.7
kundalini_yoga,Y4,pre_meditation,305,1413.883,408.547,6.809,0.6779,39.79,602.7
kundalini_yoga,Y4,pre_meditation,307,1416.719,411.383,6.856,0.6826,42.19,602.7
kundalini_yoga,Y4,pre_meditation,309,1419.57,414.234,6.904,0.6873,40.43,602.7
kundalini_yoga,Y4,pre_meditation,311,1422.406,417.07,6.951,0.692,42.43,602.7
kundalini_yoga,Y4,pre_meditation,313,1425.406,420.07,7.001,0.697,39.4,602.7
kundalini_yoga,Y4,pre_meditation,315,1428.477,423.141,7.052,0.7021,39.4,602.7
kundalini_yoga,Y4,pre_meditation,317,1431.484,426.148,7.102,0.7071,39.4,602.7
kundalini_yoga,Y4,pre_meditation,319,1434.547,429.211,7.154,0.7122,38.02,602.7
kundalini_yoga,Y4,pre_meditation,321,1437.57,432.234,7.204,0.7172,40.21,602.7
kundalini_yoga,Y4,pre_meditation,323,1440.5,435.164,7.253,0.722,41.07,602.7
kundalini_yoga,Y4,pre_meditation,325,1443.484,438.148,7.302,0.727,40.43,602.7
kundalini_yoga,Y4,pre_meditation,327,1446.461,441.125,7.352,0.7319,40.84,602.7
kundalini_yoga,Y4,pre_meditation,329,1449.383,444.047,7.401,0.7368,42.67,602.7
kundalini_yoga,Y4,pre_meditation,331,1452.25,446.914,7.449,0.7415,41.96,602.7
kundalini_yoga,Y4,pre_meditation,333,1455.641,450.305,7.505,0.7472,39.58,602.7
kundalini_yoga,Y4,pre_meditation,335,1458.312,452.976,7.55,0.7516,43.13,602.7
kundalini_yoga,Y4,pre_meditation,337,1461.148,455.812,7.597,0.7563,40.84,602.7
kundalini_yoga,Y4,pre_meditation,339,1463.734,458.398,7.64,0.7606,46.55,602.7
kundalini_yoga,Y4,pre_meditation,341,1466.898,461.562,7.693,0.7658,40.62,602.7
kundalini_yoga,Y4,pre_meditation,343,1469.711,464.375,7.74,0.7705,42.92,602.7
kundalini_yoga,Y4,pre_meditation,345,1472.523,467.187,7.786,0.7752,43.38,602.7
kundalini_yoga,Y4,pre_meditation,347,1475.203,469.867,7.831,0.7796,44.15,602.7
kundalini_yoga,Y4,pre_meditation,349,1477.977,472.641,7.877,0.7842,42.92,602.7
kundalini_yoga,Y4,pre_meditation,351,1480.914,475.578,7.926,0.7891,41.07,602.7
kundalini_yoga,Y4,pre_meditation,353,1483.758,478.422,7.974,0.7938,41.96,602.7
kundalini_yoga,Y4,pre_meditation,355,1486.672,481.336,8.022,0.7987,41.72,602.7
kundalini_yoga,Y4,pre_meditation,357,1489.57,484.234,8.071,0.8035,42.19,602.7
kundalini_yoga,Y4,pre_meditation,359,1492.359,487.023,8.117,0.8081,40.84,602.7
kundalini_yoga,Y4,pre_meditation,361,1495.117,489.781,8.163,0.8127,44.15,602.7
kundalini_yoga,Y4,pre_meditation,363,1497.844,492.508,8.208,0.8172,46.55,602.7
kundalini_yoga,Y4,pre_meditation,365,1500.742,495.406,8.257,0.822,40.62,602.7
kundalini_yoga,Y4,pre_meditation,367,1503.758,498.422,8.307,0.827,38.02,602.7
kundalini_yoga,Y4,pre_meditation,369,1506.602,501.266,8.354,0.8317,42.19,602.7
kundalini_yoga,Y4,pre_meditation,371,1509.32,503.984,8.4,0.8362,46.26,602.7
kundalini_yoga,Y4,pre_meditation,373,1511.82,506.484,8.441,0.8404,50.21,602.7
kundalini_yoga,Y4,pre_meditation,375,1514.031,508.695,8.478,0.844,56.87,602.7
kundalini_yoga,Y4,pre_meditation,377,1515.93,510.594,8.51,0.8472,65.65,602.7
kundalini_yoga,Y4,pre_meditation,379,1517.945,512.609,8.543,0.8505,61.92,602.7
kundalini_yoga,Y4,pre_meditation,381,1519.922,514.586,8.576,0.8538,60.0,602.7
kundalini_yoga,Y4,pre_meditation,383,1523.688,518.352,8.639,0.8601,52.59,602.7
kundalini_yoga,Y4,pre_meditation,385,1525.891,520.555,8.676,0.8637,56.07,602.7
kundalini_yoga,Y4,pre_meditation,387,1527.875,522.539,8.709,0.867,60.98,602.7
kundalini_yoga,Y4,pre_meditation,389,1530.398,525.062,8.751,0.8712,46.26,602.7
kundalini_yoga,Y4,pre_meditation,391,1533.016,527.68,8.795,0.8755,46.26,602.7
kundalini_yoga,Y4,pre_meditation,393,1535.672,530.336,8.839,0.88,45.18,602.7
kundalini_yoga,Y4,pre_meditation,395,1538.25,532.914,8.882,0.8842,46.26,602.7
kundalini_yoga,Y4,pre_meditation,397,1541.0,535.664,8.928,0.8888,43.38,602.7
kundalini_yoga,Y4,pre_meditation,399,1543.609,538.273,8.971,0.8931,47.13,602.7
kundalini_yoga,Y4,pre_meditation,401,1546.094,540.758,9.013,0.8972,47.39,602.7
kundalini_yoga,Y4,pre_meditation,403,1548.586,543.25,9.054,0.9014,47.39,602.7
kundalini_yoga,Y4,pre_meditation,405,1551.016,545.68,9.095,0.9054,51.19,602.7
kundalini_yoga,Y4,pre_meditation,407,1554.188,548.852,9.148,0.9107,42.92,602.7
kundalini_yoga,Y4,pre_meditation,409,1556.453,551.117,9.185,0.9144,54.84,602.7
kundalini_yoga,Y4,pre_meditation,411,1558.633,553.297,9.222,0.9181,51.9,602.7
kundalini_yoga,Y4,pre_meditation,413,1561.969,556.633,9.277,0.9236,40.21,602.7
kundalini_yoga,Y4,pre_meditation,415,1564.523,559.187,9.32,0.9278,46.26,602.7
kundalini_yoga,Y4,pre_meditation,417,1567.906,562.57,9.376,0.9334,38.22,602.7
kundalini_yoga,Y4,pre_meditation,419,1570.547,565.211,9.42,0.9378,44.15,602.7
kundalini_yoga,Y4,pre_meditation,421,1573.453,568.117,9.469,0.9426,40.84,602.7
kundalini_yoga,Y4,pre_meditation,423,1576.5,571.164,9.519,0.9477,39.79,602.7
kundalini_yoga,Y4,pre_meditation,425,1579.5,574.164,9.569,0.9527,40.43,602.7
kundalini_yoga,Y4,pre_meditation,427,1582.594,577.258,9.621,0.9578,37.83,602.7
kundalini_yoga,Y4,pre_meditation,429,1585.664,580.328,9.672,0.9629,38.41,602.7
kundalini_yoga,Y4,pre_meditation,431,1588.734,583.398,9.723,0.968,39.4,602.7
kundalini_yoga,Y4,pre_meditation,433,1591.648,586.312,9.772,0.9728,41.07,602.7
kundalini_yoga,Y4,pre_meditation,435,1594.703,589.367,9.823,0.9779,40.21,602.7
kundalini_yoga,Y4,pre_meditation,437,1597.578,592.242,9.871,0.9827,44.38,602.7
kundalini_yoga,Y4,pre_meditation,439,1600.508,595.172,9.92,0.9875,39.79,602.7
kundalini_yoga,Y4,pre_meditation,441,1603.523,598.187,9.97,0.9925,40.62,602.7
kundalini_yoga,Y4,pre_meditation,443,1606.5,601.164,10.019,0.9975,39.79,602.7
spontaneous_breathing,N1,baseline,1,57363.008,0.0,0.0,0.0,61.41,21594.4
spontaneous_breathing,N1,baseline,107,57466.328,103.32,1.722,0.0048,64.52,21594.4
spontaneous_breathing,N1,baseline,213,57565.961,202.953,3.383,0.0094,54.45,21594.4
spontaneous_breathing,N1,baseline,319,57669.672,306.664,5.111,0.0142,82.53,21594.4
spontaneous_breathing,N1,baseline,425,57765.281,402.273,6.705,0.0186,68.57,21594.4
spontaneous_breathing,N1,baseline,531,57867.195,504.187,8.403,0.0233,62.44,21594.4
spontaneous_breathing,N1,baseline,637,57972.945,609.937,10.166,0.0282,63.97,21594.4
spontaneous_breathing,N1,baseline,743,58078.016,715.008,11.917,0.0331,69.2,21594.4
spontaneous_breathing,N1,baseline,849,58184.336,821.328,13.689,0.038,56.07,21594.4
spontaneous_breathing,N1,baseline,955,58285.727,922.719,15.379,0.0427,61.92,21594.4
spontaneous_breathing,N1,baseline,1061,58396.109,1033.101,17.218,0.0478,73.17,21594.4
spontaneous_breathing,N1,baseline,1167,58507.375,1144.367,19.073,0.053,66.23,21594.4
spontaneous_breathing,N1,baseline,1273,58616.844,1253.836,20.897,0.0581,57.75,21594.4
spontaneous_breathing,N1,baseline,1379,58726.258,1363.25,22.721,0.0631,56.87,21594.4
spontaneous_breathing,N1,baseline,1485,58834.305,1471.297,24.522,0.0681,62.44,21594.4
spontaneous_breathing,N1,baseline,1591,58941.93,1578.922,26.315,0.0731,59.52,21594.4
spontaneous_breathing,N1,baseline,1697,59051.594,1688.586,28.143,0.0782,60.98,21594.4
spontaneous_breathing,N1,baseline,1803,59154.82,1791.812,29.864,0.083,54.84,21594.4
spontaneous_breathing,N1,baseline,1909,59267.727,1904.719,31.745,0.0882,57.31,21594.4
spontaneous_breathing,N1,baseline,2015,59378.117,2015.109,33.585,0.0933,59.52,21594.4
spontaneous_breathing,N1,baseline,2121,59487.703,2124.695,35.412,0.0984,58.2,21594.4
spontaneous_breathing,N1,baseline,2227,59597.781,2234.773,37.246,0.1035,60.98,21594.4
spontaneous_breathing,N1,baseline,2333,59705.969,2342.961,39.049,0.1085,59.52,21594.4
spontaneous_breathing,N1,baseline,2439,59814.375,2451.367,40.856,0.1135,60.0,21594.4
spontaneous_breathing,N1,baseline,2545,59923.242,2560.234,42.671,0.1186,58.65,21594.4
spontaneous_breathing,N1,baseline,2651,60028.938,2665.93,44.432,0.1235,61.92,21594.4
spontaneous_breathing,N1,baseline,2757,60137.195,2774.187,46.236,0.1285,54.1,21594.4
spontaneous_breathing,N1,baseline,2863,60246.188,2883.18,48.053,0.1335,52.96,21594.4
spontaneous_breathing,N1,baseline,2969,60353.812,2990.804,49.847,0.1385,60.98,21594.4
spontaneous_breathing,N1,baseline,3075,60461.508,3098.5,51.642,0.1435,53.33,21594.4
spontaneous_breathing,N1,baseline,3181,60572.906,3209.898,53.498,0.1486,62.44,21594.4
spontaneous_breathing,N1,baseline,3287,60682.164,3319.156,55.319,0.1537,60.48,21594.4
spontaneous_breathing,N1,baseline,3393,60788.773,3425.765,57.096,0.1586,60.0,21594.4
spontaneous_breathing,N1,baseline,3499,60894.531,3531.523,58.859,0.1635,61.41,21594.4
spontaneous_breathing,N1,baseline,3605,61001.758,3638.75,60.646,0.1685,59.06,21594.4
spontaneous_breathing,N1,baseline,3711,61108.82,3745.812,62.43,0.1735,58.65,21594.4
spontaneous_breathing,N1,baseline,3817,61216.438,3853.43,64.224,0.1784,58.2,21594.4
spontaneous_breathing,N1,baseline,3923,61323.406,3960.398,66.007,0.1834,58.2,21594.4
spontaneous_breathing,N1,baseline,4029,61432.57,4069.562,67.826,0.1885,57.31,21594.4
spontaneous_breathing,N1,baseline,4135,61540.664,4177.656,69.628,0.1935,80.86,21594.4
spontaneous_breathing,N1,baseline,4241,61638.539,4275.531,71.259,0.198,45.98,21594.4
spontaneous_breathing,N1,baseline,4347,61741.555,4378.547,72.976,0.2028,50.85,21594.4
spontaneous_breathing,N1,baseline,4453,61846.133,4483.125,74.719,0.2076,55.25,21594.4
spontaneous_breathing,N1,baseline,4559,61958.617,4595.609,76.593,0.2128,49.55,21594.4
spontaneous_breathing,N1,baseline,4665,62078.734,4715.726,78.595,0.2184,51.55,21594.4
spontaneous_breathing,N1,baseline,4771,62196.906,4833.898,80.565,0.2238,60.48,21594.4
spontaneous_breathing,N1,baseline,4877,62302.961,4939.953,82.333,0.2288,57.31,21594.4
spontaneous_breathing,N1,baseline,4983,62408.266,5045.258,84.088,0.2336,65.65,21594.4
spontaneous_breathing,N1,baseline,5089,62515.828,5152.82,85.88,0.2386,56.5,21594.4
spontaneous_breathing,N1,baseline,5195,62620.992,5257.984,87.633,0.2435,72.46,21594.4
spontaneous_breathing,N1,baseline,5301,62710.328,5347.32,89.122,0.2476,61.92,21594.4
spontaneous_breathing,N1,baseline,5407,62810.07,5447.062,90.784,0.2522,83.45,21594.4
spontaneous_breathing,N1,baseline,5513,62914.398,5551.39,92.523,0.2571,64.52,21594.4
spontaneous_breathing,N1,baseline,5619,63024.156,5661.148,94.352,0.2622,54.45,21594.4
spontaneous_breathing,N1,baseline,5725,63137.219,5774.211,96.237,0.2674,55.66,21594.4
spontaneous_breathing,N1,baseline,5831,63248.477,5885.469,98.091,0.2725,55.66,21594.4
spontaneous_breathing,N1,baseline,5937,63350.188,5987.18,99.786,0.2773,70.42,21594.4
spontaneous_breathing,N1,baseline,6043,63455.047,6092.039,101.534,0.2821,55.66,21594.4
spontaneous_breathing,N1,baseline,6149,63567.859,6204.851,103.414,0.2873,59.52,21594.4
spontaneous_breathing,N1,baseline,6255,63676.016,6313.008,105.217,0.2923,51.9,21594.4
spontaneous_breathing,N1,baseline,6361,63791.195,6428.187,107.136,0.2977,51.55,21594.4
spontaneous_breathing,N1,baseline,6467,63881.945,6518.937,108.649,0.3019,62.96,21594.4
spontaneous_breathing,N1,baseline,6573,63977.133,6614.125,110.235,0.3063,60.0,21594.4
spontaneous_breathing,N1,baseline,6679,64084.023,6721.015,112.017,0.3112,59.52,21594.4
spontaneous_breathing,N1,baseline,6785,64191.078,6828.07,113.801,0.3162,67.95,21594.4
spontaneous_breathing,N1,baseline,6891,64296.141,6933.133,115.552,0.3211,60.0,21594.4
spontaneous_breathing,N1,baseline,6997,64410.484,7047.476,117.458,0.3264,53.72,21594.4
spontaneous_breathing,N1,baseline,7103,64525.062,7162.054,119.368,0.3317,56.07,21594.4
spontaneous_breathing,N1,baseline,7209,64632.789,7269.781,121.163,0.3367,45.73,21594.4
spontaneous_breathing,N1,baseline,7315,64756.055,7393.047,123.217,0.3424,49.88,21594.4
spontaneous_breathing,N1,baseline,7421,64871.734,7508.726,125.145,0.3477,52.96,21594.4
spontaneous_breathing,N1,baseline,7527,64985.109,7622.101,127.035,0.353,56.87,21594.4
spontaneous_breathing,N1,baseline,7633,65097.703,7734.695,128.912,0.3582,57.31,21594.4
spontaneous_breathing,N1,baseline,7739,65210.781,7847.773,130.796,0.3634,59.06,21594.4
spontaneous_breathing,N1,baseline,7845,65304.289,7941.281,132.355,0.3677,55.66,21594.4
spontaneous_breathing,N1,baseline,7951,65421.266,8058.258,134.304,0.3732,51.19,21594.4
spontaneous_breathing,N1,baseline,8057,65537.086,8174.078,136.235,0.3785,57.31,21594.4
spontaneous_breathing,N1,baseline,8163,65654.078,8291.07,138.184,0.3839,54.1,21594.4
spontaneous_breathing,N1,baseline,8269,65769.875,8406.867,140.114,0.3893,56.5,21594.4
spontaneous_breathing,N1,baseline,8375,65887.234,8524.226,142.07,0.3947,58.65,21594.4
spontaneous_breathing,N1,baseline,8481,66005.398,8642.39,144.04,0.4002,57.31,21594.4
spontaneous_breathing,N1,baseline,8587,66122.117,8759.109,145.985,0.4056,51.55,21594.4
spontaneous_breathing,N1,baseline,8693,66237.805,8874.797,147.913,0.411,55.25,21594.4
spontaneous_breathing,N1,baseline,8799,66353.383,8990.375,149.84,0.4163,51.9,21594.4
spontaneous_breathing,N1,baseline,8905,66467.805,9104.797,151.747,0.4216,56.5,21594.4
spontaneous_breathing,N1,baseline,9011,66582.961,9219.953,153.666,0.427,52.96,21594.4
spontaneous_breathing,N1,baseline,9117,66697.0,9333.992,155.567,0.4322,53.33,21594.4
spontaneous_breathing,N1,baseline,9223,66808.305,9445.297,157.422,0.4374,56.87,21594.4
spontaneous_breathing,N1,baseline,9329,66918.539,9555.531,159.259,0.4425,56.5,21594.4
spontaneous_breathing,N1,baseline,9435,67030.852,9667.844,161.131,0.4477,58.2,21594.4
spontaneous_breathing,N1,baseline,9541,67141.938,9778.93,162.982,0.4528,56.87,21594.4
spontaneous_breathing,N1,baseline,9647,67253.281,9890.273,164.838,0.458,58.2,21594.4
spontaneous_breathing,N1,baseline,9753,67363.656,10000.648,166.677,0.4631,59.52,21594.4
spontaneous_breathing,N1,baseline,9859,67473.969,10110.961,168.516,0.4682,54.45,21594.4
spontaneous_breathing,N1,baseline,9965,67574.891,10211.883,170.198,0.4729,102.39,21594.4
spontaneous_breathing,N1,baseline,10071,67689.914,10326.906,172.115,0.4782,57.75,21594.4
spontaneous_breathing,N1,baseline,10177,67797.828,10434.82,173.914,0.4832,59.52,21594.4
spontaneous_breathing,N1,baseline,10283,67906.094,10543.086,175.718,0.4882,55.66,21594.4
spontaneous_breathing,N1,baseline,10389,68014.367,10651.359,177.523,0.4932,60.0,21594.4
spontaneous_breathing,N1,baseline,10495,68123.836,10760.828,179.347,0.4983,55.25,21594.4
spontaneous_breathing,N1,baseline,10601,68233.336,10870.328,181.172,0.5034,71.77,21594.4
spontaneous_breathing,N1,baseline,10707,68342.938,10979.93,182.999,0.5085,54.1,21594.4
spontaneous_breathing,N1,baseline,10813,68451.578,11088.57,184.809,0.5135,57.75,21594.4
spontaneous_breathing,N1,baseline,10919,68559.43,11196.422,186.607,0.5185,59.52,21594.4
spontaneous_breathing,N1,baseline,11025,68666.344,11303.336,188.389,0.5234,57.75,21594.4
spontaneous_breathing,N1,baseline,11131,68773.617,11410.609,190.177,0.5284,60.0,21594.4
spontaneous_breathing,N1,baseline,11237,68881.875,11518.867,191.981,0.5334,57.31,21594.4
spontaneous_breathing,N1,baseline,11343,68990.625,11627.617,193.794,0.5385,58.2,21594.4
spontaneous_breathing,N1,baseline,11449,69099.109,11736.101,195.602,0.5435,52.59,21594.4
spontaneous_breathing,N1,baseline,11555,69207.844,11844.836,197.414,0.5485,56.87,21594.4
spontaneous_breathing,N1,baseline,11661,69316.594,11953.586,199.226,0.5536,56.5,21594.4
spontaneous_breathing,N1,baseline,11767,69426.195,12063.187,201.053,0.5586,56.5,21594.4
spontaneous_breathing,N1,baseline,11873,69532.867,12169.859,202.831,0.5636,58.65,21594.4
spontaneous_breathing,N1,baseline,11979,69639.148,12276.14,204.602,0.5685,59.52,21594.4
spontaneous_breathing,N1,baseline,12085,69747.133,12384.125,206.402,0.5735,60.98,21594.4
spontaneous_breathing,N1,baseline,12191,69853.344,12490.336,208.172,0.5784,60.48,21594.4
spontaneous_breathing,N1,baseline,12297,69959.992,12596.984,209.95,0.5833,54.45,21594.4
spontaneous_breathing,N1,baseline,12403,70059.195,12696.187,211.603,0.5879,87.21,21594.4
spontaneous_breathing,N1,baseline,12509,70170.094,12807.086,213.451,0.5931,54.84,21594.4
spontaneous_breathing,N1,baseline,12615,70282.914,12919.906,215.332,0.5983,61.92,21594.4
spontaneous_breathing,N1,baseline,12721,70394.133,13031.125,217.185,0.6034,58.2,21594.4
spontaneous_breathing,N1,baseline,12827,70504.023,13141.015,219.017,0.6085,78.33,21594.4
spontaneous_breathing,N1,baseline,12933,70611.945,13248.937,220.816,0.6135,46.55,21594.4
spontaneous_breathing,N1,baseline,13039,70711.086,13348.078,222.468,0.6181,69.2,21594.4
spontaneous_breathing,N1,baseline,13145,70804.914,13441.906,224.032,0.6225,58.65,21594.4
spontaneous_breathing,N1,baseline,13251,70895.898,13532.89,225.548,0.6267,67.95,21594.4
spontaneous_breathing,N1,baseline,13357,70996.109,13633.101,227.218,0.6313,57.75,21594.4
spontaneous_breathing,N1,baseline,13463,71097.133,13734.125,228.902,0.636,65.08,21594.4
spontaneous_breathing,N1,baseline,13569,71201.5,13838.492,230.642,0.6408,62.96,21594.4
spontaneous_breathing,N1,baseline,13675,71300.961,13937.953,232.299,0.6454,81.74,21594.4
spontaneous_breathing,N1,baseline,13781,71408.297,14045.289,234.088,0.6504,71.09,21594.4
spontaneous_breathing,N1,baseline,13887,71510.344,14147.336,235.789,0.6551,77.62,21594.4
spontaneous_breathing,N1,baseline,13993,71605.742,14242.734,237.379,0.6596,58.65,21594.4
spontaneous_breathing,N1,baseline,14099,71711.43,14348.422,239.14,0.6645,57.31,21594.4
spontaneous_breathing,N1,baseline,14205,71820.391,14457.383,240.956,0.6695,54.1,21594.4
spontaneous_breathing,N1,baseline,14311,71931.188,14568.18,242.803,0.6746,56.5,21594.4
spontaneous_breathing,N1,baseline,14417,72043.539,14680.531,244.676,0.6798,54.45,21594.4
spontaneous_breathing,N1,baseline,14523,72156.156,14793.148,246.552,0.685,56.07,21594.4
spontaneous_breathing,N1,baseline,14629,72266.742,14903.734,248.396,0.6902,60.0,21594.4
spontaneous_breathing,N1,baseline,14735,72377.039,15014.031,250.234,0.6953,59.52,21594.4
spontaneous_breathing,N1,baseline,14841,72487.812,15124.804,252.08,0.7004,56.07,21594.4
spontaneous_breathing,N1,baseline,14947,72596.617,15233.609,253.893,0.7054,57.31,21594.4
spontaneous_breathing,N1,baseline,15053,72703.672,15340.664,255.678,0.7104,66.23,21594.4
spontaneous_breathing,N1,baseline,15159,72814.211,15451.203,257.52,0.7155,68.57,21594.4
spontaneous_breathing,N1,baseline,15265,72922.188,15559.18,259.32,0.7205,54.45,21594.4
spontaneous_breathing,N1,baseline,15371,73032.156,15669.148,261.152,0.7256,61.92,21594.4
spontaneous_breathing,N1,baseline,15477,73141.609,15778.601,262.977,0.7307,60.98,21594.4
spontaneous_breathing,N1,baseline,15583,73249.148,15886.14,264.769,0.7357,61.92,21594.4
spontaneous_breathing,N1,baseline,15689,73356.203,15993.195,266.553,0.7406,59.52,21594.4
spontaneous_breathing,N1,baseline,15795,73462.523,16099.515,268.325,0.7455,58.2,21594.4
spontaneous_breathing,N1,baseline,15901,73568.992,16205.984,270.1,0.7505,59.52,21594.4
spontaneous_breathing,N1,baseline,16007,73675.281,16312.273,271.871,0.7554,57.31,21594.4
spontaneous_breathing,N1,baseline,16113,73781.461,16418.453,273.641,0.7603,55.66,21594.4
spontaneous_breathing,N1,baseline,16219,73888.586,16525.578,275.426,0.7653,61.41,21594.4
spontaneous_breathing,N1,baseline,16325,73996.039,16633.031,277.217,0.7702,58.65,21594.4
spontaneous_breathing,N1,baseline,16431,74101.195,16738.187,278.97,0.7751,61.92,21594.4
spontaneous_breathing,N1,baseline,16537,74201.312,16838.304,280.638,0.7798,69.85,21594.4
spontaneous_breathing,N1,baseline,16643,74316.219,16953.211,282.554,0.7851,60.48,21594.4
spontaneous_breathing,N1,baseline,16749,74426.555,17063.547,284.392,0.7902,57.75,21594.4
spontaneous_breathing,N1,baseline,16855,74538.281,17175.273,286.255,0.7954,56.07,21594.4
spontaneous_breathing,N1,baseline,16961,74646.445,17283.437,288.057,0.8004,56.87,21594.4
spontaneous_breathing,N1,baseline,17067,74756.703,17393.695,289.895,0.8055,60.98,21594.4
spontaneous_breathing,N1,baseline,17173,74867.07,17504.062,291.734,0.8106,69.85,21594.4
spontaneous_breathing,N1,baseline,17279,74975.812,17612.804,293.547,0.8156,59.06,21594.4
spontaneous_breathing,N1,baseline,17385,75086.062,17723.054,295.384,0.8207,55.25,21594.4
spontaneous_breathing,N1,baseline,17491,75183.086,17820.078,297.001,0.8252,77.62,21594.4
spontaneous_breathing,N1,baseline,17597,75296.109,17933.101,298.885,0.8305,70.42,21594.4
spontaneous_breathing,N1,baseline,17703,75402.43,18039.422,300.657,0.8354,54.45,21594.4
spontaneous_breathing,N1,baseline,17809,75511.102,18148.094,302.468,0.8404,51.9,21594.4
spontaneous_breathing,N1,baseline,17915,75613.805,18250.797,304.18,0.8452,54.45,21594.4
spontaneous_breathing,N1,baseline,18021,75724.594,18361.586,306.026,0.8503,62.96,21594.4
spontaneous_breathing,N1,baseline,18127,75835.164,18472.156,307.869,0.8554,70.42,21594.4
spontaneous_breathing,N1,baseline,18233,75934.633,18571.625,309.527,0.86,67.95,21594.4
spontaneous_breathing,N1,baseline,18339,76040.758,18677.75,311.296,0.8649,66.82,21594.4
spontaneous_breathing,N1,baseline,18445,76146.492,18783.484,313.058,0.8698,55.66,21594.4
spontaneous_breathing,N1,baseline,18551,76262.773,18899.765,314.996,0.8752,57.75,21594.4
spontaneous_breathing,N1,baseline,18657,76370.141,19007.133,316.786,0.8802,61.41,21594.4
spontaneous_breathing,N1,baseline,18763,76469.945,19106.937,318.449,0.8848,61.92,21594.4
spontaneous_breathing,N1,baseline,18869,76572.922,19209.914,320.165,0.8896,66.23,21594.4
spontaneous_breathing,N1,baseline,18975,76677.266,19314.258,321.904,0.8944,63.49,21594.4
spontaneous_breathing,N1,baseline,19081,76775.398,19412.39,323.54,0.899,58.2,21594.4
spontaneous_breathing,N1,baseline,19187,76875.188,19512.18,325.203,0.9036,63.49,21594.4
spontaneous_breathing,N1,baseline,19293,76972.984,19609.976,326.833,0.9081,68.57,21594.4
spontaneous_breathing,N1,baseline,19399,77073.117,19710.109,328.502,0.9127,68.57,21594.4
spontaneous_breathing,N1,baseline,19505,77172.109,19809.101,330.152,0.9173,59.06,21594.4
spontaneous_breathing,N1,baseline,19611,77266.836,19903.828,331.73,0.9217,85.35,21594.4
spontaneous_breathing,N1,baseline,19717,77363.0,19999.992,333.333,0.9262,90.36,21594.4
spontaneous_breathing,N1,baseline,19823,77468.383,20105.375,335.09,0.931,59.06,21594.4
spontaneous_breathing,N1,baseline,19929,77580.016,20217.008,336.95,0.9362,51.55,21594.4
spontaneous_breathing,N1,baseline,20035,77686.602,20323.594,338.727,0.9412,55.25,21594.4
spontaneous_breathing,N1,baseline,20141,77787.648,20424.64,340.411,0.9458,65.65,21594.4
spontaneous_breathing,N1,baseline,20247,77885.422,20522.414,342.04,0.9504,61.41,21594.4
spontaneous_breathing,N1,baseline,20353,77980.875,20617.867,343.631,0.9548,57.75,21594.4
spontaneous_breathing,N1,baseline,20459,78080.57,20717.562,345.293,0.9594,50.51,21594.4
spontaneous_breathing,N1,baseline,20565,78187.445,20824.437,347.074,0.9643,52.96,21594.4
spontaneous_breathing,N1,baseline,20671,78299.883,20936.875,348.948,0.9696,56.5,21594.4
spontaneous_breathing,N1,baseline,20777,78408.195,21045.187,350.753,0.9746,60.0,21594.4
spontaneous_breathing,N1,baseline,20883,78515.039,21152.031,352.534,0.9795,55.25,21594.4
spontaneous_breathing,N1,baseline,20989,78622.875,21259.867,354.331,0.9845,59.06,21594.4
spontaneous_breathing,N1,baseline,21095,78729.344,21366.336,356.106,0.9894,64.52,21594.4
spontaneous_breathing,N1,baseline,21201,78836.805,21473.797,357.897,0.9944,56.5,21594.4
spontaneous_breathing,N1,baseline,21307,78942.945,21579.937,359.666,0.9993,63.97,21594.4
spontaneous_breathing,N2,baseline,1,47703.086,0.0,0.0,0.0,63.49,21594.0
spontaneous_breathing,N2,baseline,109,47806.312,103.226,1.72,0.0048,64.52,21594.0
spontaneous_breathing,N2,baseline,217,47905.258,202.172,3.37,0.0094,68.57,21594.0
spontaneous_breathing,N2,baseline,325,48000.18,297.094,4.952,0.0138,66.82,21594.0
spontaneous_breathing,N2,baseline,433,48094.359,391.273,6.521,0.0181,69.2,21594.0
spontaneous_breathing,N2,baseline,541,48188.914,485.828,8.097,0.0225,69.85,21594.0
spontaneous_breathing,N2,baseline,649,48284.812,581.726,9.695,0.0269,66.23,21594.0
spontaneous_breathing,N2,baseline,757,48383.195,680.109,11.335,0.0315,66.23,21594.0
spontaneous_breathing,N2,baseline,865,48483.922,780.836,13.014,0.0362,65.08,21594.0
spontaneous_breathing,N2,baseline,973,48585.898,882.812,14.714,0.0409,62.96,21594.0
spontaneous_breathing,N2,baseline,1081,48684.359,981.273,16.355,0.0454,74.53,21594.0
spontaneous_breathing,N2,baseline,1189,48775.883,1072.797,17.88,0.0497,57.75,21594.0
spontaneous_breathing,N2,baseline,1297,48876.062,1172.976,19.55,0.0543,70.42,21594.0
spontaneous_breathing,N2,baseline,1405,48973.008,1269.922,21.165,0.0588,63.97,21594.0
spontaneous_breathing,N2,baseline,1513,49070.008,1366.922,22.782,0.0633,67.95,21594.0
spontaneous_breathing,N2,baseline,1621,49167.289,1464.203,24.403,0.0678,62.96,21594.0
spontaneous_breathing,N2,baseline,1729,49263.32,1560.234,26.004,0.0723,69.2,21594.0
spontaneous_breathing,N2,baseline,1837,49357.719,1654.633,27.577,0.0766,72.46,21594.0
spontaneous_breathing,N2,baseline,1945,49453.781,1750.695,29.178,0.0811,67.34,21594.0
spontaneous_breathing,N2,baseline,2053,49556.93,1853.844,30.897,0.0859,62.96,21594.0
spontaneous_breathing,N2,baseline,2161,49661.922,1958.836,32.647,0.0907,62.44,21594.0
spontaneous_breathing,N2,baseline,2269,49762.828,2059.742,34.329,0.0954,66.82,21594.0
spontaneous_breathing,N2,baseline,2377,49857.102,2154.016,35.9,0.0998,69.2,21594.0
spontaneous_breathing,N2,baseline,2485,49957.281,2254.195,37.57,0.1044,85.35,21594.0
spontaneous_breathing,N2,baseline,2593,50059.492,2356.406,39.273,0.1091,62.44,21594.0
spontaneous_breathing,N2,baseline,2701,50161.047,2457.961,40.966,0.1138,61.92,21594.0
spontaneous_breathing,N2,baseline,2809,50265.688,2562.602,42.71,0.1187,62.96,21594.0
spontaneous_breathing,N2,baseline,2917,50369.383,2666.297,44.438,0.1235,63.49,21594.0
spontaneous_breathing,N2,baseline,3025,50470.992,2767.906,46.132,0.1282,65.08,21594.0
spontaneous_breathing,N2,baseline,3133,50572.469,2869.383,47.823,0.1329,66.82,21594.0
spontaneous_breathing,N2,baseline,3241,50673.398,2970.312,49.505,0.1376,65.08,21594.0
spontaneous_breathing,N2,baseline,3349,50773.352,3070.266,51.171,0.1422,62.44,21594.0
spontaneous_breathing,N2,baseline,3457,50875.141,3172.055,52.868,0.1469,65.08,21594.0
spontaneous_breathing,N2,baseline,3565,50975.656,3272.57,54.543,0.1516,60.0,21594.0
spontaneous_breathing,N2,baseline,3673,51076.383,3373.297,56.222,0.1562,64.52,21594.0
spontaneous_breathing,N2,baseline,3781,51175.078,3471.992,57.867,0.1608,67.34,21594.0
spontaneous_breathing,N2,baseline,3889,51272.891,3569.805,59.497,0.1653,66.23,21594.0
spontaneous_breathing,N2,baseline,3997,51364.539,3661.453,61.024,0.1696,94.79,21594.0
spontaneous_breathing,N2,baseline,4105,51461.688,3758.602,62.643,0.1741,66.82,21594.0
spontaneous_breathing,N2,baseline,4213,51560.695,3857.609,64.293,0.1786,63.49,21594.0
spontaneous_breathing,N2,baseline,4321,51661.57,3958.484,65.975,0.1833,62.44,21594.0
spontaneous_breathing,N2,baseline,4429,51756.0,4052.914,67.549,0.1877,73.89,21594.0
spontaneous_breathing,N2,baseline,4537,51859.852,4156.766,69.279,0.1925,62.96,21594.0
spontaneous_breathing,N2,baseline,4645,51962.328,4259.242,70.987,0.1972,62.96,21594.0
spontaneous_breathing,N2,baseline,4753,52060.477,4357.391,72.623,0.2018,57.75,21594.0
spontaneous_breathing,N2,baseline,4861,52167.336,4464.25,74.404,0.2067,61.92,21594.0
spontaneous_breathing,N2,baseline,4969,52269.391,4566.305,76.105,0.2115,72.46,21594.0
spontaneous_breathing,N2,baseline,5077,52370.461,4667.375,77.79,0.2161,62.96,21594.0
spontaneous_breathing,N2,baseline,5185,52472.18,4769.094,79.485,0.2209,63.49,21594.0
spontaneous_breathing,N2,baseline,5293,52575.562,4872.476,81.208,0.2256,70.42,21594.0
spontaneous_breathing,N2,baseline,5401,52675.086,4972.0,82.867,0.2302,64.52,21594.0
spontaneous_breathing,N2,baseline,5509,52772.805,5069.719,84.495,0.2348,62.44,21594.0
spontaneous_breathing,N2,baseline,5617,52871.117,5168.031,86.134,0.2393,76.05,21594.0
spontaneous_breathing,N2,baseline,5725,52967.633,5264.547,87.742,0.2438,68.57,21594.0
spontaneous_breathing,N2,baseline,5833,53066.445,5363.359,89.389,0.2484,65.65,21594.0
spontaneous_breathing,N2,baseline,5941,53165.359,5462.273,91.038,0.253,61.92,21594.0
spontaneous_breathing,N2,baseline,6049,53266.82,5563.734,92.729,0.2577,63.97,21594.0
spontaneous_breathing,N2,baseline,6157,53367.969,5664.883,94.415,0.2623,62.44,21594.0
spontaneous_breathing,N2,baseline,6265,53465.359,5762.273,96.038,0.2668,64.52,21594.0
spontaneous_breathing,N2,baseline,6373,53566.648,5863.562,97.726,0.2715,62.96,21594.0
spontaneous_breathing,N2,baseline,6481,53666.32,5963.234,99.387,0.2762,63.97,21594.0
spontaneous_breathing,N2,baseline,6589,53769.719,6066.633,101.111,0.2809,62.96,21594.0
spontaneous_breathing,N2,baseline,6697,53873.984,6170.898,102.848,0.2858,61.41,21594.0
spontaneous_breathing,N2,baseline,6805,53978.852,6275.766,104.596,0.2906,61.92,21594.0
spontaneous_breathing,N2,baseline,6913,54081.055,6377.969,106.299,0.2954,58.65,21594.0
spontaneous_breathing,N2,baseline,7021,54188.211,6485.125,108.085,0.3003,60.0,21594.0
spontaneous_breathing,N2,baseline,7129,54295.766,6592.68,109.878,0.3053,61.41,21594.0
spontaneous_breathing,N2,baseline,7237,54402.789,6699.703,111.662,0.3103,60.98,21594.0
spontaneous_breathing,N2,baseline,7345,54507.109,6804.023,113.4,0.3151,60.48,21594.0
spontaneous_breathing,N2,baseline,7453,54613.055,6909.969,115.166,0.32,61.41,21594.0
spontaneous_breathing,N2,baseline,7561,54717.32,7014.234,116.904,0.3248,72.46,21594.0
spontaneous_breathing,N2,baseline,7669,54823.828,7120.742,118.679,0.3298,63.49,21594.0
spontaneous_breathing,N2,baseline,7777,54928.758,7225.672,120.428,0.3346,62.44,21594.0
spontaneous_breathing,N2,baseline,7885,55033.141,7330.055,122.168,0.3394,73.17,21594.0
spontaneous_breathing,N2,baseline,7993,55134.328,7431.242,123.854,0.3441,80.86,21594.0
spontaneous_breathing,N2,baseline,8101,55234.797,7531.711,125.529,0.3488,60.48,21594.0
spontaneous_breathing,N2,baseline,8209,55340.352,7637.266,127.288,0.3537,60.48,21594.0
spontaneous_breathing,N2,baseline,8317,55445.664,7742.578,129.043,0.3586,58.65,21594.0
spontaneous_breathing,N2,baseline,8425,55553.617,7850.531,130.842,0.3636,59.06,21594.0
spontaneous_breathing,N2,baseline,8533,55658.625,7955.539,132.592,0.3684,60.0,21594.0
spontaneous_breathing,N2,baseline,8641,55764.008,8060.922,134.349,0.3733,60.48,21594.0
spontaneous_breathing,N2,baseline,8749,55866.68,8163.594,136.06,0.378,62.96,21594.0
spontaneous_breathing,N2,baseline,8857,55970.594,8267.508,137.792,0.3829,60.0,21594.0
spontaneous_breathing,N2,baseline,8965,56069.266,8366.18,139.436,0.3874,56.5,21594.0
spontaneous_breathing,N2,baseline,9073,56176.367,8473.281,141.221,0.3924,62.44,21594.0
spontaneous_breathing,N2,baseline,9181,56277.695,8574.609,142.91,0.3971,61.41,21594.0
spontaneous_breathing,N2,baseline,9289,56380.805,8677.719,144.629,0.4019,62.96,21594.0
spontaneous_breathing,N2,baseline,9397,56481.836,8778.75,146.312,0.4065,67.95,21594.0
spontaneous_breathing,N2,baseline,9505,56584.086,8881.0,148.017,0.4113,61.41,21594.0
spontaneous_breathing,N2,baseline,9613,56695.109,8992.023,149.867,0.4164,59.52,21594.0
spontaneous_breathing,N2,baseline,9721,56802.539,9099.453,151.658,0.4214,57.75,21594.0
spontaneous_breathing,N2,baseline,9829,56912.266,9209.18,153.486,0.4265,59.06,21594.0
spontaneous_breathing,N2,baseline,9937,57020.445,9317.359,155.289,0.4315,59.06,21594.0
spontaneous_breathing,N2,baseline,10045,57127.352,9424.266,157.071,0.4364,71.09,21594.0
spontaneous_breathing,N2,baseline,10153,57235.984,9532.898,158.882,0.4415,58.2,21594.0
spontaneous_breathing,N2,baseline,10261,57341.133,9638.047,160.634,0.4463,55.25,21594.0
spontaneous_breathing,N2,baseline,10369,57451.695,9748.609,162.477,0.4515,59.52,21594.0
spontaneous_breathing,N2,baseline,10477,57557.766,9854.68,164.245,0.4564,57.31,21594.0
spontaneous_breathing,N2,baseline,10585,57666.516,9963.43,166.057,0.4614,57.31,21594.0
spontaneous_breathing,N2,baseline,10693,57763.695,10060.609,167.677,0.4659,60.0,21594.0
spontaneous_breathing,N2,baseline,10801,57865.609,10162.523,169.375,0.4706,62.44,21594.0
spontaneous_breathing,N2,baseline,10909,57965.633,10262.547,171.042,0.4753,60.98,21594.0
spontaneous_breathing,N2,baseline,11017,58066.883,10363.797,172.73,0.4799,87.21,21594.0
spontaneous_breathing,N2,baseline,11125,58153.844,10450.758,174.179,0.484,62.44,21594.0
spontaneous_breathing,N2,baseline,11233,58262.102,10559.016,175.984,0.489,59.52,21594.0
spontaneous_breathing,N2,baseline,11341,58371.625,10668.539,177.809,0.4941,60.48,21594.0
spontaneous_breathing,N2,baseline,11449,58482.672,10779.586,179.66,0.4992,59.06,21594.0
spontaneous_breathing,N2,baseline,11557,58592.031,10888.945,181.482,0.5043,58.65,21594.0
spontaneous_breathing,N2,baseline,11665,58700.578,10997.492,183.292,0.5093,55.25,21594.0
spontaneous_breathing,N2,baseline,11773,58811.219,11108.133,185.136,0.5144,72.46,21594.0
spontaneous_breathing,N2,baseline,11881,58923.266,11220.18,187.003,0.5196,56.07,21594.0
spontaneous_breathing,N2,baseline,11989,59031.273,11328.187,188.803,0.5246,73.17,21594.0
spontaneous_breathing,N2,baseline,12097,59140.43,11437.344,190.622,0.5297,59.52,21594.0
spontaneous_breathing,N2,baseline,12205,59243.273,11540.187,192.336,0.5344,66.23,21594.0
spontaneous_breathing,N2,baseline,12313,59347.352,11644.266,194.071,0.5392,60.98,21594.0
spontaneous_breathing,N2,baseline,12421,59451.367,11748.281,195.805,0.5441,57.31,21594.0
spontaneous_breathing,N2,baseline,12529,59554.961,11851.875,197.531,0.5489,61.41,21594.0
spontaneous_breathing,N2,baseline,12637,59664.867,11961.781,199.363,0.5539,64.52,21594.0
spontaneous_breathing,N2,baseline,12745,59774.828,12071.742,201.196,0.559,60.0,21594.0
spontaneous_breathing,N2,baseline,12853,59882.586,12179.5,202.992,0.564,53.72,21594.0
spontaneous_breathing,N2,baseline,12961,59990.609,12287.523,204.792,0.569,58.65,21594.0
spontaneous_breathing,N2,baseline,13069,60102.852,12399.766,206.663,0.5742,56.5,21594.0
spontaneous_breathing,N2,baseline,13177,60216.172,12513.086,208.551,0.5795,55.25,21594.0
spontaneous_breathing,N2,baseline,13285,60322.055,12618.969,210.316,0.5844,52.59,21594.0
spontaneous_breathing,N2,baseline,13393,60435.711,12732.625,212.21,0.5896,58.2,21594.0
spontaneous_breathing,N2,baseline,13501,60548.742,12845.656,214.094,0.5949,58.2,21594.0
spontaneous_breathing,N2,baseline,13609,60654.172,12951.086,215.851,0.5998,57.75,21594.0
spontaneous_breathing,N2,baseline,13717,60765.492,13062.406,217.707,0.6049,55.66,21594.0
spontaneous_breathing,N2,baseline,13825,60875.5,13172.414,219.54,0.61,60.0,21594.0
spontaneous_breathing,N2,baseline,13933,60988.672,13285.586,221.426,0.6152,51.55,21594.0
spontaneous_breathing,N2,baseline,14041,61101.453,13398.367,223.306,0.6205,60.98,21594.0
spontaneous_breathing,N2,baseline,14149,61217.953,13514.867,225.248,0.6259,59.06,21594.0
spontaneous_breathing,N2,baseline,14257,61333.352,13630.266,227.171,0.6312,53.33,21594.0
spontaneous_breathing,N2,baseline,14365,61449.672,13746.586,229.11,0.6366,56.07,21594.0
spontaneous_breathing,N2,baseline,14473,61564.906,13861.82,231.03,0.6419,56.5,21594.0
spontaneous_breathing,N2,baseline,14581,61680.086,13977.0,232.95,0.6473,55.25,21594.0
spontaneous_breathing,N2,baseline,14689,61796.211,14093.125,234.885,0.6526,56.07,21594.0
spontaneous_breathing,N2,baseline,14797,61911.055,14207.969,236.799,0.658,59.52,21594.0
spontaneous_breathing,N2,baseline,14905,62025.914,14322.828,238.714,0.6633,56.07,21594.0
spontaneous_breathing,N2,baseline,15013,62139.875,14436.789,240.613,0.6686,55.66,21594.0
spontaneous_breathing,N2,baseline,15121,62254.75,14551.664,242.528,0.6739,58.65,21594.0
spontaneous_breathing,N2,baseline,15229,62367.93,14664.844,244.414,0.6791,58.2,21594.0
spontaneous_breathing,N2,baseline,15337,62481.57,14778.484,246.308,0.6844,55.66,21594.0
spontaneous_breathing,N2,baseline,15445,62595.281,14892.195,248.203,0.6896,60.0,21594.0
spontaneous_breathing,N2,baseline,15553,62709.039,15005.953,250.099,0.6949,58.65,21594.0
spontaneous_breathing,N2,baseline,15661,62822.383,15119.297,251.988,0.7002,58.65,21594.0
spontaneous_breathing,N2,baseline,15769,62935.586,15232.5,253.875,0.7054,57.31,21594.0
spontaneous_breathing,N2,baseline,15877,63044.008,15340.922,255.682,0.7104,58.65,21594.0
spontaneous_breathing,N2,baseline,15985,63156.812,15453.726,257.562,0.7156,62.44,21594.0
spontaneous_breathing,N2,baseline,16093,63269.68,15566.594,259.443,0.7209,54.1,21594.0
spontaneous_breathing,N2,baseline,16201,63385.062,15681.976,261.366,0.7262,59.06,21594.0
spontaneous_breathing,N2,baseline,16309,63499.695,15796.609,263.277,0.7315,59.06,21594.0
spontaneous_breathing,N2,baseline,16417,63613.633,15910.547,265.176,0.7368,57.31,21594.0
spontaneous_breathing,N2,baseline,16525,63727.141,16024.055,267.068,0.7421,55.66,21594.0
spontaneous_breathing,N2,baseline,16633,63841.227,16138.141,268.969,0.7473,56.87,21594.0
spontaneous_breathing,N2,baseline,16741,63951.188,16248.102,270.802,0.7524,56.07,21594.0
spontaneous_breathing,N2,baseline,16849,64067.406,16364.32,272.739,0.7578,54.45,21594.0
spontaneous_breathing,N2,baseline,16957,64184.711,16481.625,274.694,0.7633,55.66,21594.0
spontaneous_breathing,N2,baseline,17065,64302.578,16599.492,276.658,0.7687,53.33,21594.0
spontaneous_breathing,N2,baseline,17173,64420.227,16717.141,278.619,0.7742,56.07,21594.0
spontaneous_breathing,N2,baseline,17281,64535.781,16832.695,280.545,0.7795,55.25,21594.0
spontaneous_breathing,N2,baseline,17389,64651.172,16948.086,282.468,0.7849,57.75,21594.0
spontaneous_breathing,N2,baseline,17497,64762.719,17059.633,284.327,0.79,55.66,21594.0
spontaneous_breathing,N2,baseline,17605,64877.211,17174.125,286.235,0.7953,54.1,21594.0
spontaneous_breathing,N2,baseline,17713,64997.609,17294.523,288.242,0.8009,55.25,21594.0
spontaneous_breathing,N2,baseline,17821,65118.914,17415.828,290.264,0.8065,52.59,21594.0
spontaneous_breathing,N2,baseline,17929,65233.922,17530.836,292.181,0.8118,49.22,21594.0
spontaneous_breathing,N2,baseline,18037,65356.75,17653.664,294.228,0.8175,51.9,21594.0
spontaneous_breathing,N2,baseline,18145,65476.625,17773.539,296.226,0.8231,54.45,21594.0
spontaneous_breathing,N2,baseline,18253,65599.164,17896.078,298.268,0.8288,53.72,21594.0
spontaneous_breathing,N2,baseline,18361,65720.352,18017.266,300.288,0.8344,52.96,21594.0
spontaneous_breathing,N2,baseline,18469,65839.836,18136.75,302.279,0.8399,71.09,21594.0
spontaneous_breathing,N2,baseline,18577,65958.883,18255.797,304.263,0.8454,55.25,21594.0
spontaneous_breathing,N2,baseline,18685,66077.422,18374.336,306.239,0.8509,51.19,21594.0
spontaneous_breathing,N2,baseline,18793,66197.438,18494.352,308.239,0.8565,54.84,21594.0
spontaneous_breathing,N2,baseline,18901,66316.914,18613.828,310.23,0.862,54.1,21594.0
spontaneous_breathing,N2,baseline,19009,66435.852,18732.766,312.213,0.8675,51.9,21594.0
spontaneous_breathing,N2,baseline,19117,66556.891,18853.805,314.23,0.8731,76.82,21594.0
spontaneous_breathing,N2,baseline,19225,66666.188,18963.102,316.052,0.8782,55.25,21594.0
spontaneous_breathing,N2,baseline,19333,66778.375,19075.289,317.921,0.8834,59.52,21594.0
spontaneous_breathing,N2,baseline,19441,66887.789,19184.703,319.745,0.8884,54.84,21594.0
spontaneous_breathing,N2,baseline,19549,67002.117,19299.031,321.651,0.8937,56.5,21594.0
spontaneous_breathing,N2,baseline,19657,67117.508,19414.422,323.574,0.8991,56.07,21594.0
spontaneous_breathing,N2,baseline,19765,67233.445,19530.359,325.506,0.9044,56.07,21594.0
spontaneous_breathing,N2,baseline,19873,67350.641,19647.555,327.459,0.9099,54.1,21594.0
spontaneous_breathing,N2,baseline,19981,67469.891,19766.805,329.447,0.9154,53.72,21594.0
spontaneous_breathing,N2,baseline,20089,67587.453,19884.367,331.406,0.9208,53.72,21594.0
spontaneous_breathing,N2,baseline,20197,67707.516,20004.43,333.407,0.9264,53.33,21594.0
spontaneous_breathing,N2,baseline,20305,67828.633,20125.547,335.426,0.932,54.1,21594.0
spontaneous_breathing,N2,baseline,20413,67944.172,20241.086,337.351,0.9373,57.31,21594.0
spontaneous_breathing,N2,baseline,20521,68063.203,20360.117,339.335,0.9429,52.26,21594.0
spontaneous_breathing,N2,baseline,20629,68183.742,20480.656,341.344,0.9484,53.33,21594.0
spontaneous_breathing,N2,baseline,20737,68304.367,20601.281,343.355,0.954,53.33,21594.0
spontaneous_breathing,N2,baseline,20845,68423.367,20720.281,345.338,0.9595,52.59,21594.0
spontaneous_breathing,N2,baseline,20953,68543.219,20840.133,347.336,0.9651,54.45,21594.0
spontaneous_breathing,N2,baseline,21061,68658.625,20955.539,349.259,0.9704,52.26,21594.0
spontaneous_breathing,N2,baseline,21169,68777.109,21074.023,351.234,0.9759,55.25,21594.0
spontaneous_breathing,N2,baseline,21277,68895.844,21192.758,353.213,0.9814,54.1,21594.0
spontaneous_breathing,N2,baseline,21385,69016.594,21313.508,355.225,0.987,54.45,21594.0
spontaneous_breathing,N2,baseline,21493,69136.344,21433.258,357.221,0.9926,52.96,21594.0
spontaneous_breathing,N2,baseline,21601,69257.555,21554.469,359.241,0.9982,53.72,21594.0
spontaneous_breathing,N3,baseline,1,57604.422,0.0,0.0,0.0,51.55,16742.7
spontaneous_breathing,N3,baseline,86,57693.719,89.297,1.488,0.0053,52.26,16742.7
spontaneous_breathing,N3,baseline,171,57781.336,176.914,2.949,0.0106,78.33,16742.7
spontaneous_breathing,N3,baseline,256,57867.164,262.742,4.379,0.0157,58.2,16742.7
spontaneous_breathing,N3,baseline,341,57956.898,352.476,5.875,0.0211,58.2,16742.7
spontaneous_breathing,N3,baseline,426,58045.984,441.562,7.359,0.0264,55.66,16742.7
spontaneous_breathing,N3,baseline,511,58137.578,533.156,8.886,0.0318,59.52,16742.7
spontaneous_breathing,N3,baseline,596,58227.414,622.992,10.383,0.0372,60.48,16742.7
spontaneous_breathing,N3,baseline,681,58315.312,710.89,11.848,0.0425,60.0,16742.7
spontaneous_breathing,N3,baseline,766,58405.578,801.156,13.353,0.0479,54.1,16742.7
spontaneous_breathing,N3,baseline,851,58494.742,890.32,14.839,0.0532,52.96,16742.7
spontaneous_breathing,N3,baseline,936,58582.828,978.406,16.307,0.0584,61.41,16742.7
spontaneous_breathing,N3,baseline,1021,58670.57,1066.148,17.769,0.0637,46.55,16742.7
spontaneous_breathing,N3,baseline,1106,58760.508,1156.086,19.268,0.0691,59.52,16742.7
spontaneous_breathing,N3,baseline,1191,58851.344,1246.922,20.782,0.0745,63.97,16742.7
spontaneous_breathing,N3,baseline,1276,58940.898,1336.476,22.275,0.0798,65.08,16742.7
spontaneous_breathing,N3,baseline,1361,59020.891,1416.469,23.608,0.0846,64.52,16742.7
spontaneous_breathing,N3,baseline,1446,59097.922,1493.5,24.892,0.0892,58.2,16742.7
spontaneous_breathing,N3,baseline,1531,59171.57,1567.148,26.119,0.0936,87.21,16742.7
spontaneous_breathing,N3,baseline,1616,59243.391,1638.969,27.316,0.0979,47.69,16742.7
spontaneous_breathing,N3,baseline,1701,59333.086,1728.664,28.811,0.1032,63.97,16742.7
spontaneous_breathing,N3,baseline,1786,59420.625,1816.203,30.27,0.1085,48.0,16742.7
spontaneous_breathing,N3,baseline,1871,59506.695,1902.273,31.705,0.1136,58.65,16742.7
spontaneous_breathing,N3,baseline,1956,59593.648,1989.226,33.154,0.1188,52.59,16742.7
spontaneous_breathing,N3,baseline,2041,59686.469,2082.047,34.701,0.1244,47.39,16742.7
spontaneous_breathing,N3,baseline,2126,59777.406,2172.984,36.216,0.1298,47.69,16742.7
spontaneous_breathing,N3,baseline,2211,59858.828,2254.406,37.573,0.1347,79.16,16742.7
spontaneous_breathing,N3,baseline,2296,59940.961,2336.539,38.942,0.1396,63.49,16742.7
spontaneous_breathing,N3,baseline,2381,60030.805,2426.383,40.44,0.1449,55.25,16742.7
spontaneous_breathing,N3,baseline,2466,60121.125,2516.703,41.945,0.1503,63.97,16742.7
spontaneous_breathing,N3,baseline,2551,60209.984,2605.562,43.426,0.1556,52.96,16742.7
spontaneous_breathing,N3,baseline,2636,60299.586,2695.164,44.919,0.161,63.49,16742.7
spontaneous_breathing,N3,baseline,2721,60388.266,2783.844,46.397,0.1663,63.49,16742.7
spontaneous_breathing,N3,baseline,2806,60475.367,2870.945,47.849,0.1715,61.92,16742.7
spontaneous_breathing,N3,baseline,2891,60562.031,2957.609,49.293,0.1767,63.49,16742.7
spontaneous_breathing,N3,baseline,2976,60652.172,3047.75,50.796,0.182,60.0,16742.7
spontaneous_breathing,N3,baseline,3061,60739.773,3135.351,52.256,0.1873,53.72,16742.7
spontaneous_breathing,N3,baseline,3146,60826.133,3221.711,53.695,0.1924,63.97,16742.7
spontaneous_breathing,N3,baseline,3231,60913.414,3308.992,55.15,0.1976,60.0,16742.7
spontaneous_breathing,N3,baseline,3316,61003.461,3399.039,56.651,0.203,54.84,16742.7
spontaneous_breathing,N3,baseline,3401,61091.508,3487.086,58.118,0.2083,60.48,16742.7
spontaneous_breathing,N3,baseline,3486,61178.484,3574.062,59.568,0.2135,56.5,16742.7
spontaneous_breathing,N3,baseline,3571,61265.133,3660.711,61.012,0.2186,55.25,16742.7
spontaneous_breathing,N3,baseline,3656,61351.961,3747.539,62.459,0.2238,55.66,16742.7
spontaneous_breathing,N3,baseline,3741,61439.297,3834.875,63.915,0.229,61.92,16742.7
spontaneous_breathing,N3,baseline,3826,61522.906,3918.484,65.308,0.234,60.0,16742.7
spontaneous_breathing,N3,baseline,3911,61609.352,4004.93,66.749,0.2392,54.1,16742.7
spontaneous_breathing,N3,baseline,3996,61698.609,4094.187,68.236,0.2445,59.06,16742.7
spontaneous_breathing,N3,baseline,4081,61785.75,4181.328,69.689,0.2497,61.92,16742.7
spontaneous_breathing,N3,baseline,4166,61874.25,4269.828,71.164,0.255,59.06,16742.7
spontaneous_breathing,N3,baseline,4251,61957.453,4353.031,72.551,0.26,57.75,16742.7
spontaneous_breathing,N3,baseline,4336,62031.992,4427.57,73.793,0.2644,68.57,16742.7
spontaneous_breathing,N3,baseline,4421,62121.859,4517.437,75.291,0.2698,57.75,16742.7
spontaneous_breathing,N3,baseline,4506,62211.305,4606.883,76.781,0.2752,55.66,16742.7
spontaneous_breathing,N3,baseline,4591,62285.906,4681.484,78.025,0.2796,74.53,16742.7
spontaneous_breathing,N3,baseline,4676,62351.945,4747.523,79.125,0.2836,67.34,16742.7
spontaneous_breathing,N3,baseline,4761,62433.867,4829.445,80.491,0.2885,56.07,16742.7
spontaneous_breathing,N3,baseline,4846,62518.578,4914.156,81.903,0.2935,50.51,16742.7
spontaneous_breathing,N3,baseline,4931,62608.508,5004.086,83.401,0.2989,44.64,16742.7
spontaneous_breathing,N3,baseline,5016,62699.922,5095.5,84.925,0.3043,47.69,16742.7
spontaneous_breathing,N3,baseline,5101,62788.727,5184.305,86.405,0.3096,63.49,16742.7
spontaneous_breathing,N3,baseline,5186,62870.75,5266.328,87.772,0.3145,81.74,16742.7
spontaneous_breathing,N3,baseline,5271,62939.219,5334.797,88.913,0.3186,67.34,16742.7
spontaneous_breathing,N3,baseline,5356,63022.555,5418.133,90.302,0.3236,76.82,16742.7
spontaneous_breathing,N3,baseline,5441,63102.695,5498.273,91.638,0.3284,65.08,16742.7
spontaneous_breathing,N3,baseline,5526,63182.453,5578.031,92.967,0.3332,70.42,16742.7
spontaneous_breathing,N3,baseline,5611,63263.258,5658.836,94.314,0.338,88.24,16742.7
spontaneous_breathing,N3,baseline,5696,63344.766,5740.344,95.672,0.3429,58.2,16742.7
spontaneous_breathing,N3,baseline,5781,63433.289,5828.867,97.148,0.3481,44.15,16742.7
spontaneous_breathing,N3,baseline,5866,63515.711,5911.289,98.521,0.3531,60.48,16742.7
spontaneous_breathing,N3,baseline,5951,63587.68,5983.258,99.721,0.3574,58.65,16742.7
spontaneous_breathing,N3,baseline,6036,63672.344,6067.922,101.132,0.3624,69.2,16742.7
spontaneous_breathing,N3,baseline,6121,63755.469,6151.047,102.517,0.3674,67.95,16742.7
spontaneous_breathing,N3,baseline,6206,63840.438,6236.016,103.934,0.3725,82.53,16742.7
spontaneous_breathing,N3,baseline,6291,63917.617,6313.195,105.22,0.3771,68.57,16742.7
spontaneous_breathing,N3,baseline,6376,64003.438,6399.016,106.65,0.3822,71.09,16742.7
spontaneous_breathing,N3,baseline,6461,64083.609,6479.187,107.986,0.387,93.6,16742.7
spontaneous_breathing,N3,baseline,6546,64171.992,6567.57,109.459,0.3923,63.97,16742.7
spontaneous_breathing,N3,baseline,6631,64246.117,6641.695,110.695,0.3967,61.92,16742.7
spontaneous_breathing,N3,baseline,6716,64319.234,6714.812,111.914,0.4011,66.82,16742.7
spontaneous_breathing,N3,baseline,6801,64395.484,6791.062,113.184,0.4056,69.2,16742.7
spontaneous_breathing,N3,baseline,6886,64474.414,6869.992,114.5,0.4103,65.65,16742.7
spontaneous_breathing,N3,baseline,6971,64550.664,6946.242,115.771,0.4149,68.57,16742.7
spontaneous_breathing,N3,baseline,7056,64635.234,7030.812,117.18,0.4199,56.87,16742.7
spontaneous_breathing,N3,baseline,7141,64723.156,7118.734,118.646,0.4252,64.52,16742.7
spontaneous_breathing,N3,baseline,7226,64808.453,7204.031,120.067,0.4303,53.72,16742.7
spontaneous_breathing,N3,baseline,7311,64896.734,7292.312,121.539,0.4356,59.06,16742.7
spontaneous_breathing,N3,baseline,7396,64982.062,7377.64,122.961,0.4406,65.65,16742.7
spontaneous_breathing,N3,baseline,7481,65064.172,7459.75,124.329,0.4456,60.98,16742.7
spontaneous_breathing,N3,baseline,7566,65153.648,7549.226,125.82,0.4509,61.92,16742.7
spontaneous_breathing,N3,baseline,7651,65217.117,7612.695,126.878,0.4547,55.25,16742.7
spontaneous_breathing,N3,baseline,7736,65308.891,7704.469,128.408,0.4602,47.39,16742.7
spontaneous_breathing,N3,baseline,7821,65398.477,7794.055,129.901,0.4655,68.57,16742.7
spontaneous_breathing,N3,baseline,7906,65490.539,7886.117,131.435,0.471,52.96,16742.7
spontaneous_breathing,N3,baseline,7991,65579.594,7975.172,132.92,0.4763,64.52,16742.7
spontaneous_breathing,N3,baseline,8076,65663.711,8059.289,134.321,0.4814,52.26,16742.7
spontaneous_breathing,N3,baseline,8161,65753.008,8148.586,135.81,0.4867,61.41,16742.7
spontaneous_breathing,N3,baseline,8246,65837.539,8233.117,137.219,0.4917,60.0,16742.7
spontaneous_breathing,N3,baseline,8331,65919.383,8314.961,138.583,0.4966,92.59,16742.7
spontaneous_breathing,N3,baseline,8416,66011.227,8406.805,140.113,0.5021,64.52,16742.7
spontaneous_breathing,N3,baseline,8501,66097.172,8492.75,141.546,0.5073,57.31,16742.7
spontaneous_breathing,N3,baseline,8586,66182.891,8578.469,142.974,0.5124,66.82,16742.7
spontaneous_breathing,N3,baseline,8671,66272.625,8668.203,144.47,0.5177,57.31,16742.7
spontaneous_breathing,N3,baseline,8756,66368.141,8763.719,146.062,0.5234,56.07,16742.7
spontaneous_breathing,N3,baseline,8841,66458.805,8854.383,147.573,0.5289,57.31,16742.7
spontaneous_breathing,N3,baseline,8926,66552.07,8947.648,149.127,0.5344,49.55,16742.7
spontaneous_breathing,N3,baseline,9011,66644.523,9040.101,150.668,0.5399,47.39,16742.7
spontaneous_breathing,N3,baseline,9096,66735.57,9131.148,152.186,0.5454,65.08,16742.7
spontaneous_breathing,N3,baseline,9181,66828.852,9224.43,153.74,0.551,71.09,16742.7
spontaneous_breathing,N3,baseline,9266,66899.641,9295.219,154.92,0.5552,61.41,16742.7
spontaneous_breathing,N3,baseline,9351,66986.641,9382.219,156.37,0.5604,63.49,16742.7
spontaneous_breathing,N3,baseline,9436,67073.945,9469.523,157.825,0.5656,64.52,16742.7
spontaneous_breathing,N3,baseline,9521,67159.148,9554.726,159.245,0.5707,56.5,16742.7
spontaneous_breathing,N3,baseline,9606,67248.844,9644.422,160.74,0.576,56.87,16742.7
spontaneous_breathing,N3,baseline,9691,67339.305,9734.883,162.248,0.5814,48.9,16742.7
spontaneous_breathing,N3,baseline,9776,67422.617,9818.195,163.637,0.5864,66.23,16742.7
spontaneous_breathing,N3,baseline,9861,67512.57,9908.148,165.136,0.5918,64.52,16742.7
spontaneous_breathing,N3,baseline,9946,67601.414,9996.992,166.617,0.5971,60.0,16742.7
spontaneous_breathing,N3,baseline,10031,67680.898,10076.476,167.941,0.6018,64.52,16742.7
spontaneous_breathing,N3,baseline,10116,67756.078,10151.656,169.194,0.6063,79.16,16742.7
spontaneous_breathing,N3,baseline,10201,67828.375,10223.953,170.399,0.6107,78.33,16742.7
spontaneous_breathing,N3,baseline,10286,67908.719,10304.297,171.738,0.6155,60.48,16742.7
spontaneous_breathing,N3,baseline,10371,67984.836,10380.414,173.007,0.62,77.62,16742.7
spontaneous_breathing,N3,baseline,10456,68061.594,10457.172,174.286,0.6246,50.51,16742.7
spontaneous_breathing,N3,baseline,10541,68144.867,10540.445,175.674,0.6296,67.34,16742.7
spontaneous_breathing,N3,baseline,10626,68218.578,10614.156,176.903,0.634,63.97,16742.7
spontaneous_breathing,N3,baseline,10711,68291.227,10686.805,178.113,0.6383,78.33,16742.7
spontaneous_breathing,N3,baseline,10796,68367.328,10762.906,179.382,0.6428,69.2,16742.7
spontaneous_breathing,N3,baseline,10881,68437.609,10833.187,180.553,0.647,76.05,16742.7
spontaneous_breathing,N3,baseline,10966,68504.523,10900.101,181.668,0.651,62.96,16742.7
spontaneous_breathing,N3,baseline,11051,68587.938,10983.516,183.059,0.656,68.57,16742.7
spontaneous_breathing,N3,baseline,11136,68664.18,11059.758,184.329,0.6606,72.46,16742.7
spontaneous_breathing,N3,baseline,11221,68739.703,11135.281,185.588,0.6651,53.33,16742.7
spontaneous_breathing,N3,baseline,11306,68819.789,11215.367,186.923,0.6699,63.49,16742.7
spontaneous_breathing,N3,baseline,11391,68895.695,11291.273,188.188,0.6744,93.6,16742.7
spontaneous_breathing,N3,baseline,11476,68978.203,11373.781,189.563,0.6793,52.26,16742.7
spontaneous_breathing,N3,baseline,11561,69064.609,11460.187,191.003,0.6845,69.2,16742.7
spontaneous_breathing,N3,baseline,11646,69141.297,11536.875,192.281,0.6891,73.17,16742.7
spontaneous_breathing,N3,baseline,11731,69211.539,11607.117,193.452,0.6933,73.89,16742.7
spontaneous_breathing,N3,baseline,11816,69279.938,11675.516,194.592,0.6974,76.82,16742.7
spontaneous_breathing,N3,baseline,11901,69346.477,11742.055,195.701,0.7013,73.17,16742.7
spontaneous_breathing,N3,baseline,11986,69418.102,11813.68,196.895,0.7056,55.25,16742.7
spontaneous_breathing,N3,baseline,12071,69491.562,11887.14,198.119,0.71,66.82,16742.7
spontaneous_breathing,N3,baseline,12156,69567.789,11963.367,199.389,0.7145,71.77,16742.7
spontaneous_breathing,N3,baseline,12241,69639.281,12034.859,200.581,0.7188,60.98,16742.7
spontaneous_breathing,N3,baseline,12326,69724.039,12119.617,201.994,0.7239,65.08,16742.7
spontaneous_breathing,N3,baseline,12411,69804.195,12199.773,203.33,0.7287,62.44,16742.7
spontaneous_breathing,N3,baseline,12496,69883.961,12279.539,204.659,0.7334,55.66,16742.7
spontaneous_breathing,N3,baseline,12581,69969.391,12364.969,206.083,0.7385,63.97,16742.7
spontaneous_breathing,N3,baseline,12666,70051.008,12446.586,207.443,0.7434,71.77,16742.7
spontaneous_breathing,N3,baseline,12751,70124.531,12520.109,208.668,0.7478,58.2,16742.7
spontaneous_breathing,N3,baseline,12836,70210.891,12606.469,210.108,0.753,48.0,16742.7
spontaneous_breathing,N3,baseline,12921,70295.703,12691.281,211.521,0.758,63.49,16742.7
spontaneous_breathing,N3,baseline,13006,70381.148,12776.726,212.945,0.7631,69.2,16742.7
spontaneous_breathing,N3,baseline,13091,70471.797,12867.375,214.456,0.7685,57.31,16742.7
spontaneous_breathing,N3,baseline,13176,70562.031,12957.609,215.96,0.7739,50.21,16742.7
spontaneous_breathing,N3,baseline,13261,70646.68,13042.258,217.371,0.779,60.0,16742.7
spontaneous_breathing,N3,baseline,13346,70735.164,13130.742,218.846,0.7843,59.52,16742.7
spontaneous_breathing,N3,baseline,13431,70823.297,13218.875,220.315,0.7895,66.23,16742.7
spontaneous_breathing,N3,baseline,13516,70909.344,13304.922,221.749,0.7947,59.06,16742.7
spontaneous_breathing,N3,baseline,13601,70996.961,13392.539,223.209,0.7999,54.84,16742.7
spontaneous_breathing,N3,baseline,13686,71086.336,13481.914,224.699,0.8052,65.08,16742.7
spontaneous_breathing,N3,baseline,13771,71172.773,13568.351,226.139,0.8104,65.08,16742.7
spontaneous_breathing,N3,baseline,13856,71257.422,13653.0,227.55,0.8155,52.26,16742.7
spontaneous_breathing,N3,baseline,13941,71344.945,13740.523,229.009,0.8207,65.08,16742.7
spontaneous_breathing,N3,baseline,14026,71435.891,13831.469,230.524,0.8261,60.48,16742.7
spontaneous_breathing,N3,baseline,14111,71523.359,13918.937,231.982,0.8313,62.96,16742.7
spontaneous_breathing,N3,baseline,14196,71609.883,14005.461,233.424,0.8365,60.98,16742.7
spontaneous_breathing,N3,baseline,14281,71687.578,14083.156,234.719,0.8412,52.26,16742.7
spontaneous_breathing,N3,baseline,14366,71779.867,14175.445,236.257,0.8467,59.06,16742.7
spontaneous_breathing,N3,baseline,14451,71869.602,14265.18,237.753,0.852,52.96,16742.7
spontaneous_breathing,N3,baseline,14536,71958.883,14354.461,239.241,0.8574,49.55,16742.7
spontaneous_breathing,N3,baseline,14621,72046.797,14442.375,240.706,0.8626,66.23,16742.7
spontaneous_breathing,N3,baseline,14706,72131.617,14527.195,242.12,0.8677,60.98,16742.7
spontaneous_breathing,N3,baseline,14791,72221.812,14617.39,243.623,0.8731,61.92,16742.7
spontaneous_breathing,N3,baseline,14876,72307.945,14703.523,245.059,0.8782,57.31,16742.7
spontaneous_breathing,N3,baseline,14961,72395.195,14790.773,246.513,0.8834,64.52,16742.7
spontaneous_breathing,N3,baseline,15046,72479.273,14874.851,247.914,0.8884,52.59,16742.7
spontaneous_breathing,N3,baseline,15131,72564.844,14960.422,249.34,0.8935,67.34,16742.7
spontaneous_breathing,N3,baseline,15216,72650.117,15045.695,250.762,0.8986,65.65,16742.7
spontaneous_breathing,N3,baseline,15301,72736.125,15131.703,252.195,0.9038,67.34,16742.7
spontaneous_breathing,N3,baseline,15386,72817.977,15213.555,253.559,0.9087,65.08,16742.7
spontaneous_breathing,N3,baseline,15471,72894.297,15289.875,254.831,0.9132,70.42,16742.7
spontaneous_breathing,N3,baseline,15556,72980.906,15376.484,256.275,0.9184,62.96,16742.7
spontaneous_breathing,N3,baseline,15641,73067.234,15462.812,257.714,0.9236,60.0,16742.7
spontaneous_breathing,N3,baseline,15726,73153.812,15549.39,259.156,0.9287,49.55,16742.7
spontaneous_breathing,N3,baseline,15811,73242.984,15638.562,260.643,0.9341,63.49,16742.7
spontaneous_breathing,N3,baseline,15896,73320.219,15715.797,261.93,0.9387,59.06,16742.7
spontaneous_breathing,N3,baseline,15981,73391.344,15786.922,263.115,0.9429,49.55,16742.7
spontaneous_breathing,N3,baseline,16066,73481.242,15876.82,264.614,0.9483,67.34,16742.7
spontaneous_breathing,N3,baseline,16151,73556.516,15952.094,265.868,0.9528,75.28,16742.7
spontaneous_breathing,N3,baseline,16236,73626.297,16021.875,267.031,0.9569,76.82,16742.7
spontaneous_breathing,N3,baseline,16321,73710.359,16105.937,268.432,0.962,65.08,16742.7
spontaneous_breathing,N3,baseline,16406,73793.836,16189.414,269.824,0.967,66.82,16742.7
spontaneous_breathing,N3,baseline,16491,73871.445,16267.023,271.117,0.9716,89.29,16742.7
spontaneous_breathing,N3,baseline,16576,73953.289,16348.867,272.481,0.9765,73.17,16742.7
spontaneous_breathing,N3,baseline,16661,74031.367,16426.945,273.782,0.9811,70.42,16742.7
spontaneous_breathing,N3,baseline,16746,74106.945,16502.523,275.042,0.9857,61.92,16742.7
spontaneous_breathing,N3,baseline,16831,74191.086,16586.664,276.444,0.9907,69.85,16742.7
spontaneous_breathing,N3,baseline,16916,74273.062,16668.64,277.811,0.9956,60.48,16742.7
spontaneous_breathing,N3,baseline,17001,74342.133,16737.711,278.962,0.9997,83.45,16742.7
spontaneous_breathing,N4,baseline,1,55202.391,0.0,0.0,0.0,82.53,21595.4
spontaneous_breathing,N4,baseline,125,55295.992,93.601,1.56,0.0043,80.0,21595.4
spontaneous_breathing,N4,baseline,249,55390.516,188.125,3.135,0.0087,73.89,21595.4
spontaneous_breathing,N4,baseline,373,55489.398,287.007,4.783,0.0133,80.0,21595.4
spontaneous_breathing,N4,baseline,497,55588.672,386.281,6.438,0.0179,84.39,21595.4
spontaneous_breathing,N4,baseline,621,55687.734,485.343,8.089,0.0225,73.17,21595.4
spontaneous_breathing,N4,baseline,745,55780.609,578.218,9.637,0.0268,81.74,21595.4
spontaneous_breathing,N4,baseline,869,55877.797,675.406,11.257,0.0313,73.17,21595.4
spontaneous_breathing,N4,baseline,993,55979.172,776.781,12.946,0.036,77.62,21595.4
spontaneous_breathing,N4,baseline,1117,56078.609,876.218,14.604,0.0406,77.62,21595.4
spontaneous_breathing,N4,baseline,1241,56179.094,976.703,16.278,0.0452,80.0,21595.4
spontaneous_breathing,N4,baseline,1365,56282.562,1080.171,18.003,0.05,65.08,21595.4
spontaneous_breathing,N4,baseline,1489,56388.062,1185.671,19.761,0.0549,66.82,21595.4
spontaneous_breathing,N4,baseline,1613,56484.25,1281.859,21.364,0.0594,71.77,21595.4
spontaneous_breathing,N4,baseline,1737,56588.867,1386.476,23.108,0.0642,73.89,21595.4
spontaneous_breathing,N4,baseline,1861,56695.242,1492.851,24.881,0.0691,76.05,21595.4
spontaneous_breathing,N4,baseline,1985,56802.734,1600.343,26.672,0.0741,66.23,21595.4
spontaneous_breathing,N4,baseline,2109,56909.789,1707.398,28.457,0.0791,65.08,21595.4
spontaneous_breathing,N4,baseline,2233,57014.977,1812.586,30.21,0.0839,67.34,21595.4
spontaneous_breathing,N4,baseline,2357,57119.875,1917.484,31.958,0.0888,69.2,21595.4
spontaneous_breathing,N4,baseline,2481,57225.57,2023.179,33.72,0.0937,63.97,21595.4
spontaneous_breathing,N4,baseline,2605,57331.117,2128.726,35.479,0.0986,74.53,21595.4
spontaneous_breathing,N4,baseline,2729,57436.586,2234.195,37.237,0.1035,71.77,21595.4
spontaneous_breathing,N4,baseline,2853,57537.656,2335.265,38.921,0.1081,87.21,21595.4
spontaneous_breathing,N4,baseline,2977,57642.594,2440.203,40.67,0.113,72.46,21595.4
spontaneous_breathing,N4,baseline,3101,57746.977,2544.586,42.41,0.1178,66.23,21595.4
spontaneous_breathing,N4,baseline,3225,57845.766,2643.375,44.056,0.1224,79.16,21595.4
spontaneous_breathing,N4,baseline,3349,57951.266,2748.875,45.815,0.1273,78.33,21595.4
spontaneous_breathing,N4,baseline,3473,58058.484,2856.093,47.602,0.1323,72.46,21595.4
spontaneous_breathing,N4,baseline,3597,58165.828,2963.437,49.391,0.1372,70.42,21595.4
spontaneous_breathing,N4,baseline,3721,58269.797,3067.406,51.123,0.142,62.96,21595.4
spontaneous_breathing,N4,baseline,3845,58375.102,3172.711,52.879,0.1469,74.53,21595.4
spontaneous_breathing,N4,baseline,3969,58480.125,3277.734,54.629,0.1518,70.42,21595.4
spontaneous_breathing,N4,baseline,4093,58582.961,3380.57,56.343,0.1565,73.89,21595.4
spontaneous_breathing,N4,baseline,4217,58685.07,3482.679,58.045,0.1613,73.89,21595.4
spontaneous_breathing,N4,baseline,4341,58786.93,3584.539,59.742,0.166,75.28,21595.4
spontaneous_breathing,N4,baseline,4465,58888.461,3686.07,61.434,0.1707,78.33,21595.4
spontaneous_breathing,N4,baseline,4589,58991.203,3788.812,63.147,0.1754,71.09,21595.4
spontaneous_breathing,N4,baseline,4713,59094.891,3892.5,64.875,0.1802,65.08,21595.4
spontaneous_breathing,N4,baseline,4837,59197.648,3995.257,66.588,0.185,66.82,21595.4
spontaneous_breathing,N4,baseline,4961,59299.812,4097.421,68.29,0.1897,78.33,21595.4
spontaneous_breathing,N4,baseline,5085,59402.883,4200.492,70.008,0.1945,69.85,21595.4
spontaneous_breathing,N4,baseline,5209,59505.609,4303.218,71.72,0.1993,75.28,21595.4
spontaneous_breathing,N4,baseline,5333,59609.766,4407.375,73.456,0.2041,76.05,21595.4
spontaneous_breathing,N4,baseline,5457,59712.664,4510.273,75.171,0.2089,74.53,21595.4
spontaneous_breathing,N4,baseline,5581,59814.203,4611.812,76.864,0.2136,102.39,21595.4
spontaneous_breathing,N4,baseline,5705,59917.836,4715.445,78.591,0.2184,67.95,21595.4
spontaneous_breathing,N4,baseline,5829,60021.625,4819.234,80.321,0.2232,78.33,21595.4
spontaneous_breathing,N4,baseline,5953,60121.414,4919.023,81.984,0.2278,69.2,21595.4
spontaneous_breathing,N4,baseline,6077,60215.156,5012.765,83.546,0.2321,84.39,21595.4
spontaneous_breathing,N4,baseline,6201,60311.086,5108.695,85.145,0.2366,74.53,21595.4
spontaneous_breathing,N4,baseline,6325,60407.852,5205.461,86.758,0.241,66.82,21595.4
spontaneous_breathing,N4,baseline,6449,60506.125,5303.734,88.396,0.2456,73.17,21595.4
spontaneous_breathing,N4,baseline,6573,60607.938,5405.547,90.092,0.2503,80.86,21595.4
spontaneous_breathing,N4,baseline,6697,60709.609,5507.218,91.787,0.255,61.92,21595.4
spontaneous_breathing,N4,baseline,6821,60810.852,5608.461,93.474,0.2597,69.2,21595.4
spontaneous_breathing,N4,baseline,6945,60907.648,5705.257,95.088,0.2642,77.62,21595.4
spontaneous_breathing,N4,baseline,7069,61005.945,5803.554,96.726,0.2687,76.05,21595.4
spontaneous_breathing,N4,baseline,7193,61103.805,5901.414,98.357,0.2733,93.6,21595.4
spontaneous_breathing,N4,baseline,7317,61202.953,6000.562,100.009,0.2779,80.0,21595.4
spontaneous_breathing,N4,baseline,7441,61305.156,6102.765,101.713,0.2826,71.09,21595.4
spontaneous_breathing,N4,baseline,7565,61407.648,6205.257,103.421,0.2873,68.57,21595.4
spontaneous_breathing,N4,baseline,7689,61509.281,6306.89,105.115,0.292,66.82,21595.4
spontaneous_breathing,N4,baseline,7813,61611.469,6409.078,106.818,0.2968,80.0,21595.4
spontaneous_breathing,N4,baseline,7937,61714.383,6511.992,108.533,0.3015,72.46,21595.4
spontaneous_breathing,N4,baseline,8061,61817.734,6615.343,110.256,0.3063,76.05,21595.4
spontaneous_breathing,N4,baseline,8185,61921.266,6718.875,111.981,0.3111,72.46,21595.4
spontaneous_breathing,N4,baseline,8309,62025.141,6822.75,113.713,0.3159,74.53,21595.4
spontaneous_breathing,N4,baseline,8433,62129.352,6926.961,115.449,0.3208,73.89,21595.4
spontaneous_breathing,N4,baseline,8557,62232.555,7030.164,117.169,0.3255,76.05,21595.4
spontaneous_breathing,N4,baseline,8681,62336.539,7134.148,118.902,0.3304,72.46,21595.4
spontaneous_breathing,N4,baseline,8805,62431.453,7229.062,120.484,0.3348,80.0,21595.4
spontaneous_breathing,N4,baseline,8929,62536.305,7333.914,122.232,0.3396,75.28,21595.4
spontaneous_breathing,N4,baseline,9053,62637.836,7435.445,123.924,0.3443,57.75,21595.4
spontaneous_breathing,N4,baseline,9177,62747.859,7545.468,125.758,0.3494,72.46,21595.4
spontaneous_breathing,N4,baseline,9301,62856.023,7653.632,127.561,0.3544,74.53,21595.4
spontaneous_breathing,N4,baseline,9425,62966.617,7764.226,129.404,0.3595,79.16,21595.4
spontaneous_breathing,N4,baseline,9549,63076.18,7873.789,131.23,0.3646,76.05,21595.4
spontaneous_breathing,N4,baseline,9673,63184.133,7981.742,133.029,0.3696,72.46,21595.4
spontaneous_breathing,N4,baseline,9797,63293.531,8091.14,134.852,0.3747,76.05,21595.4
spontaneous_breathing,N4,baseline,9921,63399.914,8197.523,136.625,0.3796,84.39,21595.4
spontaneous_breathing,N4,baseline,10045,63501.797,8299.406,138.323,0.3843,92.59,21595.4
spontaneous_breathing,N4,baseline,10169,63606.984,8404.593,140.077,0.3892,68.57,21595.4
spontaneous_breathing,N4,baseline,10293,63718.625,8516.234,141.937,0.3944,66.82,21595.4
spontaneous_breathing,N4,baseline,10417,63828.617,8626.226,143.77,0.3994,58.65,21595.4
spontaneous_breathing,N4,baseline,10541,63937.758,8735.367,145.589,0.4045,60.98,21595.4
spontaneous_breathing,N4,baseline,10665,64045.578,8843.187,147.386,0.4095,69.2,21595.4
spontaneous_breathing,N4,baseline,10789,64145.898,8943.507,149.058,0.4141,90.36,21595.4
spontaneous_breathing,N4,baseline,10913,64254.812,9052.421,150.874,0.4192,85.35,21595.4
spontaneous_breathing,N4,baseline,11037,64364.375,9161.984,152.7,0.4243,57.75,21595.4
spontaneous_breathing,N4,baseline,11161,64476.812,9274.421,154.574,0.4295,75.28,21595.4
spontaneous_breathing,N4,baseline,11285,64584.406,9382.015,156.367,0.4344,73.17,21595.4
spontaneous_breathing,N4,baseline,11409,64695.664,9493.273,158.221,0.4396,65.65,21595.4
spontaneous_breathing,N4,baseline,11533,64807.672,9605.281,160.088,0.4448,61.92,21595.4
spontaneous_breathing,N4,baseline,11657,64918.586,9716.195,161.937,0.4499,69.2,21595.4
spontaneous_breathing,N4,baseline,11781,65028.711,9826.32,163.772,0.455,69.85,21595.4
spontaneous_breathing,N4,baseline,11905,65138.133,9935.742,165.596,0.4601,73.17,21595.4
spontaneous_breathing,N4,baseline,12029,65248.594,10046.203,167.437,0.4652,75.28,21595.4
spontaneous_breathing,N4,baseline,12153,65359.023,10156.632,169.277,0.4703,63.97,21595.4
spontaneous_breathing,N4,baseline,12277,65467.32,10264.929,171.082,0.4753,74.53,21595.4
spontaneous_breathing,N4,baseline,12401,65575.094,10372.703,172.878,0.4803,73.17,21595.4
spontaneous_breathing,N4,baseline,12525,65681.766,10479.375,174.656,0.4853,84.39,21595.4
spontaneous_breathing,N4,baseline,12649,65787.523,10585.132,176.419,0.4902,67.34,21595.4
spontaneous_breathing,N4,baseline,12773,65890.484,10688.093,178.135,0.4949,80.0,21595.4
spontaneous_breathing,N4,baseline,12897,65986.531,10784.14,179.736,0.4994,72.46,21595.4
spontaneous_breathing,N4,baseline,13021,66077.414,10875.023,181.25,0.5036,85.35,21595.4
spontaneous_breathing,N4,baseline,13145,66172.984,10970.593,182.843,0.508,80.86,21595.4
spontaneous_breathing,N4,baseline,13269,66265.781,11063.39,184.39,0.5123,81.74,21595.4
spontaneous_breathing,N4,baseline,13393,66359.789,11157.398,185.957,0.5167,78.33,21595.4
spontaneous_breathing,N4,baseline,13517,66453.906,11251.515,187.525,0.521,80.0,21595.4
spontaneous_breathing,N4,baseline,13641,66551.867,11349.476,189.158,0.5256,76.82,21595.4
spontaneous_breathing,N4,baseline,13765,66647.523,11445.132,190.752,0.53,74.53,21595.4
spontaneous_breathing,N4,baseline,13889,66743.312,11540.921,192.349,0.5344,76.05,21595.4
spontaneous_breathing,N4,baseline,14013,66842.891,11640.5,194.008,0.539,79.16,21595.4
spontaneous_breathing,N4,baseline,14137,66942.539,11740.148,195.669,0.5436,71.09,21595.4
spontaneous_breathing,N4,baseline,14261,67043.039,11840.648,197.344,0.5483,82.53,21595.4
spontaneous_breathing,N4,baseline,14385,67147.758,11945.367,199.089,0.5531,54.1,21595.4
spontaneous_breathing,N4,baseline,14509,67248.914,12046.523,200.775,0.5578,75.28,21595.4
spontaneous_breathing,N4,baseline,14633,67352.43,12150.039,202.501,0.5626,59.06,21595.4
spontaneous_breathing,N4,baseline,14757,67455.617,12253.226,204.22,0.5674,82.53,21595.4
spontaneous_breathing,N4,baseline,14881,67550.391,12348.0,205.8,0.5718,78.33,21595.4
spontaneous_breathing,N4,baseline,15005,67649.555,12447.164,207.453,0.5764,80.86,21595.4
spontaneous_breathing,N4,baseline,15129,67744.617,12542.226,209.037,0.5808,80.86,21595.4
spontaneous_breathing,N4,baseline,15253,67842.234,12639.843,210.664,0.5853,74.53,21595.4
spontaneous_breathing,N4,baseline,15377,67944.969,12742.578,212.376,0.5901,79.16,21595.4
spontaneous_breathing,N4,baseline,15501,68050.672,12848.281,214.138,0.595,67.95,21595.4
spontaneous_breathing,N4,baseline,15625,68158.047,12955.656,215.928,0.5999,75.28,21595.4
spontaneous_breathing,N4,baseline,15749,68261.742,13059.351,217.656,0.6047,74.53,21595.4
spontaneous_breathing,N4,baseline,15873,68371.5,13169.109,219.485,0.6098,68.57,21595.4
spontaneous_breathing,N4,baseline,15997,68480.258,13277.867,221.298,0.6148,67.34,21595.4
spontaneous_breathing,N4,baseline,16121,68593.883,13391.492,223.192,0.6201,64.52,21595.4
spontaneous_breathing,N4,baseline,16245,68698.516,13496.125,224.935,0.625,63.49,21595.4
spontaneous_breathing,N4,baseline,16369,68805.031,13602.64,226.711,0.6299,68.57,21595.4
spontaneous_breathing,N4,baseline,16493,68913.336,13710.945,228.516,0.6349,61.41,21595.4
spontaneous_breathing,N4,baseline,16617,69022.188,13819.797,230.33,0.6399,73.17,21595.4
spontaneous_breathing,N4,baseline,16741,69131.68,13929.289,232.155,0.645,68.57,21595.4
spontaneous_breathing,N4,baseline,16865,69242.609,14040.218,234.004,0.6501,74.53,21595.4
spontaneous_breathing,N4,baseline,16989,69352.125,14149.734,235.829,0.6552,71.77,21595.4
spontaneous_breathing,N4,baseline,17113,69461.297,14258.906,237.648,0.6603,76.05,21595.4
spontaneous_breathing,N4,baseline,17237,69566.32,14363.929,239.399,0.6651,73.17,21595.4
spontaneous_breathing,N4,baseline,17361,69671.023,14468.632,241.144,0.67,74.53,21595.4
spontaneous_breathing,N4,baseline,17485,69779.234,14576.843,242.947,0.675,77.62,21595.4
spontaneous_breathing,N4,baseline,17609,69885.281,14682.89,244.715,0.6799,71.09,21595.4
spontaneous_breathing,N4,baseline,17733,69993.461,14791.07,246.518,0.6849,63.97,21595.4
spontaneous_breathing,N4,baseline,17857,70100.898,14898.507,248.308,0.6899,69.2,21595.4
spontaneous_breathing,N4,baseline,17981,70211.461,15009.07,250.151,0.695,73.89,21595.4
spontaneous_breathing,N4,baseline,18105,70322.695,15120.304,252.005,0.7002,61.41,21595.4
spontaneous_breathing,N4,baseline,18229,70435.031,15232.64,253.877,0.7054,66.23,21595.4
spontaneous_breathing,N4,baseline,18353,70546.898,15344.507,255.742,0.7105,74.53,21595.4
spontaneous_breathing,N4,baseline,18477,70658.469,15456.078,257.601,0.7157,66.23,21595.4
spontaneous_breathing,N4,baseline,18601,70762.805,15560.414,259.34,0.7205,52.26,21595.4
spontaneous_breathing,N4,baseline,18725,70885.828,15683.437,261.391,0.7262,63.49,21595.4
spontaneous_breathing,N4,baseline,18849,71006.219,15803.828,263.397,0.7318,70.42,21595.4
spontaneous_breathing,N4,baseline,18973,71125.789,15923.398,265.39,0.7374,90.36,21595.4
spontaneous_breathing,N4,baseline,19097,71224.32,16021.929,267.032,0.7419,79.16,21595.4
spontaneous_breathing,N4,baseline,19221,71340.336,16137.945,268.966,0.7473,53.33,21595.4
spontaneous_breathing,N4,baseline,19345,71460.43,16258.039,270.967,0.7528,64.52,21595.4
spontaneous_breathing,N4,baseline,19469,71580.992,16378.601,272.977,0.7584,74.53,21595.4
spontaneous_breathing,N4,baseline,19593,71697.062,16494.671,274.911,0.7638,65.65,21595.4
spontaneous_breathing,N4,baseline,19717,71814.672,16612.281,276.871,0.7693,68.57,21595.4
spontaneous_breathing,N4,baseline,19841,71929.109,16726.718,278.779,0.7746,60.48,21595.4
spontaneous_breathing,N4,baseline,19965,72042.742,16840.351,280.673,0.7798,69.2,21595.4
spontaneous_breathing,N4,baseline,20089,72157.508,16955.117,282.585,0.7851,51.9,21595.4
spontaneous_breathing,N4,baseline,20213,72271.477,17069.086,284.485,0.7904,62.96,21595.4
spontaneous_breathing,N4,baseline,20337,72383.477,17181.086,286.351,0.7956,67.95,21595.4
spontaneous_breathing,N4,baseline,20461,72497.961,17295.57,288.26,0.8009,73.17,21595.4
spontaneous_breathing,N4,baseline,20585,72614.109,17411.718,290.195,0.8063,67.95,21595.4
spontaneous_breathing,N4,baseline,20709,72728.922,17526.531,292.109,0.8116,56.5,21595.4
spontaneous_breathing,N4,baseline,20833,72845.672,17643.281,294.055,0.817,71.09,21595.4
spontaneous_breathing,N4,baseline,20957,72960.969,17758.578,295.976,0.8223,69.85,21595.4
spontaneous_breathing,N4,baseline,21081,73074.664,17872.273,297.871,0.8276,60.48,21595.4
spontaneous_breathing,N4,baseline,21205,73189.711,17987.32,299.789,0.8329,70.42,21595.4
spontaneous_breathing,N4,baseline,21329,73304.227,18101.836,301.697,0.8382,63.49,21595.4
spontaneous_breathing,N4,baseline,21453,73416.977,18214.586,303.576,0.8434,65.08,21595.4
spontaneous_breathing,N4,baseline,21577,73533.359,18330.968,305.516,0.8488,62.44,21595.4
spontaneous_breathing,N4,baseline,21701,73648.602,18446.211,307.437,0.8542,60.98,21595.4
spontaneous_breathing,N4,baseline,21825,73763.336,18560.945,309.349,0.8595,56.5,21595.4
spontaneous_breathing,N4,baseline,21949,73877.781,18675.39,311.257,0.8648,56.07,21595.4
spontaneous_breathing,N4,baseline,22073,73985.391,18783.0,313.05,0.8698,72.46,21595.4
spontaneous_breathing,N4,baseline,22197,74109.188,18906.797,315.113,0.8755,66.82,21595.4
spontaneous_breathing,N4,baseline,22321,74228.148,19025.757,317.096,0.881,71.09,21595.4
spontaneous_breathing,N4,baseline,22445,74340.117,19137.726,318.962,0.8862,67.34,21595.4
spontaneous_breathing,N4,baseline,22569,74452.945,19250.554,320.843,0.8914,72.46,21595.4
spontaneous_breathing,N4,baseline,22693,74561.391,19359.0,322.65,0.8964,89.29,21595.4
spontaneous_breathing,N4,baseline,22817,74673.719,19471.328,324.522,0.9016,53.72,21595.4
spontaneous_breathing,N4,baseline,22941,74790.922,19588.531,326.476,0.9071,51.19,21595.4
spontaneous_breathing,N4,baseline,23065,74913.148,19710.757,328.513,0.9127,54.1,21595.4
spontaneous_breathing,N4,baseline,23189,75038.781,19836.39,330.606,0.9185,65.08,21595.4
spontaneous_breathing,N4,baseline,23313,75161.609,19959.218,332.654,0.9242,64.52,21595.4
spontaneous_breathing,N4,baseline,23437,75283.0,20080.609,334.677,0.9299,65.65,21595.4
spontaneous_breathing,N4,baseline,23561,75404.586,20202.195,336.703,0.9355,66.82,21595.4
spontaneous_breathing,N4,baseline,23685,75520.359,20317.968,338.633,0.9408,43.13,21595.4
spontaneous_breathing,N4,baseline,23809,75647.086,20444.695,340.745,0.9467,74.53,21595.4
spontaneous_breathing,N4,baseline,23933,75761.805,20559.414,342.657,0.952,45.98,21595.4
spontaneous_breathing,N4,baseline,24057,75885.703,20683.312,344.722,0.9578,56.5,21595.4
spontaneous_breathing,N4,baseline,24181,76004.883,20802.492,346.708,0.9633,46.55,21595.4
spontaneous_breathing,N4,baseline,24305,76127.602,20925.211,348.754,0.969,67.95,21595.4
spontaneous_breathing,N4,baseline,24429,76252.07,21049.679,350.828,0.9747,73.17,21595.4
spontaneous_breathing,N4,baseline,24553,76377.891,21175.5,352.925,0.9806,75.28,21595.4
spontaneous_breathing,N4,baseline,24677,76495.156,21292.765,354.879,0.986,67.95,21595.4
spontaneous_breathing,N4,baseline,24801,76620.57,21418.179,356.97,0.9918,50.51,21595.4
spontaneous_breathing,N4,baseline,24925,76746.68,21544.289,359.071,0.9976,63.97,21595.4
spontaneous_breathing,N5,baseline,1,51004.203,0.0,0.0,0.0,54.45,21592.5
spontaneous_breathing,N5,baseline,85,51108.273,104.07,1.734,0.0048,51.9,21592.5
spontaneous_breathing,N5,baseline,169,51212.0,207.797,3.463,0.0096,50.85,21592.5
spontaneous_breathing,N5,baseline,253,51315.992,311.789,5.196,0.0144,48.0,21592.5
spontaneous_breathing,N5,baseline,337,51420.531,416.328,6.939,0.0193,53.33,21592.5
spontaneous_breathing,N5,baseline,421,51524.133,519.93,8.665,0.0241,47.39,21592.5
spontaneous_breathing,N5,baseline,505,51627.75,623.547,10.392,0.0289,51.55,21592.5
spontaneous_breathing,N5,baseline,589,51720.602,716.399,11.94,0.0332,46.84,21592.5
spontaneous_breathing,N5,baseline,673,51817.859,813.656,13.561,0.0377,46.84,21592.5
spontaneous_breathing,N5,baseline,757,51922.68,918.477,15.308,0.0425,50.21,21592.5
spontaneous_breathing,N5,baseline,841,52027.992,1023.789,17.063,0.0474,47.69,21592.5
spontaneous_breathing,N5,baseline,925,52135.148,1130.945,18.849,0.0524,46.55,21592.5
spontaneous_breathing,N5,baseline,1009,52240.016,1235.813,20.597,0.0572,45.45,21592.5
spontaneous_breathing,N5,baseline,1093,52346.203,1342.0,22.367,0.0622,45.98,21592.5
spontaneous_breathing,N5,baseline,1177,52450.445,1446.242,24.104,0.067,45.18,21592.5
spontaneous_breathing,N5,baseline,1261,52558.32,1554.117,25.902,0.072,54.84,21592.5
spontaneous_breathing,N5,baseline,1345,52658.539,1654.336,27.572,0.0766,52.26,21592.5
spontaneous_breathing,N5,baseline,1429,52758.75,1754.547,29.242,0.0813,49.55,21592.5
spontaneous_breathing,N5,baseline,1513,52858.523,1854.32,30.905,0.0859,55.25,21592.5
spontaneous_breathing,N5,baseline,1597,52961.141,1956.938,32.616,0.0906,47.69,21592.5
spontaneous_breathing,N5,baseline,1681,53067.172,2062.969,34.383,0.0955,46.26,21592.5
spontaneous_breathing,N5,baseline,1765,53165.805,2161.602,36.027,0.1001,54.84,21592.5
spontaneous_breathing,N5,baseline,1849,53268.82,2264.617,37.744,0.1049,44.15,21592.5
spontaneous_breathing,N5,baseline,1933,53374.812,2370.609,39.51,0.1098,52.59,21592.5
spontaneous_breathing,N5,baseline,2017,53481.531,2477.328,41.289,0.1147,54.1,21592.5
spontaneous_breathing,N5,baseline,2101,53585.242,2581.039,43.017,0.1195,52.96,21592.5
spontaneous_breathing,N5,baseline,2185,53690.211,2686.008,44.767,0.1244,47.69,21592.5
spontaneous_breathing,N5,baseline,2269,53794.312,2790.109,46.502,0.1292,51.9,21592.5
spontaneous_breathing,N5,baseline,2353,53897.125,2892.922,48.215,0.134,49.22,21592.5
spontaneous_breathing,N5,baseline,2437,53980.758,2976.555,49.609,0.1379,44.15,21592.5
spontaneous_breathing,N5,baseline,2521,54077.68,3073.477,51.225,0.1423,76.05,21592.5
spontaneous_breathing,N5,baseline,2605,54181.102,3176.899,52.948,0.1471,46.26,21592.5
spontaneous_breathing,N5,baseline,2689,54277.438,3273.235,54.554,0.1516,41.29,21592.5
spontaneous_breathing,N5,baseline,2773,54385.039,3380.836,56.347,0.1566,49.88,21592.5
spontaneous_breathing,N5,baseline,2857,54491.914,3487.711,58.129,0.1615,54.84,21592.5
spontaneous_breathing,N5,baseline,2941,54594.422,3590.219,59.837,0.1663,47.39,21592.5
spontaneous_breathing,N5,baseline,3025,54705.68,3701.477,61.691,0.1714,50.85,21592.5
spontaneous_breathing,N5,baseline,3109,54815.094,3810.891,63.515,0.1765,47.69,21592.5
spontaneous_breathing,N5,baseline,3193,54922.664,3918.461,65.308,0.1815,50.51,21592.5
spontaneous_breathing,N5,baseline,3277,55031.656,4027.453,67.124,0.1865,48.9,21592.5
spontaneous_breathing,N5,baseline,3361,55140.227,4136.024,68.934,0.1915,51.19,21592.5
spontaneous_breathing,N5,baseline,3445,55247.281,4243.078,70.718,0.1965,48.31,21592.5
spontaneous_breathing,N5,baseline,3529,55357.055,4352.852,72.548,0.2016,45.45,21592.5
spontaneous_breathing,N5,baseline,3613,55463.82,4459.617,74.327,0.2065,51.55,21592.5
spontaneous_breathing,N5,baseline,3697,55571.664,4567.461,76.124,0.2115,44.38,21592.5
spontaneous_breathing,N5,baseline,3781,55682.742,4678.539,77.976,0.2167,51.9,21592.5
spontaneous_breathing,N5,baseline,3865,55781.031,4776.828,79.614,0.2212,85.35,21592.5
spontaneous_breathing,N5,baseline,3949,55883.711,4879.508,81.325,0.226,57.75,21592.5
spontaneous_breathing,N5,baseline,4033,55994.953,4990.75,83.179,0.2311,49.55,21592.5
spontaneous_breathing,N5,baseline,4117,56105.117,5100.914,85.015,0.2362,52.59,21592.5
spontaneous_breathing,N5,baseline,4201,56215.18,5210.977,86.85,0.2413,49.88,21592.5
spontaneous_breathing,N5,baseline,4285,56326.492,5322.289,88.705,0.2465,42.19,21592.5
spontaneous_breathing,N5,baseline,4369,56437.5,5433.297,90.555,0.2516,50.21,21592.5
spontaneous_breathing,N5,baseline,4453,56532.102,5527.899,92.132,0.256,81.74,21592.5
spontaneous_breathing,N5,baseline,4537,56637.148,5632.945,93.882,0.2609,42.92,21592.5
spontaneous_breathing,N5,baseline,4621,56749.758,5745.555,95.759,0.2661,42.92,21592.5
spontaneous_breathing,N5,baseline,4705,56851.969,5847.766,97.463,0.2708,55.25,21592.5
spontaneous_breathing,N5,baseline,4789,56964.633,5960.43,99.341,0.276,42.43,21592.5
spontaneous_breathing,N5,baseline,4873,57068.656,6064.453,101.074,0.2809,62.96,21592.5
spontaneous_breathing,N5,baseline,4957,57163.484,6159.281,102.655,0.2853,41.72,21592.5
spontaneous_breathing,N5,baseline,5041,57275.5,6271.297,104.522,0.2904,48.9,21592.5
spontaneous_breathing,N5,baseline,5125,57386.664,6382.461,106.374,0.2956,47.39,21592.5
spontaneous_breathing,N5,baseline,5209,57497.766,6493.563,108.226,0.3007,40.84,21592.5
spontaneous_breathing,N5,baseline,5293,57608.094,6603.891,110.065,0.3058,46.26,21592.5
spontaneous_breathing,N5,baseline,5377,57720.219,6716.016,111.934,0.311,45.98,21592.5
spontaneous_breathing,N5,baseline,5461,57828.914,6824.711,113.745,0.3161,43.89,21592.5
spontaneous_breathing,N5,baseline,5545,57939.109,6934.906,115.582,0.3212,48.9,21592.5
spontaneous_breathing,N5,baseline,5629,58050.492,7046.289,117.438,0.3263,42.92,21592.5
spontaneous_breathing,N5,baseline,5713,58161.625,7157.422,119.29,0.3315,43.13,21592.5
spontaneous_breathing,N5,baseline,5797,58276.07,7271.867,121.198,0.3368,54.45,21592.5
spontaneous_breathing,N5,baseline,5881,58368.68,7364.477,122.741,0.3411,62.96,21592.5
spontaneous_breathing,N5,baseline,5965,58480.422,7476.219,124.604,0.3462,52.26,21592.5
spontaneous_breathing,N5,baseline,6049,58590.844,7586.641,126.444,0.3514,50.51,21592.5
spontaneous_breathing,N5,baseline,6133,58702.477,7698.274,128.305,0.3565,48.31,21592.5
spontaneous_breathing,N5,baseline,6217,58814.281,7810.078,130.168,0.3617,41.29,21592.5
spontaneous_breathing,N5,baseline,6301,58924.93,7920.727,132.012,0.3668,44.64,21592.5
spontaneous_breathing,N5,baseline,6385,59039.055,8034.852,133.914,0.3721,45.98,21592.5
spontaneous_breathing,N5,baseline,6469,59149.609,8145.406,135.757,0.3772,46.84,21592.5
spontaneous_breathing,N5,baseline,6553,59260.633,8256.43,137.607,0.3824,43.64,21592.5
spontaneous_breathing,N5,baseline,6637,59372.688,8368.485,139.475,0.3876,42.67,21592.5
spontaneous_breathing,N5,baseline,6721,59484.695,8480.492,141.342,0.3928,45.73,21592.5
spontaneous_breathing,N5,baseline,6805,59597.219,8593.016,143.217,0.398,43.38,21592.5
spontaneous_breathing,N5,baseline,6889,59708.453,8704.25,145.071,0.4031,44.38,21592.5
spontaneous_breathing,N5,baseline,6973,59818.609,8814.406,146.907,0.4082,42.67,21592.5
spontaneous_breathing,N5,baseline,7057,59927.133,8922.93,148.715,0.4132,44.91,21592.5
spontaneous_breathing,N5,baseline,7141,60037.594,9033.391,150.557,0.4184,44.91,21592.5
spontaneous_breathing,N5,baseline,7225,60147.203,9143.0,152.383,0.4234,50.51,21592.5
spontaneous_breathing,N5,baseline,7309,60257.469,9253.266,154.221,0.4285,42.19,21592.5
spontaneous_breathing,N5,baseline,7393,60366.172,9361.969,156.033,0.4336,44.15,21592.5
spontaneous_breathing,N5,baseline,7477,60477.016,9472.813,157.88,0.4387,49.88,21592.5
spontaneous_breathing,N5,baseline,7561,60586.945,9582.742,159.712,0.4438,48.62,21592.5
spontaneous_breathing,N5,baseline,7645,60696.297,9692.094,161.535,0.4489,44.64,21592.5
spontaneous_breathing,N5,baseline,7729,60774.195,9769.992,162.833,0.4525,80.86,21592.5
spontaneous_breathing,N5,baseline,7813,60866.516,9862.313,164.372,0.4567,47.13,21592.5
spontaneous_breathing,N5,baseline,7897,60969.406,9965.203,166.087,0.4615,71.77,21592.5
spontaneous_breathing,N5,baseline,7981,61065.203,10061.0,167.683,0.4659,44.38,21592.5
spontaneous_breathing,N5,baseline,8065,61166.938,10162.735,169.379,0.4707,42.92,21592.5
spontaneous_breathing,N5,baseline,8149,61282.828,10278.625,171.31,0.476,47.13,21592.5
spontaneous_breathing,N5,baseline,8233,61389.609,10385.406,173.09,0.481,48.0,21592.5
spontaneous_breathing,N5,baseline,8317,61491.633,10487.43,174.791,0.4857,48.9,21592.5
spontaneous_breathing,N5,baseline,8401,61602.18,10597.977,176.633,0.4908,47.69,21592.5
spontaneous_breathing,N5,baseline,8485,61696.141,10691.938,178.199,0.4952,46.55,21592.5
spontaneous_breathing,N5,baseline,8569,61804.055,10799.852,179.998,0.5002,48.31,21592.5
spontaneous_breathing,N5,baseline,8653,61905.711,10901.508,181.692,0.5049,38.99,21592.5
spontaneous_breathing,N5,baseline,8737,62019.414,11015.211,183.587,0.5101,48.62,21592.5
spontaneous_breathing,N5,baseline,8821,62125.148,11120.945,185.349,0.515,56.87,21592.5
spontaneous_breathing,N5,baseline,8905,62225.664,11221.461,187.024,0.5197,48.62,21592.5
spontaneous_breathing,N5,baseline,8989,62346.016,11341.813,189.03,0.5253,46.84,21592.5
spontaneous_breathing,N5,baseline,9073,62455.836,11451.633,190.861,0.5304,53.33,21592.5
spontaneous_breathing,N5,baseline,9157,62571.93,11567.727,192.795,0.5357,41.52,21592.5
spontaneous_breathing,N5,baseline,9241,62670.023,11665.82,194.43,0.5403,40.62,21592.5
spontaneous_breathing,N5,baseline,9325,62784.484,11780.281,196.338,0.5456,60.0,21592.5
spontaneous_breathing,N5,baseline,9409,62890.445,11886.242,198.104,0.5505,41.52,21592.5
spontaneous_breathing,N5,baseline,9493,62999.758,11995.555,199.926,0.5555,56.07,21592.5
spontaneous_breathing,N5,baseline,9577,63102.914,12098.711,201.645,0.5603,46.55,21592.5
spontaneous_breathing,N5,baseline,9661,63203.914,12199.711,203.329,0.565,49.22,21592.5
spontaneous_breathing,N5,baseline,9745,63314.406,12310.203,205.17,0.5701,52.26,21592.5
spontaneous_breathing,N5,baseline,9829,63429.406,12425.203,207.087,0.5754,50.51,21592.5
spontaneous_breathing,N5,baseline,9913,63539.062,12534.859,208.914,0.5805,40.62,21592.5
spontaneous_breathing,N5,baseline,9997,63651.328,12647.125,210.785,0.5857,42.19,21592.5
spontaneous_breathing,N5,baseline,10081,63769.586,12765.383,212.756,0.5912,44.64,21592.5
spontaneous_breathing,N5,baseline,10165,63877.641,12873.438,214.557,0.5962,48.31,21592.5
spontaneous_breathing,N5,baseline,10249,63973.195,12968.992,216.15,0.6006,43.89,21592.5
spontaneous_breathing,N5,baseline,10333,64082.328,13078.125,217.969,0.6057,61.41,21592.5
spontaneous_breathing,N5,baseline,10417,64194.875,13190.672,219.845,0.6109,47.13,21592.5
spontaneous_breathing,N5,baseline,10501,64303.914,13299.711,221.662,0.6159,64.52,21592.5
spontaneous_breathing,N5,baseline,10585,64406.5,13402.297,223.372,0.6207,42.19,21592.5
spontaneous_breathing,N5,baseline,10669,64519.719,13515.516,225.259,0.6259,41.52,21592.5
spontaneous_breathing,N5,baseline,10753,64633.086,13628.883,227.148,0.6312,38.02,21592.5
spontaneous_breathing,N5,baseline,10837,64737.008,13732.805,228.88,0.636,38.99,21592.5
spontaneous_breathing,N5,baseline,10921,64845.719,13841.516,230.692,0.641,50.51,21592.5
spontaneous_breathing,N5,baseline,11005,64959.555,13955.352,232.589,0.6463,39.58,21592.5
spontaneous_breathing,N5,baseline,11089,65072.156,14067.953,234.466,0.6515,45.45,21592.5
spontaneous_breathing,N5,baseline,11173,65183.414,14179.211,236.32,0.6567,41.72,21592.5
spontaneous_breathing,N5,baseline,11257,65293.625,14289.422,238.157,0.6618,53.72,21592.5
spontaneous_breathing,N5,baseline,11341,65402.945,14398.742,239.979,0.6668,41.29,21592.5
spontaneous_breathing,N5,baseline,11425,65513.086,14508.883,241.815,0.6719,47.39,21592.5
spontaneous_breathing,N5,baseline,11509,65624.289,14620.086,243.668,0.6771,49.55,21592.5
spontaneous_breathing,N5,baseline,11593,65734.336,14730.133,245.502,0.6822,42.67,21592.5
spontaneous_breathing,N5,baseline,11677,65842.234,14838.031,247.301,0.6872,48.0,21592.5
spontaneous_breathing,N5,baseline,11761,65951.422,14947.219,249.12,0.6922,47.13,21592.5
spontaneous_breathing,N5,baseline,11845,66060.273,15056.07,250.934,0.6973,44.64,21592.5
spontaneous_breathing,N5,baseline,11929,66169.102,15164.899,252.748,0.7023,46.84,21592.5
spontaneous_breathing,N5,baseline,12013,66277.266,15273.063,254.551,0.7073,44.38,21592.5
spontaneous_breathing,N5,baseline,12097,66384.352,15380.149,256.336,0.7123,48.0,21592.5
spontaneous_breathing,N5,baseline,12181,66493.039,15488.836,258.147,0.7173,45.18,21592.5
spontaneous_breathing,N5,baseline,12265,66600.438,15596.235,259.937,0.7223,46.26,21592.5
spontaneous_breathing,N5,baseline,12349,66707.844,15703.641,261.727,0.7273,50.85,21592.5
spontaneous_breathing,N5,baseline,12433,66814.586,15810.383,263.506,0.7322,49.55,21592.5
spontaneous_breathing,N5,baseline,12517,66922.477,15918.274,265.305,0.7372,44.38,21592.5
spontaneous_breathing,N5,baseline,12601,67030.938,16026.735,267.112,0.7422,45.18,21592.5
spontaneous_breathing,N5,baseline,12685,67139.523,16135.32,268.922,0.7473,46.84,21592.5
spontaneous_breathing,N5,baseline,12769,67249.484,16245.281,270.755,0.7524,43.64,21592.5
spontaneous_breathing,N5,baseline,12853,67359.18,16354.977,272.583,0.7574,45.73,21592.5
spontaneous_breathing,N5,baseline,12937,67467.18,16462.977,274.383,0.7624,50.51,21592.5
spontaneous_breathing,N5,baseline,13021,67576.844,16572.641,276.211,0.7675,43.38,21592.5
spontaneous_breathing,N5,baseline,13105,67666.938,16662.735,277.712,0.7717,40.43,21592.5
spontaneous_breathing,N5,baseline,13189,67781.602,16777.399,279.623,0.777,48.0,21592.5
spontaneous_breathing,N5,baseline,13273,67889.422,16885.219,281.42,0.782,41.52,21592.5
spontaneous_breathing,N5,baseline,13357,68000.922,16996.719,283.279,0.7872,41.52,21592.5
spontaneous_breathing,N5,baseline,13441,68114.086,17109.883,285.165,0.7924,43.13,21592.5
spontaneous_breathing,N5,baseline,13525,68221.555,17217.352,286.956,0.7974,61.41,21592.5
spontaneous_breathing,N5,baseline,13609,68322.398,17318.195,288.637,0.802,44.91,21592.5
spontaneous_breathing,N5,baseline,13693,68437.422,17433.219,290.554,0.8074,43.89,21592.5
spontaneous_breathing,N5,baseline,13777,68550.406,17546.203,292.437,0.8126,40.21,21592.5
spontaneous_breathing,N5,baseline,13861,68657.359,17653.156,294.219,0.8176,50.85,21592.5
spontaneous_breathing,N5,baseline,13945,68770.602,17766.399,296.107,0.8228,45.18,21592.5
spontaneous_breathing,N5,baseline,14029,68877.203,17873.0,297.883,0.8277,65.08,21592.5
spontaneous_breathing,N5,baseline,14113,68977.812,17973.609,299.56,0.8324,40.43,21592.5
spontaneous_breathing,N5,baseline,14197,69091.289,18087.086,301.451,0.8377,35.55,21592.5
spontaneous_breathing,N5,baseline,14281,69204.117,18199.914,303.332,0.8429,45.98,21592.5
spontaneous_breathing,N5,baseline,14365,69315.453,18311.25,305.188,0.848,60.0,21592.5
spontaneous_breathing,N5,baseline,14449,69422.891,18418.688,306.978,0.853,43.89,21592.5
spontaneous_breathing,N5,baseline,14533,69533.969,18529.766,308.829,0.8582,35.23,21592.5
spontaneous_breathing,N5,baseline,14617,69639.797,18635.594,310.593,0.8631,41.07,21592.5
spontaneous_breathing,N5,baseline,14701,69754.133,18749.93,312.499,0.8684,38.41,21592.5
spontaneous_breathing,N5,baseline,14785,69871.805,18867.602,314.46,0.8738,42.67,21592.5
spontaneous_breathing,N5,baseline,14869,69985.812,18981.609,316.36,0.8791,35.4,21592.5
spontaneous_breathing,N5,baseline,14953,70102.75,19098.547,318.309,0.8845,46.84,21592.5
spontaneous_breathing,N5,baseline,15037,70214.453,19210.25,320.171,0.8897,42.92,21592.5
spontaneous_breathing,N5,baseline,15121,70325.367,19321.164,322.019,0.8948,56.87,21592.5
spontaneous_breathing,N5,baseline,15205,70428.523,19424.32,323.739,0.8996,56.87,21592.5
spontaneous_breathing,N5,baseline,15289,70537.359,19533.156,325.553,0.9046,45.18,21592.5
spontaneous_breathing,N5,baseline,15373,70641.266,19637.063,327.284,0.9094,73.89,21592.5
spontaneous_breathing,N5,baseline,15457,70754.008,19749.805,329.163,0.9147,52.96,21592.5
spontaneous_breathing,N5,baseline,15541,70868.102,19863.899,331.065,0.9199,54.45,21592.5
spontaneous_breathing,N5,baseline,15625,70976.805,19972.602,332.877,0.925,57.75,21592.5
spontaneous_breathing,N5,baseline,15709,71093.773,20089.57,334.826,0.9304,38.22,21592.5
spontaneous_breathing,N5,baseline,15793,71205.258,20201.055,336.684,0.9356,41.52,21592.5
spontaneous_breathing,N5,baseline,15877,71307.188,20302.985,338.383,0.9403,56.87,21592.5
spontaneous_breathing,N5,baseline,15961,71406.859,20402.656,340.044,0.9449,38.02,21592.5
spontaneous_breathing,N5,baseline,16045,71492.305,20488.102,341.468,0.9489,67.34,21592.5
spontaneous_breathing,N5,baseline,16129,71603.82,20599.617,343.327,0.954,46.55,21592.5
spontaneous_breathing,N5,baseline,16213,71717.18,20712.977,345.216,0.9593,41.29,21592.5
spontaneous_breathing,N5,baseline,16297,71829.195,20824.992,347.083,0.9645,46.26,21592.5
spontaneous_breathing,N5,baseline,16381,71946.289,20942.086,349.035,0.9699,51.55,21592.5
spontaneous_breathing,N5,baseline,16465,72062.734,21058.531,350.976,0.9753,40.84,21592.5
spontaneous_breathing,N5,baseline,16549,72168.133,21163.93,352.732,0.9802,38.78,21592.5
spontaneous_breathing,N5,baseline,16633,72286.422,21282.219,354.704,0.9856,45.98,21592.5
spontaneous_breathing,N5,baseline,16717,72398.117,21393.914,356.565,0.9908,40.43,21592.5
spontaneous_breathing,N5,baseline,16801,72516.75,21512.547,358.542,0.9963,47.13,21592.5
spontaneous_breathing,N6,baseline,1,43923.438,0.0,0.0,0.0,65.08,21594.1
spontaneous_breathing,N6,baseline,115,44034.047,110.609,1.843,0.0051,63.49,21594.1
spontaneous_breathing,N6,baseline,229,44133.133,209.695,3.495,0.0097,76.82,21594.1
spontaneous_breathing,N6,baseline,343,44234.414,310.976,5.183,0.0144,76.05,21594.1
spontaneous_breathing,N6,baseline,457,44336.648,413.21,6.887,0.0191,62.44,21594.1
spontaneous_breathing,N6,baseline,571,44446.734,523.296,8.722,0.0242,65.08,21594.1
spontaneous_breathing,N6,baseline,685,44557.5,634.062,10.568,0.0294,63.97,21594.1
spontaneous_breathing,N6,baseline,799,44669.164,745.726,12.429,0.0345,63.97,21594.1
spontaneous_breathing,N6,baseline,913,44780.938,857.5,14.292,0.0397,62.96,21594.1
spontaneous_breathing,N6,baseline,1027,44892.852,969.414,16.157,0.0449,60.48,21594.1
spontaneous_breathing,N6,baseline,1141,45004.32,1080.882,18.015,0.0501,57.75,21594.1
spontaneous_breathing,N6,baseline,1255,45117.102,1193.664,19.894,0.0553,60.48,21594.1
spontaneous_breathing,N6,baseline,1369,45228.734,1305.296,21.755,0.0604,61.41,21594.1
spontaneous_breathing,N6,baseline,1483,45340.68,1417.242,23.621,0.0656,56.87,21594.1
spontaneous_breathing,N6,baseline,1597,45453.008,1529.57,25.493,0.0708,58.2,21594.1
spontaneous_breathing,N6,baseline,1711,45560.195,1636.757,27.279,0.0758,57.31,21594.1
spontaneous_breathing,N6,baseline,1825,45666.859,1743.421,29.057,0.0807,66.82,21594.1
spontaneous_breathing,N6,baseline,1939,45772.133,1848.695,30.812,0.0856,61.92,21594.1
spontaneous_breathing,N6,baseline,2053,45877.383,1953.945,32.566,0.0905,66.23,21594.1
spontaneous_breathing,N6,baseline,2167,45982.836,2059.398,34.323,0.0954,69.2,21594.1
spontaneous_breathing,N6,baseline,2281,46087.523,2164.085,36.068,0.1002,72.46,21594.1
spontaneous_breathing,N6,baseline,2395,46195.656,2272.218,37.87,0.1052,62.44,21594.1
spontaneous_breathing,N6,baseline,2509,46304.07,2380.632,39.677,0.1102,58.65,21594.1
spontaneous_breathing,N6,baseline,2623,46411.547,2488.109,41.468,0.1152,60.98,21594.1
spontaneous_breathing,N6,baseline,2737,46519.859,2596.421,43.274,0.1202,66.82,21594.1
spontaneous_breathing,N6,baseline,2851,46626.75,2703.312,45.055,0.1252,66.82,21594.1
spontaneous_breathing,N6,baseline,2965,46735.359,2811.921,46.865,0.1302,65.08,21594.1
spontaneous_breathing,N6,baseline,3079,46841.93,2918.492,48.642,0.1352,73.89,21594.1
spontaneous_breathing,N6,baseline,3193,46947.109,3023.671,50.395,0.14,63.49,21594.1
spontaneous_breathing,N6,baseline,3307,47050.656,3127.218,52.12,0.1448,62.96,21594.1
spontaneous_breathing,N6,baseline,3421,47154.352,3230.914,53.849,0.1496,65.65,21594.1
spontaneous_breathing,N6,baseline,3535,47256.969,3333.531,55.559,0.1544,66.23,21594.1
spontaneous_breathing,N6,baseline,3649,47358.891,3435.453,57.258,0.1591,66.82,21594.1
spontaneous_breathing,N6,baseline,3763,47462.266,3538.828,58.98,0.1639,65.65,21594.1
spontaneous_breathing,N6,baseline,3877,47569.539,3646.101,60.768,0.1688,61.92,21594.1
spontaneous_breathing,N6,baseline,3991,47673.008,3749.57,62.493,0.1736,65.08,21594.1
spontaneous_breathing,N6,baseline,4105,47781.359,3857.921,64.299,0.1787,63.49,21594.1
spontaneous_breathing,N6,baseline,4219,47886.641,3963.203,66.053,0.1835,64.52,21594.1
spontaneous_breathing,N6,baseline,4333,47990.352,4066.914,67.782,0.1883,67.95,21594.1
spontaneous_breathing,N6,baseline,4447,48094.422,4170.984,69.516,0.1932,64.52,21594.1
spontaneous_breathing,N6,baseline,4561,48196.664,4273.226,71.22,0.1979,62.96,21594.1
spontaneous_breathing,N6,baseline,4675,48301.68,4378.242,72.971,0.2028,62.96,21594.1
spontaneous_breathing,N6,baseline,4789,48408.766,4485.328,74.755,0.2077,65.08,21594.1
spontaneous_breathing,N6,baseline,4903,48512.883,4589.445,76.491,0.2125,71.77,21594.1
spontaneous_breathing,N6,baseline,5017,48616.578,4693.14,78.219,0.2173,66.82,21594.1
spontaneous_breathing,N6,baseline,5131,48719.898,4796.46,79.941,0.2221,66.82,21594.1
spontaneous_breathing,N6,baseline,5245,48822.383,4898.945,81.649,0.2269,66.23,21594.1
spontaneous_breathing,N6,baseline,5359,48925.922,5002.484,83.375,0.2317,63.49,21594.1
spontaneous_breathing,N6,baseline,5473,49029.336,5105.898,85.098,0.2364,72.46,21594.1
spontaneous_breathing,N6,baseline,5587,49131.578,5208.14,86.802,0.2412,65.08,21594.1
spontaneous_breathing,N6,baseline,5701,49235.32,5311.882,88.531,0.246,61.92,21594.1
spontaneous_breathing,N6,baseline,5815,49341.039,5417.601,90.293,0.2509,65.65,21594.1
spontaneous_breathing,N6,baseline,5929,49446.258,5522.82,92.047,0.2558,66.23,21594.1
spontaneous_breathing,N6,baseline,6043,49543.977,5620.539,93.676,0.2603,65.08,21594.1
spontaneous_breathing,N6,baseline,6157,49656.383,5732.945,95.549,0.2655,60.0,21594.1
spontaneous_breathing,N6,baseline,6271,49761.367,5837.929,97.299,0.2703,60.98,21594.1
spontaneous_breathing,N6,baseline,6385,49872.406,5948.968,99.149,0.2755,60.98,21594.1
spontaneous_breathing,N6,baseline,6499,49980.141,6056.703,100.945,0.2805,65.08,21594.1
spontaneous_breathing,N6,baseline,6613,50083.781,6160.343,102.672,0.2853,68.57,21594.1
spontaneous_breathing,N6,baseline,6727,50188.734,6265.296,104.422,0.2901,58.2,21594.1
spontaneous_breathing,N6,baseline,6841,50295.32,6371.882,106.198,0.2951,58.2,21594.1
spontaneous_breathing,N6,baseline,6955,50403.156,6479.718,107.995,0.3001,66.82,21594.1
spontaneous_breathing,N6,baseline,7069,50510.344,6586.906,109.782,0.305,65.08,21594.1
spontaneous_breathing,N6,baseline,7183,50615.578,6692.14,111.536,0.3099,66.23,21594.1
spontaneous_breathing,N6,baseline,7297,50720.336,6796.898,113.282,0.3148,71.09,21594.1
spontaneous_breathing,N6,baseline,7411,50820.336,6896.898,114.948,0.3194,60.48,21594.1
spontaneous_breathing,N6,baseline,7525,50933.359,7009.921,116.832,0.3246,60.48,21594.1
spontaneous_breathing,N6,baseline,7639,51044.516,7121.078,118.685,0.3298,61.92,21594.1
spontaneous_breathing,N6,baseline,7753,51155.0,7231.562,120.526,0.3349,69.85,21594.1
spontaneous_breathing,N6,baseline,7867,51265.609,7342.171,122.37,0.34,63.97,21594.1
spontaneous_breathing,N6,baseline,7981,51375.023,7451.585,124.193,0.3451,65.08,21594.1
spontaneous_breathing,N6,baseline,8095,51480.805,7557.367,125.956,0.35,61.41,21594.1
spontaneous_breathing,N6,baseline,8209,51587.945,7664.507,127.742,0.3549,63.49,21594.1
spontaneous_breathing,N6,baseline,8323,51695.445,7772.007,129.533,0.3599,64.52,21594.1
spontaneous_breathing,N6,baseline,8437,51803.883,7880.445,131.341,0.3649,62.44,21594.1
spontaneous_breathing,N6,baseline,8551,51914.227,7990.789,133.18,0.37,62.96,21594.1
spontaneous_breathing,N6,baseline,8665,52023.578,8100.14,135.002,0.3751,61.92,21594.1
spontaneous_breathing,N6,baseline,8779,52132.016,8208.578,136.81,0.3801,73.89,21594.1
spontaneous_breathing,N6,baseline,8893,52239.133,8315.695,138.595,0.3851,62.44,21594.1
spontaneous_breathing,N6,baseline,9007,52345.523,8422.085,140.368,0.39,69.85,21594.1
spontaneous_breathing,N6,baseline,9121,52451.547,8528.109,142.135,0.3949,65.08,21594.1
spontaneous_breathing,N6,baseline,9235,52556.969,8633.531,143.892,0.3998,64.52,21594.1
spontaneous_breathing,N6,baseline,9349,52661.594,8738.156,145.636,0.4047,75.28,21594.1
spontaneous_breathing,N6,baseline,9463,52767.992,8844.554,147.409,0.4096,61.41,21594.1
spontaneous_breathing,N6,baseline,9577,52872.945,8949.507,149.158,0.4144,66.23,21594.1
spontaneous_breathing,N6,baseline,9691,52976.938,9053.5,150.892,0.4193,65.65,21594.1
spontaneous_breathing,N6,baseline,9805,53083.32,9159.882,152.665,0.4242,58.2,21594.1
spontaneous_breathing,N6,baseline,9919,53184.93,9261.492,154.358,0.4289,75.28,21594.1
spontaneous_breathing,N6,baseline,10033,53287.93,9364.492,156.075,0.4337,67.95,21594.1
spontaneous_breathing,N6,baseline,10147,53390.789,9467.351,157.789,0.4384,69.2,21594.1
spontaneous_breathing,N6,baseline,10261,53491.227,9567.789,159.463,0.4431,66.82,21594.1
spontaneous_breathing,N6,baseline,10375,53592.406,9668.968,161.149,0.4478,61.41,21594.1
spontaneous_breathing,N6,baseline,10489,53693.602,9770.164,162.836,0.4524,58.65,21594.1
spontaneous_breathing,N6,baseline,10603,53801.508,9878.07,164.635,0.4574,74.53,21594.1
spontaneous_breathing,N6,baseline,10717,53908.82,9985.382,166.423,0.4624,62.44,21594.1
spontaneous_breathing,N6,baseline,10831,54015.977,10092.539,168.209,0.4674,66.23,21594.1
spontaneous_breathing,N6,baseline,10945,54122.852,10199.414,169.99,0.4723,66.23,21594.1
spontaneous_breathing,N6,baseline,11059,54230.242,10306.804,171.78,0.4773,60.98,21594.1
spontaneous_breathing,N6,baseline,11173,54337.242,10413.804,173.563,0.4823,70.42,21594.1
spontaneous_breathing,N6,baseline,11287,54444.023,10520.585,175.343,0.4872,58.65,21594.1
spontaneous_breathing,N6,baseline,11401,54551.617,10628.179,177.136,0.4922,61.41,21594.1
spontaneous_breathing,N6,baseline,11515,54653.07,10729.632,178.827,0.4969,70.42,21594.1
spontaneous_breathing,N6,baseline,11629,54755.484,10832.046,180.534,0.5016,74.53,21594.1
spontaneous_breathing,N6,baseline,11743,54853.68,10930.242,182.171,0.5062,65.65,21594.1
spontaneous_breathing,N6,baseline,11857,54949.781,11026.343,183.772,0.5106,73.89,21594.1
spontaneous_breathing,N6,baseline,11971,55049.773,11126.335,185.439,0.5152,65.08,21594.1
spontaneous_breathing,N6,baseline,12085,55145.656,11222.218,187.037,0.5197,70.42,21594.1
spontaneous_breathing,N6,baseline,12199,55254.562,11331.124,188.852,0.5247,60.48,21594.1
spontaneous_breathing,N6,baseline,12313,55361.336,11437.898,190.632,0.5297,62.44,21594.1
spontaneous_breathing,N6,baseline,12427,55469.992,11546.554,192.443,0.5347,66.82,21594.1
spontaneous_breathing,N6,baseline,12541,55578.141,11654.703,194.245,0.5397,59.52,21594.1
spontaneous_breathing,N6,baseline,12655,55685.156,11761.718,196.029,0.5447,65.65,21594.1
spontaneous_breathing,N6,baseline,12769,55791.422,11867.984,197.8,0.5496,58.65,21594.1
spontaneous_breathing,N6,baseline,12883,55897.898,11974.46,199.574,0.5545,62.96,21594.1
spontaneous_breathing,N6,baseline,12997,56003.969,12080.531,201.342,0.5594,65.65,21594.1
spontaneous_breathing,N6,baseline,13111,56111.141,12187.703,203.128,0.5644,63.97,21594.1
spontaneous_breathing,N6,baseline,13225,56215.406,12291.968,204.866,0.5692,66.82,21594.1
spontaneous_breathing,N6,baseline,13339,56320.406,12396.968,206.616,0.5741,68.57,21594.1
spontaneous_breathing,N6,baseline,13453,56421.242,12497.804,208.297,0.5788,65.65,21594.1
spontaneous_breathing,N6,baseline,13567,56532.422,12608.984,210.15,0.5839,63.49,21594.1
spontaneous_breathing,N6,baseline,13681,56643.328,12719.89,211.998,0.589,61.92,21594.1
spontaneous_breathing,N6,baseline,13795,56752.516,12829.078,213.818,0.5941,66.82,21594.1
spontaneous_breathing,N6,baseline,13909,56860.281,12936.843,215.614,0.5991,61.41,21594.1
spontaneous_breathing,N6,baseline,14023,56967.016,13043.578,217.393,0.604,66.82,21594.1
spontaneous_breathing,N6,baseline,14137,57072.992,13149.554,219.159,0.6089,68.57,21594.1
spontaneous_breathing,N6,baseline,14251,57178.742,13255.304,220.922,0.6138,66.82,21594.1
spontaneous_breathing,N6,baseline,14365,57285.195,13361.757,222.696,0.6188,65.65,21594.1
spontaneous_breathing,N6,baseline,14479,57390.891,13467.453,224.458,0.6237,63.97,21594.1
spontaneous_breathing,N6,baseline,14593,57496.609,13573.171,226.22,0.6286,64.52,21594.1
spontaneous_breathing,N6,baseline,14707,57604.047,13680.609,228.01,0.6335,65.65,21594.1
spontaneous_breathing,N6,baseline,14821,57709.977,13786.539,229.776,0.6384,62.96,21594.1
spontaneous_breathing,N6,baseline,14935,57814.828,13891.39,231.523,0.6433,67.95,21594.1
spontaneous_breathing,N6,baseline,15049,57920.008,13996.57,233.276,0.6482,62.96,21594.1
spontaneous_breathing,N6,baseline,15163,58025.555,14102.117,235.035,0.6531,61.41,21594.1
spontaneous_breathing,N6,baseline,15277,58131.602,14208.164,236.803,0.658,65.65,21594.1
spontaneous_breathing,N6,baseline,15391,58237.047,14313.609,238.56,0.6628,64.52,21594.1
spontaneous_breathing,N6,baseline,15505,58343.688,14420.25,240.338,0.6678,57.75,21594.1
spontaneous_breathing,N6,baseline,15619,58449.328,14525.89,242.098,0.6727,55.66,21594.1
spontaneous_breathing,N6,baseline,15733,58560.305,14636.867,243.948,0.6778,60.0,21594.1
spontaneous_breathing,N6,baseline,15847,58672.695,14749.257,245.821,0.683,62.44,21594.1
spontaneous_breathing,N6,baseline,15961,58781.242,14857.804,247.63,0.688,63.49,21594.1
spontaneous_breathing,N6,baseline,16075,58882.32,14958.882,249.315,0.6927,77.62,21594.1
spontaneous_breathing,N6,baseline,16189,58978.969,15055.531,250.926,0.6972,60.98,21594.1
spontaneous_breathing,N6,baseline,16303,59093.328,15169.89,252.831,0.7025,57.75,21594.1
spontaneous_breathing,N6,baseline,16417,59207.859,15284.421,254.74,0.7078,61.92,21594.1
spontaneous_breathing,N6,baseline,16531,59322.57,15399.132,256.652,0.7131,56.87,21594.1
spontaneous_breathing,N6,baseline,16645,59438.492,15515.054,258.584,0.7185,60.98,21594.1
spontaneous_breathing,N6,baseline,16759,59555.453,15632.015,260.534,0.7239,56.5,21594.1
spontaneous_breathing,N6,baseline,16873,59672.055,15748.617,262.477,0.7293,61.92,21594.1
spontaneous_breathing,N6,baseline,16987,59790.289,15866.851,264.448,0.7348,59.52,21594.1
spontaneous_breathing,N6,baseline,17101,59908.742,15985.304,266.422,0.7403,52.96,21594.1
spontaneous_breathing,N6,baseline,17215,60025.719,16102.281,268.371,0.7457,57.31,21594.1
spontaneous_breathing,N6,baseline,17329,60140.336,16216.898,270.282,0.751,56.87,21594.1
spontaneous_breathing,N6,baseline,17443,60254.039,16330.601,272.177,0.7563,60.48,21594.1
spontaneous_breathing,N6,baseline,17557,60364.555,16441.117,274.019,0.7614,64.52,21594.1
spontaneous_breathing,N6,baseline,17671,60467.852,16544.414,275.74,0.7662,59.06,21594.1
spontaneous_breathing,N6,baseline,17785,60577.875,16654.437,277.574,0.7713,60.48,21594.1
spontaneous_breathing,N6,baseline,17899,60687.602,16764.164,279.403,0.7763,64.52,21594.1
spontaneous_breathing,N6,baseline,18013,60796.195,16872.757,281.213,0.7814,60.98,21594.1
spontaneous_breathing,N6,baseline,18127,60905.219,16981.781,283.03,0.7864,60.48,21594.1
spontaneous_breathing,N6,baseline,18241,61007.273,17083.835,284.731,0.7911,68.57,21594.1
spontaneous_breathing,N6,baseline,18355,61115.281,17191.843,286.531,0.7961,69.85,21594.1
spontaneous_breathing,N6,baseline,18469,61215.875,17292.437,288.207,0.8008,65.08,21594.1
spontaneous_breathing,N6,baseline,18583,61322.625,17399.187,289.986,0.8057,60.98,21594.1
spontaneous_breathing,N6,baseline,18697,61431.977,17508.539,291.809,0.8108,56.87,21594.1
spontaneous_breathing,N6,baseline,18811,61546.273,17622.835,293.714,0.8161,55.66,21594.1
spontaneous_breathing,N6,baseline,18925,61642.852,17719.414,295.324,0.8206,65.65,21594.1
spontaneous_breathing,N6,baseline,19039,61752.234,17828.796,297.147,0.8256,62.96,21594.1
spontaneous_breathing,N6,baseline,19153,61856.609,17933.171,298.886,0.8305,77.62,21594.1
spontaneous_breathing,N6,baseline,19267,61955.242,18031.804,300.53,0.835,60.0,21594.1
spontaneous_breathing,N6,baseline,19381,62068.102,18144.664,302.411,0.8403,62.96,21594.1
spontaneous_breathing,N6,baseline,19495,62181.469,18258.031,304.301,0.8455,58.2,21594.1
spontaneous_breathing,N6,baseline,19609,62296.234,18372.796,306.213,0.8508,61.92,21594.1
spontaneous_breathing,N6,baseline,19723,62412.297,18488.859,308.148,0.8562,60.0,21594.1
spontaneous_breathing,N6,baseline,19837,62530.578,18607.14,310.119,0.8617,67.95,21594.1
spontaneous_breathing,N6,baseline,19951,62647.711,18724.273,312.071,0.8671,64.52,21594.1
spontaneous_breathing,N6,baseline,20065,62763.258,18839.82,313.997,0.8725,59.06,21594.1
spontaneous_breathing,N6,baseline,20179,62879.234,18955.796,315.93,0.8778,58.65,21594.1
spontaneous_breathing,N6,baseline,20293,62993.781,19070.343,317.839,0.8831,56.87,21594.1
spontaneous_breathing,N6,baseline,20407,63108.766,19185.328,319.755,0.8885,59.52,21594.1
spontaneous_breathing,N6,baseline,20521,63221.484,19298.046,321.634,0.8937,58.65,21594.1
spontaneous_breathing,N6,baseline,20635,63338.227,19414.789,323.58,0.8991,60.98,21594.1
spontaneous_breathing,N6,baseline,20749,63453.539,19530.101,325.502,0.9044,56.87,21594.1
spontaneous_breathing,N6,baseline,20863,63567.914,19644.476,327.408,0.9097,60.48,21594.1
spontaneous_breathing,N6,baseline,20977,63682.234,19758.796,329.313,0.915,59.52,21594.1
spontaneous_breathing,N6,baseline,21091,63792.242,19868.804,331.147,0.9201,55.66,21594.1
spontaneous_breathing,N6,baseline,21205,63908.781,19985.343,333.089,0.9255,60.0,21594.1
spontaneous_breathing,N6,baseline,21319,64022.68,20099.242,334.987,0.9308,57.31,21594.1
spontaneous_breathing,N6,baseline,21433,64138.578,20215.14,336.919,0.9361,58.2,21594.1
spontaneous_breathing,N6,baseline,21547,64254.555,20331.117,338.852,0.9415,60.98,21594.1
spontaneous_breathing,N6,baseline,21661,64369.711,20446.273,340.771,0.9468,60.48,21594.1
spontaneous_breathing,N6,baseline,21775,64480.531,20557.093,342.618,0.952,63.97,21594.1
spontaneous_breathing,N6,baseline,21889,64585.938,20662.5,344.375,0.9569,62.96,21594.1
spontaneous_breathing,N6,baseline,22003,64690.055,20766.617,346.11,0.9617,61.92,21594.1
spontaneous_breathing,N6,baseline,22117,64797.523,20874.085,347.901,0.9667,66.82,21594.1
spontaneous_breathing,N6,baseline,22231,64898.867,20975.429,349.59,0.9714,65.08,21594.1
spontaneous_breathing,N6,baseline,22345,65004.336,21080.898,351.348,0.9762,69.85,21594.1
spontaneous_breathing,N6,baseline,22459,65105.0,21181.562,353.026,0.9809,69.2,21594.1
spontaneous_breathing,N6,baseline,22573,65213.484,21290.046,354.834,0.9859,62.96,21594.1
spontaneous_breathing,N6,baseline,22687,65323.18,21399.742,356.662,0.991,62.96,21594.1
spontaneous_breathing,N6,baseline,22801,65432.141,21508.703,358.478,0.996,62.96,21594.1
spontaneous_breathing,N7,baseline,1,45903.445,0.0,0.0,0.0,66.23,21594.2
spontaneous_breathing,N7,baseline,100,45994.117,90.672,1.511,0.0042,68.57,21594.2
spontaneous_breathing,N7,baseline,199,46086.008,182.563,3.043,0.0085,69.2,21594.2
spontaneous_breathing,N7,baseline,298,46179.203,275.758,4.596,0.0128,71.09,21594.2
spontaneous_breathing,N7,baseline,397,46271.211,367.766,6.129,0.017,58.2,21594.2
spontaneous_breathing,N7,baseline,496,46364.32,460.875,7.681,0.0213,69.2,21594.2
spontaneous_breathing,N7,baseline,595,46456.289,552.844,9.214,0.0256,65.08,21594.2
spontaneous_breathing,N7,baseline,694,46547.984,644.539,10.742,0.0298,56.07,21594.2
spontaneous_breathing,N7,baseline,793,46641.633,738.188,12.303,0.0342,60.0,21594.2
spontaneous_breathing,N7,baseline,892,46730.281,826.836,13.781,0.0383,93.6,21594.2
spontaneous_breathing,N7,baseline,991,46814.109,910.664,15.178,0.0422,65.65,21594.2
spontaneous_breathing,N7,baseline,1090,46905.023,1001.578,16.693,0.0464,59.06,21594.2
spontaneous_breathing,N7,baseline,1189,46993.875,1090.43,18.174,0.0505,64.52,21594.2
spontaneous_breathing,N7,baseline,1288,47079.961,1176.516,19.609,0.0545,79.16,21594.2
spontaneous_breathing,N7,baseline,1387,47166.203,1262.758,21.046,0.0585,66.23,21594.2
spontaneous_breathing,N7,baseline,1486,47252.234,1348.789,22.48,0.0625,76.82,21594.2
spontaneous_breathing,N7,baseline,1585,47341.625,1438.18,23.97,0.0666,69.2,21594.2
spontaneous_breathing,N7,baseline,1684,47436.539,1533.094,25.552,0.071,73.17,21594.2
spontaneous_breathing,N7,baseline,1783,47524.156,1620.711,27.012,0.0751,76.82,21594.2
spontaneous_breathing,N7,baseline,1882,47611.5,1708.055,28.468,0.0791,71.77,21594.2
spontaneous_breathing,N7,baseline,1981,47700.133,1796.688,29.945,0.0832,73.89,21594.2
spontaneous_breathing,N7,baseline,2080,47788.227,1884.782,31.413,0.0873,65.65,21594.2
spontaneous_breathing,N7,baseline,2179,47880.414,1976.969,32.949,0.0916,66.82,21594.2
spontaneous_breathing,N7,baseline,2278,47974.242,2070.797,34.513,0.0959,69.85,21594.2
spontaneous_breathing,N7,baseline,2377,48068.156,2164.711,36.079,0.1002,65.65,21594.2
spontaneous_breathing,N7,baseline,2476,48159.961,2256.516,37.609,0.1045,60.0,21594.2
spontaneous_breathing,N7,baseline,2575,48252.922,2349.477,39.158,0.1088,72.46,21594.2
spontaneous_breathing,N7,baseline,2674,48341.836,2438.391,40.64,0.1129,69.2,21594.2
spontaneous_breathing,N7,baseline,2773,48428.609,2525.164,42.086,0.1169,76.05,21594.2
spontaneous_breathing,N7,baseline,2872,48516.445,2613.0,43.55,0.121,64.52,21594.2
spontaneous_breathing,N7,baseline,2971,48600.695,2697.25,44.954,0.1249,61.92,21594.2
spontaneous_breathing,N7,baseline,3070,48686.25,2782.805,46.38,0.1289,76.82,21594.2
spontaneous_breathing,N7,baseline,3169,48765.242,2861.797,47.697,0.1325,77.62,21594.2
spontaneous_breathing,N7,baseline,3268,48842.461,2939.016,48.984,0.1361,86.33,21594.2
spontaneous_breathing,N7,baseline,3367,48923.688,3020.243,50.337,0.1399,76.82,21594.2
spontaneous_breathing,N7,baseline,3466,49001.219,3097.774,51.63,0.1435,67.95,21594.2
spontaneous_breathing,N7,baseline,3565,49075.18,3171.735,52.862,0.1469,79.16,21594.2
spontaneous_breathing,N7,baseline,3664,49152.422,3248.977,54.15,0.1505,78.33,21594.2
spontaneous_breathing,N7,baseline,3763,49229.453,3326.008,55.433,0.154,62.96,21594.2
spontaneous_breathing,N7,baseline,3862,49308.992,3405.547,56.759,0.1577,76.05,21594.2
spontaneous_breathing,N7,baseline,3961,49386.188,3482.743,58.046,0.1613,78.33,21594.2
spontaneous_breathing,N7,baseline,4060,49466.734,3563.289,59.388,0.165,73.17,21594.2
spontaneous_breathing,N7,baseline,4159,49549.055,3645.61,60.76,0.1688,75.28,21594.2
spontaneous_breathing,N7,baseline,4258,49629.469,3726.024,62.1,0.1725,73.89,21594.2
spontaneous_breathing,N7,baseline,4357,49716.586,3813.141,63.552,0.1766,66.23,21594.2
spontaneous_breathing,N7,baseline,4456,49802.961,3899.516,64.992,0.1806,73.17,21594.2
spontaneous_breathing,N7,baseline,4555,49884.609,3981.164,66.353,0.1844,70.42,21594.2
spontaneous_breathing,N7,baseline,4654,49965.273,4061.828,67.697,0.1881,74.53,21594.2
spontaneous_breathing,N7,baseline,4753,50051.547,4148.102,69.135,0.1921,69.85,21594.2
spontaneous_breathing,N7,baseline,4852,50137.312,4233.867,70.564,0.1961,76.05,21594.2
spontaneous_breathing,N7,baseline,4951,50221.172,4317.727,71.962,0.1999,69.2,21594.2
spontaneous_breathing,N7,baseline,5050,50305.969,4402.524,73.375,0.2039,56.07,21594.2
spontaneous_breathing,N7,baseline,5149,50388.102,4484.657,74.744,0.2077,69.2,21594.2
spontaneous_breathing,N7,baseline,5248,50474.594,4571.149,76.186,0.2117,68.57,21594.2
spontaneous_breathing,N7,baseline,5347,50575.539,4672.094,77.868,0.2164,55.25,21594.2
spontaneous_breathing,N7,baseline,5446,50683.891,4780.446,79.674,0.2214,59.06,21594.2
spontaneous_breathing,N7,baseline,5545,50793.805,4890.36,81.506,0.2265,57.75,21594.2
spontaneous_breathing,N7,baseline,5644,50905.336,5001.891,83.365,0.2316,48.9,21594.2
spontaneous_breathing,N7,baseline,5743,51023.266,5119.821,85.33,0.2371,53.33,21594.2
spontaneous_breathing,N7,baseline,5842,51143.711,5240.266,87.338,0.2427,49.22,21594.2
spontaneous_breathing,N7,baseline,5941,51269.727,5366.282,89.438,0.2485,42.92,21594.2
spontaneous_breathing,N7,baseline,6040,51395.742,5492.297,91.538,0.2543,44.91,21594.2
spontaneous_breathing,N7,baseline,6139,51521.414,5617.969,93.633,0.2602,47.13,21594.2
spontaneous_breathing,N7,baseline,6238,51646.719,5743.274,95.721,0.266,49.55,21594.2
spontaneous_breathing,N7,baseline,6337,51769.992,5866.547,97.776,0.2717,47.13,21594.2
spontaneous_breathing,N7,baseline,6436,51891.875,5988.43,99.807,0.2773,48.9,21594.2
spontaneous_breathing,N7,baseline,6535,52015.438,6111.993,101.867,0.283,46.84,21594.2
spontaneous_breathing,N7,baseline,6634,52138.523,6235.078,103.918,0.2887,47.13,21594.2
spontaneous_breathing,N7,baseline,6733,52261.359,6357.914,105.965,0.2944,48.0,21594.2
spontaneous_breathing,N7,baseline,6832,52384.023,6480.578,108.01,0.3001,49.22,21594.2
spontaneous_breathing,N7,baseline,6931,52508.023,6604.578,110.076,0.3058,48.31,21594.2
spontaneous_breathing,N7,baseline,7030,52630.75,6727.305,112.122,0.3115,44.15,21594.2
spontaneous_breathing,N7,baseline,7129,52753.266,6849.821,114.164,0.3172,47.69,21594.2
spontaneous_breathing,N7,baseline,7228,52868.477,6965.032,116.084,0.3225,51.19,21594.2
spontaneous_breathing,N7,baseline,7327,52972.688,7069.243,117.821,0.3274,49.55,21594.2
spontaneous_breathing,N7,baseline,7426,53082.281,7178.836,119.647,0.3324,43.89,21594.2
spontaneous_breathing,N7,baseline,7525,53191.547,7288.102,121.468,0.3375,65.65,21594.2
spontaneous_breathing,N7,baseline,7624,53291.656,7388.211,123.137,0.3421,53.72,21594.2
spontaneous_breathing,N7,baseline,7723,53407.57,7504.125,125.069,0.3475,57.75,21594.2
spontaneous_breathing,N7,baseline,7822,53517.109,7613.664,126.894,0.3526,63.97,21594.2
spontaneous_breathing,N7,baseline,7921,53629.75,7726.305,128.772,0.3578,52.26,21594.2
spontaneous_breathing,N7,baseline,8020,53741.977,7838.532,130.642,0.363,56.87,21594.2
spontaneous_breathing,N7,baseline,8119,53853.719,7950.274,132.505,0.3682,51.55,21594.2
spontaneous_breathing,N7,baseline,8218,53969.18,8065.735,134.429,0.3735,50.21,21594.2
spontaneous_breathing,N7,baseline,8317,54083.109,8179.664,136.328,0.3788,57.75,21594.2
spontaneous_breathing,N7,baseline,8416,54196.352,8292.907,138.215,0.384,47.39,21594.2
spontaneous_breathing,N7,baseline,8515,54310.555,8407.11,140.119,0.3893,56.07,21594.2
spontaneous_breathing,N7,baseline,8614,54426.562,8523.117,142.052,0.3947,50.21,21594.2
spontaneous_breathing,N7,baseline,8713,54545.211,8641.766,144.029,0.4002,48.0,21594.2
spontaneous_breathing,N7,baseline,8812,54664.523,8761.078,146.018,0.4057,52.59,21594.2
spontaneous_breathing,N7,baseline,8911,54784.883,8881.438,148.024,0.4113,50.51,21594.2
spontaneous_breathing,N7,baseline,9010,54905.516,9002.071,150.035,0.4169,51.55,21594.2
spontaneous_breathing,N7,baseline,9109,55027.297,9123.852,152.064,0.4225,52.59,21594.2
spontaneous_breathing,N7,baseline,9208,55147.992,9244.547,154.076,0.4281,52.96,21594.2
spontaneous_breathing,N7,baseline,9307,55267.711,9364.266,156.071,0.4336,47.39,21594.2
spontaneous_breathing,N7,baseline,9406,55390.961,9487.516,158.125,0.4394,44.15,21594.2
spontaneous_breathing,N7,baseline,9505,55516.07,9612.625,160.21,0.4451,49.22,21594.2
spontaneous_breathing,N7,baseline,9604,55638.938,9735.493,162.258,0.4508,49.55,21594.2
spontaneous_breathing,N7,baseline,9703,55762.203,9858.758,164.313,0.4565,52.59,21594.2
spontaneous_breathing,N7,baseline,9802,55884.758,9981.313,166.355,0.4622,52.59,21594.2
spontaneous_breathing,N7,baseline,9901,56008.914,10105.469,168.424,0.468,50.21,21594.2
spontaneous_breathing,N7,baseline,10000,56132.727,10229.282,170.488,0.4737,48.9,21594.2
spontaneous_breathing,N7,baseline,10099,56256.938,10353.493,172.558,0.4795,46.26,21594.2
spontaneous_breathing,N7,baseline,10198,56380.0,10476.555,174.609,0.4852,48.9,21594.2
spontaneous_breathing,N7,baseline,10297,56504.281,10600.836,176.681,0.4909,48.9,21594.2
spontaneous_breathing,N7,baseline,10396,56627.797,10724.352,178.739,0.4966,44.64,21594.2
spontaneous_breathing,N7,baseline,10495,56750.492,10847.047,180.784,0.5023,44.38,21594.2
spontaneous_breathing,N7,baseline,10594,56872.328,10968.883,182.815,0.508,69.85,21594.2
spontaneous_breathing,N7,baseline,10693,56987.977,11084.532,184.742,0.5133,50.85,21594.2
spontaneous_breathing,N7,baseline,10792,57111.172,11207.727,186.795,0.519,51.19,21594.2
spontaneous_breathing,N7,baseline,10891,57233.797,11330.352,188.839,0.5247,47.13,21594.2
spontaneous_breathing,N7,baseline,10990,57356.969,11453.524,190.892,0.5304,49.88,21594.2
spontaneous_breathing,N7,baseline,11089,57478.32,11574.875,192.915,0.536,50.21,21594.2
spontaneous_breathing,N7,baseline,11188,57604.125,11700.68,195.011,0.5418,45.98,21594.2
spontaneous_breathing,N7,baseline,11287,57727.641,11824.196,197.07,0.5476,40.21,21594.2
spontaneous_breathing,N7,baseline,11386,57852.055,11948.61,199.144,0.5533,48.31,21594.2
spontaneous_breathing,N7,baseline,11485,57964.055,12060.61,201.01,0.5585,86.33,21594.2
spontaneous_breathing,N7,baseline,11584,58082.039,12178.594,202.977,0.564,46.55,21594.2
spontaneous_breathing,N7,baseline,11683,58196.688,12293.243,204.887,0.5693,56.07,21594.2
spontaneous_breathing,N7,baseline,11782,58312.516,12409.071,206.818,0.5746,49.88,21594.2
spontaneous_breathing,N7,baseline,11881,58425.43,12521.985,208.7,0.5799,57.75,21594.2
spontaneous_breathing,N7,baseline,11980,58531.766,12628.321,210.472,0.5848,44.38,21594.2
spontaneous_breathing,N7,baseline,12079,58647.523,12744.078,212.401,0.5902,60.0,21594.2
spontaneous_breathing,N7,baseline,12178,58757.586,12854.141,214.236,0.5953,63.49,21594.2
spontaneous_breathing,N7,baseline,12277,58869.117,12965.672,216.095,0.6004,66.82,21594.2
spontaneous_breathing,N7,baseline,12376,58981.68,13078.235,217.971,0.6056,51.9,21594.2
spontaneous_breathing,N7,baseline,12475,59091.898,13188.453,219.808,0.6107,52.26,21594.2
spontaneous_breathing,N7,baseline,12574,59208.094,13304.649,221.744,0.6161,52.26,21594.2
spontaneous_breathing,N7,baseline,12673,59322.609,13419.164,223.653,0.6214,45.18,21594.2
spontaneous_breathing,N7,baseline,12772,59439.109,13535.664,225.594,0.6268,56.87,21594.2
spontaneous_breathing,N7,baseline,12871,59552.938,13649.493,227.492,0.6321,47.39,21594.2
spontaneous_breathing,N7,baseline,12970,59665.531,13762.086,229.368,0.6373,52.96,21594.2
spontaneous_breathing,N7,baseline,13069,59780.414,13876.969,231.283,0.6426,59.06,21594.2
spontaneous_breathing,N7,baseline,13168,59895.031,13991.586,233.193,0.6479,51.55,21594.2
spontaneous_breathing,N7,baseline,13267,60012.938,14109.493,235.158,0.6534,51.55,21594.2
spontaneous_breathing,N7,baseline,13366,60132.125,14228.68,237.145,0.6589,49.88,21594.2
spontaneous_breathing,N7,baseline,13465,60252.055,14348.61,239.144,0.6645,52.26,21594.2
spontaneous_breathing,N7,baseline,13564,60372.031,14468.586,241.143,0.67,46.26,21594.2
spontaneous_breathing,N7,baseline,13663,60492.836,14589.391,243.157,0.6756,51.19,21594.2
spontaneous_breathing,N7,baseline,13762,60615.07,14711.625,245.194,0.6813,50.51,21594.2
spontaneous_breathing,N7,baseline,13861,60737.031,14833.586,247.226,0.6869,47.69,21594.2
spontaneous_breathing,N7,baseline,13960,60858.039,14954.594,249.243,0.6925,45.73,21594.2
spontaneous_breathing,N7,baseline,14059,60978.945,15075.5,251.258,0.6981,48.62,21594.2
spontaneous_breathing,N7,baseline,14158,61100.305,15196.86,253.281,0.7037,51.55,21594.2
spontaneous_breathing,N7,baseline,14257,61221.477,15318.032,255.301,0.7094,44.38,21594.2
spontaneous_breathing,N7,baseline,14356,61342.695,15439.25,257.321,0.715,49.55,21594.2
spontaneous_breathing,N7,baseline,14455,61432.695,15529.25,258.821,0.7191,48.9,21594.2
spontaneous_breathing,N7,baseline,14554,61552.43,15648.985,260.816,0.7247,51.19,21594.2
spontaneous_breathing,N7,baseline,14653,61667.766,15764.321,262.739,0.73,56.07,21594.2
spontaneous_breathing,N7,baseline,14752,61774.773,15871.328,264.522,0.735,45.98,21594.2
spontaneous_breathing,N7,baseline,14851,61897.531,15994.086,266.568,0.7407,46.55,21594.2
spontaneous_breathing,N7,baseline,14950,62021.758,16118.313,268.639,0.7464,52.59,21594.2
spontaneous_breathing,N7,baseline,15049,62146.102,16242.657,270.711,0.7522,44.91,21594.2
spontaneous_breathing,N7,baseline,15148,62269.266,16365.821,272.764,0.7579,46.84,21594.2
spontaneous_breathing,N7,baseline,15247,62391.367,16487.922,274.799,0.7635,43.89,21594.2
spontaneous_breathing,N7,baseline,15346,62514.672,16611.227,276.854,0.7692,45.98,21594.2
spontaneous_breathing,N7,baseline,15445,62638.758,16735.313,278.922,0.775,44.91,21594.2
spontaneous_breathing,N7,baseline,15544,62758.109,16854.664,280.911,0.7805,76.82,21594.2
spontaneous_breathing,N7,baseline,15643,62876.016,16972.571,282.876,0.786,45.98,21594.2
spontaneous_breathing,N7,baseline,15742,62998.883,17095.438,284.924,0.7917,48.31,21594.2
spontaneous_breathing,N7,baseline,15841,63122.188,17218.743,286.979,0.7974,43.89,21594.2
spontaneous_breathing,N7,baseline,15940,63241.508,17338.063,288.968,0.8029,60.98,21594.2
spontaneous_breathing,N7,baseline,16039,63355.32,17451.875,290.865,0.8082,54.84,21594.2
spontaneous_breathing,N7,baseline,16138,63470.586,17567.141,292.786,0.8135,50.51,21594.2
spontaneous_breathing,N7,baseline,16237,63582.938,17679.493,294.658,0.8187,46.55,21594.2
spontaneous_breathing,N7,baseline,16336,63694.938,17791.493,296.525,0.8239,63.97,21594.2
spontaneous_breathing,N7,baseline,16435,63790.711,17887.266,298.121,0.8283,56.87,21594.2
spontaneous_breathing,N7,baseline,16534,63902.086,17998.641,299.977,0.8335,49.88,21594.2
spontaneous_breathing,N7,baseline,16633,64010.148,18106.703,301.778,0.8385,55.25,21594.2
spontaneous_breathing,N7,baseline,16732,64117.805,18214.36,303.573,0.8435,52.59,21594.2
spontaneous_breathing,N7,baseline,16831,64224.031,18320.586,305.343,0.8484,54.45,21594.2
spontaneous_breathing,N7,baseline,16930,64330.203,18426.758,307.113,0.8533,55.66,21594.2
spontaneous_breathing,N7,baseline,17029,64433.258,18529.813,308.83,0.8581,59.52,21594.2
spontaneous_breathing,N7,baseline,17128,64534.586,18631.141,310.519,0.8628,58.2,21594.2
spontaneous_breathing,N7,baseline,17227,64639.992,18736.547,312.276,0.8677,52.96,21594.2
spontaneous_breathing,N7,baseline,17326,64745.195,18841.75,314.029,0.8725,54.84,21594.2
spontaneous_breathing,N7,baseline,17425,64853.562,18950.117,315.835,0.8776,54.1,21594.2
spontaneous_breathing,N7,baseline,17524,64960.844,19057.399,317.623,0.8825,51.55,21594.2
spontaneous_breathing,N7,baseline,17623,65067.68,19164.235,319.404,0.8875,57.75,21594.2
spontaneous_breathing,N7,baseline,17722,65174.531,19271.086,321.185,0.8924,59.52,21594.2
spontaneous_breathing,N7,baseline,17821,65277.031,19373.586,322.893,0.8972,55.25,21594.2
spontaneous_breathing,N7,baseline,17920,65382.336,19478.891,324.648,0.902,54.84,21594.2
spontaneous_breathing,N7,baseline,18019,65485.047,19581.602,326.36,0.9068,59.52,21594.2
spontaneous_breathing,N7,baseline,18118,65589.125,19685.68,328.095,0.9116,55.66,21594.2
spontaneous_breathing,N7,baseline,18217,65695.867,19792.422,329.874,0.9166,57.75,21594.2
spontaneous_breathing,N7,baseline,18316,65801.414,19897.969,331.633,0.9215,75.28,21594.2
spontaneous_breathing,N7,baseline,18415,65908.141,20004.696,333.412,0.9264,59.06,21594.2
spontaneous_breathing,N7,baseline,18514,66020.844,20117.399,335.29,0.9316,57.31,21594.2
spontaneous_breathing,N7,baseline,18613,66133.789,20230.344,337.172,0.9368,63.97,21594.2
spontaneous_breathing,N7,baseline,18712,66249.188,20345.743,339.096,0.9422,54.45,21594.2
spontaneous_breathing,N7,baseline,18811,66350.977,20447.532,340.792,0.9469,56.5,21594.2
spontaneous_breathing,N7,baseline,18910,66460.734,20557.289,342.621,0.952,51.19,21594.2
spontaneous_breathing,N7,baseline,19009,66573.492,20670.047,344.501,0.9572,50.85,21594.2
spontaneous_breathing,N7,baseline,19108,66686.789,20783.344,346.389,0.9625,57.75,21594.2
spontaneous_breathing,N7,baseline,19207,66800.906,20897.461,348.291,0.9677,51.19,21594.2
spontaneous_breathing,N7,baseline,19306,66915.016,21011.571,350.193,0.973,51.19,21594.2
spontaneous_breathing,N7,baseline,19405,67030.18,21126.735,352.112,0.9784,50.51,21594.2
spontaneous_breathing,N7,baseline,19504,67144.117,21240.672,354.011,0.9836,56.5,21594.2
spontaneous_breathing,N7,baseline,19603,67259.312,21355.867,355.931,0.989,52.96,21594.2
spontaneous_breathing,N7,baseline,19702,67372.586,21469.141,357.819,0.9942,51.9,21594.2
spontaneous_breathing,N7,baseline,19801,67485.164,21581.719,359.695,0.9994,51.19,21594.2
spontaneous_breathing,N8,baseline,1,52802.641,0.0,0.0,0.0,76.05,21595.5
spontaneous_breathing,N8,baseline,128,52900.891,98.25,1.637,0.0045,77.62,21595.5
spontaneous_breathing,N8,baseline,255,53001.859,199.218,3.32,0.0092,76.82,21595.5
spontaneous_breathing,N8,baseline,382,53099.703,297.062,4.951,0.0138,76.82,21595.5
spontaneous_breathing,N8,baseline,509,53197.695,395.054,6.584,0.0183,69.2,21595.5
spontaneous_breathing,N8,baseline,636,53299.609,496.968,8.283,0.023,76.05,21595.5
spontaneous_breathing,N8,baseline,763,53400.727,598.086,9.968,0.0277,65.65,21595.5
spontaneous_breathing,N8,baseline,890,53502.727,700.086,11.668,0.0324,70.42,21595.5
spontaneous_breathing,N8,baseline,1017,53602.711,800.07,13.335,0.037,74.53,21595.5
spontaneous_breathing,N8,baseline,1144,53703.844,901.203,15.02,0.0417,73.89,21595.5
spontaneous_breathing,N8,baseline,1271,53806.266,1003.625,16.727,0.0465,72.46,21595.5
spontaneous_breathing,N8,baseline,1398,53907.273,1104.632,18.411,0.0512,76.05,21595.5
spontaneous_breathing,N8,baseline,1525,54010.086,1207.445,20.124,0.0559,71.09,21595.5
spontaneous_breathing,N8,baseline,1652,54114.102,1311.461,21.858,0.0607,69.2,21595.5
spontaneous_breathing,N8,baseline,1779,54216.43,1413.789,23.563,0.0655,80.0,21595.5
spontaneous_breathing,N8,baseline,1906,54319.0,1516.359,25.273,0.0702,73.17,21595.5
spontaneous_breathing,N8,baseline,2033,54422.602,1619.961,26.999,0.075,73.89,21595.5
spontaneous_breathing,N8,baseline,2160,54527.008,1724.367,28.739,0.0798,80.86,21595.5
spontaneous_breathing,N8,baseline,2287,54631.117,1828.476,30.475,0.0847,69.85,21595.5
spontaneous_breathing,N8,baseline,2414,54734.914,1932.273,32.205,0.0895,76.82,21595.5
spontaneous_breathing,N8,baseline,2541,54837.25,2034.609,33.91,0.0942,71.77,21595.5
spontaneous_breathing,N8,baseline,2668,54939.883,2137.242,35.621,0.099,89.29,21595.5
spontaneous_breathing,N8,baseline,2795,55044.969,2242.328,37.372,0.1038,76.82,21595.5
spontaneous_breathing,N8,baseline,2922,55153.844,2351.203,39.187,0.1089,62.44,21595.5
spontaneous_breathing,N8,baseline,3049,55262.836,2460.195,41.003,0.1139,69.85,21595.5
spontaneous_breathing,N8,baseline,3176,55371.141,2568.5,42.808,0.1189,72.46,21595.5
spontaneous_breathing,N8,baseline,3303,55479.141,2676.5,44.608,0.1239,71.77,21595.5
spontaneous_breathing,N8,baseline,3430,55586.109,2783.468,46.391,0.1289,71.77,21595.5
spontaneous_breathing,N8,baseline,3557,55692.891,2890.25,48.171,0.1338,67.95,21595.5
spontaneous_breathing,N8,baseline,3684,55799.258,2996.617,49.944,0.1388,62.44,21595.5
spontaneous_breathing,N8,baseline,3811,55905.484,3102.843,51.714,0.1437,67.34,21595.5
spontaneous_breathing,N8,baseline,3938,56011.406,3208.765,53.479,0.1486,68.57,21595.5
spontaneous_breathing,N8,baseline,4065,56117.719,3315.078,55.251,0.1535,69.85,21595.5
spontaneous_breathing,N8,baseline,4192,56223.703,3421.062,57.018,0.1584,69.85,21595.5
spontaneous_breathing,N8,baseline,4319,56329.656,3527.015,58.784,0.1633,76.05,21595.5
spontaneous_breathing,N8,baseline,4446,56435.922,3633.281,60.555,0.1682,73.17,21595.5
spontaneous_breathing,N8,baseline,4573,56542.602,3739.961,62.333,0.1732,73.89,21595.5
spontaneous_breathing,N8,baseline,4700,56649.633,3846.992,64.117,0.1781,60.98,21595.5
spontaneous_breathing,N8,baseline,4827,56752.297,3949.656,65.828,0.1829,65.65,21595.5
spontaneous_breathing,N8,baseline,4954,56862.164,4059.523,67.659,0.188,76.05,21595.5
spontaneous_breathing,N8,baseline,5081,56970.016,4167.375,69.456,0.193,76.82,21595.5
spontaneous_breathing,N8,baseline,5208,57077.695,4275.054,71.251,0.198,76.05,21595.5
spontaneous_breathing,N8,baseline,5335,57183.305,4380.664,73.011,0.2029,76.05,21595.5
spontaneous_breathing,N8,baseline,5462,57285.227,4482.586,74.71,0.2076,75.28,21595.5
spontaneous_breathing,N8,baseline,5589,57386.32,4583.679,76.395,0.2123,69.85,21595.5
spontaneous_breathing,N8,baseline,5716,57486.609,4683.968,78.066,0.2169,75.28,21595.5
spontaneous_breathing,N8,baseline,5843,57589.93,4787.289,79.788,0.2217,69.85,21595.5
spontaneous_breathing,N8,baseline,5970,57692.344,4889.703,81.495,0.2264,74.53,21595.5
spontaneous_breathing,N8,baseline,6097,57794.781,4992.14,83.202,0.2312,79.16,21595.5
spontaneous_breathing,N8,baseline,6224,57896.508,5093.867,84.898,0.2359,71.77,21595.5
spontaneous_breathing,N8,baseline,6351,57999.039,5196.398,86.607,0.2406,77.62,21595.5
spontaneous_breathing,N8,baseline,6478,58104.094,5301.453,88.358,0.2455,73.17,21595.5
spontaneous_breathing,N8,baseline,6605,58206.383,5403.742,90.062,0.2502,73.17,21595.5
spontaneous_breathing,N8,baseline,6732,58309.562,5506.921,91.782,0.255,72.46,21595.5
spontaneous_breathing,N8,baseline,6859,58411.766,5609.125,93.485,0.2597,75.28,21595.5
spontaneous_breathing,N8,baseline,6986,58512.969,5710.328,95.172,0.2644,74.53,21595.5
spontaneous_breathing,N8,baseline,7113,58612.969,5810.328,96.839,0.2691,73.17,21595.5
spontaneous_breathing,N8,baseline,7240,58714.195,5911.554,98.526,0.2737,78.33,21595.5
spontaneous_breathing,N8,baseline,7367,58817.734,6015.093,100.252,0.2785,69.85,21595.5
spontaneous_breathing,N8,baseline,7494,58922.25,6119.609,101.993,0.2834,73.17,21595.5
spontaneous_breathing,N8,baseline,7621,59028.156,6225.515,103.759,0.2883,75.28,21595.5
spontaneous_breathing,N8,baseline,7748,59129.492,6326.851,105.448,0.293,73.17,21595.5
spontaneous_breathing,N8,baseline,7875,59231.234,6428.593,107.143,0.2977,76.82,21595.5
spontaneous_breathing,N8,baseline,8002,59335.406,6532.765,108.879,0.3025,72.46,21595.5
spontaneous_breathing,N8,baseline,8129,59439.656,6637.015,110.617,0.3073,71.77,21595.5
spontaneous_breathing,N8,baseline,8256,59543.516,6740.875,112.348,0.3121,75.28,21595.5
spontaneous_breathing,N8,baseline,8383,59648.094,6845.453,114.091,0.317,62.44,21595.5
spontaneous_breathing,N8,baseline,8510,59752.391,6949.75,115.829,0.3218,72.46,21595.5
spontaneous_breathing,N8,baseline,8637,59854.641,7052.0,117.533,0.3265,89.29,21595.5
spontaneous_breathing,N8,baseline,8764,59961.734,7159.093,119.318,0.3315,74.53,21595.5
spontaneous_breathing,N8,baseline,8891,60067.406,7264.765,121.079,0.3364,69.2,21595.5
spontaneous_breathing,N8,baseline,9018,60176.281,7373.64,122.894,0.3414,76.82,21595.5
spontaneous_breathing,N8,baseline,9145,60280.609,7477.968,124.633,0.3463,71.09,21595.5
spontaneous_breathing,N8,baseline,9272,60385.945,7583.304,126.388,0.3512,75.28,21595.5
spontaneous_breathing,N8,baseline,9399,60490.484,7687.843,128.131,0.356,76.05,21595.5
spontaneous_breathing,N8,baseline,9526,60595.227,7792.586,129.876,0.3608,68.57,21595.5
spontaneous_breathing,N8,baseline,9653,60702.672,7900.031,131.667,0.3658,64.52,21595.5
spontaneous_breathing,N8,baseline,9780,60810.727,8008.086,133.468,0.3708,68.57,21595.5
spontaneous_breathing,N8,baseline,9907,60918.68,8116.039,135.267,0.3758,68.57,21595.5
spontaneous_breathing,N8,baseline,10034,61028.289,8225.648,137.094,0.3809,71.77,21595.5
spontaneous_breathing,N8,baseline,10161,61134.867,8332.226,138.87,0.3858,76.05,21595.5
spontaneous_breathing,N8,baseline,10288,61243.703,8441.062,140.684,0.3909,72.46,21595.5
spontaneous_breathing,N8,baseline,10415,61352.727,8550.086,142.501,0.3959,69.2,21595.5
spontaneous_breathing,N8,baseline,10542,61459.922,8657.281,144.288,0.4009,74.53,21595.5
spontaneous_breathing,N8,baseline,10669,61567.562,8764.921,146.082,0.4059,73.17,21595.5
spontaneous_breathing,N8,baseline,10796,61669.344,8866.703,147.778,0.4106,63.49,21595.5
spontaneous_breathing,N8,baseline,10923,61776.406,8973.765,149.563,0.4155,56.5,21595.5
spontaneous_breathing,N8,baseline,11050,61883.875,9081.234,151.354,0.4205,73.17,21595.5
spontaneous_breathing,N8,baseline,11177,61985.055,9182.414,153.04,0.4252,62.44,21595.5
spontaneous_breathing,N8,baseline,11304,62092.047,9289.406,154.823,0.4302,67.95,21595.5
spontaneous_breathing,N8,baseline,11431,62195.125,9392.484,156.541,0.4349,74.53,21595.5
spontaneous_breathing,N8,baseline,11558,62299.773,9497.132,158.286,0.4398,74.53,21595.5
spontaneous_breathing,N8,baseline,11685,62402.336,9599.695,159.995,0.4445,75.28,21595.5
spontaneous_breathing,N8,baseline,11812,62504.07,9701.429,161.69,0.4492,71.09,21595.5
spontaneous_breathing,N8,baseline,11939,62609.812,9807.171,163.453,0.4541,71.77,21595.5
spontaneous_breathing,N8,baseline,12066,62712.922,9910.281,165.171,0.4589,73.17,21595.5
spontaneous_breathing,N8,baseline,12193,62815.078,10012.437,166.874,0.4636,70.42,21595.5
spontaneous_breathing,N8,baseline,12320,62919.141,10116.5,168.608,0.4685,76.82,21595.5
spontaneous_breathing,N8,baseline,12447,63020.141,10217.5,170.292,0.4731,54.1,21595.5
spontaneous_breathing,N8,baseline,12574,63123.273,10320.632,172.011,0.4779,73.89,21595.5
spontaneous_breathing,N8,baseline,12701,63226.617,10423.976,173.733,0.4827,73.89,21595.5
spontaneous_breathing,N8,baseline,12828,63331.57,10528.929,175.482,0.4876,76.05,21595.5
spontaneous_breathing,N8,baseline,12955,63436.461,10633.82,177.23,0.4924,74.53,21595.5
spontaneous_breathing,N8,baseline,13082,63540.789,10738.148,178.969,0.4972,74.53,21595.5
spontaneous_breathing,N8,baseline,13209,63648.578,10845.937,180.766,0.5022,71.77,21595.5
spontaneous_breathing,N8,baseline,13336,63757.125,10954.484,182.575,0.5073,61.92,21595.5
spontaneous_breathing,N8,baseline,13463,63864.742,11062.101,184.368,0.5122,74.53,21595.5
spontaneous_breathing,N8,baseline,13590,63972.008,11169.367,186.156,0.5172,71.77,21595.5
spontaneous_breathing,N8,baseline,13717,64079.695,11277.054,187.951,0.5222,71.09,21595.5
spontaneous_breathing,N8,baseline,13844,64188.656,11386.015,189.767,0.5272,73.89,21595.5
spontaneous_breathing,N8,baseline,13971,64296.75,11494.109,191.568,0.5322,67.34,21595.5
spontaneous_breathing,N8,baseline,14098,64405.562,11602.921,193.382,0.5373,66.82,21595.5
spontaneous_breathing,N8,baseline,14225,64515.641,11713.0,195.217,0.5424,72.46,21595.5
spontaneous_breathing,N8,baseline,14352,64626.938,11824.297,197.072,0.5475,73.89,21595.5
spontaneous_breathing,N8,baseline,14479,64738.211,11935.57,198.926,0.5527,71.09,21595.5
spontaneous_breathing,N8,baseline,14606,64850.969,12048.328,200.805,0.5579,61.41,21595.5
spontaneous_breathing,N8,baseline,14733,64963.391,12160.75,202.679,0.5631,63.97,21595.5
spontaneous_breathing,N8,baseline,14860,65076.234,12273.593,204.56,0.5683,69.85,21595.5
spontaneous_breathing,N8,baseline,14987,65191.719,12389.078,206.485,0.5737,72.46,21595.5
spontaneous_breathing,N8,baseline,15114,65305.883,12503.242,208.387,0.579,62.44,21595.5
spontaneous_breathing,N8,baseline,15241,65421.039,12618.398,210.307,0.5843,60.0,21595.5
spontaneous_breathing,N8,baseline,15368,65536.484,12733.843,212.231,0.5897,71.77,21595.5
spontaneous_breathing,N8,baseline,15495,65653.312,12850.671,214.178,0.5951,70.42,21595.5
spontaneous_breathing,N8,baseline,15622,65766.844,12964.203,216.07,0.6003,88.24,21595.5
spontaneous_breathing,N8,baseline,15749,65880.633,13077.992,217.967,0.6056,68.57,21595.5
spontaneous_breathing,N8,baseline,15876,65999.023,13196.382,219.94,0.6111,66.82,21595.5
spontaneous_breathing,N8,baseline,16003,66114.125,13311.484,221.858,0.6164,60.98,21595.5
spontaneous_breathing,N8,baseline,16130,66228.797,13426.156,223.769,0.6217,62.96,21595.5
spontaneous_breathing,N8,baseline,16257,66343.773,13541.132,225.686,0.627,78.33,21595.5
spontaneous_breathing,N8,baseline,16384,66460.352,13657.711,227.629,0.6324,62.96,21595.5
spontaneous_breathing,N8,baseline,16511,66576.25,13773.609,229.56,0.6378,66.82,21595.5
spontaneous_breathing,N8,baseline,16638,66689.008,13886.367,231.439,0.643,66.23,21595.5
spontaneous_breathing,N8,baseline,16765,66798.531,13995.89,233.265,0.6481,69.2,21595.5
spontaneous_breathing,N8,baseline,16892,66907.227,14104.586,235.076,0.6531,74.53,21595.5
spontaneous_breathing,N8,baseline,17019,67012.641,14210.0,236.833,0.658,73.89,21595.5
spontaneous_breathing,N8,baseline,17146,67124.539,14321.898,238.698,0.6632,64.52,21595.5
spontaneous_breathing,N8,baseline,17273,67236.047,14433.406,240.557,0.6684,71.77,21595.5
spontaneous_breathing,N8,baseline,17400,67347.195,14544.554,242.409,0.6735,67.34,21595.5
spontaneous_breathing,N8,baseline,17527,67453.961,14651.32,244.189,0.6784,62.96,21595.5
spontaneous_breathing,N8,baseline,17654,67562.539,14759.898,245.998,0.6835,67.34,21595.5
spontaneous_breathing,N8,baseline,17781,67673.008,14870.367,247.839,0.6886,74.53,21595.5
spontaneous_breathing,N8,baseline,17908,67784.547,14981.906,249.698,0.6938,81.74,21595.5
spontaneous_breathing,N8,baseline,18035,67901.43,15098.789,251.646,0.6992,65.65,21595.5
spontaneous_breathing,N8,baseline,18162,68016.0,15213.359,253.556,0.7045,65.08,21595.5
spontaneous_breathing,N8,baseline,18289,68131.344,15328.703,255.478,0.7098,69.2,21595.5
spontaneous_breathing,N8,baseline,18416,68248.945,15446.304,257.438,0.7153,66.82,21595.5
spontaneous_breathing,N8,baseline,18543,68361.195,15558.554,259.309,0.7205,50.51,21595.5
spontaneous_breathing,N8,baseline,18670,68480.82,15678.179,261.303,0.726,68.57,21595.5
spontaneous_breathing,N8,baseline,18797,68598.258,15795.617,263.26,0.7314,77.62,21595.5
spontaneous_breathing,N8,baseline,18924,68707.969,15905.328,265.089,0.7365,64.52,21595.5
spontaneous_breathing,N8,baseline,19051,68823.953,16021.312,267.022,0.7419,62.96,21595.5
spontaneous_breathing,N8,baseline,19178,68939.562,16136.921,268.949,0.7472,65.65,21595.5
spontaneous_breathing,N8,baseline,19305,69058.609,16255.968,270.933,0.7527,69.85,21595.5
spontaneous_breathing,N8,baseline,19432,69175.484,16372.843,272.881,0.7582,68.57,21595.5
spontaneous_breathing,N8,baseline,19559,69290.562,16487.921,274.799,0.7635,66.23,21595.5
spontaneous_breathing,N8,baseline,19686,69407.609,16604.968,276.749,0.7689,68.57,21595.5
spontaneous_breathing,N8,baseline,19813,69522.609,16719.968,278.666,0.7742,66.82,21595.5
spontaneous_breathing,N8,baseline,19940,69639.031,16836.39,280.606,0.7796,65.08,21595.5
spontaneous_breathing,N8,baseline,20067,69757.078,16954.437,282.574,0.7851,67.95,21595.5
spontaneous_breathing,N8,baseline,20194,69873.352,17070.711,284.512,0.7905,71.09,21595.5
spontaneous_breathing,N8,baseline,20321,69992.562,17189.921,286.499,0.796,73.89,21595.5
spontaneous_breathing,N8,baseline,20448,70107.477,17304.836,288.414,0.8013,71.09,21595.5
spontaneous_breathing,N8,baseline,20575,70222.773,17420.132,290.336,0.8067,50.51,21595.5
spontaneous_breathing,N8,baseline,20702,70332.984,17530.343,292.172,0.8118,79.16,21595.5
spontaneous_breathing,N8,baseline,20829,70437.375,17634.734,293.912,0.8166,72.46,21595.5
spontaneous_breathing,N8,baseline,20956,70539.852,17737.211,295.62,0.8213,88.24,21595.5
spontaneous_breathing,N8,baseline,21083,70651.031,17848.39,297.473,0.8265,65.08,21595.5
spontaneous_breathing,N8,baseline,21210,70756.781,17954.14,299.236,0.8314,73.17,21595.5
spontaneous_breathing,N8,baseline,21337,70857.523,18054.882,300.915,0.836,101.01,21595.5
spontaneous_breathing,N8,baseline,21464,70969.562,18166.921,302.782,0.8412,68.57,21595.5
spontaneous_breathing,N8,baseline,21591,71078.328,18275.687,304.595,0.8463,67.34,21595.5
spontaneous_breathing,N8,baseline,21718,71189.992,18387.351,306.456,0.8514,66.82,21595.5
spontaneous_breathing,N8,baseline,21845,71298.156,18495.515,308.259,0.8565,67.95,21595.5
spontaneous_breathing,N8,baseline,21972,71406.477,18603.836,310.064,0.8615,71.09,21595.5
spontaneous_breathing,N8,baseline,22099,71511.875,18709.234,311.821,0.8663,69.2,21595.5
spontaneous_breathing,N8,baseline,22226,71617.406,18814.765,313.579,0.8712,73.89,21595.5
spontaneous_breathing,N8,baseline,22353,71720.523,18917.882,315.298,0.876,79.16,21595.5
spontaneous_breathing,N8,baseline,22480,71824.266,19021.625,317.027,0.8808,69.2,21595.5
spontaneous_breathing,N8,baseline,22607,71933.539,19130.898,318.848,0.8859,73.17,21595.5
spontaneous_breathing,N8,baseline,22734,72041.227,19238.586,320.643,0.8909,98.52,21595.5
spontaneous_breathing,N8,baseline,22861,72152.469,19349.828,322.497,0.896,72.46,21595.5
spontaneous_breathing,N8,baseline,22988,72261.727,19459.086,324.318,0.9011,71.77,21595.5
spontaneous_breathing,N8,baseline,23115,72374.406,19571.765,326.196,0.9063,71.77,21595.5
spontaneous_breathing,N8,baseline,23242,72488.18,19685.539,328.092,0.9116,66.23,21595.5
spontaneous_breathing,N8,baseline,23369,72598.977,19796.336,329.939,0.9167,69.85,21595.5
spontaneous_breathing,N8,baseline,23496,72708.992,19906.351,331.773,0.9218,65.65,21595.5
spontaneous_breathing,N8,baseline,23623,72814.852,20012.211,333.537,0.9267,71.09,21595.5
spontaneous_breathing,N8,baseline,23750,72923.5,20120.859,335.348,0.9317,80.0,21595.5
spontaneous_breathing,N8,baseline,23877,73033.492,20230.851,337.181,0.9368,72.46,21595.5
spontaneous_breathing,N8,baseline,24004,73144.227,20341.586,339.026,0.9419,69.85,21595.5
spontaneous_breathing,N8,baseline,24131,73257.18,20454.539,340.909,0.9472,74.53,21595.5
spontaneous_breathing,N8,baseline,24258,73372.195,20569.554,342.826,0.9525,63.49,21595.5
spontaneous_breathing,N8,baseline,24385,73485.859,20683.218,344.72,0.9578,66.82,21595.5
spontaneous_breathing,N8,baseline,24512,73597.516,20794.875,346.581,0.9629,65.65,21595.5
spontaneous_breathing,N8,baseline,24639,73712.07,20909.429,348.49,0.9682,61.92,21595.5
spontaneous_breathing,N8,baseline,24766,73820.789,21018.148,350.302,0.9733,66.82,21595.5
spontaneous_breathing,N8,baseline,24893,73936.305,21133.664,352.228,0.9786,53.33,21595.5
spontaneous_breathing,N8,baseline,25020,74045.469,21242.828,354.047,0.9837,62.96,21595.5
spontaneous_breathing,N8,baseline,25147,74151.695,21349.054,355.818,0.9886,72.46,21595.5
spontaneous_breathing,N8,baseline,25274,74250.477,21447.836,357.464,0.9932,85.35,21595.5
spontaneous_breathing,N8,baseline,25401,74345.711,21543.07,359.051,0.9976,98.52,21595.5
spontaneous_breathing,N9,baseline,1,45001.961,0.0,0.0,0.0,96.0,21596.1
spontaneous_breathing,N9,baseline,137,45089.211,87.25,1.454,0.004,93.6,21596.1
spontaneous_breathing,N9,baseline,273,45175.914,173.953,2.899,0.0081,85.35,21596.1
spontaneous_breathing,N9,baseline,409,45253.461,251.5,4.192,0.0116,108.11,21596.1
spontaneous_breathing,N9,baseline,545,45333.922,331.961,5.533,0.0154,97.24,21596.1
spontaneous_breathing,N9,baseline,681,45415.281,413.32,6.889,0.0191,106.76,21596.1
spontaneous_breathing,N9,baseline,817,45495.477,493.516,8.225,0.0229,99.67,21596.1
spontaneous_breathing,N9,baseline,953,45575.133,573.172,9.553,0.0265,94.79,21596.1
spontaneous_breathing,N9,baseline,1089,45660.195,658.234,10.971,0.0305,96.0,21596.1
spontaneous_breathing,N9,baseline,1225,45747.047,745.086,12.418,0.0345,87.21,21596.1
spontaneous_breathing,N9,baseline,1361,45833.695,831.734,13.862,0.0385,99.67,21596.1
spontaneous_breathing,N9,baseline,1497,45920.594,918.633,15.311,0.0425,92.59,21596.1
spontaneous_breathing,N9,baseline,1633,46005.5,1003.539,16.726,0.0465,96.0,21596.1
spontaneous_breathing,N9,baseline,1769,46095.078,1093.117,18.219,0.0506,96.0,21596.1
spontaneous_breathing,N9,baseline,1905,46184.578,1182.617,19.71,0.0548,87.21,21596.1
spontaneous_breathing,N9,baseline,2041,46276.258,1274.297,21.238,0.059,87.21,21596.1
spontaneous_breathing,N9,baseline,2177,46368.086,1366.125,22.769,0.0633,91.46,21596.1
spontaneous_breathing,N9,baseline,2313,46458.758,1456.797,24.28,0.0675,87.21,21596.1
spontaneous_breathing,N9,baseline,2449,46548.875,1546.914,25.782,0.0716,98.52,21596.1
spontaneous_breathing,N9,baseline,2585,46632.156,1630.195,27.17,0.0755,114.72,21596.1
spontaneous_breathing,N9,baseline,2721,46708.484,1706.523,28.442,0.079,93.6,21596.1
spontaneous_breathing,N9,baseline,2857,46793.211,1791.25,29.854,0.0829,93.6,21596.1
spontaneous_breathing,N9,baseline,2993,46879.523,1877.562,31.293,0.0869,94.79,21596.1
spontaneous_breathing,N9,baseline,3129,46967.25,1965.289,32.755,0.091,92.59,21596.1
spontaneous_breathing,N9,baseline,3265,47057.586,2055.625,34.26,0.0952,88.24,21596.1
spontaneous_breathing,N9,baseline,3401,47146.719,2144.758,35.746,0.0993,108.11,21596.1
spontaneous_breathing,N9,baseline,3537,47228.781,2226.82,37.114,0.1031,88.24,21596.1
spontaneous_breathing,N9,baseline,3673,47315.938,2313.977,38.566,0.1071,98.52,21596.1
spontaneous_breathing,N9,baseline,3809,47399.18,2397.219,39.954,0.111,97.24,21596.1
spontaneous_breathing,N9,baseline,3945,47486.289,2484.328,41.405,0.115,93.6,21596.1
spontaneous_breathing,N9,baseline,4081,47578.211,2576.25,42.938,0.1193,94.79,21596.1
spontaneous_breathing,N9,baseline,4217,47664.211,2662.25,44.371,0.1233,97.24,21596.1
spontaneous_breathing,N9,baseline,4353,47750.164,2748.203,45.803,0.1273,96.0,21596.1
spontaneous_breathing,N9,baseline,4489,47833.461,2831.5,47.192,0.1311,96.0,21596.1
spontaneous_breathing,N9,baseline,4625,47918.875,2916.914,48.615,0.1351,102.39,21596.1
spontaneous_breathing,N9,baseline,4761,48004.719,3002.758,50.046,0.139,85.35,21596.1
spontaneous_breathing,N9,baseline,4897,48093.562,3091.601,51.527,0.1432,93.6,21596.1
spontaneous_breathing,N9,baseline,5033,48181.617,3179.656,52.994,0.1472,85.35,21596.1
spontaneous_breathing,N9,baseline,5169,48270.156,3268.195,54.47,0.1513,98.52,21596.1
spontaneous_breathing,N9,baseline,5305,48362.672,3360.711,56.012,0.1556,86.33,21596.1
spontaneous_breathing,N9,baseline,5441,48454.758,3452.797,57.547,0.1599,90.36,21596.1
spontaneous_breathing,N9,baseline,5577,48545.75,3543.789,59.063,0.1641,88.24,21596.1
spontaneous_breathing,N9,baseline,5713,48638.234,3636.273,60.605,0.1684,90.36,21596.1
spontaneous_breathing,N9,baseline,5849,48732.453,3730.492,62.175,0.1727,88.24,21596.1
spontaneous_breathing,N9,baseline,5985,48826.32,3824.359,63.739,0.1771,84.39,21596.1
spontaneous_breathing,N9,baseline,6121,48921.484,3919.523,65.325,0.1815,80.86,21596.1
spontaneous_breathing,N9,baseline,6257,49017.297,4015.336,66.922,0.1859,83.45,21596.1
spontaneous_breathing,N9,baseline,6393,49107.828,4105.867,68.431,0.1901,106.76,21596.1
spontaneous_breathing,N9,baseline,6529,49185.781,4183.82,69.73,0.1937,120.0,21596.1
spontaneous_breathing,N9,baseline,6665,49267.938,4265.977,71.1,0.1975,116.28,21596.1
spontaneous_breathing,N9,baseline,6801,49341.305,4339.344,72.322,0.2009,114.72,21596.1
spontaneous_breathing,N9,baseline,6937,49422.727,4420.766,73.679,0.2047,92.59,21596.1
spontaneous_breathing,N9,baseline,7073,49516.781,4514.82,75.247,0.2091,105.26,21596.1
spontaneous_breathing,N9,baseline,7209,49614.82,4612.859,76.881,0.2136,80.86,21596.1
spontaneous_breathing,N9,baseline,7345,49715.719,4713.758,78.563,0.2183,80.86,21596.1
spontaneous_breathing,N9,baseline,7481,49819.773,4817.812,80.297,0.2231,79.16,21596.1
spontaneous_breathing,N9,baseline,7617,49927.875,4925.914,82.099,0.2281,75.28,21596.1
spontaneous_breathing,N9,baseline,7753,50037.367,5035.406,83.923,0.2332,75.28,21596.1
spontaneous_breathing,N9,baseline,7889,50147.344,5145.383,85.756,0.2383,73.17,21596.1
spontaneous_breathing,N9,baseline,8025,50257.516,5255.555,87.593,0.2434,74.53,21596.1
spontaneous_breathing,N9,baseline,8161,50367.641,5365.68,89.428,0.2485,69.2,21596.1
spontaneous_breathing,N9,baseline,8297,50478.859,5476.898,91.282,0.2536,74.53,21596.1
spontaneous_breathing,N9,baseline,8433,50589.117,5587.156,93.119,0.2587,71.09,21596.1
spontaneous_breathing,N9,baseline,8569,50700.883,5698.922,94.982,0.2639,67.34,21596.1
spontaneous_breathing,N9,baseline,8705,50813.688,5811.727,96.862,0.2691,73.89,21596.1
spontaneous_breathing,N9,baseline,8841,50926.523,5924.562,98.743,0.2743,72.46,21596.1
spontaneous_breathing,N9,baseline,8977,51039.688,6037.727,100.629,0.2796,73.89,21596.1
spontaneous_breathing,N9,baseline,9113,51153.18,6151.219,102.52,0.2848,69.2,21596.1
spontaneous_breathing,N9,baseline,9249,51267.555,6265.594,104.427,0.2901,70.42,21596.1
spontaneous_breathing,N9,baseline,9385,51377.43,6375.469,106.258,0.2952,69.2,21596.1
spontaneous_breathing,N9,baseline,9521,51492.789,6490.828,108.18,0.3006,70.42,21596.1
spontaneous_breathing,N9,baseline,9657,51605.656,6603.695,110.062,0.3058,68.57,21596.1
spontaneous_breathing,N9,baseline,9793,51718.984,6717.023,111.95,0.311,71.09,21596.1
spontaneous_breathing,N9,baseline,9929,51833.398,6831.437,113.857,0.3163,73.17,21596.1
spontaneous_breathing,N9,baseline,10065,51947.148,6945.187,115.753,0.3216,73.17,21596.1
spontaneous_breathing,N9,baseline,10201,52061.5,7059.539,117.659,0.3269,73.17,21596.1
spontaneous_breathing,N9,baseline,10337,52176.484,7174.523,119.575,0.3322,71.77,21596.1
spontaneous_breathing,N9,baseline,10473,52291.672,7289.711,121.495,0.3375,71.09,21596.1
spontaneous_breathing,N9,baseline,10609,52406.734,7404.773,123.413,0.3429,71.77,21596.1
spontaneous_breathing,N9,baseline,10745,52521.961,7520.0,125.333,0.3482,70.42,21596.1
spontaneous_breathing,N9,baseline,10881,52637.922,7635.961,127.266,0.3536,71.77,21596.1
spontaneous_breathing,N9,baseline,11017,52753.672,7751.711,129.195,0.3589,71.09,21596.1
spontaneous_breathing,N9,baseline,11153,52870.664,7868.703,131.145,0.3644,70.42,21596.1
spontaneous_breathing,N9,baseline,11289,52987.992,7986.031,133.101,0.3698,77.62,21596.1
spontaneous_breathing,N9,baseline,11425,53099.688,8097.727,134.962,0.375,81.74,21596.1
spontaneous_breathing,N9,baseline,11561,53204.461,8202.5,136.708,0.3798,70.42,21596.1
spontaneous_breathing,N9,baseline,11697,53322.125,8320.164,138.669,0.3853,68.57,21596.1
spontaneous_breathing,N9,baseline,11833,53438.453,8436.492,140.608,0.3906,69.85,21596.1
spontaneous_breathing,N9,baseline,11969,53555.219,8553.258,142.554,0.3961,72.46,21596.1
spontaneous_breathing,N9,baseline,12105,53672.484,8670.523,144.509,0.4015,67.95,21596.1
spontaneous_breathing,N9,baseline,12241,53788.078,8786.117,146.435,0.4068,66.23,21596.1
spontaneous_breathing,N9,baseline,12377,53885.047,8883.086,148.051,0.4113,83.45,21596.1
spontaneous_breathing,N9,baseline,12513,53989.641,8987.68,149.795,0.4162,72.46,21596.1
spontaneous_breathing,N9,baseline,12649,54102.594,9100.633,151.677,0.4214,73.17,21596.1
spontaneous_breathing,N9,baseline,12785,54218.492,9216.531,153.609,0.4268,67.95,21596.1
spontaneous_breathing,N9,baseline,12921,54332.32,9330.359,155.506,0.432,70.42,21596.1
spontaneous_breathing,N9,baseline,13057,54446.016,9444.055,157.401,0.4373,86.33,21596.1
spontaneous_breathing,N9,baseline,13193,54559.109,9557.148,159.286,0.4425,71.09,21596.1
spontaneous_breathing,N9,baseline,13329,54669.625,9667.664,161.128,0.4477,66.82,21596.1
spontaneous_breathing,N9,baseline,13465,54784.461,9782.5,163.042,0.453,76.82,21596.1
spontaneous_breathing,N9,baseline,13601,54899.75,9897.789,164.963,0.4583,66.82,21596.1
spontaneous_breathing,N9,baseline,13737,55014.578,10012.617,166.877,0.4636,73.89,21596.1
spontaneous_breathing,N9,baseline,13873,55129.242,10127.281,168.788,0.4689,69.2,21596.1
spontaneous_breathing,N9,baseline,14009,55242.461,10240.5,170.675,0.4742,70.42,21596.1
spontaneous_breathing,N9,baseline,14145,55355.789,10353.828,172.564,0.4794,73.17,21596.1
spontaneous_breathing,N9,baseline,14281,55471.0,10469.039,174.484,0.4848,70.42,21596.1
spontaneous_breathing,N9,baseline,14417,55576.719,10574.758,176.246,0.4897,80.0,21596.1
spontaneous_breathing,N9,baseline,14553,55688.023,10686.062,178.101,0.4948,69.2,21596.1
spontaneous_breathing,N9,baseline,14689,55801.383,10799.422,179.99,0.5001,70.42,21596.1
spontaneous_breathing,N9,baseline,14825,55917.391,10915.43,181.924,0.5054,67.34,21596.1
spontaneous_breathing,N9,baseline,14961,56033.484,11031.523,183.859,0.5108,73.17,21596.1
spontaneous_breathing,N9,baseline,15097,56150.664,11148.703,185.812,0.5162,67.34,21596.1
spontaneous_breathing,N9,baseline,15233,56267.703,11265.742,187.762,0.5217,66.23,21596.1
spontaneous_breathing,N9,baseline,15369,56385.055,11383.094,189.718,0.5271,69.2,21596.1
spontaneous_breathing,N9,baseline,15505,56504.172,11502.211,191.704,0.5326,66.23,21596.1
spontaneous_breathing,N9,baseline,15641,56621.281,11619.32,193.655,0.538,69.85,21596.1
spontaneous_breathing,N9,baseline,15777,56737.984,11736.023,195.6,0.5434,68.57,21596.1
spontaneous_breathing,N9,baseline,15913,56855.867,11853.906,197.565,0.5489,71.09,21596.1
spontaneous_breathing,N9,baseline,16049,56972.398,11970.437,199.507,0.5543,71.09,21596.1
spontaneous_breathing,N9,baseline,16185,57089.375,12087.414,201.457,0.5597,68.57,21596.1
spontaneous_breathing,N9,baseline,16321,57205.828,12203.867,203.398,0.5651,67.34,21596.1
spontaneous_breathing,N9,baseline,16457,57321.797,12319.836,205.331,0.5705,67.34,21596.1
spontaneous_breathing,N9,baseline,16593,57438.016,12436.055,207.268,0.5758,72.46,21596.1
spontaneous_breathing,N9,baseline,16729,57556.406,12554.445,209.241,0.5813,67.34,21596.1
spontaneous_breathing,N9,baseline,16865,57670.008,12668.047,211.134,0.5866,74.53,21596.1
spontaneous_breathing,N9,baseline,17001,57786.359,12784.398,213.073,0.592,65.65,21596.1
spontaneous_breathing,N9,baseline,17137,57902.984,12901.023,215.017,0.5974,68.57,21596.1
spontaneous_breathing,N9,baseline,17273,58018.289,13016.328,216.939,0.6027,73.17,21596.1
spontaneous_breathing,N9,baseline,17409,58136.828,13134.867,218.914,0.6082,70.42,21596.1
spontaneous_breathing,N9,baseline,17545,58255.422,13253.461,220.891,0.6137,69.85,21596.1
spontaneous_breathing,N9,baseline,17681,58375.031,13373.07,222.885,0.6192,67.95,21596.1
spontaneous_breathing,N9,baseline,17817,58491.617,13489.656,224.828,0.6246,71.09,21596.1
spontaneous_breathing,N9,baseline,17953,58602.141,13600.18,226.67,0.6298,80.0,21596.1
spontaneous_breathing,N9,baseline,18089,58709.547,13707.586,228.46,0.6347,75.28,21596.1
spontaneous_breathing,N9,baseline,18225,58822.445,13820.484,230.341,0.64,74.53,21596.1
spontaneous_breathing,N9,baseline,18361,58936.078,13934.117,232.235,0.6452,71.77,21596.1
spontaneous_breathing,N9,baseline,18497,59051.258,14049.297,234.155,0.6505,67.95,21596.1
spontaneous_breathing,N9,baseline,18633,59167.414,14165.453,236.091,0.6559,69.85,21596.1
spontaneous_breathing,N9,baseline,18769,59283.484,14281.523,238.025,0.6613,67.95,21596.1
spontaneous_breathing,N9,baseline,18905,59395.398,14393.437,239.891,0.6665,71.77,21596.1
spontaneous_breathing,N9,baseline,19041,59511.984,14510.023,241.834,0.6719,71.09,21596.1
spontaneous_breathing,N9,baseline,19177,59629.82,14627.859,243.798,0.6773,71.77,21596.1
spontaneous_breathing,N9,baseline,19313,59748.695,14746.734,245.779,0.6828,67.34,21596.1
spontaneous_breathing,N9,baseline,19449,59865.508,14863.547,247.726,0.6883,73.17,21596.1
spontaneous_breathing,N9,baseline,19585,59981.258,14979.297,249.655,0.6936,69.2,21596.1
spontaneous_breathing,N9,baseline,19721,60096.812,15094.851,251.581,0.699,70.42,21596.1
spontaneous_breathing,N9,baseline,19857,60211.898,15209.937,253.499,0.7043,75.28,21596.1
spontaneous_breathing,N9,baseline,19993,60325.914,15323.953,255.399,0.7096,70.42,21596.1
spontaneous_breathing,N9,baseline,20129,60441.703,15439.742,257.329,0.7149,73.89,21596.1
spontaneous_breathing,N9,baseline,20265,60556.773,15554.812,259.247,0.7203,69.85,21596.1
spontaneous_breathing,N9,baseline,20401,60671.766,15669.805,261.163,0.7256,69.85,21596.1
spontaneous_breathing,N9,baseline,20537,60782.477,15780.516,263.009,0.7307,70.42,21596.1
spontaneous_breathing,N9,baseline,20673,60882.039,15880.078,264.668,0.7353,80.0,21596.1
spontaneous_breathing,N9,baseline,20809,60984.742,15982.781,266.38,0.7401,72.46,21596.1
spontaneous_breathing,N9,baseline,20945,61095.539,16093.578,268.226,0.7452,74.53,21596.1
spontaneous_breathing,N9,baseline,21081,61211.789,16209.828,270.164,0.7506,76.05,21596.1
spontaneous_breathing,N9,baseline,21217,61327.336,16325.375,272.09,0.7559,68.57,21596.1
spontaneous_breathing,N9,baseline,21353,61445.711,16443.75,274.062,0.7614,71.77,21596.1
spontaneous_breathing,N9,baseline,21489,61563.984,16562.023,276.034,0.7669,69.2,21596.1
spontaneous_breathing,N9,baseline,21625,61681.633,16679.672,277.995,0.7723,65.08,21596.1
spontaneous_breathing,N9,baseline,21761,61799.664,16797.703,279.962,0.7778,67.34,21596.1
spontaneous_breathing,N9,baseline,21897,61918.977,16917.016,281.95,0.7833,71.09,21596.1
spontaneous_breathing,N9,baseline,22033,62037.828,17035.867,283.931,0.7888,72.46,21596.1
spontaneous_breathing,N9,baseline,22169,62157.836,17155.875,285.931,0.7944,69.85,21596.1
spontaneous_breathing,N9,baseline,22305,62276.984,17275.023,287.917,0.7999,65.65,21596.1
spontaneous_breathing,N9,baseline,22441,62395.93,17393.969,289.899,0.8054,65.08,21596.1
spontaneous_breathing,N9,baseline,22577,62515.992,17514.031,291.901,0.811,65.65,21596.1
spontaneous_breathing,N9,baseline,22713,62635.273,17633.312,293.889,0.8165,67.34,21596.1
spontaneous_breathing,N9,baseline,22849,62755.016,17753.055,295.884,0.822,68.57,21596.1
spontaneous_breathing,N9,baseline,22985,62874.586,17872.625,297.877,0.8276,67.34,21596.1
spontaneous_breathing,N9,baseline,23121,62994.273,17992.312,299.872,0.8331,67.95,21596.1
spontaneous_breathing,N9,baseline,23257,63105.023,18103.062,301.718,0.8383,79.16,21596.1
spontaneous_breathing,N9,baseline,23393,63223.703,18221.742,303.696,0.8438,70.42,21596.1
spontaneous_breathing,N9,baseline,23529,63341.719,18339.758,305.663,0.8492,67.34,21596.1
spontaneous_breathing,N9,baseline,23665,63454.906,18452.945,307.549,0.8545,72.46,21596.1
spontaneous_breathing,N9,baseline,23801,63566.305,18564.344,309.406,0.8596,84.39,21596.1
spontaneous_breathing,N9,baseline,23937,63683.93,18681.969,311.366,0.8651,69.2,21596.1
spontaneous_breathing,N9,baseline,24073,63801.711,18799.75,313.329,0.8705,69.85,21596.1
spontaneous_breathing,N9,baseline,24209,63917.18,18915.219,315.254,0.8759,70.42,21596.1
spontaneous_breathing,N9,baseline,24345,64029.109,19027.148,317.119,0.881,68.57,21596.1
spontaneous_breathing,N9,baseline,24481,64145.43,19143.469,319.058,0.8864,71.77,21596.1
spontaneous_breathing,N9,baseline,24617,64264.117,19262.156,321.036,0.8919,69.2,21596.1
spontaneous_breathing,N9,baseline,24753,64379.531,19377.57,322.959,0.8973,76.05,21596.1
spontaneous_breathing,N9,baseline,24889,64493.594,19491.633,324.861,0.9026,66.23,21596.1
spontaneous_breathing,N9,baseline,25025,64612.094,19610.133,326.836,0.908,60.48,21596.1
spontaneous_breathing,N9,baseline,25161,64727.914,19725.953,328.766,0.9134,80.86,21596.1
spontaneous_breathing,N9,baseline,25297,64838.648,19836.687,330.611,0.9185,83.45,21596.1
spontaneous_breathing,N9,baseline,25433,64944.633,19942.672,332.378,0.9234,82.53,21596.1
spontaneous_breathing,N9,baseline,25569,65055.164,20053.203,334.22,0.9286,80.86,21596.1
spontaneous_breathing,N9,baseline,25705,65169.422,20167.461,336.124,0.9338,73.89,21596.1
spontaneous_breathing,N9,baseline,25841,65285.453,20283.492,338.058,0.9392,68.57,21596.1
spontaneous_breathing,N9,baseline,25977,65402.414,20400.453,340.008,0.9446,72.46,21596.1
spontaneous_breathing,N9,baseline,26113,65515.883,20513.922,341.899,0.9499,71.77,21596.1
spontaneous_breathing,N9,baseline,26249,65632.625,20630.664,343.844,0.9553,71.09,21596.1
spontaneous_breathing,N9,baseline,26385,65748.508,20746.547,345.776,0.9607,65.65,21596.1
spontaneous_breathing,N9,baseline,26521,65864.656,20862.695,347.712,0.966,69.85,21596.1
spontaneous_breathing,N9,baseline,26657,65979.594,20977.633,349.627,0.9714,67.34,21596.1
spontaneous_breathing,N9,baseline,26793,66093.766,21091.805,351.53,0.9766,72.46,21596.1
spontaneous_breathing,N9,baseline,26929,66210.57,21208.609,353.477,0.9821,71.09,21596.1
spontaneous_breathing,N9,baseline,27065,66326.898,21324.937,355.416,0.9874,73.17,21596.1
spontaneous_breathing,N9,baseline,27201,66445.133,21443.172,357.386,0.9929,66.82,21596.1
spontaneous_breathing,N9,baseline,27337,66565.539,21563.578,359.393,0.9985,66.23,21596.1
spontaneous_breathing,N10,baseline,1,51962.555,0.0,0.0,0.0,85.35,21595.0
spontaneous_breathing,N10,baseline,135,52063.195,100.64,1.677,0.0047,94.79,21595.0
spontaneous_breathing,N10,baseline,269,52157.633,195.078,3.251,0.009,81.74,21595.0
spontaneous_breathing,N10,baseline,403,52255.109,292.554,4.876,0.0135,76.82,21595.0
spontaneous_breathing,N10,baseline,537,52356.805,394.25,6.571,0.0183,72.46,21595.0
spontaneous_breathing,N10,baseline,671,52461.703,499.148,8.319,0.0231,78.33,21595.0
spontaneous_breathing,N10,baseline,805,52564.273,601.718,10.029,0.0279,72.46,21595.0
spontaneous_breathing,N10,baseline,939,52677.32,714.765,11.913,0.0331,69.85,21595.0
spontaneous_breathing,N10,baseline,1073,52789.383,826.828,13.78,0.0383,67.34,21595.0
spontaneous_breathing,N10,baseline,1207,52904.656,942.101,15.702,0.0436,65.65,21595.0
spontaneous_breathing,N10,baseline,1341,53019.484,1056.929,17.615,0.0489,75.28,21595.0
spontaneous_breathing,N10,baseline,1475,53132.484,1169.929,19.499,0.0542,71.09,21595.0
spontaneous_breathing,N10,baseline,1609,53244.047,1281.492,21.358,0.0593,69.2,21595.0
spontaneous_breathing,N10,baseline,1743,53352.766,1390.211,23.17,0.0644,74.53,21595.0
spontaneous_breathing,N10,baseline,1877,53460.602,1498.047,24.967,0.0694,75.28,21595.0
spontaneous_breathing,N10,baseline,2011,53570.297,1607.742,26.796,0.0744,69.85,21595.0
spontaneous_breathing,N10,baseline,2145,53682.352,1719.797,28.663,0.0796,73.17,21595.0
spontaneous_breathing,N10,baseline,2279,53793.68,1831.125,30.519,0.0848,71.77,21595.0
spontaneous_breathing,N10,baseline,2413,53904.102,1941.547,32.359,0.0899,65.65,21595.0
spontaneous_breathing,N10,baseline,2547,54017.133,2054.578,34.243,0.0951,71.77,21595.0
spontaneous_breathing,N10,baseline,2681,54130.617,2168.062,36.134,0.1004,74.53,21595.0
spontaneous_breathing,N10,baseline,2815,54244.578,2282.023,38.034,0.1057,69.85,21595.0
spontaneous_breathing,N10,baseline,2949,54361.32,2398.765,39.979,0.1111,68.57,21595.0
spontaneous_breathing,N10,baseline,3083,54475.898,2513.343,41.889,0.1164,69.85,21595.0
spontaneous_breathing,N10,baseline,3217,54589.141,2626.586,43.776,0.1216,69.85,21595.0
spontaneous_breathing,N10,baseline,3351,54701.203,2738.648,45.644,0.1268,69.2,21595.0
spontaneous_breathing,N10,baseline,3485,54808.141,2845.586,47.426,0.1318,88.24,21595.0
spontaneous_breathing,N10,baseline,3619,54924.445,2961.89,49.365,0.1372,71.77,21595.0
spontaneous_breathing,N10,baseline,3753,55036.094,3073.539,51.226,0.1423,71.77,21595.0
spontaneous_breathing,N10,baseline,3887,55148.859,3186.304,53.105,0.1475,71.09,21595.0
spontaneous_breathing,N10,baseline,4021,55264.523,3301.968,55.033,0.1529,72.46,21595.0
spontaneous_breathing,N10,baseline,4155,55378.141,3415.586,56.926,0.1582,72.46,21595.0
spontaneous_breathing,N10,baseline,4289,55489.766,3527.211,58.787,0.1633,80.0,21595.0
spontaneous_breathing,N10,baseline,4423,55582.922,3620.367,60.339,0.1676,89.29,21595.0
spontaneous_breathing,N10,baseline,4557,55698.859,3736.304,62.272,0.173,60.98,21595.0
spontaneous_breathing,N10,baseline,4691,55816.445,3853.89,64.231,0.1785,66.82,21595.0
spontaneous_breathing,N10,baseline,4825,55931.633,3969.078,66.151,0.1838,70.42,21595.0
spontaneous_breathing,N10,baseline,4959,56045.523,4082.968,68.049,0.1891,74.53,21595.0
spontaneous_breathing,N10,baseline,5093,56156.336,4193.781,69.896,0.1942,71.77,21595.0
spontaneous_breathing,N10,baseline,5227,56268.828,4306.273,71.771,0.1994,71.09,21595.0
spontaneous_breathing,N10,baseline,5361,56385.445,4422.89,73.715,0.2048,72.46,21595.0
spontaneous_breathing,N10,baseline,5495,56499.867,4537.312,75.622,0.2101,76.05,21595.0
spontaneous_breathing,N10,baseline,5629,56611.086,4648.531,77.476,0.2153,68.57,21595.0
spontaneous_breathing,N10,baseline,5763,56718.391,4755.836,79.264,0.2202,72.46,21595.0
spontaneous_breathing,N10,baseline,5897,56820.695,4858.14,80.969,0.225,76.82,21595.0
spontaneous_breathing,N10,baseline,6031,56926.641,4964.086,82.735,0.2299,69.2,21595.0
spontaneous_breathing,N10,baseline,6165,57031.797,5069.242,84.487,0.2347,79.16,21595.0
spontaneous_breathing,N10,baseline,6299,57132.57,5170.015,86.167,0.2394,77.62,21595.0
spontaneous_breathing,N10,baseline,6433,57230.344,5267.789,87.796,0.2439,83.45,21595.0
spontaneous_breathing,N10,baseline,6567,57327.586,5365.031,89.417,0.2484,80.86,21595.0
spontaneous_breathing,N10,baseline,6701,57426.203,5463.648,91.061,0.253,79.16,21595.0
spontaneous_breathing,N10,baseline,6835,57522.562,5560.007,92.667,0.2575,84.39,21595.0
spontaneous_breathing,N10,baseline,6969,57619.688,5657.133,94.286,0.262,81.74,21595.0
spontaneous_breathing,N10,baseline,7103,57717.016,5754.461,95.908,0.2665,81.74,21595.0
spontaneous_breathing,N10,baseline,7237,57815.695,5853.14,97.552,0.271,82.53,21595.0
spontaneous_breathing,N10,baseline,7371,57914.367,5951.812,99.197,0.2756,81.74,21595.0
spontaneous_breathing,N10,baseline,7505,58014.062,6051.507,100.858,0.2802,81.74,21595.0
spontaneous_breathing,N10,baseline,7639,58109.055,6146.5,102.442,0.2846,89.29,21595.0
spontaneous_breathing,N10,baseline,7773,58202.164,6239.609,103.993,0.2889,85.35,21595.0
spontaneous_breathing,N10,baseline,7907,58298.039,6335.484,105.591,0.2934,83.45,21595.0
spontaneous_breathing,N10,baseline,8041,58393.703,6431.148,107.186,0.2978,81.74,21595.0
spontaneous_breathing,N10,baseline,8175,58490.875,6528.32,108.805,0.3023,83.45,21595.0
spontaneous_breathing,N10,baseline,8309,58588.758,6626.203,110.437,0.3068,83.45,21595.0
spontaneous_breathing,N10,baseline,8443,58688.32,6725.765,112.096,0.3115,82.53,21595.0
spontaneous_breathing,N10,baseline,8577,58780.016,6817.461,113.624,0.3157,89.29,21595.0
spontaneous_breathing,N10,baseline,8711,58870.695,6908.14,115.136,0.3199,87.21,21595.0
spontaneous_breathing,N10,baseline,8845,58965.016,7002.461,116.708,0.3243,80.0,21595.0
spontaneous_breathing,N10,baseline,8979,59064.867,7102.312,118.372,0.3289,76.82,21595.0
spontaneous_breathing,N10,baseline,9113,59163.75,7201.195,120.02,0.3335,92.59,21595.0
spontaneous_breathing,N10,baseline,9247,59267.508,7304.953,121.749,0.3383,73.89,21595.0
spontaneous_breathing,N10,baseline,9381,59369.227,7406.672,123.445,0.343,80.0,21595.0
spontaneous_breathing,N10,baseline,9515,59471.086,7508.531,125.142,0.3477,77.62,21595.0
spontaneous_breathing,N10,baseline,9649,59572.688,7610.133,126.836,0.3524,80.86,21595.0
spontaneous_breathing,N10,baseline,9783,59678.688,7716.133,128.602,0.3573,69.2,21595.0
spontaneous_breathing,N10,baseline,9917,59785.773,7823.218,130.387,0.3623,73.17,21595.0
spontaneous_breathing,N10,baseline,10051,59893.641,7931.086,132.185,0.3673,77.62,21595.0
spontaneous_breathing,N10,baseline,10185,59999.203,8036.648,133.944,0.3722,80.86,21595.0
spontaneous_breathing,N10,baseline,10319,60099.953,8137.398,135.623,0.3768,77.62,21595.0
spontaneous_breathing,N10,baseline,10453,60197.891,8235.336,137.256,0.3814,94.79,21595.0
spontaneous_breathing,N10,baseline,10587,60287.852,8325.297,138.755,0.3855,89.29,21595.0
spontaneous_breathing,N10,baseline,10721,60383.953,8421.398,140.357,0.39,82.53,21595.0
spontaneous_breathing,N10,baseline,10855,60480.742,8518.187,141.97,0.3945,80.86,21595.0
spontaneous_breathing,N10,baseline,10989,60580.062,8617.507,143.625,0.3991,76.82,21595.0
spontaneous_breathing,N10,baseline,11123,60683.586,8721.031,145.351,0.4038,73.89,21595.0
spontaneous_breathing,N10,baseline,11257,60785.766,8823.211,147.054,0.4086,81.74,21595.0
spontaneous_breathing,N10,baseline,11391,60884.578,8922.023,148.7,0.4132,80.86,21595.0
spontaneous_breathing,N10,baseline,11525,60983.023,9020.468,150.341,0.4177,80.0,21595.0
spontaneous_breathing,N10,baseline,11659,61082.875,9120.32,152.005,0.4223,85.35,21595.0
spontaneous_breathing,N10,baseline,11793,61183.156,9220.601,153.677,0.427,80.86,21595.0
spontaneous_breathing,N10,baseline,11927,61285.914,9323.359,155.389,0.4317,76.82,21595.0
spontaneous_breathing,N10,baseline,12061,61389.203,9426.648,157.111,0.4365,83.45,21595.0
spontaneous_breathing,N10,baseline,12195,61495.484,9532.929,158.882,0.4414,77.62,21595.0
spontaneous_breathing,N10,baseline,12329,61600.484,9637.929,160.632,0.4463,77.62,21595.0
spontaneous_breathing,N10,baseline,12463,61705.055,9742.5,162.375,0.4511,78.33,21595.0
spontaneous_breathing,N10,baseline,12597,61807.164,9844.609,164.077,0.4559,78.33,21595.0
spontaneous_breathing,N10,baseline,12731,61911.891,9949.336,165.822,0.4607,78.33,21595.0
spontaneous_breathing,N10,baseline,12865,62015.562,10053.007,167.55,0.4655,75.28,21595.0
spontaneous_breathing,N10,baseline,12999,62120.789,10158.234,169.304,0.4704,72.46,21595.0
spontaneous_breathing,N10,baseline,13133,62227.445,10264.89,171.081,0.4753,74.53,21595.0
spontaneous_breathing,N10,baseline,13267,62332.25,10369.695,172.828,0.4802,78.33,21595.0
spontaneous_breathing,N10,baseline,13401,62437.859,10475.304,174.588,0.4851,71.77,21595.0
spontaneous_breathing,N10,baseline,13535,62544.68,10582.125,176.369,0.49,76.05,21595.0
spontaneous_breathing,N10,baseline,13669,62651.25,10688.695,178.145,0.495,76.05,21595.0
spontaneous_breathing,N10,baseline,13803,62756.664,10794.109,179.902,0.4998,79.16,21595.0
spontaneous_breathing,N10,baseline,13937,62861.086,10898.531,181.642,0.5047,79.16,21595.0
spontaneous_breathing,N10,baseline,14071,62966.609,11004.054,183.401,0.5096,74.53,21595.0
spontaneous_breathing,N10,baseline,14205,63072.008,11109.453,185.158,0.5144,80.86,21595.0
spontaneous_breathing,N10,baseline,14339,63176.922,11214.367,186.906,0.5193,78.33,21595.0
spontaneous_breathing,N10,baseline,14473,63280.773,11318.218,188.637,0.5241,75.28,21595.0
spontaneous_breathing,N10,baseline,14607,63383.797,11421.242,190.354,0.5289,79.16,21595.0
spontaneous_breathing,N10,baseline,14741,63479.219,11516.664,191.944,0.5333,99.67,21595.0
spontaneous_breathing,N10,baseline,14875,63589.82,11627.265,193.788,0.5384,75.28,21595.0
spontaneous_breathing,N10,baseline,15009,63698.336,11735.781,195.596,0.5434,62.96,21595.0
spontaneous_breathing,N10,baseline,15143,63812.977,11850.422,197.507,0.5488,73.17,21595.0
spontaneous_breathing,N10,baseline,15277,63924.539,11961.984,199.366,0.5539,67.95,21595.0
spontaneous_breathing,N10,baseline,15411,64036.984,12074.429,201.24,0.5591,70.42,21595.0
spontaneous_breathing,N10,baseline,15545,64149.547,12186.992,203.117,0.5643,71.77,21595.0
spontaneous_breathing,N10,baseline,15679,64260.102,12297.547,204.959,0.5695,75.28,21595.0
spontaneous_breathing,N10,baseline,15813,64369.594,12407.039,206.784,0.5745,72.46,21595.0
spontaneous_breathing,N10,baseline,15947,64478.859,12516.304,208.605,0.5796,73.17,21595.0
spontaneous_breathing,N10,baseline,16081,64585.312,12622.757,210.379,0.5845,77.62,21595.0
spontaneous_breathing,N10,baseline,16215,64689.938,12727.383,212.123,0.5894,76.82,21595.0
spontaneous_breathing,N10,baseline,16349,64792.828,12830.273,213.838,0.5941,78.33,21595.0
spontaneous_breathing,N10,baseline,16483,64895.625,12933.07,215.551,0.5989,76.82,21595.0
spontaneous_breathing,N10,baseline,16617,64999.07,13036.515,217.275,0.6037,78.33,21595.0
spontaneous_breathing,N10,baseline,16751,65102.602,13140.047,219.001,0.6085,78.33,21595.0
spontaneous_breathing,N10,baseline,16885,65206.133,13243.578,220.726,0.6133,71.09,21595.0
spontaneous_breathing,N10,baseline,17019,65309.25,13346.695,222.445,0.618,79.16,21595.0
spontaneous_breathing,N10,baseline,17153,65408.297,13445.742,224.096,0.6226,77.62,21595.0
spontaneous_breathing,N10,baseline,17287,65516.797,13554.242,225.904,0.6277,84.39,21595.0
spontaneous_breathing,N10,baseline,17421,65617.125,13654.57,227.576,0.6323,71.77,21595.0
spontaneous_breathing,N10,baseline,17555,65721.133,13758.578,229.31,0.6371,73.89,21595.0
spontaneous_breathing,N10,baseline,17689,65823.047,13860.492,231.008,0.6418,79.16,21595.0
spontaneous_breathing,N10,baseline,17823,65926.609,13964.054,232.734,0.6466,75.28,21595.0
spontaneous_breathing,N10,baseline,17957,66028.828,14066.273,234.438,0.6514,79.16,21595.0
spontaneous_breathing,N10,baseline,18091,66133.383,14170.828,236.18,0.6562,92.59,21595.0
spontaneous_breathing,N10,baseline,18225,66235.844,14273.289,237.888,0.661,81.74,21595.0
spontaneous_breathing,N10,baseline,18359,66341.867,14379.312,239.655,0.6659,76.05,21595.0
spontaneous_breathing,N10,baseline,18493,66449.453,14486.898,241.448,0.6708,75.28,21595.0
spontaneous_breathing,N10,baseline,18627,66553.633,14591.078,243.185,0.6757,80.0,21595.0
spontaneous_breathing,N10,baseline,18761,66660.062,14697.507,244.958,0.6806,73.17,21595.0
spontaneous_breathing,N10,baseline,18895,66768.195,14805.64,246.761,0.6856,73.17,21595.0
spontaneous_breathing,N10,baseline,19029,66873.203,14910.648,248.511,0.6905,76.82,21595.0
spontaneous_breathing,N10,baseline,19163,66983.102,15020.547,250.342,0.6956,70.42,21595.0
spontaneous_breathing,N10,baseline,19297,67096.406,15133.851,252.231,0.7008,71.09,21595.0
spontaneous_breathing,N10,baseline,19431,67207.07,15244.515,254.075,0.7059,80.0,21595.0
spontaneous_breathing,N10,baseline,19565,67314.742,15352.187,255.87,0.7109,76.82,21595.0
spontaneous_breathing,N10,baseline,19699,67420.336,15457.781,257.63,0.7158,71.77,21595.0
spontaneous_breathing,N10,baseline,19833,67529.07,15566.515,259.442,0.7208,71.09,21595.0
spontaneous_breathing,N10,baseline,19967,67637.234,15674.679,261.245,0.7258,71.77,21595.0
spontaneous_breathing,N10,baseline,20101,67745.016,15782.461,263.041,0.7308,76.05,21595.0
spontaneous_breathing,N10,baseline,20235,67854.32,15891.765,264.863,0.7359,71.09,21595.0
spontaneous_breathing,N10,baseline,20369,67964.547,16001.992,266.7,0.741,70.42,21595.0
spontaneous_breathing,N10,baseline,20503,68073.773,16111.218,268.52,0.7461,74.53,21595.0
spontaneous_breathing,N10,baseline,20637,68183.109,16220.554,270.343,0.7511,75.28,21595.0
spontaneous_breathing,N10,baseline,20771,68292.273,16329.718,272.162,0.7562,74.53,21595.0
spontaneous_breathing,N10,baseline,20905,68401.289,16438.734,273.979,0.7612,77.62,21595.0
spontaneous_breathing,N10,baseline,21039,68508.242,16545.687,275.761,0.7662,82.53,21595.0
spontaneous_breathing,N10,baseline,21173,68615.445,16652.89,277.548,0.7711,71.77,21595.0
spontaneous_breathing,N10,baseline,21307,68726.461,16763.906,279.398,0.7763,74.53,21595.0
spontaneous_breathing,N10,baseline,21441,68828.492,16865.937,281.099,0.781,82.53,21595.0
spontaneous_breathing,N10,baseline,21575,68942.078,16979.523,282.992,0.7863,62.44,21595.0
spontaneous_breathing,N10,baseline,21709,69059.211,17096.656,284.944,0.7917,71.09,21595.0
spontaneous_breathing,N10,baseline,21843,69176.086,17213.531,286.892,0.7971,66.82,21595.0
spontaneous_breathing,N10,baseline,21977,69290.484,17327.929,288.799,0.8024,74.53,21595.0
spontaneous_breathing,N10,baseline,22111,69402.961,17440.406,290.673,0.8076,71.09,21595.0
spontaneous_breathing,N10,baseline,22245,69513.586,17551.031,292.517,0.8127,73.89,21595.0
spontaneous_breathing,N10,baseline,22379,69622.969,17660.414,294.34,0.8178,71.77,21595.0
spontaneous_breathing,N10,baseline,22513,69732.148,17769.593,296.16,0.8229,71.77,21595.0
spontaneous_breathing,N10,baseline,22647,69841.219,17878.664,297.978,0.8279,74.53,21595.0
spontaneous_breathing,N10,baseline,22781,69950.664,17988.109,299.802,0.833,75.28,21595.0
spontaneous_breathing,N10,baseline,22915,70058.82,18096.265,301.604,0.838,73.17,21595.0
spontaneous_breathing,N10,baseline,23049,70172.422,18209.867,303.498,0.8432,70.42,21595.0
spontaneous_breathing,N10,baseline,23183,70285.758,18323.203,305.387,0.8485,68.57,21595.0
spontaneous_breathing,N10,baseline,23317,70397.109,18434.554,307.243,0.8537,69.85,21595.0
spontaneous_breathing,N10,baseline,23451,70509.266,18546.711,309.112,0.8588,73.89,21595.0
spontaneous_breathing,N10,baseline,23585,70625.07,18662.515,311.042,0.8642,71.77,21595.0
spontaneous_breathing,N10,baseline,23719,70742.805,18780.25,313.004,0.8697,54.1,21595.0
spontaneous_breathing,N10,baseline,23853,70859.367,18896.812,314.947,0.8751,85.35,21595.0
spontaneous_breathing,N10,baseline,23987,70969.75,19007.195,316.787,0.8802,67.34,21595.0
spontaneous_breathing,N10,baseline,24121,71093.32,19130.765,318.846,0.8859,65.08,21595.0
spontaneous_breathing,N10,baseline,24255,71215.242,19252.687,320.878,0.8915,63.97,21595.0
spontaneous_breathing,N10,baseline,24389,71333.375,19370.82,322.847,0.897,64.52,21595.0
spontaneous_breathing,N10,baseline,24523,71455.344,19492.789,324.88,0.9027,65.65,21595.0
spontaneous_breathing,N10,baseline,24657,71574.992,19612.437,326.874,0.9082,69.85,21595.0
spontaneous_breathing,N10,baseline,24791,71692.82,19730.265,328.838,0.9137,67.95,21595.0
spontaneous_breathing,N10,baseline,24925,71804.891,19842.336,330.706,0.9188,67.34,21595.0
spontaneous_breathing,N10,baseline,25059,71924.953,19962.398,332.707,0.9244,62.96,21595.0
spontaneous_breathing,N10,baseline,25193,72044.023,20081.468,334.691,0.9299,74.53,21595.0
spontaneous_breathing,N10,baseline,25327,72163.336,20200.781,336.68,0.9354,69.85,21595.0
spontaneous_breathing,N10,baseline,25461,72286.727,20324.172,338.736,0.9412,61.92,21595.0
spontaneous_breathing,N10,baseline,25595,72409.359,20446.804,340.78,0.9468,85.35,21595.0
spontaneous_breathing,N10,baseline,25729,72522.43,20559.875,342.665,0.9521,68.57,21595.0
spontaneous_breathing,N10,baseline,25863,72637.695,20675.14,344.586,0.9574,71.09,21595.0
spontaneous_breathing,N10,baseline,25997,72751.047,20788.492,346.475,0.9627,69.85,21595.0
spontaneous_breathing,N10,baseline,26131,72867.711,20905.156,348.419,0.9681,62.96,21595.0
spontaneous_breathing,N10,baseline,26265,72985.383,21022.828,350.38,0.9735,67.95,21595.0
spontaneous_breathing,N10,baseline,26399,73100.43,21137.875,352.298,0.9788,67.95,21595.0
spontaneous_breathing,N10,baseline,26533,73217.648,21255.093,354.252,0.9843,72.46,21595.0
spontaneous_breathing,N10,baseline,26667,73333.617,21371.062,356.184,0.9896,73.17,21595.0
spontaneous_breathing,N10,baseline,26801,73449.406,21486.851,358.114,0.995,71.09,21595.0
spontaneous_breathing,N11,baseline,1,47884.602,0.0,0.0,0.0,48.9,21592.6
spontaneous_breathing,N11,baseline,107,48015.781,131.179,2.186,0.0061,49.55,21592.6
spontaneous_breathing,N11,baseline,213,48145.625,261.023,4.35,0.0121,51.55,21592.6
spontaneous_breathing,N11,baseline,319,48273.562,388.96,6.483,0.018,48.9,21592.6
spontaneous_breathing,N11,baseline,425,48403.086,518.484,8.641,0.024,53.33,21592.6
spontaneous_breathing,N11,baseline,531,48534.789,650.187,10.836,0.0301,52.26,21592.6
spontaneous_breathing,N11,baseline,637,48665.68,781.078,13.018,0.0362,48.62,21592.6
spontaneous_breathing,N11,baseline,743,48781.922,897.32,14.955,0.0416,79.16,21592.6
spontaneous_breathing,N11,baseline,849,48865.977,981.375,16.356,0.0454,52.59,21592.6
spontaneous_breathing,N11,baseline,955,48996.133,1111.531,18.526,0.0515,50.21,21592.6
spontaneous_breathing,N11,baseline,1061,49125.781,1241.179,20.686,0.0575,48.9,21592.6
spontaneous_breathing,N11,baseline,1167,49236.516,1351.914,22.532,0.0626,75.28,21592.6
spontaneous_breathing,N11,baseline,1273,49347.266,1462.664,24.378,0.0677,60.0,21592.6
spontaneous_breathing,N11,baseline,1379,49449.453,1564.851,26.081,0.0725,52.96,21592.6
spontaneous_breathing,N11,baseline,1485,49573.234,1688.632,28.144,0.0782,55.25,21592.6
spontaneous_breathing,N11,baseline,1591,49692.961,1808.359,30.139,0.0837,56.5,21592.6
spontaneous_breathing,N11,baseline,1697,49804.141,1919.539,31.992,0.0889,58.65,21592.6
spontaneous_breathing,N11,baseline,1803,49916.43,2031.828,33.864,0.0941,53.33,21592.6
spontaneous_breathing,N11,baseline,1909,50033.383,2148.781,35.813,0.0995,52.26,21592.6
spontaneous_breathing,N11,baseline,2015,50150.68,2266.078,37.768,0.1049,52.26,21592.6
spontaneous_breathing,N11,baseline,2121,50266.68,2382.078,39.701,0.1103,57.75,21592.6
spontaneous_breathing,N11,baseline,2227,50382.859,2498.257,41.638,0.1157,54.84,21592.6
spontaneous_breathing,N11,baseline,2333,50500.797,2616.195,43.603,0.1212,52.26,21592.6
spontaneous_breathing,N11,baseline,2439,50619.25,2734.648,45.577,0.1266,51.55,21592.6
spontaneous_breathing,N11,baseline,2545,50738.016,2853.414,47.557,0.1321,49.88,21592.6
spontaneous_breathing,N11,baseline,2651,50856.367,2971.765,49.529,0.1376,52.26,21592.6
spontaneous_breathing,N11,baseline,2757,50975.906,3091.304,51.522,0.1432,51.9,21592.6
spontaneous_breathing,N11,baseline,2863,51095.547,3210.945,53.516,0.1487,57.31,21592.6
spontaneous_breathing,N11,baseline,2969,51213.734,3329.132,55.486,0.1542,51.9,21592.6
spontaneous_breathing,N11,baseline,3075,51323.398,3438.796,57.313,0.1593,79.16,21592.6
spontaneous_breathing,N11,baseline,3181,51426.328,3541.726,59.029,0.164,52.59,21592.6
spontaneous_breathing,N11,baseline,3287,51543.039,3658.437,60.974,0.1694,55.25,21592.6
spontaneous_breathing,N11,baseline,3393,51659.812,3775.21,62.92,0.1748,54.1,21592.6
spontaneous_breathing,N11,baseline,3499,51775.203,3890.601,64.843,0.1802,54.84,21592.6
spontaneous_breathing,N11,baseline,3605,51890.648,4006.046,66.767,0.1855,54.84,21592.6
spontaneous_breathing,N11,baseline,3711,52007.102,4122.5,68.708,0.1909,56.87,21592.6
spontaneous_breathing,N11,baseline,3817,52120.25,4235.648,70.594,0.1962,55.25,21592.6
spontaneous_breathing,N11,baseline,3923,52232.875,4348.273,72.471,0.2014,57.31,21592.6
spontaneous_breathing,N11,baseline,4029,52345.164,4460.562,74.343,0.2066,55.25,21592.6
spontaneous_breathing,N11,baseline,4135,52439.391,4554.789,75.913,0.2109,80.86,21592.6
spontaneous_breathing,N11,baseline,4241,52527.914,4643.312,77.389,0.215,63.49,21592.6
spontaneous_breathing,N11,baseline,4347,52629.836,4745.234,79.087,0.2198,61.41,21592.6
spontaneous_breathing,N11,baseline,4453,52735.711,4851.109,80.852,0.2247,59.52,21592.6
spontaneous_breathing,N11,baseline,4559,52843.898,4959.296,82.655,0.2297,58.65,21592.6
spontaneous_breathing,N11,baseline,4665,52954.398,5069.796,84.497,0.2348,56.87,21592.6
spontaneous_breathing,N11,baseline,4771,53065.234,5180.632,86.344,0.2399,55.25,21592.6
spontaneous_breathing,N11,baseline,4877,53176.789,5292.187,88.203,0.2451,56.07,21592.6
spontaneous_breathing,N11,baseline,4983,53283.164,5398.562,89.976,0.25,75.28,21592.6
spontaneous_breathing,N11,baseline,5089,53362.43,5477.828,91.297,0.2537,73.89,21592.6
spontaneous_breathing,N11,baseline,5195,53454.93,5570.328,92.839,0.258,71.77,21592.6
spontaneous_breathing,N11,baseline,5301,53561.766,5677.164,94.619,0.2629,59.52,21592.6
spontaneous_breathing,N11,baseline,5407,53671.375,5786.773,96.446,0.268,55.66,21592.6
spontaneous_breathing,N11,baseline,5513,53781.039,5896.437,98.274,0.2731,67.34,21592.6
spontaneous_breathing,N11,baseline,5619,53894.164,6009.562,100.159,0.2783,59.52,21592.6
spontaneous_breathing,N11,baseline,5725,53998.609,6114.007,101.9,0.2832,60.48,21592.6
spontaneous_breathing,N11,baseline,5831,54098.898,6214.296,103.572,0.2878,63.97,21592.6
spontaneous_breathing,N11,baseline,5937,54197.125,6312.523,105.209,0.2923,62.96,21592.6
spontaneous_breathing,N11,baseline,6043,54296.352,6411.75,106.862,0.2969,67.95,21592.6
spontaneous_breathing,N11,baseline,6149,54398.289,6513.687,108.561,0.3017,67.34,21592.6
spontaneous_breathing,N11,baseline,6255,54499.742,6615.14,110.252,0.3064,60.48,21592.6
spontaneous_breathing,N11,baseline,6361,54606.141,6721.539,112.026,0.3113,60.48,21592.6
spontaneous_breathing,N11,baseline,6467,54696.711,6812.109,113.535,0.3155,92.59,21592.6
spontaneous_breathing,N11,baseline,6573,54801.43,6916.828,115.28,0.3203,62.96,21592.6
spontaneous_breathing,N11,baseline,6679,54911.594,7026.992,117.117,0.3254,63.49,21592.6
spontaneous_breathing,N11,baseline,6785,55019.609,7135.007,118.917,0.3304,60.48,21592.6
spontaneous_breathing,N11,baseline,6891,55113.43,7228.828,120.48,0.3348,88.24,21592.6
spontaneous_breathing,N11,baseline,6997,55213.477,7328.875,122.148,0.3394,76.82,21592.6
spontaneous_breathing,N11,baseline,7103,55321.578,7436.976,123.95,0.3444,58.65,21592.6
spontaneous_breathing,N11,baseline,7209,55427.906,7543.304,125.722,0.3493,61.41,21592.6
spontaneous_breathing,N11,baseline,7315,55535.406,7650.804,127.513,0.3543,54.1,21592.6
spontaneous_breathing,N11,baseline,7421,55641.453,7756.851,129.281,0.3592,64.52,21592.6
spontaneous_breathing,N11,baseline,7527,55744.68,7860.078,131.001,0.364,60.98,21592.6
spontaneous_breathing,N11,baseline,7633,55850.5,7965.898,132.765,0.3689,62.44,21592.6
spontaneous_breathing,N11,baseline,7739,55955.18,8070.578,134.51,0.3738,62.44,21592.6
spontaneous_breathing,N11,baseline,7845,56062.625,8178.023,136.3,0.3787,59.06,21592.6
spontaneous_breathing,N11,baseline,7951,56169.25,8284.648,138.077,0.3837,60.0,21592.6
spontaneous_breathing,N11,baseline,8057,56276.039,8391.437,139.857,0.3886,58.65,21592.6
spontaneous_breathing,N11,baseline,8163,56382.055,8497.453,141.624,0.3935,60.0,21592.6
spontaneous_breathing,N11,baseline,8269,56489.805,8605.203,143.42,0.3985,60.98,21592.6
spontaneous_breathing,N11,baseline,8375,56596.852,8712.25,145.204,0.4035,56.87,21592.6
spontaneous_breathing,N11,baseline,8481,56699.18,8814.578,146.91,0.4082,83.45,21592.6
spontaneous_breathing,N11,baseline,8587,56786.141,8901.539,148.359,0.4122,52.96,21592.6
spontaneous_breathing,N11,baseline,8693,56900.172,9015.57,150.26,0.4175,57.75,21592.6
spontaneous_breathing,N11,baseline,8799,57012.516,9127.914,152.132,0.4227,55.25,21592.6
spontaneous_breathing,N11,baseline,8905,57126.898,9242.296,154.038,0.428,55.66,21592.6
spontaneous_breathing,N11,baseline,9011,57241.594,9356.992,155.95,0.4333,55.66,21592.6
spontaneous_breathing,N11,baseline,9117,57355.938,9471.336,157.856,0.4386,59.06,21592.6
spontaneous_breathing,N11,baseline,9223,57469.742,9585.14,159.752,0.4439,55.66,21592.6
spontaneous_breathing,N11,baseline,9329,57587.047,9702.445,161.707,0.4493,56.07,21592.6
spontaneous_breathing,N11,baseline,9435,57701.312,9816.71,163.612,0.4546,60.98,21592.6
spontaneous_breathing,N11,baseline,9541,57815.992,9931.39,165.523,0.4599,49.22,21592.6
spontaneous_breathing,N11,baseline,9647,57929.156,10044.554,167.409,0.4652,56.5,21592.6
spontaneous_breathing,N11,baseline,9753,58041.516,10156.914,169.282,0.4704,55.25,21592.6
spontaneous_breathing,N11,baseline,9859,58153.734,10269.132,171.152,0.4756,58.2,21592.6
spontaneous_breathing,N11,baseline,9965,58266.875,10382.273,173.038,0.4808,47.39,21592.6
spontaneous_breathing,N11,baseline,10071,58380.453,10495.851,174.931,0.4861,49.22,21592.6
spontaneous_breathing,N11,baseline,10177,58493.172,10608.57,176.809,0.4913,59.06,21592.6
spontaneous_breathing,N11,baseline,10283,58606.57,10721.968,178.699,0.4966,69.85,21592.6
spontaneous_breathing,N11,baseline,10389,58708.625,10824.023,180.4,0.5013,52.59,21592.6
spontaneous_breathing,N11,baseline,10495,58818.031,10933.429,182.224,0.5063,51.9,21592.6
spontaneous_breathing,N11,baseline,10601,58929.18,11044.578,184.076,0.5115,60.48,21592.6
spontaneous_breathing,N11,baseline,10707,59042.977,11158.375,185.973,0.5168,62.44,21592.6
spontaneous_breathing,N11,baseline,10813,59154.141,11269.539,187.826,0.5219,62.96,21592.6
spontaneous_breathing,N11,baseline,10919,59260.047,11375.445,189.591,0.5268,65.08,21592.6
spontaneous_breathing,N11,baseline,11025,59366.227,11481.625,191.36,0.5317,56.87,21592.6
spontaneous_breathing,N11,baseline,11131,59468.336,11583.734,193.062,0.5365,70.42,21592.6
spontaneous_breathing,N11,baseline,11237,59561.297,11676.695,194.612,0.5408,64.52,21592.6
spontaneous_breathing,N11,baseline,11343,59657.398,11772.796,196.213,0.5452,72.46,21592.6
spontaneous_breathing,N11,baseline,11449,59757.344,11872.742,197.879,0.5499,60.98,21592.6
spontaneous_breathing,N11,baseline,11555,59863.383,11978.781,199.646,0.5548,60.48,21592.6
spontaneous_breathing,N11,baseline,11661,59960.828,12076.226,201.27,0.5593,56.5,21592.6
spontaneous_breathing,N11,baseline,11767,60073.656,12189.054,203.151,0.5645,61.92,21592.6
spontaneous_breathing,N11,baseline,11873,60177.625,12293.023,204.884,0.5693,50.51,21592.6
spontaneous_breathing,N11,baseline,11979,60286.672,12402.07,206.701,0.5744,59.06,21592.6
spontaneous_breathing,N11,baseline,12085,60390.227,12505.625,208.427,0.5792,81.74,21592.6
spontaneous_breathing,N11,baseline,12191,60502.352,12617.75,210.296,0.5844,61.41,21592.6
spontaneous_breathing,N11,baseline,12297,60618.023,12733.421,212.224,0.5897,61.41,21592.6
spontaneous_breathing,N11,baseline,12403,60728.336,12843.734,214.062,0.5948,62.96,21592.6
spontaneous_breathing,N11,baseline,12509,60828.148,12943.546,215.726,0.5994,54.45,21592.6
spontaneous_breathing,N11,baseline,12615,60923.0,13038.398,217.307,0.6038,65.65,21592.6
spontaneous_breathing,N11,baseline,12721,61025.781,13141.179,219.02,0.6086,56.07,21592.6
spontaneous_breathing,N11,baseline,12827,61134.523,13249.921,220.832,0.6136,58.2,21592.6
spontaneous_breathing,N11,baseline,12933,61242.805,13358.203,222.637,0.6186,56.07,21592.6
spontaneous_breathing,N11,baseline,13039,61353.211,13468.609,224.477,0.6238,59.06,21592.6
spontaneous_breathing,N11,baseline,13145,61453.562,13568.96,226.149,0.6284,65.65,21592.6
spontaneous_breathing,N11,baseline,13251,61550.805,13666.203,227.77,0.6329,63.97,21592.6
spontaneous_breathing,N11,baseline,13357,61657.453,13772.851,229.548,0.6378,58.2,21592.6
spontaneous_breathing,N11,baseline,13463,61767.195,13882.593,231.377,0.6429,58.2,21592.6
spontaneous_breathing,N11,baseline,13569,61878.688,13994.086,233.235,0.6481,60.48,21592.6
spontaneous_breathing,N11,baseline,13675,61989.133,14104.531,235.076,0.6532,55.25,21592.6
spontaneous_breathing,N11,baseline,13781,62100.945,14216.343,236.939,0.6584,62.96,21592.6
spontaneous_breathing,N11,baseline,13887,62211.312,14326.71,238.778,0.6635,60.0,21592.6
spontaneous_breathing,N11,baseline,13993,62320.797,14436.195,240.603,0.6686,57.31,21592.6
spontaneous_breathing,N11,baseline,14099,62429.328,14544.726,242.412,0.6736,61.92,21592.6
spontaneous_breathing,N11,baseline,14205,62539.516,14654.914,244.249,0.6787,57.75,21592.6
spontaneous_breathing,N11,baseline,14311,62649.672,14765.07,246.084,0.6838,60.0,21592.6
spontaneous_breathing,N11,baseline,14417,62756.117,14871.515,247.859,0.6887,74.53,21592.6
spontaneous_breathing,N11,baseline,14523,62842.922,14958.32,249.305,0.6928,54.45,21592.6
spontaneous_breathing,N11,baseline,14629,62951.016,15066.414,251.107,0.6978,55.25,21592.6
spontaneous_breathing,N11,baseline,14735,63049.836,15165.234,252.754,0.7023,73.89,21592.6
spontaneous_breathing,N11,baseline,14841,63161.086,15276.484,254.608,0.7075,51.55,21592.6
spontaneous_breathing,N11,baseline,14947,63268.68,15384.078,256.401,0.7125,61.92,21592.6
spontaneous_breathing,N11,baseline,15053,63378.922,15494.32,258.239,0.7176,62.96,21592.6
spontaneous_breathing,N11,baseline,15159,63488.281,15603.679,260.061,0.7226,58.2,21592.6
spontaneous_breathing,N11,baseline,15265,63589.43,15704.828,261.747,0.7273,73.89,21592.6
spontaneous_breathing,N11,baseline,15371,63683.836,15799.234,263.321,0.7317,74.53,21592.6
spontaneous_breathing,N11,baseline,15477,63774.461,15889.859,264.831,0.7359,57.75,21592.6
spontaneous_breathing,N11,baseline,15583,63891.25,16006.648,266.777,0.7413,54.84,21592.6
spontaneous_breathing,N11,baseline,15689,64002.055,16117.453,268.624,0.7464,64.52,21592.6
spontaneous_breathing,N11,baseline,15795,64103.352,16218.75,270.312,0.7511,72.46,21592.6
spontaneous_breathing,N11,baseline,15901,64210.492,16325.89,272.098,0.7561,54.84,21592.6
spontaneous_breathing,N11,baseline,16007,64321.273,16436.671,273.945,0.7612,60.48,21592.6
spontaneous_breathing,N11,baseline,16113,64425.375,16540.773,275.68,0.766,51.55,21592.6
spontaneous_breathing,N11,baseline,16219,64530.977,16646.375,277.44,0.7709,59.52,21592.6
spontaneous_breathing,N11,baseline,16325,64644.344,16759.742,279.329,0.7762,54.45,21592.6
spontaneous_breathing,N11,baseline,16431,64759.445,16874.843,281.247,0.7815,49.22,21592.6
spontaneous_breathing,N11,baseline,16537,64884.914,17000.312,283.339,0.7873,49.22,21592.6
spontaneous_breathing,N11,baseline,16643,64999.492,17114.89,285.248,0.7926,71.09,21592.6
spontaneous_breathing,N11,baseline,16749,65093.977,17209.375,286.823,0.797,71.77,21592.6
spontaneous_breathing,N11,baseline,16855,65198.062,17313.46,288.558,0.8018,56.07,21592.6
spontaneous_breathing,N11,baseline,16961,65302.773,17418.171,290.303,0.8067,62.44,21592.6
spontaneous_breathing,N11,baseline,17067,65400.727,17516.125,291.935,0.8112,54.84,21592.6
spontaneous_breathing,N11,baseline,17173,65503.641,17619.039,293.651,0.816,61.92,21592.6
spontaneous_breathing,N11,baseline,17279,65615.969,17731.367,295.523,0.8212,58.2,21592.6
spontaneous_breathing,N11,baseline,17385,65718.258,17833.656,297.228,0.8259,80.86,21592.6
spontaneous_breathing,N11,baseline,17491,65811.625,17927.023,298.784,0.8302,55.25,21592.6
spontaneous_breathing,N11,baseline,17597,65932.789,18048.187,300.803,0.8358,53.72,21592.6
spontaneous_breathing,N11,baseline,17703,66036.859,18152.257,302.538,0.8407,59.52,21592.6
spontaneous_breathing,N11,baseline,17809,66150.109,18265.507,304.425,0.8459,51.19,21592.6
spontaneous_breathing,N11,baseline,17915,66261.094,18376.492,306.275,0.8511,71.77,21592.6
spontaneous_breathing,N11,baseline,18021,66352.852,18468.25,307.804,0.8553,68.57,21592.6
spontaneous_breathing,N11,baseline,18127,66458.844,18574.242,309.571,0.8602,51.55,21592.6
spontaneous_breathing,N11,baseline,18233,66561.25,18676.648,311.277,0.865,60.48,21592.6
spontaneous_breathing,N11,baseline,18339,66654.836,18770.234,312.837,0.8693,65.08,21592.6
spontaneous_breathing,N11,baseline,18445,66745.836,18861.234,314.354,0.8735,73.89,21592.6
spontaneous_breathing,N11,baseline,18551,66826.141,18941.539,315.692,0.8772,72.46,21592.6
spontaneous_breathing,N11,baseline,18657,66922.719,19038.117,317.302,0.8817,60.98,21592.6
spontaneous_breathing,N11,baseline,18763,67023.648,19139.046,318.984,0.8864,72.46,21592.6
spontaneous_breathing,N11,baseline,18869,67130.031,19245.429,320.757,0.8913,55.66,21592.6
spontaneous_breathing,N11,baseline,18975,67238.164,19353.562,322.559,0.8963,57.75,21592.6
spontaneous_breathing,N11,baseline,19081,67339.883,19455.281,324.255,0.901,75.28,21592.6
spontaneous_breathing,N11,baseline,19187,67431.844,19547.242,325.787,0.9053,56.07,21592.6
spontaneous_breathing,N11,baseline,19293,67546.633,19662.031,327.701,0.9106,52.96,21592.6
spontaneous_breathing,N11,baseline,19399,67667.969,19783.367,329.723,0.9162,55.25,21592.6
spontaneous_breathing,N11,baseline,19505,67773.977,19889.375,331.49,0.9211,58.65,21592.6
spontaneous_breathing,N11,baseline,19611,67886.875,20002.273,333.371,0.9263,52.96,21592.6
spontaneous_breathing,N11,baseline,19717,67978.453,20093.851,334.898,0.9306,68.57,21592.6
spontaneous_breathing,N11,baseline,19823,68081.32,20196.718,336.612,0.9354,81.74,21592.6
spontaneous_breathing,N11,baseline,19929,68183.992,20299.39,338.323,0.9401,53.72,21592.6
spontaneous_breathing,N11,baseline,20035,68284.422,20399.82,339.997,0.9448,69.85,21592.6
spontaneous_breathing,N11,baseline,20141,68394.594,20509.992,341.833,0.9499,76.05,21592.6
spontaneous_breathing,N11,baseline,20247,68491.82,20607.218,343.454,0.9544,87.21,21592.6
spontaneous_breathing,N11,baseline,20353,68589.039,20704.437,345.074,0.9589,73.89,21592.6
spontaneous_breathing,N11,baseline,20459,68687.844,20803.242,346.721,0.9634,73.89,21592.6
spontaneous_breathing,N11,baseline,20565,68782.984,20898.382,348.306,0.9678,69.85,21592.6
spontaneous_breathing,N11,baseline,20671,68885.32,21000.718,350.012,0.9726,50.21,21592.6
spontaneous_breathing,N11,baseline,20777,68994.133,21109.531,351.826,0.9776,60.0,21592.6
spontaneous_breathing,N11,baseline,20883,69102.883,21218.281,353.638,0.9827,58.2,21592.6
spontaneous_breathing,N11,baseline,20989,69201.469,21316.867,355.281,0.9872,76.05,21592.6
spontaneous_breathing,N11,baseline,21095,69302.586,21417.984,356.966,0.9919,54.45,21592.6
spontaneous_breathing,N11,baseline,21201,69404.203,21519.601,358.66,0.9966,65.08,21592.6
metronomic_breathing,M1,baseline,1,1.116,0.0,0.0,0.0,90.91,597.5
metronomic_breathing,M1,baseline,4,3.148,2.032,0.034,0.0034,87.72,597.5
metronomic_breathing,M1,baseline,7,5.212,4.096,0.068,0.0069,82.87,597.5
metronomic_breathing,M1,baseline,10,7.364,6.248,0.104,0.0105,84.75,597.5
metronomic_breathing,M1,baseline,13,9.504,8.388,0.14,0.014,84.27,597.5
metronomic_breathing,M1,baseline,16,11.616,10.5,0.175,0.0176,83.8,597.5
metronomic_breathing,M1,baseline,19,13.744,12.628,0.21,0.0211,87.21,597.5
metronomic_breathing,M1,baseline,22,15.836,14.72,0.245,0.0246,81.97,597.5
metronomic_breathing,M1,baseline,25,18.016,16.9,0.282,0.0283,87.72,597.5
metronomic_breathing,M1,baseline,28,20.088,18.972,0.316,0.0318,86.71,597.5
metronomic_breathing,M1,baseline,31,22.268,21.152,0.353,0.0354,80.21,597.5
metronomic_breathing,M1,baseline,34,24.416,23.3,0.388,0.039,84.75,597.5
metronomic_breathing,M1,baseline,37,26.604,25.488,0.425,0.0427,77.72,597.5
metronomic_breathing,M1,baseline,40,28.916,27.8,0.463,0.0465,76.92,597.5
metronomic_breathing,M1,baseline,43,31.268,30.152,0.503,0.0505,75.76,597.5
metronomic_breathing,M1,baseline,46,33.632,32.516,0.542,0.0544,78.12,597.5
metronomic_breathing,M1,baseline,49,35.908,34.792,0.58,0.0582,74.26,597.5
metronomic_breathing,M1,baseline,52,38.444,37.328,0.622,0.0625,68.49,597.5
metronomic_breathing,M1,baseline,55,41.06,39.944,0.666,0.0669,74.63,597.5
metronomic_breathing,M1,baseline,58,43.508,42.392,0.707,0.071,75.38,597.5
metronomic_breathing,M1,baseline,61,45.872,44.756,0.746,0.0749,82.42,597.5
metronomic_breathing,M1,baseline,64,48.044,46.928,0.782,0.0785,76.14,597.5
metronomic_breathing,M1,baseline,67,50.44,49.324,0.822,0.0826,76.14,597.5
metronomic_breathing,M1,baseline,70,52.816,51.7,0.862,0.0865,76.53,597.5
metronomic_breathing,M1,baseline,73,55.164,54.048,0.901,0.0905,78.12,597.5
metronomic_breathing,M1,baseline,76,57.436,56.32,0.939,0.0943,85.23,597.5
metronomic_breathing,M1,baseline,79,59.596,58.48,0.975,0.0979,82.42,597.5
metronomic_breathing,M1,baseline,82,61.904,60.788,1.013,0.1017,72.12,597.5
metronomic_breathing,M1,baseline,85,64.404,63.288,1.055,0.1059,74.63,597.5
metronomic_breathing,M1,baseline,88,66.72,65.604,1.093,0.1098,81.08,597.5
metronomic_breathing,M1,baseline,91,68.952,67.836,1.131,0.1135,82.87,597.5
metronomic_breathing,M1,baseline,94,71.252,70.136,1.169,0.1174,71.43,597.5
metronomic_breathing,M1,baseline,97,73.764,72.648,1.211,0.1216,70.75,597.5
metronomic_breathing,M1,baseline,100,76.364,75.248,1.254,0.1259,67.57,597.5
metronomic_breathing,M1,baseline,103,78.96,77.844,1.297,0.1303,70.42,597.5
metronomic_breathing,M1,baseline,106,81.384,80.268,1.338,0.1343,73.89,597.5
metronomic_breathing,M1,baseline,109,83.896,82.78,1.38,0.1385,68.81,597.5
metronomic_breathing,M1,baseline,112,86.5,85.384,1.423,0.1429,70.09,597.5
metronomic_breathing,M1,baseline,115,89.056,87.94,1.466,0.1472,70.75,597.5
metronomic_breathing,M1,baseline,118,91.516,90.4,1.507,0.1513,86.21,597.5
metronomic_breathing,M1,baseline,121,93.696,92.58,1.543,0.155,81.97,597.5
metronomic_breathing,M1,baseline,124,95.94,94.824,1.58,0.1587,75.38,597.5
metronomic_breathing,M1,baseline,127,98.288,97.172,1.62,0.1626,70.42,597.5
metronomic_breathing,M1,baseline,130,100.86,99.744,1.662,0.1669,70.42,597.5
metronomic_breathing,M1,baseline,133,103.396,102.28,1.705,0.1712,76.14,597.5
metronomic_breathing,M1,baseline,136,105.828,104.712,1.745,0.1753,73.89,597.5
metronomic_breathing,M1,baseline,139,108.224,107.108,1.785,0.1793,73.17,597.5
metronomic_breathing,M1,baseline,142,110.512,109.396,1.823,0.1831,86.71,597.5
metronomic_breathing,M1,baseline,145,112.708,111.592,1.86,0.1868,75.76,597.5
metronomic_breathing,M1,baseline,148,115.116,114.0,1.9,0.1908,73.53,597.5
metronomic_breathing,M1,baseline,151,117.436,116.32,1.939,0.1947,73.89,597.5
metronomic_breathing,M1,baseline,154,119.904,118.788,1.98,0.1988,72.12,597.5
metronomic_breathing,M1,baseline,157,122.364,121.248,2.021,0.2029,74.63,597.5
metronomic_breathing,M1,baseline,160,124.796,123.68,2.061,0.207,77.32,597.5
metronomic_breathing,M1,baseline,163,127.088,125.972,2.1,0.2108,75.76,597.5
metronomic_breathing,M1,baseline,166,129.356,128.24,2.137,0.2146,78.95,597.5
metronomic_breathing,M1,baseline,169,131.648,130.532,2.176,0.2185,76.53,597.5
metronomic_breathing,M1,baseline,172,134.076,132.96,2.216,0.2225,74.63,597.5
metronomic_breathing,M1,baseline,175,136.568,135.452,2.258,0.2267,74.26,597.5
metronomic_breathing,M1,baseline,178,138.976,137.86,2.298,0.2307,76.53,597.5
metronomic_breathing,M1,baseline,181,141.292,140.176,2.336,0.2346,82.87,597.5
metronomic_breathing,M1,baseline,184,143.468,142.352,2.373,0.2383,78.12,597.5
metronomic_breathing,M1,baseline,187,145.844,144.728,2.412,0.2422,72.82,597.5
metronomic_breathing,M1,baseline,190,148.18,147.064,2.451,0.2461,79.79,597.5
metronomic_breathing,M1,baseline,193,150.312,149.196,2.487,0.2497,81.08,597.5
metronomic_breathing,M1,baseline,196,152.584,151.468,2.524,0.2535,78.95,597.5
metronomic_breathing,M1,baseline,199,154.964,153.848,2.564,0.2575,73.17,597.5
metronomic_breathing,M1,baseline,202,157.356,156.24,2.604,0.2615,81.97,597.5
metronomic_breathing,M1,baseline,205,159.508,158.392,2.64,0.2651,87.21,597.5
metronomic_breathing,M1,baseline,208,161.548,160.432,2.674,0.2685,89.29,597.5
metronomic_breathing,M1,baseline,211,163.64,162.524,2.709,0.272,78.53,597.5
metronomic_breathing,M1,baseline,214,165.944,164.828,2.747,0.2759,77.32,597.5
metronomic_breathing,M1,baseline,217,168.26,167.144,2.786,0.2797,78.95,597.5
metronomic_breathing,M1,baseline,220,170.528,169.412,2.824,0.2835,79.37,597.5
metronomic_breathing,M1,baseline,223,172.776,171.66,2.861,0.2873,85.23,597.5
metronomic_breathing,M1,baseline,226,174.912,173.796,2.897,0.2909,80.21,597.5
metronomic_breathing,M1,baseline,229,177.236,176.12,2.935,0.2948,78.95,597.5
metronomic_breathing,M1,baseline,232,179.528,178.412,2.974,0.2986,78.95,597.5
metronomic_breathing,M1,baseline,235,181.916,180.8,3.013,0.3026,71.09,597.5
metronomic_breathing,M1,baseline,238,184.464,183.348,3.056,0.3069,71.43,597.5
metronomic_breathing,M1,baseline,241,186.928,185.812,3.097,0.311,74.26,597.5
metronomic_breathing,M1,baseline,244,189.324,188.208,3.137,0.315,70.42,597.5
metronomic_breathing,M1,baseline,247,191.9,190.784,3.18,0.3193,69.44,597.5
metronomic_breathing,M1,baseline,250,194.54,193.424,3.224,0.3237,70.42,597.5
metronomic_breathing,M1,baseline,253,196.808,195.692,3.262,0.3275,84.27,597.5
metronomic_breathing,M1,baseline,256,199.028,197.912,3.299,0.3312,75.38,597.5
metronomic_breathing,M1,baseline,259,201.468,200.352,3.339,0.3353,71.43,597.5
metronomic_breathing,M1,baseline,262,204.056,202.94,3.382,0.3397,73.17,597.5
metronomic_breathing,M1,baseline,265,206.396,205.28,3.421,0.3436,79.37,597.5
metronomic_breathing,M1,baseline,268,208.716,207.6,3.46,0.3475,72.12,597.5
metronomic_breathing,M1,baseline,271,211.256,210.14,3.502,0.3517,68.81,597.5
metronomic_breathing,M1,baseline,274,213.828,212.712,3.545,0.356,71.09,597.5
metronomic_breathing,M1,baseline,277,216.328,215.212,3.587,0.3602,71.43,597.5
metronomic_breathing,M1,baseline,280,218.856,217.74,3.629,0.3644,70.42,597.5
metronomic_breathing,M1,baseline,283,221.396,220.28,3.671,0.3687,69.12,597.5
metronomic_breathing,M1,baseline,286,224.004,222.888,3.715,0.373,72.82,597.5
metronomic_breathing,M1,baseline,289,226.46,225.344,3.756,0.3772,71.09,597.5
metronomic_breathing,M1,baseline,292,229.064,227.948,3.799,0.3815,65.5,597.5
metronomic_breathing,M1,baseline,295,231.816,230.7,3.845,0.3861,68.18,597.5
metronomic_breathing,M1,baseline,298,234.32,233.204,3.887,0.3903,81.08,597.5
metronomic_breathing,M1,baseline,301,236.656,235.54,3.926,0.3942,69.44,597.5
metronomic_breathing,M1,baseline,304,239.2,238.084,3.968,0.3985,71.77,597.5
metronomic_breathing,M1,baseline,307,241.608,240.492,4.008,0.4025,73.53,597.5
metronomic_breathing,M1,baseline,310,243.976,242.86,4.048,0.4065,81.97,597.5
metronomic_breathing,M1,baseline,313,246.312,245.196,4.087,0.4104,74.63,597.5
metronomic_breathing,M1,baseline,316,248.74,247.624,4.127,0.4144,78.12,597.5
metronomic_breathing,M1,baseline,319,250.988,249.872,4.165,0.4182,76.53,597.5
metronomic_breathing,M1,baseline,322,253.432,252.316,4.205,0.4223,69.44,597.5
metronomic_breathing,M1,baseline,325,255.972,254.856,4.248,0.4266,72.12,597.5
metronomic_breathing,M1,baseline,328,258.464,257.348,4.289,0.4307,76.92,597.5
metronomic_breathing,M1,baseline,331,260.868,259.752,4.329,0.4347,72.82,597.5
metronomic_breathing,M1,baseline,334,263.38,262.264,4.371,0.439,75.38,597.5
metronomic_breathing,M1,baseline,337,265.788,264.672,4.411,0.443,75.0,597.5
metronomic_breathing,M1,baseline,340,268.18,267.064,4.451,0.447,82.42,597.5
metronomic_breathing,M1,baseline,343,270.44,269.324,4.489,0.4508,75.0,597.5
metronomic_breathing,M1,baseline,346,272.776,271.66,4.528,0.4547,75.0,597.5
metronomic_breathing,M1,baseline,349,275.128,274.012,4.567,0.4586,77.32,597.5
metronomic_breathing,M1,baseline,352,277.512,276.396,4.607,0.4626,75.0,597.5
metronomic_breathing,M1,baseline,355,279.912,278.796,4.647,0.4666,75.38,597.5
metronomic_breathing,M1,baseline,358,282.352,281.236,4.687,0.4707,73.89,597.5
metronomic_breathing,M1,baseline,361,284.828,283.712,4.729,0.4748,71.09,597.5
metronomic_breathing,M1,baseline,364,287.34,286.224,4.77,0.4791,78.12,597.5
metronomic_breathing,M1,baseline,367,289.568,288.452,4.808,0.4828,76.92,597.5
metronomic_breathing,M1,baseline,370,292.06,290.944,4.849,0.487,67.87,597.5
metronomic_breathing,M1,baseline,373,294.524,293.408,4.89,0.4911,78.12,597.5
metronomic_breathing,M1,baseline,376,296.988,295.872,4.931,0.4952,67.26,597.5
metronomic_breathing,M1,baseline,379,299.644,298.528,4.975,0.4996,71.77,597.5
metronomic_breathing,M1,baseline,382,302.1,300.984,5.016,0.5038,73.89,597.5
metronomic_breathing,M1,baseline,385,304.508,303.392,5.057,0.5078,77.72,597.5
metronomic_breathing,M1,baseline,388,306.948,305.832,5.097,0.5119,70.75,597.5
metronomic_breathing,M1,baseline,391,309.524,308.408,5.14,0.5162,69.44,597.5
metronomic_breathing,M1,baseline,394,312.108,310.992,5.183,0.5205,70.09,597.5
metronomic_breathing,M1,baseline,397,314.724,313.608,5.227,0.5249,69.12,597.5
metronomic_breathing,M1,baseline,400,317.296,316.18,5.27,0.5292,70.75,597.5
metronomic_breathing,M1,baseline,403,319.812,318.696,5.312,0.5334,71.77,597.5
metronomic_breathing,M1,baseline,406,322.376,321.26,5.354,0.5377,68.81,597.5
metronomic_breathing,M1,baseline,409,324.976,323.86,5.398,0.542,67.87,597.5
metronomic_breathing,M1,baseline,412,327.54,326.424,5.44,0.5463,73.17,597.5
metronomic_breathing,M1,baseline,415,329.96,328.844,5.481,0.5504,75.38,597.5
metronomic_breathing,M1,baseline,418,332.424,331.308,5.522,0.5545,72.12,597.5
metronomic_breathing,M1,baseline,421,334.776,333.66,5.561,0.5584,75.38,597.5
metronomic_breathing,M1,baseline,424,337.216,336.1,5.602,0.5625,72.82,597.5
metronomic_breathing,M1,baseline,427,339.672,338.556,5.643,0.5666,72.46,597.5
metronomic_breathing,M1,baseline,430,342.096,340.98,5.683,0.5707,76.92,597.5
metronomic_breathing,M1,baseline,433,344.412,343.296,5.722,0.5746,81.08,597.5
metronomic_breathing,M1,baseline,436,346.592,345.476,5.758,0.5782,84.27,597.5
metronomic_breathing,M1,baseline,439,348.764,347.648,5.794,0.5819,78.95,597.5
metronomic_breathing,M1,baseline,442,351.068,349.952,5.833,0.5857,78.12,597.5
metronomic_breathing,M1,baseline,445,353.36,352.244,5.871,0.5895,78.12,597.5
metronomic_breathing,M1,baseline,448,355.704,354.588,5.91,0.5935,75.38,597.5
metronomic_breathing,M1,baseline,451,358.036,356.92,5.949,0.5974,75.0,597.5
metronomic_breathing,M1,baseline,454,360.504,359.388,5.99,0.6015,71.09,597.5
metronomic_breathing,M1,baseline,457,363.024,361.908,6.032,0.6057,74.26,597.5
metronomic_breathing,M1,baseline,460,365.38,364.264,6.071,0.6097,73.17,597.5
metronomic_breathing,M1,baseline,463,367.824,366.708,6.112,0.6138,73.89,597.5
metronomic_breathing,M1,baseline,466,370.292,369.176,6.153,0.6179,71.77,597.5
metronomic_breathing,M1,baseline,469,372.804,371.688,6.195,0.6221,73.89,597.5
metronomic_breathing,M1,baseline,472,375.196,374.08,6.235,0.6261,81.97,597.5
metronomic_breathing,M1,baseline,475,377.412,376.296,6.272,0.6298,79.79,597.5
metronomic_breathing,M1,baseline,478,379.672,378.556,6.309,0.6336,72.82,597.5
metronomic_breathing,M1,baseline,481,382.136,381.02,6.35,0.6377,74.26,597.5
metronomic_breathing,M1,baseline,484,384.528,383.412,6.39,0.6417,78.12,597.5
metronomic_breathing,M1,baseline,487,386.808,385.692,6.428,0.6455,78.95,597.5
metronomic_breathing,M1,baseline,490,389.084,387.968,6.466,0.6493,74.63,597.5
metronomic_breathing,M1,baseline,493,391.564,390.448,6.507,0.6535,68.81,597.5
metronomic_breathing,M1,baseline,496,393.968,392.852,6.548,0.6575,81.08,597.5
metronomic_breathing,M1,baseline,499,396.188,395.072,6.585,0.6612,76.92,597.5
metronomic_breathing,M1,baseline,502,398.648,397.532,6.626,0.6653,69.12,597.5
metronomic_breathing,M1,baseline,505,401.232,400.116,6.669,0.6697,70.75,597.5
metronomic_breathing,M1,baseline,508,403.684,402.568,6.709,0.6738,71.77,597.5
metronomic_breathing,M1,baseline,511,406.156,405.04,6.751,0.6779,73.53,597.5
metronomic_breathing,M1,baseline,514,408.52,407.404,6.79,0.6819,78.53,597.5
metronomic_breathing,M1,baseline,517,410.812,409.696,6.828,0.6857,78.53,597.5
metronomic_breathing,M1,baseline,520,413.14,412.024,6.867,0.6896,81.08,597.5
metronomic_breathing,M1,baseline,523,415.288,414.172,6.903,0.6932,84.75,597.5
metronomic_breathing,M1,baseline,526,417.472,416.356,6.939,0.6969,80.21,597.5
metronomic_breathing,M1,baseline,529,419.784,418.668,6.978,0.7007,75.0,597.5
metronomic_breathing,M1,baseline,532,422.248,421.132,7.019,0.7048,73.17,597.5
metronomic_breathing,M1,baseline,535,424.704,423.588,7.06,0.709,73.89,597.5
metronomic_breathing,M1,baseline,538,427.14,426.024,7.1,0.713,74.63,597.5
metronomic_breathing,M1,baseline,541,429.536,428.42,7.14,0.717,74.26,597.5
metronomic_breathing,M1,baseline,544,431.892,430.776,7.18,0.721,76.53,597.5
metronomic_breathing,M1,baseline,547,434.504,433.388,7.223,0.7254,67.87,597.5
metronomic_breathing,M1,baseline,550,437.024,435.908,7.265,0.7296,79.37,597.5
metronomic_breathing,M1,baseline,553,439.264,438.148,7.302,0.7333,83.33,597.5
metronomic_breathing,M1,baseline,556,441.516,440.4,7.34,0.7371,70.75,597.5
metronomic_breathing,M1,baseline,559,444.116,443.0,7.383,0.7414,69.12,597.5
metronomic_breathing,M1,baseline,562,446.696,445.58,7.426,0.7458,72.46,597.5
metronomic_breathing,M1,baseline,565,449.208,448.092,7.468,0.75,71.77,597.5
metronomic_breathing,M1,baseline,568,451.736,450.62,7.51,0.7542,70.42,597.5
metronomic_breathing,M1,baseline,571,454.324,453.208,7.553,0.7585,69.44,597.5
metronomic_breathing,M1,baseline,574,456.94,455.824,7.597,0.7629,70.42,597.5
metronomic_breathing,M1,baseline,577,459.508,458.392,7.64,0.7672,75.76,597.5
metronomic_breathing,M1,baseline,580,461.888,460.772,7.68,0.7712,72.46,597.5
metronomic_breathing,M1,baseline,583,464.316,463.2,7.72,0.7753,76.92,597.5
metronomic_breathing,M1,baseline,586,466.708,465.592,7.76,0.7793,77.72,597.5
metronomic_breathing,M1,baseline,589,469.088,467.972,7.8,0.7832,75.38,597.5
metronomic_breathing,M1,baseline,592,471.424,470.308,7.838,0.7872,75.76,597.5
metronomic_breathing,M1,baseline,595,473.8,472.684,7.878,0.7911,78.95,597.5
metronomic_breathing,M1,baseline,598,476.096,474.98,7.916,0.795,71.43,597.5
metronomic_breathing,M1,baseline,601,478.648,477.532,7.959,0.7992,71.77,597.5
metronomic_breathing,M1,baseline,604,481.144,480.028,8.0,0.8034,72.12,597.5
metronomic_breathing,M1,baseline,607,483.608,482.492,8.042,0.8075,77.72,597.5
metronomic_breathing,M1,baseline,610,485.952,484.836,8.081,0.8115,70.09,597.5
metronomic_breathing,M1,baseline,613,488.476,487.36,8.123,0.8157,70.75,597.5
metronomic_breathing,M1,baseline,616,491.056,489.94,8.166,0.82,69.44,597.5
metronomic_breathing,M1,baseline,619,493.572,492.456,8.208,0.8242,73.17,597.5
metronomic_breathing,M1,baseline,622,495.976,494.86,8.248,0.8282,75.76,597.5
metronomic_breathing,M1,baseline,625,498.408,497.292,8.288,0.8323,67.57,597.5
metronomic_breathing,M1,baseline,628,501.048,499.932,8.332,0.8367,72.46,597.5
metronomic_breathing,M1,baseline,631,503.62,502.504,8.375,0.841,68.81,597.5
metronomic_breathing,M1,baseline,634,506.192,505.076,8.418,0.8453,70.75,597.5
metronomic_breathing,M1,baseline,637,508.612,507.496,8.458,0.8494,73.17,597.5
metronomic_breathing,M1,baseline,640,511.22,510.104,8.502,0.8538,64.94,597.5
metronomic_breathing,M1,baseline,643,513.936,512.82,8.547,0.8583,69.77,597.5
metronomic_breathing,M1,baseline,646,516.456,515.34,8.589,0.8625,77.72,597.5
metronomic_breathing,M1,baseline,649,518.868,517.752,8.629,0.8666,71.43,597.5
metronomic_breathing,M1,baseline,652,521.424,520.308,8.672,0.8708,71.09,597.5
metronomic_breathing,M1,baseline,655,523.792,522.676,8.711,0.8748,76.92,597.5
metronomic_breathing,M1,baseline,658,525.996,524.88,8.748,0.8785,82.87,597.5
metronomic_breathing,M1,baseline,661,528.184,527.068,8.784,0.8822,74.26,597.5
metronomic_breathing,M1,baseline,664,530.708,529.592,8.827,0.8864,69.77,597.5
metronomic_breathing,M1,baseline,667,533.268,532.152,8.869,0.8907,70.42,597.5
metronomic_breathing,M1,baseline,670,535.832,534.716,8.912,0.895,69.44,597.5
metronomic_breathing,M1,baseline,673,538.404,537.288,8.955,0.8993,70.09,597.5
metronomic_breathing,M1,baseline,676,540.996,539.88,8.998,0.9036,68.81,597.5
metronomic_breathing,M1,baseline,679,543.592,542.476,9.041,0.9079,70.09,597.5
metronomic_breathing,M1,baseline,682,546.184,545.068,9.084,0.9123,68.18,597.5
metronomic_breathing,M1,baseline,685,548.812,547.696,9.128,0.9167,68.49,597.5
metronomic_breathing,M1,baseline,688,551.512,550.396,9.173,0.9212,63.56,597.5
metronomic_breathing,M1,baseline,691,554.248,553.132,9.219,0.9258,78.53,597.5
metronomic_breathing,M1,baseline,694,556.684,555.568,9.259,0.9299,67.87,597.5
metronomic_breathing,M1,baseline,697,559.404,558.288,9.305,0.9344,60.48,597.5
metronomic_breathing,M1,baseline,700,562.316,561.2,9.353,0.9393,63.29,597.5
metronomic_breathing,M1,baseline,703,565.084,563.968,9.399,0.9439,67.57,597.5
metronomic_breathing,M1,baseline,706,567.7,566.584,9.443,0.9483,69.77,597.5
metronomic_breathing,M1,baseline,709,570.3,569.184,9.486,0.9526,69.12,597.5
metronomic_breathing,M1,baseline,712,572.956,571.84,9.531,0.9571,67.26,597.5
metronomic_breathing,M1,baseline,715,575.584,574.468,9.574,0.9615,72.46,597.5
metronomic_breathing,M1,baseline,718,578.184,577.068,9.618,0.9658,68.81,597.5
metronomic_breathing,M1,baseline,721,580.62,579.504,9.658,0.9699,75.0,597.5
metronomic_breathing,M1,baseline,724,582.936,581.82,9.697,0.9738,77.72,597.5
metronomic_breathing,M1,baseline,727,585.348,584.232,9.737,0.9778,70.42,597.5
metronomic_breathing,M1,baseline,730,587.912,586.796,9.78,0.9821,72.46,597.5
metronomic_breathing,M1,baseline,733,590.348,589.232,9.821,0.9862,75.38,597.5
metronomic_breathing,M1,baseline,736,592.74,591.624,9.86,0.9902,78.95,597.5
metronomic_breathing,M1,baseline,739,594.968,593.852,9.898,0.9939,85.23,597.5
metronomic_breathing,M1,baseline,742,597.068,595.952,9.933,0.9974,81.08,597.5
metronomic_breathing,M2,baseline,1,1.4,0.0,0.0,0.0,77.72,597.5
metronomic_breathing,M2,baseline,4,3.908,2.508,0.042,0.0042,72.82,597.5
metronomic_breathing,M2,baseline,7,6.284,4.884,0.081,0.0082,72.12,597.5
metronomic_breathing,M2,baseline,10,9.004,7.604,0.127,0.0127,63.29,597.5
metronomic_breathing,M2,baseline,13,11.656,10.256,0.171,0.0172,73.53,597.5
metronomic_breathing,M2,baseline,16,14.164,12.764,0.213,0.0214,73.53,597.5
metronomic_breathing,M2,baseline,19,16.596,15.196,0.253,0.0254,70.09,597.5
metronomic_breathing,M2,baseline,22,19.168,17.768,0.296,0.0297,72.46,597.5
metronomic_breathing,M2,baseline,25,21.656,20.256,0.338,0.0339,67.26,597.5
metronomic_breathing,M2,baseline,28,24.384,22.984,0.383,0.0385,72.46,597.5
metronomic_breathing,M2,baseline,31,26.876,25.476,0.425,0.0426,70.09,597.5
metronomic_breathing,M2,baseline,34,29.468,28.068,0.468,0.047,69.44,597.5
metronomic_breathing,M2,baseline,37,31.984,30.584,0.51,0.0512,71.77,597.5
metronomic_breathing,M2,baseline,40,34.62,33.22,0.554,0.0556,67.26,597.5
metronomic_breathing,M2,baseline,43,37.336,35.936,0.599,0.0601,68.49,597.5
metronomic_breathing,M2,baseline,46,39.944,38.544,0.642,0.0645,63.83,597.5
metronomic_breathing,M2,baseline,49,42.668,41.268,0.688,0.0691,70.42,597.5
metronomic_breathing,M2,baseline,52,45.328,43.928,0.732,0.0735,67.26,597.5
metronomic_breathing,M2,baseline,55,47.972,46.572,0.776,0.0779,64.1,597.5
metronomic_breathing,M2,baseline,58,50.74,49.34,0.822,0.0826,65.22,597.5
metronomic_breathing,M2,baseline,61,53.592,52.192,0.87,0.0874,67.26,597.5
metronomic_breathing,M2,baseline,64,56.28,54.88,0.915,0.0919,63.83,597.5
metronomic_breathing,M2,baseline,67,58.976,57.576,0.96,0.0964,68.18,597.5
metronomic_breathing,M2,baseline,70,61.716,60.316,1.005,0.1009,66.96,597.5
metronomic_breathing,M2,baseline,73,64.332,62.932,1.049,0.1053,67.87,597.5
metronomic_breathing,M2,baseline,76,66.948,65.548,1.092,0.1097,69.44,597.5
metronomic_breathing,M2,baseline,79,69.584,68.184,1.136,0.1141,69.77,597.5
metronomic_breathing,M2,baseline,82,72.172,70.772,1.18,0.1184,68.18,597.5
metronomic_breathing,M2,baseline,85,74.812,73.412,1.224,0.1229,70.75,597.5
metronomic_breathing,M2,baseline,88,77.48,76.08,1.268,0.1273,65.79,597.5
metronomic_breathing,M2,baseline,91,80.112,78.712,1.312,0.1317,67.26,597.5
metronomic_breathing,M2,baseline,94,82.776,81.376,1.356,0.1362,70.09,597.5
metronomic_breathing,M2,baseline,97,85.476,84.076,1.401,0.1407,62.76,597.5
metronomic_breathing,M2,baseline,100,88.172,86.772,1.446,0.1452,67.26,597.5
metronomic_breathing,M2,baseline,103,90.896,89.496,1.492,0.1498,66.67,597.5
metronomic_breathing,M2,baseline,106,93.728,92.328,1.539,0.1545,63.29,597.5
metronomic_breathing,M2,baseline,109,96.496,95.096,1.585,0.1592,62.76,597.5
metronomic_breathing,M2,baseline,112,99.332,97.932,1.632,0.1639,66.96,597.5
metronomic_breathing,M2,baseline,115,102.044,100.644,1.677,0.1684,67.87,597.5
metronomic_breathing,M2,baseline,118,104.676,103.276,1.721,0.1728,61.22,597.5
metronomic_breathing,M2,baseline,121,107.5,106.1,1.768,0.1776,69.12,597.5
metronomic_breathing,M2,baseline,124,110.16,108.76,1.813,0.182,69.44,597.5
metronomic_breathing,M2,baseline,127,112.744,111.344,1.856,0.1864,66.96,597.5
metronomic_breathing,M2,baseline,130,115.264,113.864,1.898,0.1906,72.82,597.5
metronomic_breathing,M2,baseline,133,118.036,116.636,1.944,0.1952,62.24,597.5
metronomic_breathing,M2,baseline,136,120.796,119.396,1.99,0.1998,64.66,597.5
metronomic_breathing,M2,baseline,139,123.64,122.24,2.037,0.2046,68.49,597.5
metronomic_breathing,M2,baseline,142,126.292,124.892,2.082,0.209,59.76,597.5
metronomic_breathing,M2,baseline,145,129.132,127.732,2.129,0.2138,67.26,597.5
metronomic_breathing,M2,baseline,148,131.748,130.348,2.172,0.2182,71.77,597.5
metronomic_breathing,M2,baseline,151,134.54,133.14,2.219,0.2228,59.52,597.5
metronomic_breathing,M2,baseline,154,137.384,135.984,2.266,0.2276,61.73,597.5
metronomic_breathing,M2,baseline,157,140.272,138.872,2.315,0.2324,65.79,597.5
metronomic_breathing,M2,baseline,160,143.14,141.74,2.362,0.2372,61.98,597.5
metronomic_breathing,M2,baseline,163,145.956,144.556,2.409,0.2419,60.73,597.5
metronomic_breathing,M2,baseline,166,148.764,147.364,2.456,0.2466,67.57,597.5
metronomic_breathing,M2,baseline,169,151.536,150.136,2.502,0.2513,66.96,597.5
metronomic_breathing,M2,baseline,172,154.212,152.812,2.547,0.2558,59.76,597.5
metronomic_breathing,M2,baseline,175,157.096,155.696,2.595,0.2606,66.08,597.5
metronomic_breathing,M2,baseline,178,159.952,158.552,2.643,0.2654,66.08,597.5
metronomic_breathing,M2,baseline,181,162.676,161.276,2.688,0.2699,59.52,597.5
metronomic_breathing,M2,baseline,184,165.552,164.152,2.736,0.2747,66.96,597.5
metronomic_breathing,M2,baseline,187,168.404,167.004,2.783,0.2795,64.94,597.5
metronomic_breathing,M2,baseline,190,171.22,169.82,2.83,0.2842,61.73,597.5
metronomic_breathing,M2,baseline,193,173.992,172.592,2.877,0.2889,62.76,597.5
metronomic_breathing,M2,baseline,196,176.828,175.428,2.924,0.2936,68.49,597.5
metronomic_breathing,M2,baseline,199,179.604,178.204,2.97,0.2983,64.38,597.5
metronomic_breathing,M2,baseline,202,182.28,180.88,3.015,0.3027,64.94,597.5
metronomic_breathing,M2,baseline,205,185.1,183.7,3.062,0.3075,66.96,597.5
metronomic_breathing,M2,baseline,208,187.82,186.42,3.107,0.312,66.67,597.5
metronomic_breathing,M2,baseline,211,190.428,189.028,3.15,0.3164,75.38,597.5
metronomic_breathing,M2,baseline,214,192.804,191.404,3.19,0.3203,75.38,597.5
metronomic_breathing,M2,baseline,217,195.46,194.06,3.234,0.3248,57.69,597.5
metronomic_breathing,M2,baseline,220,198.416,197.016,3.284,0.3297,63.56,597.5
metronomic_breathing,M2,baseline,223,201.324,199.924,3.332,0.3346,66.67,597.5
metronomic_breathing,M2,baseline,226,204.132,202.732,3.379,0.3393,63.03,597.5
metronomic_breathing,M2,baseline,229,206.868,205.468,3.424,0.3439,59.76,597.5
metronomic_breathing,M2,baseline,232,209.736,208.336,3.472,0.3487,68.49,597.5
metronomic_breathing,M2,baseline,235,212.46,211.06,3.518,0.3532,67.57,597.5
metronomic_breathing,M2,baseline,238,215.024,213.624,3.56,0.3575,68.49,597.5
metronomic_breathing,M2,baseline,241,217.68,216.28,3.605,0.362,70.09,597.5
metronomic_breathing,M2,baseline,244,220.368,218.968,3.649,0.3665,64.38,597.5
metronomic_breathing,M2,baseline,247,223.068,221.668,3.694,0.371,62.5,597.5
metronomic_breathing,M2,baseline,250,225.912,224.512,3.742,0.3758,67.87,597.5
metronomic_breathing,M2,baseline,253,228.672,227.272,3.788,0.3804,64.38,597.5
metronomic_breathing,M2,baseline,256,231.344,229.944,3.832,0.3848,67.57,597.5
metronomic_breathing,M2,baseline,259,234.1,232.7,3.878,0.3895,69.44,597.5
metronomic_breathing,M2,baseline,262,236.892,235.492,3.925,0.3941,60.98,597.5
metronomic_breathing,M2,baseline,265,239.628,238.228,3.97,0.3987,66.96,597.5
metronomic_breathing,M2,baseline,268,242.356,240.956,4.016,0.4033,71.77,597.5
metronomic_breathing,M2,baseline,271,245.052,243.652,4.061,0.4078,62.76,597.5
metronomic_breathing,M2,baseline,274,247.744,246.344,4.106,0.4123,61.73,597.5
metronomic_breathing,M2,baseline,277,250.644,249.244,4.154,0.4172,70.09,597.5
metronomic_breathing,M2,baseline,280,253.044,251.644,4.194,0.4212,78.12,597.5
metronomic_breathing,M2,baseline,283,255.384,253.984,4.233,0.4251,69.77,597.5
metronomic_breathing,M2,baseline,286,258.256,256.856,4.281,0.4299,63.29,597.5
metronomic_breathing,M2,baseline,289,261.164,259.764,4.329,0.4348,57.69,597.5
metronomic_breathing,M2,baseline,292,264.124,262.724,4.379,0.4397,65.5,597.5
metronomic_breathing,M2,baseline,295,267.048,265.648,4.427,0.4446,63.56,597.5
metronomic_breathing,M2,baseline,298,269.996,268.596,4.477,0.4495,60.48,597.5
metronomic_breathing,M2,baseline,301,272.888,271.488,4.525,0.4544,58.59,597.5
metronomic_breathing,M2,baseline,304,275.792,274.392,4.573,0.4592,66.96,597.5
metronomic_breathing,M2,baseline,307,278.68,277.28,4.621,0.4641,67.26,597.5
metronomic_breathing,M2,baseline,310,281.444,280.044,4.667,0.4687,62.24,597.5
metronomic_breathing,M2,baseline,313,284.22,282.82,4.714,0.4733,65.79,597.5
metronomic_breathing,M2,baseline,316,287.148,285.748,4.762,0.4782,64.94,597.5
metronomic_breathing,M2,baseline,319,289.848,288.448,4.807,0.4828,58.14,597.5
metronomic_breathing,M2,baseline,322,292.764,291.364,4.856,0.4876,60.73,597.5
metronomic_breathing,M2,baseline,325,295.712,294.312,4.905,0.4926,66.67,597.5
metronomic_breathing,M2,baseline,328,298.512,297.112,4.952,0.4973,62.24,597.5
metronomic_breathing,M2,baseline,331,301.312,299.912,4.999,0.502,62.24,597.5
metronomic_breathing,M2,baseline,334,304.192,302.792,5.047,0.5068,66.37,597.5
metronomic_breathing,M2,baseline,337,307.036,305.636,5.094,0.5115,61.73,597.5
metronomic_breathing,M2,baseline,340,309.86,308.46,5.141,0.5163,59.52,597.5
metronomic_breathing,M2,baseline,343,312.74,311.34,5.189,0.5211,64.66,597.5
metronomic_breathing,M2,baseline,346,315.664,314.264,5.238,0.526,65.22,597.5
metronomic_breathing,M2,baseline,349,318.384,316.984,5.283,0.5305,59.29,597.5
metronomic_breathing,M2,baseline,352,321.244,319.844,5.331,0.5353,64.66,597.5
metronomic_breathing,M2,baseline,355,324.18,322.78,5.38,0.5402,66.08,597.5
metronomic_breathing,M2,baseline,358,326.984,325.584,5.426,0.5449,62.24,597.5
metronomic_breathing,M2,baseline,361,329.72,328.32,5.472,0.5495,64.38,597.5
metronomic_breathing,M2,baseline,364,332.64,331.24,5.521,0.5544,66.08,597.5
metronomic_breathing,M2,baseline,367,335.476,334.076,5.568,0.5591,60.24,597.5
metronomic_breathing,M2,baseline,370,338.276,336.876,5.615,0.5638,63.83,597.5
metronomic_breathing,M2,baseline,373,341.132,339.732,5.662,0.5686,68.81,597.5
metronomic_breathing,M2,baseline,376,343.628,342.228,5.704,0.5728,71.09,597.5
metronomic_breathing,M2,baseline,379,346.392,344.992,5.75,0.5774,61.48,597.5
metronomic_breathing,M2,baseline,382,349.204,347.804,5.797,0.5821,68.18,597.5
metronomic_breathing,M2,baseline,385,352.02,350.62,5.844,0.5868,63.29,597.5
metronomic_breathing,M2,baseline,388,354.808,353.408,5.89,0.5915,59.76,597.5
metronomic_breathing,M2,baseline,391,357.66,356.26,5.938,0.5963,67.57,597.5
metronomic_breathing,M2,baseline,394,360.496,359.096,5.985,0.601,63.83,597.5
metronomic_breathing,M2,baseline,397,363.2,361.8,6.03,0.6055,67.26,597.5
metronomic_breathing,M2,baseline,400,365.816,364.416,6.074,0.6099,71.43,597.5
metronomic_breathing,M2,baseline,403,368.48,367.08,6.118,0.6144,68.49,597.5
metronomic_breathing,M2,baseline,406,371.024,369.624,6.16,0.6186,63.83,597.5
metronomic_breathing,M2,baseline,409,373.752,372.352,6.206,0.6232,70.75,597.5
metronomic_breathing,M2,baseline,412,376.468,375.068,6.251,0.6277,63.03,597.5
metronomic_breathing,M2,baseline,415,379.164,377.764,6.296,0.6322,66.67,597.5
metronomic_breathing,M2,baseline,418,382.088,380.688,6.345,0.6371,64.94,597.5
metronomic_breathing,M2,baseline,421,384.76,383.36,6.389,0.6416,76.14,597.5
metronomic_breathing,M2,baseline,424,387.048,385.648,6.427,0.6454,74.63,597.5
metronomic_breathing,M2,baseline,427,389.588,388.188,6.47,0.6497,67.87,597.5
metronomic_breathing,M2,baseline,430,392.364,390.964,6.516,0.6543,60.0,597.5
metronomic_breathing,M2,baseline,433,395.22,393.82,6.564,0.6591,66.67,597.5
metronomic_breathing,M2,baseline,436,398.084,396.684,6.611,0.6639,65.22,597.5
metronomic_breathing,M2,baseline,439,400.932,399.532,6.659,0.6687,58.82,597.5
metronomic_breathing,M2,baseline,442,403.784,402.384,6.706,0.6735,63.83,597.5
metronomic_breathing,M2,baseline,445,406.604,405.204,6.753,0.6782,69.12,597.5
metronomic_breathing,M2,baseline,448,409.176,407.776,6.796,0.6825,64.1,597.5
metronomic_breathing,M2,baseline,451,411.86,410.46,6.841,0.687,69.77,597.5
metronomic_breathing,M2,baseline,454,414.668,413.268,6.888,0.6917,67.87,597.5
metronomic_breathing,M2,baseline,457,417.236,415.836,6.931,0.696,67.87,597.5
metronomic_breathing,M2,baseline,460,419.844,418.444,6.974,0.7003,74.63,597.5
metronomic_breathing,M2,baseline,463,422.496,421.096,7.018,0.7048,66.08,597.5
metronomic_breathing,M2,baseline,466,425.204,423.804,7.063,0.7093,63.56,597.5
metronomic_breathing,M2,baseline,469,427.9,426.5,7.108,0.7138,70.09,597.5
metronomic_breathing,M2,baseline,472,430.6,429.2,7.153,0.7183,68.49,597.5
metronomic_breathing,M2,baseline,475,433.1,431.7,7.195,0.7225,76.92,597.5
metronomic_breathing,M2,baseline,478,435.452,434.052,7.234,0.7265,68.81,597.5
metronomic_breathing,M2,baseline,481,438.252,436.852,7.281,0.7311,66.37,597.5
metronomic_breathing,M2,baseline,484,440.888,439.488,7.325,0.7356,73.89,597.5
metronomic_breathing,M2,baseline,487,443.304,441.904,7.365,0.7396,73.89,597.5
metronomic_breathing,M2,baseline,490,445.844,444.444,7.407,0.7438,59.06,597.5
metronomic_breathing,M2,baseline,493,448.728,447.328,7.455,0.7487,68.18,597.5
metronomic_breathing,M2,baseline,496,451.504,450.104,7.502,0.7533,65.5,597.5
metronomic_breathing,M2,baseline,499,454.164,452.764,7.546,0.7578,66.96,597.5
metronomic_breathing,M2,baseline,502,456.84,455.44,7.591,0.7623,71.43,597.5
metronomic_breathing,M2,baseline,505,459.496,458.096,7.635,0.7667,65.22,597.5
metronomic_breathing,M2,baseline,508,462.128,460.728,7.679,0.7711,70.42,597.5
metronomic_breathing,M2,baseline,511,464.776,463.376,7.723,0.7755,70.75,597.5
metronomic_breathing,M2,baseline,514,467.236,465.836,7.764,0.7797,71.09,597.5
metronomic_breathing,M2,baseline,517,470.024,468.624,7.81,0.7843,62.76,597.5
metronomic_breathing,M2,baseline,520,472.796,471.396,7.857,0.789,68.81,597.5
metronomic_breathing,M2,baseline,523,475.572,474.172,7.903,0.7936,67.26,597.5
metronomic_breathing,M2,baseline,526,478.168,476.768,7.946,0.7979,70.09,597.5
metronomic_breathing,M2,baseline,529,480.708,479.308,7.988,0.8022,71.09,597.5
metronomic_breathing,M2,baseline,532,483.48,482.08,8.035,0.8068,66.67,597.5
metronomic_breathing,M2,baseline,535,486.112,484.712,8.079,0.8112,69.44,597.5
metronomic_breathing,M2,baseline,538,488.68,487.28,8.121,0.8155,73.17,597.5
metronomic_breathing,M2,baseline,541,491.124,489.724,8.162,0.8196,76.14,597.5
metronomic_breathing,M2,baseline,544,493.52,492.12,8.202,0.8236,68.18,597.5
metronomic_breathing,M2,baseline,547,496.22,494.82,8.247,0.8282,69.12,597.5
metronomic_breathing,M2,baseline,550,498.868,497.468,8.291,0.8326,62.5,597.5
metronomic_breathing,M2,baseline,553,501.68,500.28,8.338,0.8373,69.77,597.5
metronomic_breathing,M2,baseline,556,504.172,502.772,8.38,0.8415,67.26,597.5
metronomic_breathing,M2,baseline,559,506.856,505.456,8.424,0.846,64.94,597.5
metronomic_breathing,M2,baseline,562,509.68,508.28,8.471,0.8507,68.18,597.5
metronomic_breathing,M2,baseline,565,512.36,510.96,8.516,0.8552,63.56,597.5
metronomic_breathing,M2,baseline,568,515.072,513.672,8.561,0.8597,69.12,597.5
metronomic_breathing,M2,baseline,571,517.8,516.4,8.607,0.8643,67.87,597.5
metronomic_breathing,M2,baseline,574,520.484,519.084,8.651,0.8688,65.79,597.5
metronomic_breathing,M2,baseline,577,523.108,521.708,8.695,0.8732,70.42,597.5
metronomic_breathing,M2,baseline,580,525.74,524.34,8.739,0.8776,71.09,597.5
metronomic_breathing,M2,baseline,583,528.296,526.896,8.782,0.8818,69.12,597.5
metronomic_breathing,M2,baseline,586,530.864,529.464,8.824,0.8861,70.09,597.5
metronomic_breathing,M2,baseline,589,533.5,532.1,8.868,0.8906,70.09,597.5
metronomic_breathing,M2,baseline,592,536.036,534.636,8.911,0.8948,68.49,597.5
metronomic_breathing,M2,baseline,595,538.656,537.256,8.954,0.8992,71.43,597.5
metronomic_breathing,M2,baseline,598,541.196,539.796,8.997,0.9034,68.49,597.5
metronomic_breathing,M2,baseline,601,543.784,542.384,9.04,0.9078,67.57,597.5
metronomic_breathing,M2,baseline,604,546.488,545.088,9.085,0.9123,69.77,597.5
metronomic_breathing,M2,baseline,607,549.08,547.68,9.128,0.9166,68.18,597.5
metronomic_breathing,M2,baseline,610,551.68,550.28,9.171,0.921,67.57,597.5
metronomic_breathing,M2,baseline,613,554.324,552.924,9.215,0.9254,71.43,597.5
metronomic_breathing,M2,baseline,616,556.956,555.556,9.259,0.9298,63.03,597.5
metronomic_breathing,M2,baseline,619,559.72,558.32,9.305,0.9344,68.49,597.5
metronomic_breathing,M2,baseline,622,562.452,561.052,9.351,0.939,67.26,597.5
metronomic_breathing,M2,baseline,625,565.152,563.752,9.396,0.9435,64.94,597.5
metronomic_breathing,M2,baseline,628,567.872,566.472,9.441,0.9481,67.57,597.5
metronomic_breathing,M2,baseline,631,570.532,569.132,9.486,0.9525,69.12,597.5
metronomic_breathing,M2,baseline,634,573.112,571.712,9.529,0.9569,63.56,597.5
metronomic_breathing,M2,baseline,637,575.848,574.448,9.574,0.9614,67.87,597.5
metronomic_breathing,M2,baseline,640,578.544,577.144,9.619,0.9659,65.79,597.5
metronomic_breathing,M2,baseline,643,581.252,579.852,9.664,0.9705,65.22,597.5
metronomic_breathing,M2,baseline,646,583.94,582.54,9.709,0.975,69.77,597.5
metronomic_breathing,M2,baseline,649,586.572,585.172,9.753,0.9794,67.57,597.5
metronomic_breathing,M2,baseline,652,589.164,587.764,9.796,0.9837,66.67,597.5
metronomic_breathing,M2,baseline,655,591.84,590.44,9.841,0.9882,69.77,597.5
metronomic_breathing,M2,baseline,658,594.452,593.052,9.884,0.9926,68.49,597.5
metronomic_breathing,M2,baseline,661,597.056,595.656,9.928,0.9969,65.22,597.5
metronomic_breathing,M3,baseline,1,2.468,0.0,0.0,0.0,43.6,595.7
metronomic_breathing,M3,baseline,3,5.116,2.648,0.044,0.0044,48.08,595.7
metronomic_breathing,M3,baseline,5,7.624,5.156,0.086,0.0087,52.63,595.7
metronomic_breathing,M3,baseline,7,9.756,7.288,0.121,0.0122,64.38,595.7
metronomic_breathing,M3,baseline,9,11.6,9.132,0.152,0.0153,62.24,595.7
metronomic_breathing,M3,baseline,11,13.664,11.196,0.187,0.0188,51.02,595.7
metronomic_breathing,M3,baseline,13,16.128,13.66,0.228,0.0229,46.73,595.7
metronomic_breathing,M3,baseline,15,18.508,16.04,0.267,0.0269,62.76,595.7
metronomic_breathing,M3,baseline,17,20.488,18.02,0.3,0.0302,55.76,595.7
metronomic_breathing,M3,baseline,19,22.596,20.128,0.335,0.0338,59.29,595.7
metronomic_breathing,M3,baseline,21,24.628,22.16,0.369,0.0372,53.0,595.7
metronomic_breathing,M3,baseline,23,27.152,24.684,0.411,0.0414,46.3,595.7
metronomic_breathing,M3,baseline,25,29.764,27.296,0.455,0.0458,47.77,595.7
metronomic_breathing,M3,baseline,27,32.228,29.76,0.496,0.05,48.23,595.7
metronomic_breathing,M3,baseline,29,34.728,32.26,0.538,0.0542,47.92,595.7
metronomic_breathing,M3,baseline,31,37.188,34.72,0.579,0.0583,45.59,595.7
metronomic_breathing,M3,baseline,33,39.796,37.328,0.622,0.0627,47.17,595.7
metronomic_breathing,M3,baseline,35,42.508,40.04,0.667,0.0672,45.45,595.7
metronomic_breathing,M3,baseline,37,45.06,42.592,0.71,0.0715,43.73,595.7
metronomic_breathing,M3,baseline,39,47.736,45.268,0.754,0.076,51.55,595.7
metronomic_breathing,M3,baseline,41,50.296,47.828,0.797,0.0803,42.86,595.7
metronomic_breathing,M3,baseline,43,53.032,50.564,0.843,0.0849,42.37,595.7
metronomic_breathing,M3,baseline,45,55.824,53.356,0.889,0.0896,46.73,595.7
metronomic_breathing,M3,baseline,47,58.608,56.14,0.936,0.0942,40.76,595.7
metronomic_breathing,M3,baseline,49,61.336,58.868,0.981,0.0988,47.02,595.7
metronomic_breathing,M3,baseline,51,64.084,61.616,1.027,0.1034,44.91,595.7
metronomic_breathing,M3,baseline,53,66.792,64.324,1.072,0.108,41.55,595.7
metronomic_breathing,M3,baseline,55,69.548,67.08,1.118,0.1126,45.05,595.7
metronomic_breathing,M3,baseline,57,72.2,69.732,1.162,0.1171,49.18,595.7
metronomic_breathing,M3,baseline,59,74.724,72.256,1.204,0.1213,44.78,595.7
metronomic_breathing,M3,baseline,61,77.332,74.864,1.248,0.1257,44.12,595.7
metronomic_breathing,M3,baseline,63,80.088,77.62,1.294,0.1303,46.73,595.7
metronomic_breathing,M3,baseline,65,82.696,80.228,1.337,0.1347,44.78,595.7
metronomic_breathing,M3,baseline,67,85.276,82.808,1.38,0.139,49.51,595.7
metronomic_breathing,M3,baseline,69,87.836,85.368,1.423,0.1433,48.7,595.7
metronomic_breathing,M3,baseline,71,90.196,87.728,1.462,0.1473,50.51,595.7
metronomic_breathing,M3,baseline,73,92.656,90.188,1.503,0.1514,51.02,595.7
metronomic_breathing,M3,baseline,75,95.012,92.544,1.542,0.1553,44.25,595.7
metronomic_breathing,M3,baseline,77,97.572,95.104,1.585,0.1596,51.37,595.7
metronomic_breathing,M3,baseline,79,100.08,97.612,1.627,0.1639,48.39,595.7
metronomic_breathing,M3,baseline,81,102.548,100.08,1.668,0.168,44.91,595.7
metronomic_breathing,M3,baseline,83,105.156,102.688,1.711,0.1724,52.63,595.7
metronomic_breathing,M3,baseline,85,107.572,105.104,1.752,0.1764,46.3,595.7
metronomic_breathing,M3,baseline,87,110.136,107.668,1.794,0.1807,47.62,595.7
metronomic_breathing,M3,baseline,89,112.756,110.288,1.838,0.1851,49.18,595.7
metronomic_breathing,M3,baseline,91,115.256,112.788,1.88,0.1893,42.73,595.7
metronomic_breathing,M3,baseline,93,117.928,115.46,1.924,0.1938,50.34,595.7
metronomic_breathing,M3,baseline,95,120.404,117.936,1.966,0.198,49.02,595.7
metronomic_breathing,M3,baseline,97,122.896,120.428,2.007,0.2022,44.78,595.7
metronomic_breathing,M3,baseline,99,125.52,123.052,2.051,0.2066,51.72,595.7
metronomic_breathing,M3,baseline,101,127.924,125.456,2.091,0.2106,46.01,595.7
metronomic_breathing,M3,baseline,103,130.4,127.932,2.132,0.2147,51.9,595.7
metronomic_breathing,M3,baseline,105,132.904,130.436,2.174,0.219,48.08,595.7
metronomic_breathing,M3,baseline,107,135.344,132.876,2.215,0.223,45.87,595.7
metronomic_breathing,M3,baseline,109,137.936,135.468,2.258,0.2274,52.45,595.7
metronomic_breathing,M3,baseline,111,140.268,137.8,2.297,0.2313,46.44,595.7
metronomic_breathing,M3,baseline,113,142.736,140.268,2.338,0.2355,49.51,595.7
metronomic_breathing,M3,baseline,115,145.212,142.744,2.379,0.2396,49.02,595.7
metronomic_breathing,M3,baseline,117,147.612,145.144,2.419,0.2436,46.88,595.7
metronomic_breathing,M3,baseline,119,150.144,147.676,2.461,0.2479,50.0,595.7
metronomic_breathing,M3,baseline,121,152.616,150.148,2.502,0.252,47.77,595.7
metronomic_breathing,M3,baseline,123,155.072,152.604,2.543,0.2562,51.55,595.7
metronomic_breathing,M3,baseline,125,157.496,155.028,2.584,0.2602,50.85,595.7
metronomic_breathing,M3,baseline,127,159.832,157.364,2.623,0.2642,46.3,595.7
metronomic_breathing,M3,baseline,129,162.384,159.916,2.665,0.2684,50.68,595.7
metronomic_breathing,M3,baseline,131,164.704,162.236,2.704,0.2723,45.32,595.7
metronomic_breathing,M3,baseline,133,167.308,164.84,2.747,0.2767,50.17,595.7
metronomic_breathing,M3,baseline,135,169.74,167.272,2.788,0.2808,50.0,595.7
metronomic_breathing,M3,baseline,137,172.064,169.596,2.827,0.2847,46.88,595.7
metronomic_breathing,M3,baseline,139,174.56,172.092,2.868,0.2889,51.55,595.7
metronomic_breathing,M3,baseline,141,176.988,174.52,2.909,0.293,47.77,595.7
metronomic_breathing,M3,baseline,143,179.488,177.02,2.95,0.2971,53.96,595.7
metronomic_breathing,M3,baseline,145,181.708,179.24,2.987,0.3009,55.35,595.7
metronomic_breathing,M3,baseline,147,183.804,181.336,3.022,0.3044,62.5,595.7
metronomic_breathing,M3,baseline,149,185.724,183.256,3.054,0.3076,59.06,595.7
metronomic_breathing,M3,baseline,151,187.76,185.292,3.088,0.311,55.76,595.7
metronomic_breathing,M3,baseline,153,189.96,187.492,3.125,0.3147,55.35,595.7
metronomic_breathing,M3,baseline,155,192.06,189.592,3.16,0.3183,56.18,595.7
metronomic_breathing,M3,baseline,157,194.288,191.82,3.197,0.322,55.97,595.7
metronomic_breathing,M3,baseline,159,196.36,193.892,3.232,0.3255,56.39,595.7
metronomic_breathing,M3,baseline,161,198.48,196.012,3.267,0.329,54.95,595.7
metronomic_breathing,M3,baseline,163,200.596,198.128,3.302,0.3326,59.52,595.7
metronomic_breathing,M3,baseline,165,202.648,200.18,3.336,0.336,61.98,595.7
metronomic_breathing,M3,baseline,167,204.572,202.104,3.368,0.3393,62.5,595.7
metronomic_breathing,M3,baseline,169,206.56,204.092,3.402,0.3426,60.48,595.7
metronomic_breathing,M3,baseline,171,208.576,206.108,3.435,0.346,53.19,595.7
metronomic_breathing,M3,baseline,173,210.868,208.4,3.473,0.3498,54.15,595.7
metronomic_breathing,M3,baseline,175,213.076,210.608,3.51,0.3535,51.72,595.7
metronomic_breathing,M3,baseline,177,215.352,212.884,3.548,0.3574,56.82,595.7
metronomic_breathing,M3,baseline,179,217.44,214.972,3.583,0.3609,53.38,595.7
metronomic_breathing,M3,baseline,181,219.668,217.2,3.62,0.3646,55.15,595.7
metronomic_breathing,M3,baseline,183,221.796,219.328,3.655,0.3682,51.9,595.7
metronomic_breathing,M3,baseline,185,224.056,221.588,3.693,0.372,58.82,595.7
metronomic_breathing,M3,baseline,187,226.124,223.656,3.728,0.3754,55.97,595.7
metronomic_breathing,M3,baseline,189,228.192,225.724,3.762,0.3789,59.06,595.7
metronomic_breathing,M3,baseline,191,230.312,227.844,3.797,0.3825,52.08,595.7
metronomic_breathing,M3,baseline,193,232.56,230.092,3.835,0.3862,56.6,595.7
metronomic_breathing,M3,baseline,195,234.74,232.272,3.871,0.3899,55.15,595.7
metronomic_breathing,M3,baseline,197,236.884,234.416,3.907,0.3935,54.95,595.7
metronomic_breathing,M3,baseline,199,239.072,236.604,3.943,0.3972,59.29,595.7
metronomic_breathing,M3,baseline,201,241.08,238.612,3.977,0.4005,57.25,595.7
metronomic_breathing,M3,baseline,203,243.184,240.716,4.012,0.4041,57.92,595.7
metronomic_breathing,M3,baseline,205,245.196,242.728,4.045,0.4074,61.48,595.7
metronomic_breathing,M3,baseline,207,247.24,244.772,4.08,0.4109,58.59,595.7
metronomic_breathing,M3,baseline,209,249.216,246.748,4.112,0.4142,60.98,595.7
metronomic_breathing,M3,baseline,211,251.22,248.752,4.146,0.4176,60.0,595.7
metronomic_breathing,M3,baseline,213,253.168,250.7,4.178,0.4208,63.29,595.7
metronomic_breathing,M3,baseline,215,255.14,252.672,4.211,0.4241,57.25,595.7
metronomic_breathing,M3,baseline,217,257.2,254.732,4.246,0.4276,60.98,595.7
metronomic_breathing,M3,baseline,219,259.212,256.744,4.279,0.431,57.03,595.7
metronomic_breathing,M3,baseline,221,261.24,258.772,4.313,0.4344,59.29,595.7
metronomic_breathing,M3,baseline,223,263.328,260.86,4.348,0.4379,56.39,595.7
metronomic_breathing,M3,baseline,225,265.376,262.908,4.382,0.4413,63.03,595.7
metronomic_breathing,M3,baseline,227,267.332,264.864,4.414,0.4446,55.97,595.7
metronomic_breathing,M3,baseline,229,269.428,266.96,4.449,0.4481,59.76,595.7
metronomic_breathing,M3,baseline,231,271.48,269.012,4.484,0.4516,57.25,595.7
metronomic_breathing,M3,baseline,233,273.552,271.084,4.518,0.455,60.73,595.7
metronomic_breathing,M3,baseline,235,275.52,273.052,4.551,0.4584,56.82,595.7
metronomic_breathing,M3,baseline,237,277.584,275.116,4.585,0.4618,59.29,595.7
metronomic_breathing,M3,baseline,239,279.676,277.208,4.62,0.4653,56.18,595.7
metronomic_breathing,M3,baseline,241,281.724,279.256,4.654,0.4688,63.03,595.7
metronomic_breathing,M3,baseline,243,283.676,281.208,4.687,0.472,64.94,595.7
metronomic_breathing,M3,baseline,245,285.464,282.996,4.717,0.475,68.18,595.7
metronomic_breathing,M3,baseline,247,287.308,284.84,4.747,0.4781,53.0,595.7
metronomic_breathing,M3,baseline,249,289.524,287.056,4.784,0.4819,55.97,595.7
metronomic_breathing,M3,baseline,251,291.764,289.296,4.822,0.4856,51.19,595.7
metronomic_breathing,M3,baseline,253,294.032,291.564,4.859,0.4894,56.82,595.7
metronomic_breathing,M3,baseline,255,296.22,293.752,4.896,0.4931,51.02,595.7
metronomic_breathing,M3,baseline,257,298.432,295.964,4.933,0.4968,59.52,595.7
metronomic_breathing,M3,baseline,259,300.596,298.128,4.969,0.5004,52.26,595.7
metronomic_breathing,M3,baseline,261,302.828,300.36,5.006,0.5042,52.26,595.7
metronomic_breathing,M3,baseline,263,305.176,302.708,5.045,0.5081,53.38,595.7
metronomic_breathing,M3,baseline,265,307.412,304.944,5.082,0.5119,51.19,595.7
metronomic_breathing,M3,baseline,267,309.812,307.344,5.122,0.5159,50.0,595.7
metronomic_breathing,M3,baseline,269,312.232,309.764,5.163,0.52,48.08,595.7
metronomic_breathing,M3,baseline,271,314.692,312.224,5.204,0.5241,50.85,595.7
metronomic_breathing,M3,baseline,273,317.128,314.66,5.244,0.5282,47.62,595.7
metronomic_breathing,M3,baseline,275,319.532,317.064,5.284,0.5322,53.76,595.7
metronomic_breathing,M3,baseline,277,321.872,319.404,5.323,0.5362,50.85,595.7
metronomic_breathing,M3,baseline,279,324.184,321.716,5.362,0.54,50.51,595.7
metronomic_breathing,M3,baseline,281,326.592,324.124,5.402,0.5441,54.95,595.7
metronomic_breathing,M3,baseline,283,328.808,326.34,5.439,0.5478,49.51,595.7
metronomic_breathing,M3,baseline,285,331.188,328.72,5.479,0.5518,50.85,595.7
metronomic_breathing,M3,baseline,287,333.596,331.128,5.519,0.5558,49.83,595.7
metronomic_breathing,M3,baseline,289,335.872,333.404,5.557,0.5597,55.15,595.7
metronomic_breathing,M3,baseline,291,338.232,335.764,5.596,0.5636,53.38,595.7
metronomic_breathing,M3,baseline,293,340.416,337.948,5.632,0.5673,49.02,595.7
metronomic_breathing,M3,baseline,295,342.888,340.42,5.674,0.5714,53.19,595.7
metronomic_breathing,M3,baseline,297,345.08,342.612,5.71,0.5751,51.02,595.7
metronomic_breathing,M3,baseline,299,347.504,345.036,5.751,0.5792,50.0,595.7
metronomic_breathing,M3,baseline,301,349.944,347.476,5.791,0.5833,52.63,595.7
metronomic_breathing,M3,baseline,303,352.232,349.764,5.829,0.5871,50.17,595.7
metronomic_breathing,M3,baseline,305,354.648,352.18,5.87,0.5912,51.55,595.7
metronomic_breathing,M3,baseline,307,356.888,354.42,5.907,0.5949,50.68,595.7
metronomic_breathing,M3,baseline,309,359.24,356.772,5.946,0.5989,54.74,595.7
metronomic_breathing,M3,baseline,311,361.42,358.952,5.983,0.6025,50.34,595.7
metronomic_breathing,M3,baseline,313,363.836,361.368,6.023,0.6066,53.19,595.7
metronomic_breathing,M3,baseline,315,366.104,363.636,6.061,0.6104,51.02,595.7
metronomic_breathing,M3,baseline,317,368.516,366.048,6.101,0.6145,49.02,595.7
metronomic_breathing,M3,baseline,319,371.012,368.544,6.142,0.6186,46.58,595.7
metronomic_breathing,M3,baseline,321,373.508,371.04,6.184,0.6228,47.17,595.7
metronomic_breathing,M3,baseline,323,376.084,373.616,6.227,0.6272,52.26,595.7
metronomic_breathing,M3,baseline,325,378.328,375.86,6.264,0.6309,53.57,595.7
metronomic_breathing,M3,baseline,327,380.652,378.184,6.303,0.6348,51.37,595.7
metronomic_breathing,M3,baseline,329,383.028,380.56,6.343,0.6388,47.77,595.7
metronomic_breathing,M3,baseline,331,385.424,382.956,6.383,0.6428,53.38,595.7
metronomic_breathing,M3,baseline,333,387.748,385.28,6.421,0.6467,51.55,595.7
metronomic_breathing,M3,baseline,335,390.024,387.556,6.459,0.6506,48.39,595.7
metronomic_breathing,M3,baseline,337,392.5,390.032,6.501,0.6547,53.19,595.7
metronomic_breathing,M3,baseline,339,394.78,392.312,6.539,0.6585,46.58,595.7
metronomic_breathing,M3,baseline,341,397.316,394.848,6.581,0.6628,50.85,595.7
metronomic_breathing,M3,baseline,343,399.744,397.276,6.621,0.6669,47.62,595.7
metronomic_breathing,M3,baseline,345,402.164,399.696,6.662,0.6709,52.08,595.7
metronomic_breathing,M3,baseline,347,404.628,402.16,6.703,0.6751,50.68,595.7
metronomic_breathing,M3,baseline,349,406.9,404.432,6.741,0.6789,44.25,595.7
metronomic_breathing,M3,baseline,351,409.596,407.128,6.785,0.6834,52.63,595.7
metronomic_breathing,M3,baseline,353,411.912,409.444,6.824,0.6873,46.88,595.7
metronomic_breathing,M3,baseline,355,414.492,412.024,6.867,0.6916,46.58,595.7
metronomic_breathing,M3,baseline,357,417.088,414.62,6.91,0.696,50.0,595.7
metronomic_breathing,M3,baseline,359,419.604,417.136,6.952,0.7002,42.86,595.7
metronomic_breathing,M3,baseline,361,422.272,419.804,6.997,0.7047,47.47,595.7
metronomic_breathing,M3,baseline,363,424.828,422.36,7.039,0.709,49.83,595.7
metronomic_breathing,M3,baseline,365,427.232,424.764,7.079,0.713,44.12,595.7
metronomic_breathing,M3,baseline,367,429.876,427.408,7.123,0.7175,49.34,595.7
metronomic_breathing,M3,baseline,369,432.352,429.884,7.165,0.7216,49.83,595.7
metronomic_breathing,M3,baseline,371,434.78,432.312,7.205,0.7257,44.12,595.7
metronomic_breathing,M3,baseline,373,437.408,434.94,7.249,0.7301,51.9,595.7
metronomic_breathing,M3,baseline,375,439.748,437.28,7.288,0.734,45.32,595.7
metronomic_breathing,M3,baseline,377,442.28,439.812,7.33,0.7383,51.72,595.7
metronomic_breathing,M3,baseline,379,444.692,442.224,7.37,0.7423,49.02,595.7
metronomic_breathing,M3,baseline,381,447.072,444.604,7.41,0.7463,48.39,595.7
metronomic_breathing,M3,baseline,383,449.676,447.208,7.453,0.7507,43.73,595.7
metronomic_breathing,M3,baseline,385,452.396,449.928,7.499,0.7553,44.64,595.7
metronomic_breathing,M3,baseline,387,455.008,452.54,7.542,0.7596,48.39,595.7
metronomic_breathing,M3,baseline,389,457.572,455.104,7.585,0.7639,48.08,595.7
metronomic_breathing,M3,baseline,391,460.08,457.612,7.627,0.7682,44.64,595.7
metronomic_breathing,M3,baseline,393,462.716,460.248,7.671,0.7726,47.62,595.7
metronomic_breathing,M3,baseline,395,465.284,462.816,7.714,0.7769,45.32,595.7
metronomic_breathing,M3,baseline,397,467.868,465.4,7.757,0.7812,46.73,595.7
metronomic_breathing,M3,baseline,399,470.384,467.916,7.799,0.7855,52.08,595.7
metronomic_breathing,M3,baseline,401,472.8,470.332,7.839,0.7895,44.78,595.7
metronomic_breathing,M3,baseline,403,475.42,472.952,7.883,0.7939,48.08,595.7
metronomic_breathing,M3,baseline,405,477.944,475.476,7.925,0.7981,47.62,595.7
metronomic_breathing,M3,baseline,407,480.352,477.884,7.965,0.8022,47.32,595.7
metronomic_breathing,M3,baseline,409,482.936,480.468,8.008,0.8065,48.39,595.7
metronomic_breathing,M3,baseline,411,485.472,483.004,8.05,0.8108,44.78,595.7
metronomic_breathing,M3,baseline,413,488.0,485.532,8.092,0.815,49.51,595.7
metronomic_breathing,M3,baseline,415,490.348,487.88,8.131,0.819,53.76,595.7
metronomic_breathing,M3,baseline,417,492.492,490.024,8.167,0.8226,59.29,595.7
metronomic_breathing,M3,baseline,419,494.7,492.232,8.204,0.8263,51.02,595.7
metronomic_breathing,M3,baseline,421,496.984,494.516,8.242,0.8301,50.34,595.7
metronomic_breathing,M3,baseline,423,499.364,496.896,8.282,0.8341,51.37,595.7
metronomic_breathing,M3,baseline,425,501.772,499.304,8.322,0.8381,48.39,595.7
metronomic_breathing,M3,baseline,427,504.18,501.712,8.362,0.8422,51.19,595.7
metronomic_breathing,M3,baseline,429,506.572,504.104,8.402,0.8462,51.72,595.7
metronomic_breathing,M3,baseline,431,508.788,506.32,8.439,0.8499,51.19,595.7
metronomic_breathing,M3,baseline,433,511.156,508.688,8.478,0.8539,51.9,595.7
metronomic_breathing,M3,baseline,435,513.592,511.124,8.519,0.858,44.78,595.7
metronomic_breathing,M3,baseline,437,516.172,513.704,8.562,0.8623,51.19,595.7
metronomic_breathing,M3,baseline,439,518.556,516.088,8.601,0.8663,50.85,595.7
metronomic_breathing,M3,baseline,441,520.924,518.456,8.641,0.8703,43.86,595.7
metronomic_breathing,M3,baseline,443,523.724,521.256,8.688,0.875,45.87,595.7
metronomic_breathing,M3,baseline,445,526.328,523.86,8.731,0.8794,49.67,595.7
metronomic_breathing,M3,baseline,447,528.744,526.276,8.771,0.8834,49.67,595.7
metronomic_breathing,M3,baseline,449,531.244,528.776,8.813,0.8876,43.48,595.7
metronomic_breathing,M3,baseline,451,533.884,531.416,8.857,0.892,43.86,595.7
metronomic_breathing,M3,baseline,453,536.6,534.132,8.902,0.8966,48.86,595.7
metronomic_breathing,M3,baseline,455,539.088,536.62,8.944,0.9008,44.12,595.7
metronomic_breathing,M3,baseline,457,541.692,539.224,8.987,0.9052,49.51,595.7
metronomic_breathing,M3,baseline,459,544.18,541.712,9.029,0.9093,44.64,595.7
metronomic_breathing,M3,baseline,461,546.82,544.352,9.073,0.9138,45.59,595.7
metronomic_breathing,M3,baseline,463,549.316,546.848,9.114,0.9179,54.95,595.7
metronomic_breathing,M3,baseline,465,551.672,549.204,9.153,0.9219,47.62,595.7
metronomic_breathing,M3,baseline,467,554.152,551.684,9.195,0.9261,49.02,595.7
metronomic_breathing,M3,baseline,469,556.544,554.076,9.235,0.9301,50.34,595.7
metronomic_breathing,M3,baseline,471,558.936,556.468,9.274,0.9341,43.48,595.7
metronomic_breathing,M3,baseline,473,561.568,559.1,9.318,0.9385,46.01,595.7
metronomic_breathing,M3,baseline,475,564.204,561.736,9.362,0.9429,47.77,595.7
metronomic_breathing,M3,baseline,477,566.676,564.208,9.403,0.9471,46.44,595.7
metronomic_breathing,M3,baseline,479,569.264,566.796,9.447,0.9514,53.57,595.7
metronomic_breathing,M3,baseline,481,571.456,568.988,9.483,0.9551,55.56,595.7
metronomic_breathing,M3,baseline,483,573.776,571.308,9.522,0.959,50.51,595.7
metronomic_breathing,M3,baseline,485,576.244,573.776,9.563,0.9632,48.08,595.7
metronomic_breathing,M3,baseline,487,578.644,576.176,9.603,0.9672,53.76,595.7
metronomic_breathing,M3,baseline,489,580.864,578.396,9.64,0.9709,51.9,595.7
metronomic_breathing,M3,baseline,491,583.132,580.664,9.678,0.9747,53.76,595.7
metronomic_breathing,M3,baseline,493,585.396,582.928,9.715,0.9785,53.38,595.7
metronomic_breathing,M3,baseline,495,587.64,585.172,9.753,0.9823,53.0,595.7
metronomic_breathing,M3,baseline,497,589.908,587.44,9.791,0.9861,55.56,595.7
metronomic_breathing,M3,baseline,499,592.048,589.58,9.826,0.9897,60.24,595.7
metronomic_breathing,M3,baseline,501,594.1,591.632,9.861,0.9931,55.76,595.7
metronomic_breathing,M3,baseline,503,596.248,593.78,9.896,0.9967,58.82,595.7
metronomic_breathing,M3,baseline,505,598.196,595.728,9.929,1.0,61.98,595.7
metronomic_breathing,M4,baseline,1,1.492,0.0,0.0,0.0,63.56,597.4
metronomic_breathing,M4,baseline,3,3.396,1.904,0.032,0.0032,58.59,597.4
metronomic_breathing,M4,baseline,5,5.404,3.912,0.065,0.0065,60.48,597.4
metronomic_breathing,M4,baseline,7,7.38,5.888,0.098,0.0099,61.73,597.4
metronomic_breathing,M4,baseline,9,9.24,7.748,0.129,0.013,74.63,597.4
metronomic_breathing,M4,baseline,11,10.896,9.404,0.157,0.0157,49.83,597.4
metronomic_breathing,M4,baseline,13,13.192,11.7,0.195,0.0196,61.48,597.4
metronomic_breathing,M4,baseline,15,15.052,13.56,0.226,0.0227,71.77,597.4
metronomic_breathing,M4,baseline,17,16.904,15.412,0.257,0.0258,59.76,597.4
metronomic_breathing,M4,baseline,19,18.736,17.244,0.287,0.0289,72.82,597.4
metronomic_breathing,M4,baseline,21,20.728,19.236,0.321,0.0322,55.56,597.4
metronomic_breathing,M4,baseline,23,22.82,21.328,0.355,0.0357,67.26,597.4
metronomic_breathing,M4,baseline,25,24.588,23.096,0.385,0.0387,55.97,597.4
metronomic_breathing,M4,baseline,27,26.728,25.236,0.421,0.0422,67.87,597.4
metronomic_breathing,M4,baseline,29,28.684,27.192,0.453,0.0455,55.76,597.4
metronomic_breathing,M4,baseline,31,30.716,29.224,0.487,0.0489,68.81,597.4
metronomic_breathing,M4,baseline,33,32.636,31.144,0.519,0.0521,56.18,597.4
metronomic_breathing,M4,baseline,35,34.64,33.148,0.552,0.0555,66.08,597.4
metronomic_breathing,M4,baseline,37,36.612,35.12,0.585,0.0588,57.03,597.4
metronomic_breathing,M4,baseline,39,38.64,37.148,0.619,0.0622,63.56,597.4
metronomic_breathing,M4,baseline,41,40.704,39.212,0.654,0.0656,55.56,597.4
metronomic_breathing,M4,baseline,43,42.76,41.268,0.688,0.0691,66.37,597.4
metronomic_breathing,M4,baseline,45,44.804,43.312,0.722,0.0725,55.56,597.4
metronomic_breathing,M4,baseline,47,46.888,45.396,0.757,0.076,64.1,597.4
metronomic_breathing,M4,baseline,49,48.86,47.368,0.789,0.0793,54.74,597.4
metronomic_breathing,M4,baseline,51,50.94,49.448,0.824,0.0828,64.38,597.4
metronomic_breathing,M4,baseline,53,52.928,51.436,0.857,0.0861,58.14,597.4
metronomic_breathing,M4,baseline,55,54.924,53.432,0.891,0.0894,61.48,597.4
metronomic_breathing,M4,baseline,57,57.004,55.512,0.925,0.0929,55.56,597.4
metronomic_breathing,M4,baseline,59,59.072,57.58,0.96,0.0964,60.0,597.4
metronomic_breathing,M4,baseline,61,61.128,59.636,0.994,0.0998,57.69,597.4
metronomic_breathing,M4,baseline,63,63.132,61.64,1.027,0.1032,60.24,597.4
metronomic_breathing,M4,baseline,65,65.208,63.716,1.062,0.1067,60.0,597.4
metronomic_breathing,M4,baseline,67,67.176,65.684,1.095,0.11,58.82,597.4
metronomic_breathing,M4,baseline,69,69.312,67.82,1.13,0.1135,57.47,597.4
metronomic_breathing,M4,baseline,71,71.372,69.88,1.165,0.117,57.69,597.4
metronomic_breathing,M4,baseline,73,73.412,71.92,1.199,0.1204,63.56,597.4
metronomic_breathing,M4,baseline,75,75.312,73.82,1.23,0.1236,56.39,597.4
metronomic_breathing,M4,baseline,77,77.464,75.972,1.266,0.1272,56.82,597.4
metronomic_breathing,M4,baseline,79,79.572,78.08,1.301,0.1307,57.03,597.4
metronomic_breathing,M4,baseline,81,81.684,80.192,1.337,0.1342,62.5,597.4
metronomic_breathing,M4,baseline,83,83.564,82.072,1.368,0.1374,56.18,597.4
metronomic_breathing,M4,baseline,85,85.716,84.224,1.404,0.141,61.98,597.4
metronomic_breathing,M4,baseline,87,87.696,86.204,1.437,0.1443,54.74,597.4
metronomic_breathing,M4,baseline,89,89.88,88.388,1.473,0.148,61.22,597.4
metronomic_breathing,M4,baseline,91,91.888,90.396,1.507,0.1513,56.82,597.4
metronomic_breathing,M4,baseline,93,93.968,92.476,1.541,0.1548,60.0,597.4
metronomic_breathing,M4,baseline,95,95.952,94.46,1.574,0.1581,60.98,597.4
metronomic_breathing,M4,baseline,97,97.924,96.432,1.607,0.1614,60.48,597.4
metronomic_breathing,M4,baseline,99,99.968,98.476,1.641,0.1648,55.97,597.4
metronomic_breathing,M4,baseline,101,102.092,100.6,1.677,0.1684,60.24,597.4
metronomic_breathing,M4,baseline,103,104.08,102.588,1.71,0.1717,73.53,597.4
metronomic_breathing,M4,baseline,105,105.688,104.196,1.737,0.1744,68.49,597.4
metronomic_breathing,M4,baseline,107,107.44,105.948,1.766,0.1773,71.43,597.4
metronomic_breathing,M4,baseline,109,109.052,107.56,1.793,0.18,74.63,597.4
metronomic_breathing,M4,baseline,111,110.676,109.184,1.82,0.1828,72.46,597.4
metronomic_breathing,M4,baseline,113,112.464,110.972,1.85,0.1858,61.22,597.4
metronomic_breathing,M4,baseline,115,114.388,112.896,1.882,0.189,68.49,597.4
metronomic_breathing,M4,baseline,117,116.152,114.66,1.911,0.1919,59.06,597.4
metronomic_breathing,M4,baseline,119,118.128,116.636,1.944,0.1952,67.57,597.4
metronomic_breathing,M4,baseline,121,119.808,118.316,1.972,0.1981,75.38,597.4
metronomic_breathing,M4,baseline,123,121.6,120.108,2.002,0.2011,58.14,597.4
metronomic_breathing,M4,baseline,125,123.552,122.06,2.034,0.2043,67.26,597.4
metronomic_breathing,M4,baseline,127,125.512,124.02,2.067,0.2076,55.35,597.4
metronomic_breathing,M4,baseline,129,127.568,126.076,2.101,0.211,65.79,597.4
metronomic_breathing,M4,baseline,131,129.584,128.092,2.135,0.2144,55.97,597.4
metronomic_breathing,M4,baseline,133,131.66,130.168,2.169,0.2179,61.98,597.4
metronomic_breathing,M4,baseline,135,133.74,132.248,2.204,0.2214,53.76,597.4
metronomic_breathing,M4,baseline,137,135.824,134.332,2.239,0.2249,60.24,597.4
metronomic_breathing,M4,baseline,139,137.904,136.412,2.274,0.2283,56.39,597.4
metronomic_breathing,M4,baseline,141,139.924,138.432,2.307,0.2317,61.48,597.4
metronomic_breathing,M4,baseline,143,141.988,140.496,2.342,0.2352,57.69,597.4
metronomic_breathing,M4,baseline,145,143.988,142.496,2.375,0.2385,55.15,597.4
metronomic_breathing,M4,baseline,147,146.184,144.692,2.412,0.2422,58.59,597.4
metronomic_breathing,M4,baseline,149,148.204,146.712,2.445,0.2456,53.96,597.4
metronomic_breathing,M4,baseline,151,150.444,148.952,2.483,0.2493,61.48,597.4
metronomic_breathing,M4,baseline,153,152.372,150.88,2.515,0.2526,54.15,597.4
metronomic_breathing,M4,baseline,155,154.62,153.128,2.552,0.2563,60.98,597.4
metronomic_breathing,M4,baseline,157,156.612,155.12,2.585,0.2597,51.55,597.4
metronomic_breathing,M4,baseline,159,158.848,157.356,2.623,0.2634,62.5,597.4
metronomic_breathing,M4,baseline,161,160.788,159.296,2.655,0.2667,54.74,597.4
metronomic_breathing,M4,baseline,163,163.0,161.508,2.692,0.2704,62.24,597.4
metronomic_breathing,M4,baseline,165,164.968,163.476,2.725,0.2736,53.96,597.4
metronomic_breathing,M4,baseline,167,167.172,165.68,2.761,0.2773,63.03,597.4
metronomic_breathing,M4,baseline,169,169.124,167.632,2.794,0.2806,53.76,597.4
metronomic_breathing,M4,baseline,171,171.296,169.804,2.83,0.2842,63.29,597.4
metronomic_breathing,M4,baseline,173,173.268,171.776,2.863,0.2875,54.35,597.4
metronomic_breathing,M4,baseline,175,175.436,173.944,2.899,0.2912,64.66,597.4
metronomic_breathing,M4,baseline,177,177.232,175.74,2.929,0.2942,53.57,597.4
metronomic_breathing,M4,baseline,179,179.456,177.964,2.966,0.2979,62.5,597.4
metronomic_breathing,M4,baseline,181,181.452,179.96,2.999,0.3012,55.15,597.4
metronomic_breathing,M4,baseline,183,183.584,182.092,3.035,0.3048,62.24,597.4
metronomic_breathing,M4,baseline,185,185.564,184.072,3.068,0.3081,55.35,597.4
metronomic_breathing,M4,baseline,187,187.66,186.168,3.103,0.3116,60.73,597.4
metronomic_breathing,M4,baseline,189,189.716,188.224,3.137,0.3151,54.35,597.4
metronomic_breathing,M4,baseline,191,191.848,190.356,3.173,0.3186,61.98,597.4
metronomic_breathing,M4,baseline,193,193.872,192.38,3.206,0.322,55.15,597.4
metronomic_breathing,M4,baseline,195,195.944,194.452,3.241,0.3255,61.48,597.4
metronomic_breathing,M4,baseline,197,197.992,196.5,3.275,0.3289,55.35,597.4
metronomic_breathing,M4,baseline,199,200.068,198.576,3.31,0.3324,61.73,597.4
metronomic_breathing,M4,baseline,201,202.104,200.612,3.344,0.3358,55.76,597.4
metronomic_breathing,M4,baseline,203,204.18,202.688,3.378,0.3393,59.06,597.4
metronomic_breathing,M4,baseline,205,206.328,204.836,3.414,0.3429,53.38,597.4
metronomic_breathing,M4,baseline,207,208.472,206.98,3.45,0.3465,55.97,597.4
metronomic_breathing,M4,baseline,209,210.648,209.156,3.486,0.3501,55.56,597.4
metronomic_breathing,M4,baseline,211,212.744,211.252,3.521,0.3536,60.48,597.4
metronomic_breathing,M4,baseline,213,214.856,213.364,3.556,0.3572,54.55,597.4
metronomic_breathing,M4,baseline,215,216.984,215.492,3.592,0.3607,59.06,597.4
metronomic_breathing,M4,baseline,217,219.148,217.656,3.628,0.3643,53.76,597.4
metronomic_breathing,M4,baseline,219,221.276,219.784,3.663,0.3679,57.69,597.4
metronomic_breathing,M4,baseline,221,223.392,221.9,3.698,0.3714,58.82,597.4
metronomic_breathing,M4,baseline,223,225.38,223.888,3.731,0.3748,58.37,597.4
metronomic_breathing,M4,baseline,225,227.54,226.048,3.767,0.3784,56.6,597.4
metronomic_breathing,M4,baseline,227,229.58,228.088,3.801,0.3818,58.14,597.4
metronomic_breathing,M4,baseline,229,231.696,230.204,3.837,0.3853,57.47,597.4
metronomic_breathing,M4,baseline,231,233.752,232.26,3.871,0.3888,53.96,597.4
metronomic_breathing,M4,baseline,233,235.964,234.472,3.908,0.3925,58.82,597.4
metronomic_breathing,M4,baseline,235,237.94,236.448,3.941,0.3958,55.56,597.4
metronomic_breathing,M4,baseline,237,240.128,238.636,3.977,0.3995,58.82,597.4
metronomic_breathing,M4,baseline,239,242.112,240.62,4.01,0.4028,56.6,597.4
metronomic_breathing,M4,baseline,241,244.28,242.788,4.046,0.4064,58.59,597.4
metronomic_breathing,M4,baseline,243,246.288,244.796,4.08,0.4098,55.15,597.4
metronomic_breathing,M4,baseline,245,248.48,246.988,4.116,0.4134,59.29,597.4
metronomic_breathing,M4,baseline,247,250.496,249.004,4.15,0.4168,55.56,597.4
metronomic_breathing,M4,baseline,249,252.668,251.176,4.186,0.4205,59.76,597.4
metronomic_breathing,M4,baseline,251,254.664,253.172,4.22,0.4238,54.35,597.4
metronomic_breathing,M4,baseline,253,256.84,255.348,4.256,0.4274,60.0,597.4
metronomic_breathing,M4,baseline,255,258.836,257.344,4.289,0.4308,55.15,597.4
metronomic_breathing,M4,baseline,257,261.032,259.54,4.326,0.4345,59.29,597.4
metronomic_breathing,M4,baseline,259,263.104,261.612,4.36,0.4379,53.57,597.4
metronomic_breathing,M4,baseline,261,265.28,263.788,4.396,0.4416,61.98,597.4
metronomic_breathing,M4,baseline,263,267.208,265.716,4.429,0.4448,56.6,597.4
metronomic_breathing,M4,baseline,265,269.324,267.832,4.464,0.4483,60.98,597.4
metronomic_breathing,M4,baseline,267,271.34,269.848,4.497,0.4517,55.76,597.4
metronomic_breathing,M4,baseline,269,273.448,271.956,4.533,0.4552,64.38,597.4
metronomic_breathing,M4,baseline,271,275.344,273.852,4.564,0.4584,57.92,597.4
metronomic_breathing,M4,baseline,273,277.452,275.96,4.599,0.4619,60.24,597.4
metronomic_breathing,M4,baseline,275,279.428,277.936,4.632,0.4652,58.59,597.4
metronomic_breathing,M4,baseline,277,281.48,279.988,4.666,0.4687,63.83,597.4
metronomic_breathing,M4,baseline,279,283.396,281.904,4.698,0.4719,57.69,597.4
metronomic_breathing,M4,baseline,281,285.5,284.008,4.733,0.4754,61.22,597.4
metronomic_breathing,M4,baseline,283,287.44,285.948,4.766,0.4787,53.76,597.4
metronomic_breathing,M4,baseline,285,289.632,288.14,4.802,0.4823,63.56,597.4
metronomic_breathing,M4,baseline,287,291.644,290.152,4.836,0.4857,54.95,597.4
metronomic_breathing,M4,baseline,289,293.724,292.232,4.871,0.4892,66.96,597.4
metronomic_breathing,M4,baseline,291,295.676,294.184,4.903,0.4924,51.02,597.4
metronomic_breathing,M4,baseline,293,297.872,296.38,4.94,0.4961,59.76,597.4
metronomic_breathing,M4,baseline,295,299.964,298.472,4.975,0.4996,57.47,597.4
metronomic_breathing,M4,baseline,297,301.98,300.488,5.008,0.503,63.56,597.4
metronomic_breathing,M4,baseline,299,303.968,302.476,5.041,0.5063,55.56,597.4
metronomic_breathing,M4,baseline,301,306.016,304.524,5.075,0.5098,60.98,597.4
metronomic_breathing,M4,baseline,303,308.08,306.588,5.11,0.5132,54.35,597.4
metronomic_breathing,M4,baseline,305,310.196,308.704,5.145,0.5167,63.29,597.4
metronomic_breathing,M4,baseline,307,312.192,310.7,5.178,0.5201,55.15,597.4
metronomic_breathing,M4,baseline,309,314.296,312.804,5.213,0.5236,61.48,597.4
metronomic_breathing,M4,baseline,311,316.356,314.864,5.248,0.5271,55.35,597.4
metronomic_breathing,M4,baseline,313,318.432,316.94,5.282,0.5305,60.73,597.4
metronomic_breathing,M4,baseline,315,320.508,319.016,5.317,0.534,57.47,597.4
metronomic_breathing,M4,baseline,317,322.528,321.036,5.351,0.5374,61.98,597.4
metronomic_breathing,M4,baseline,319,324.58,323.088,5.385,0.5408,53.38,597.4
metronomic_breathing,M4,baseline,321,326.684,325.192,5.42,0.5443,62.5,597.4
metronomic_breathing,M4,baseline,323,328.66,327.168,5.453,0.5477,57.25,597.4
metronomic_breathing,M4,baseline,325,330.772,329.28,5.488,0.5512,62.76,597.4
metronomic_breathing,M4,baseline,327,332.752,331.26,5.521,0.5545,50.68,597.4
metronomic_breathing,M4,baseline,329,334.94,333.448,5.557,0.5582,62.5,597.4
metronomic_breathing,M4,baseline,331,336.88,335.388,5.59,0.5614,55.97,597.4
metronomic_breathing,M4,baseline,333,338.908,337.416,5.624,0.5648,68.49,597.4
metronomic_breathing,M4,baseline,335,340.812,339.32,5.655,0.568,57.69,597.4
metronomic_breathing,M4,baseline,337,342.868,341.376,5.69,0.5714,64.1,597.4
metronomic_breathing,M4,baseline,339,344.872,343.38,5.723,0.5748,57.03,597.4
metronomic_breathing,M4,baseline,341,346.892,345.4,5.757,0.5782,70.09,597.4
metronomic_breathing,M4,baseline,343,348.62,347.128,5.785,0.5811,52.63,597.4
metronomic_breathing,M4,baseline,345,350.812,349.32,5.822,0.5847,69.12,597.4
metronomic_breathing,M4,baseline,347,352.564,351.072,5.851,0.5877,53.57,597.4
metronomic_breathing,M4,baseline,349,354.748,353.256,5.888,0.5913,62.5,597.4
metronomic_breathing,M4,baseline,351,356.752,355.26,5.921,0.5947,53.96,597.4
metronomic_breathing,M4,baseline,353,358.9,357.408,5.957,0.5983,73.17,597.4
metronomic_breathing,M4,baseline,355,360.58,359.088,5.985,0.6011,48.08,597.4
metronomic_breathing,M4,baseline,357,362.916,361.424,6.024,0.605,63.56,597.4
metronomic_breathing,M4,baseline,359,364.78,363.288,6.055,0.6081,50.68,597.4
metronomic_breathing,M4,baseline,361,367.048,365.556,6.093,0.6119,64.38,597.4
metronomic_breathing,M4,baseline,363,368.92,367.428,6.124,0.615,53.96,597.4
metronomic_breathing,M4,baseline,365,371.132,369.64,6.161,0.6188,61.48,597.4
metronomic_breathing,M4,baseline,367,373.116,371.624,6.194,0.6221,53.38,597.4
metronomic_breathing,M4,baseline,369,375.284,373.792,6.23,0.6257,59.52,597.4
metronomic_breathing,M4,baseline,371,377.288,375.796,6.263,0.6291,59.06,597.4
metronomic_breathing,M4,baseline,373,379.3,377.808,6.297,0.6324,63.56,597.4
metronomic_breathing,M4,baseline,375,381.168,379.676,6.328,0.6356,54.95,597.4
metronomic_breathing,M4,baseline,377,383.38,381.888,6.365,0.6393,61.48,597.4
metronomic_breathing,M4,baseline,379,385.324,383.832,6.397,0.6425,53.19,597.4
metronomic_breathing,M4,baseline,381,387.548,386.056,6.434,0.6462,63.29,597.4
metronomic_breathing,M4,baseline,383,389.392,387.9,6.465,0.6493,53.76,597.4
metronomic_breathing,M4,baseline,385,391.6,390.108,6.502,0.653,63.56,597.4
metronomic_breathing,M4,baseline,387,393.408,391.916,6.532,0.656,59.29,597.4
metronomic_breathing,M4,baseline,389,395.584,394.092,6.568,0.6597,59.06,597.4
metronomic_breathing,M4,baseline,391,397.572,396.08,6.601,0.663,57.47,597.4
metronomic_breathing,M4,baseline,393,399.688,398.196,6.637,0.6666,58.59,597.4
metronomic_breathing,M4,baseline,395,401.704,400.212,6.67,0.6699,60.98,597.4
metronomic_breathing,M4,baseline,397,403.74,402.248,6.704,0.6733,58.14,597.4
metronomic_breathing,M4,baseline,399,405.788,404.296,6.738,0.6768,59.76,597.4
metronomic_breathing,M4,baseline,401,407.74,406.248,6.771,0.68,67.57,597.4
metronomic_breathing,M4,baseline,403,409.624,408.132,6.802,0.6832,48.86,597.4
metronomic_breathing,M4,baseline,405,411.896,410.404,6.84,0.687,62.5,597.4
metronomic_breathing,M4,baseline,407,413.976,412.484,6.875,0.6905,55.15,597.4
metronomic_breathing,M4,baseline,409,415.968,414.476,6.908,0.6938,72.46,597.4
metronomic_breathing,M4,baseline,411,417.992,416.5,6.942,0.6972,54.74,597.4
metronomic_breathing,M4,baseline,413,420.04,418.548,6.976,0.7006,75.76,597.4
metronomic_breathing,M4,baseline,415,421.852,420.36,7.006,0.7037,50.34,597.4
metronomic_breathing,M4,baseline,417,424.084,422.592,7.043,0.7074,70.75,597.4
metronomic_breathing,M4,baseline,419,425.844,424.352,7.073,0.7103,49.67,597.4
metronomic_breathing,M4,baseline,421,428.12,426.628,7.11,0.7141,62.24,597.4
metronomic_breathing,M4,baseline,423,430.156,428.664,7.144,0.7176,51.72,597.4
metronomic_breathing,M4,baseline,425,432.428,430.936,7.182,0.7214,56.82,597.4
metronomic_breathing,M4,baseline,427,434.484,432.992,7.217,0.7248,54.35,597.4
metronomic_breathing,M4,baseline,429,436.688,435.196,7.253,0.7285,57.69,597.4
metronomic_breathing,M4,baseline,431,438.844,437.352,7.289,0.7321,53.57,597.4
metronomic_breathing,M4,baseline,433,441.048,439.556,7.326,0.7358,60.24,597.4
metronomic_breathing,M4,baseline,435,443.092,441.6,7.36,0.7392,54.15,597.4
metronomic_breathing,M4,baseline,437,445.196,443.704,7.395,0.7427,62.76,597.4
metronomic_breathing,M4,baseline,439,447.344,445.852,7.431,0.7463,51.72,597.4
metronomic_breathing,M4,baseline,441,449.608,448.116,7.469,0.7501,55.35,597.4
metronomic_breathing,M4,baseline,443,451.704,450.212,7.504,0.7536,57.25,597.4
metronomic_breathing,M4,baseline,445,453.816,452.324,7.539,0.7572,57.47,597.4
metronomic_breathing,M4,baseline,447,455.936,454.444,7.574,0.7607,56.18,597.4
metronomic_breathing,M4,baseline,449,458.024,456.532,7.609,0.7642,55.35,597.4
metronomic_breathing,M4,baseline,451,460.208,458.716,7.645,0.7679,56.82,597.4
metronomic_breathing,M4,baseline,453,462.236,460.744,7.679,0.7713,71.43,597.4
metronomic_breathing,M4,baseline,455,463.928,462.436,7.707,0.7741,51.72,597.4
metronomic_breathing,M4,baseline,457,466.008,464.516,7.742,0.7776,66.08,597.4
metronomic_breathing,M4,baseline,459,468.016,466.524,7.775,0.7809,55.35,597.4
metronomic_breathing,M4,baseline,461,470.048,468.556,7.809,0.7843,62.24,597.4
metronomic_breathing,M4,baseline,463,472.156,470.664,7.844,0.7879,54.95,597.4
metronomic_breathing,M4,baseline,465,474.176,472.684,7.878,0.7912,73.17,597.4
metronomic_breathing,M4,baseline,467,475.952,474.46,7.908,0.7942,53.0,597.4
metronomic_breathing,M4,baseline,469,478.128,476.636,7.944,0.7979,67.87,597.4
metronomic_breathing,M4,baseline,471,479.948,478.456,7.974,0.8009,51.55,597.4
metronomic_breathing,M4,baseline,473,482.176,480.684,8.011,0.8046,59.76,597.4
metronomic_breathing,M4,baseline,475,484.276,482.784,8.046,0.8081,54.35,597.4
metronomic_breathing,M4,baseline,477,486.36,484.868,8.081,0.8116,64.94,597.4
metronomic_breathing,M4,baseline,479,488.428,486.936,8.116,0.8151,51.9,597.4
metronomic_breathing,M4,baseline,481,490.544,489.052,8.151,0.8186,53.57,597.4
metronomic_breathing,M4,baseline,483,492.784,491.292,8.188,0.8224,57.69,597.4
metronomic_breathing,M4,baseline,485,494.84,493.348,8.222,0.8258,53.57,597.4
metronomic_breathing,M4,baseline,487,497.036,495.544,8.259,0.8295,63.83,597.4
metronomic_breathing,M4,baseline,489,498.932,497.44,8.291,0.8327,55.15,597.4
metronomic_breathing,M4,baseline,491,501.112,499.62,8.327,0.8363,60.48,597.4
metronomic_breathing,M4,baseline,493,503.22,501.728,8.362,0.8399,52.26,597.4
metronomic_breathing,M4,baseline,495,505.46,503.968,8.399,0.8436,60.48,597.4
metronomic_breathing,M4,baseline,497,507.504,506.012,8.434,0.847,52.45,597.4
metronomic_breathing,M4,baseline,499,509.704,508.212,8.47,0.8507,60.73,597.4
metronomic_breathing,M4,baseline,501,511.772,510.28,8.505,0.8542,52.82,597.4
metronomic_breathing,M4,baseline,503,513.932,512.44,8.541,0.8578,60.0,597.4
metronomic_breathing,M4,baseline,505,516.012,514.52,8.575,0.8613,54.15,597.4
metronomic_breathing,M4,baseline,507,518.156,516.664,8.611,0.8649,60.0,597.4
metronomic_breathing,M4,baseline,509,520.26,518.768,8.646,0.8684,55.15,597.4
metronomic_breathing,M4,baseline,511,522.336,520.844,8.681,0.8719,64.66,597.4
metronomic_breathing,M4,baseline,513,524.348,522.856,8.714,0.8752,52.63,597.4
metronomic_breathing,M4,baseline,515,526.5,525.008,8.75,0.8788,62.5,597.4
metronomic_breathing,M4,baseline,517,528.572,527.08,8.785,0.8823,52.82,597.4
metronomic_breathing,M4,baseline,519,530.72,529.228,8.82,0.8859,60.0,597.4
metronomic_breathing,M4,baseline,521,532.848,531.356,8.856,0.8895,54.95,597.4
metronomic_breathing,M4,baseline,523,535.012,533.52,8.892,0.8931,55.97,597.4
metronomic_breathing,M4,baseline,525,537.2,535.708,8.928,0.8967,55.56,597.4
metronomic_breathing,M4,baseline,527,539.276,537.784,8.963,0.9002,61.22,597.4
metronomic_breathing,M4,baseline,529,541.352,539.86,8.998,0.9037,54.15,597.4
metronomic_breathing,M4,baseline,531,543.472,541.98,9.033,0.9072,59.76,597.4
metronomic_breathing,M4,baseline,533,545.604,544.112,9.069,0.9108,53.19,597.4
metronomic_breathing,M4,baseline,535,547.712,546.22,9.104,0.9143,59.06,597.4
metronomic_breathing,M4,baseline,537,549.832,548.34,9.139,0.9179,59.52,597.4
metronomic_breathing,M4,baseline,539,551.768,550.276,9.171,0.9211,56.18,597.4
metronomic_breathing,M4,baseline,541,553.94,552.448,9.207,0.9248,58.82,597.4
metronomic_breathing,M4,baseline,543,555.928,554.436,9.241,0.9281,54.55,597.4
metronomic_breathing,M4,baseline,545,558.12,556.628,9.277,0.9318,60.98,597.4
metronomic_breathing,M4,baseline,547,560.02,558.528,9.309,0.9349,55.76,597.4
metronomic_breathing,M4,baseline,549,562.204,560.712,9.345,0.9386,57.03,597.4
metronomic_breathing,M4,baseline,551,564.18,562.688,9.378,0.9419,57.03,597.4
metronomic_breathing,M4,baseline,553,566.372,564.88,9.415,0.9456,58.82,597.4
metronomic_breathing,M4,baseline,555,568.304,566.812,9.447,0.9488,54.95,597.4
metronomic_breathing,M4,baseline,557,570.556,569.064,9.484,0.9526,59.06,597.4
metronomic_breathing,M4,baseline,559,572.492,571.0,9.517,0.9558,58.59,597.4
metronomic_breathing,M4,baseline,561,574.584,573.092,9.552,0.9593,57.25,597.4
metronomic_breathing,M4,baseline,563,576.572,575.08,9.585,0.9626,61.98,597.4
metronomic_breathing,M4,baseline,565,578.66,577.168,9.619,0.9661,56.39,597.4
metronomic_breathing,M4,baseline,567,580.68,579.188,9.653,0.9695,64.1,597.4
metronomic_breathing,M4,baseline,569,582.708,581.216,9.687,0.9729,56.18,597.4
metronomic_breathing,M4,baseline,571,584.7,583.208,9.72,0.9763,66.37,597.4
metronomic_breathing,M4,baseline,573,586.656,585.164,9.753,0.9795,57.03,597.4
metronomic_breathing,M4,baseline,575,588.604,587.112,9.785,0.9828,66.37,597.4
metronomic_breathing,M4,baseline,577,590.6,589.108,9.818,0.9861,57.03,597.4
metronomic_breathing,M4,baseline,579,592.6,591.108,9.852,0.9895,59.29,597.4
metronomic_breathing,M4,baseline,581,594.728,593.236,9.887,0.993,58.37,597.4
metronomic_breathing,M4,baseline,583,596.748,595.256,9.921,0.9964,56.39,597.4
metronomic_breathing,M4,baseline,585,598.888,597.396,9.957,1.0,58.82,597.4
metronomic_breathing,M5,baseline,1,1.636,0.0,0.0,0.0,59.52,596.0
metronomic_breathing,M5,baseline,3,3.732,2.096,0.035,0.0035,60.48,596.0
metronomic_breathing,M5,baseline,5,5.612,3.976,0.066,0.0067,70.09,596.0
metronomic_breathing,M5,baseline,7,7.48,5.844,0.097,0.0098,55.35,596.0
metronomic_breathing,M5,baseline,9,9.548,7.912,0.132,0.0133,71.43,596.0
metronomic_breathing,M5,baseline,11,11.308,9.672,0.161,0.0162,61.22,596.0
metronomic_breathing,M5,baseline,13,13.18,11.544,0.192,0.0194,62.24,596.0
metronomic_breathing,M5,baseline,15,14.812,13.176,0.22,0.0221,75.0,596.0
metronomic_breathing,M5,baseline,17,16.44,14.804,0.247,0.0248,68.18,596.0
metronomic_breathing,M5,baseline,19,18.132,16.496,0.275,0.0277,72.46,596.0
metronomic_breathing,M5,baseline,21,19.84,18.204,0.303,0.0305,67.87,596.0
metronomic_breathing,M5,baseline,23,21.604,19.968,0.333,0.0335,62.5,596.0
metronomic_breathing,M5,baseline,25,23.66,22.024,0.367,0.037,53.57,596.0
metronomic_breathing,M5,baseline,27,25.848,24.212,0.404,0.0406,54.55,596.0
metronomic_breathing,M5,baseline,29,28.164,26.528,0.442,0.0445,53.76,596.0
metronomic_breathing,M5,baseline,31,30.432,28.796,0.48,0.0483,49.02,596.0
metronomic_breathing,M5,baseline,33,32.92,31.284,0.521,0.0525,50.17,596.0
metronomic_breathing,M5,baseline,35,35.328,33.692,0.562,0.0565,48.7,596.0
metronomic_breathing,M5,baseline,37,37.72,36.084,0.601,0.0605,53.0,596.0
metronomic_breathing,M5,baseline,39,40.144,38.508,0.642,0.0646,47.17,596.0
metronomic_breathing,M5,baseline,41,42.568,40.932,0.682,0.0687,49.18,596.0
metronomic_breathing,M5,baseline,43,45.004,43.368,0.723,0.0728,52.08,596.0
metronomic_breathing,M5,baseline,45,47.292,45.656,0.761,0.0766,48.08,596.0
metronomic_breathing,M5,baseline,47,49.72,48.084,0.801,0.0807,55.15,596.0
metronomic_breathing,M5,baseline,49,52.016,50.38,0.84,0.0845,50.0,596.0
metronomic_breathing,M5,baseline,51,54.344,52.708,0.878,0.0884,54.55,596.0
metronomic_breathing,M5,baseline,53,56.684,55.048,0.917,0.0924,49.02,596.0
metronomic_breathing,M5,baseline,55,59.016,57.38,0.956,0.0963,50.85,596.0
metronomic_breathing,M5,baseline,57,61.288,59.652,0.994,0.1001,67.87,596.0
metronomic_breathing,M5,baseline,59,63.004,61.368,1.023,0.103,67.57,596.0
metronomic_breathing,M5,baseline,61,65.192,63.556,1.059,0.1066,51.72,596.0
metronomic_breathing,M5,baseline,63,67.372,65.736,1.096,0.1103,56.18,596.0
metronomic_breathing,M5,baseline,65,69.648,68.012,1.134,0.1141,50.85,596.0
metronomic_breathing,M5,baseline,67,71.904,70.268,1.171,0.1179,54.15,596.0
metronomic_breathing,M5,baseline,69,74.164,72.528,1.209,0.1217,55.56,596.0
metronomic_breathing,M5,baseline,71,76.228,74.592,1.243,0.1252,51.55,596.0
metronomic_breathing,M5,baseline,73,78.652,77.016,1.284,0.1292,53.76,596.0
metronomic_breathing,M5,baseline,75,80.884,79.248,1.321,0.133,49.51,596.0
metronomic_breathing,M5,baseline,77,83.256,81.62,1.36,0.1369,55.56,596.0
metronomic_breathing,M5,baseline,79,85.424,83.788,1.396,0.1406,52.63,596.0
metronomic_breathing,M5,baseline,81,87.624,85.988,1.433,0.1443,60.48,596.0
metronomic_breathing,M5,baseline,83,89.628,87.992,1.467,0.1476,62.5,596.0
metronomic_breathing,M5,baseline,85,91.444,89.808,1.497,0.1507,60.48,596.0
metronomic_breathing,M5,baseline,87,93.632,91.996,1.533,0.1544,50.68,596.0
metronomic_breathing,M5,baseline,89,95.896,94.26,1.571,0.1582,60.48,596.0
metronomic_breathing,M5,baseline,91,97.968,96.332,1.606,0.1616,54.55,596.0
metronomic_breathing,M5,baseline,93,100.136,98.5,1.642,0.1653,59.29,596.0
metronomic_breathing,M5,baseline,95,102.232,100.596,1.677,0.1688,53.96,596.0
metronomic_breathing,M5,baseline,97,104.392,102.756,1.713,0.1724,61.48,596.0
metronomic_breathing,M5,baseline,99,106.488,104.852,1.748,0.1759,48.86,596.0
metronomic_breathing,M5,baseline,101,108.828,107.192,1.787,0.1798,56.18,596.0
metronomic_breathing,M5,baseline,103,111.08,109.444,1.824,0.1836,51.72,596.0
metronomic_breathing,M5,baseline,105,113.312,111.676,1.861,0.1874,54.15,596.0
metronomic_breathing,M5,baseline,107,115.604,113.968,1.899,0.1912,53.19,596.0
metronomic_breathing,M5,baseline,109,117.812,116.176,1.936,0.1949,51.37,596.0
metronomic_breathing,M5,baseline,111,120.176,118.54,1.976,0.1989,52.26,596.0
metronomic_breathing,M5,baseline,113,122.504,120.868,2.014,0.2028,50.17,596.0
metronomic_breathing,M5,baseline,115,124.76,123.124,2.052,0.2066,58.82,596.0
metronomic_breathing,M5,baseline,117,127.036,125.4,2.09,0.2104,47.62,596.0
metronomic_breathing,M5,baseline,119,129.424,127.788,2.13,0.2144,54.74,596.0
metronomic_breathing,M5,baseline,121,131.704,130.068,2.168,0.2182,53.38,596.0
metronomic_breathing,M5,baseline,123,133.868,132.232,2.204,0.2219,55.97,596.0
metronomic_breathing,M5,baseline,125,136.12,134.484,2.241,0.2256,52.82,596.0
metronomic_breathing,M5,baseline,127,138.26,136.624,2.277,0.2292,62.24,596.0
metronomic_breathing,M5,baseline,129,140.428,138.792,2.313,0.2329,52.45,596.0
metronomic_breathing,M5,baseline,131,142.6,140.964,2.349,0.2365,58.14,596.0
metronomic_breathing,M5,baseline,133,144.708,143.072,2.385,0.2401,66.67,596.0
metronomic_breathing,M5,baseline,135,146.548,144.912,2.415,0.2431,51.72,596.0
metronomic_breathing,M5,baseline,137,148.948,147.312,2.455,0.2472,50.85,596.0
metronomic_breathing,M5,baseline,139,151.188,149.552,2.493,0.2509,51.9,596.0
metronomic_breathing,M5,baseline,141,153.516,151.88,2.531,0.2548,54.15,596.0
metronomic_breathing,M5,baseline,143,155.644,154.008,2.567,0.2584,52.82,596.0
metronomic_breathing,M5,baseline,145,157.932,156.296,2.605,0.2622,55.76,596.0
metronomic_breathing,M5,baseline,147,160.064,158.428,2.64,0.2658,47.02,596.0
metronomic_breathing,M5,baseline,149,162.596,160.96,2.683,0.2701,52.45,596.0
metronomic_breathing,M5,baseline,151,164.864,163.228,2.72,0.2739,49.02,596.0
metronomic_breathing,M5,baseline,153,167.24,165.604,2.76,0.2779,57.47,596.0
metronomic_breathing,M5,baseline,155,169.508,167.872,2.798,0.2817,48.86,596.0
metronomic_breathing,M5,baseline,157,171.872,170.236,2.837,0.2856,54.74,596.0
metronomic_breathing,M5,baseline,159,174.212,172.576,2.876,0.2896,49.67,596.0
metronomic_breathing,M5,baseline,161,176.504,174.868,2.914,0.2934,49.51,596.0
metronomic_breathing,M5,baseline,163,178.904,177.268,2.954,0.2974,57.69,596.0
metronomic_breathing,M5,baseline,165,180.988,179.352,2.989,0.3009,50.0,596.0
metronomic_breathing,M5,baseline,167,183.34,181.704,3.028,0.3049,59.29,596.0
metronomic_breathing,M5,baseline,169,185.516,183.88,3.065,0.3085,50.85,596.0
metronomic_breathing,M5,baseline,171,187.788,186.152,3.103,0.3123,55.35,596.0
metronomic_breathing,M5,baseline,173,190.076,188.44,3.141,0.3162,52.82,596.0
metronomic_breathing,M5,baseline,175,192.212,190.576,3.176,0.3198,53.19,596.0
metronomic_breathing,M5,baseline,177,194.52,192.884,3.215,0.3236,51.55,596.0
metronomic_breathing,M5,baseline,179,196.744,195.108,3.252,0.3274,52.08,596.0
metronomic_breathing,M5,baseline,181,199.052,197.416,3.29,0.3312,56.6,596.0
metronomic_breathing,M5,baseline,183,201.132,199.496,3.325,0.3347,49.67,596.0
metronomic_breathing,M5,baseline,185,203.496,201.86,3.364,0.3387,59.29,596.0
metronomic_breathing,M5,baseline,187,205.508,203.872,3.398,0.3421,52.82,596.0
metronomic_breathing,M5,baseline,189,207.808,206.172,3.436,0.3459,56.39,596.0
metronomic_breathing,M5,baseline,191,209.904,208.268,3.471,0.3494,51.02,596.0
metronomic_breathing,M5,baseline,193,212.26,210.624,3.51,0.3534,58.14,596.0
metronomic_breathing,M5,baseline,195,214.432,212.796,3.547,0.357,49.67,596.0
metronomic_breathing,M5,baseline,197,216.796,215.16,3.586,0.361,55.97,596.0
metronomic_breathing,M5,baseline,199,219.056,217.42,3.624,0.3648,51.55,596.0
metronomic_breathing,M5,baseline,201,221.292,219.656,3.661,0.3685,60.0,596.0
metronomic_breathing,M5,baseline,203,223.464,221.828,3.697,0.3722,50.17,596.0
metronomic_breathing,M5,baseline,205,225.724,224.088,3.735,0.376,56.6,596.0
metronomic_breathing,M5,baseline,207,227.988,226.352,3.773,0.3798,50.17,596.0
metronomic_breathing,M5,baseline,209,230.256,228.62,3.81,0.3836,54.35,596.0
metronomic_breathing,M5,baseline,211,232.564,230.928,3.849,0.3875,51.72,596.0
metronomic_breathing,M5,baseline,213,234.764,233.128,3.885,0.3911,51.72,596.0
metronomic_breathing,M5,baseline,215,237.108,235.472,3.925,0.3951,55.15,596.0
metronomic_breathing,M5,baseline,217,239.26,237.624,3.96,0.3987,50.17,596.0
metronomic_breathing,M5,baseline,219,241.624,239.988,4.0,0.4027,57.25,596.0
metronomic_breathing,M5,baseline,221,243.792,242.156,4.036,0.4063,48.23,596.0
metronomic_breathing,M5,baseline,223,246.256,244.62,4.077,0.4104,55.97,596.0
metronomic_breathing,M5,baseline,225,248.476,246.84,4.114,0.4142,48.86,596.0
metronomic_breathing,M5,baseline,227,250.956,249.32,4.155,0.4183,49.67,596.0
metronomic_breathing,M5,baseline,229,253.416,251.78,4.196,0.4224,53.0,596.0
metronomic_breathing,M5,baseline,231,255.74,254.104,4.235,0.4263,49.51,596.0
metronomic_breathing,M5,baseline,233,258.092,256.456,4.274,0.4303,55.15,596.0
metronomic_breathing,M5,baseline,235,260.368,258.732,4.312,0.4341,50.17,596.0
metronomic_breathing,M5,baseline,237,262.728,261.092,4.352,0.4381,52.63,596.0
metronomic_breathing,M5,baseline,239,265.076,263.44,4.391,0.442,51.02,596.0
metronomic_breathing,M5,baseline,241,267.34,265.704,4.428,0.4458,54.35,596.0
metronomic_breathing,M5,baseline,243,269.676,268.04,4.467,0.4497,51.19,596.0
metronomic_breathing,M5,baseline,245,271.952,270.316,4.505,0.4535,50.51,596.0
metronomic_breathing,M5,baseline,247,274.352,272.716,4.545,0.4576,54.55,596.0
metronomic_breathing,M5,baseline,249,276.56,274.924,4.582,0.4613,48.08,596.0
metronomic_breathing,M5,baseline,251,279.004,277.368,4.623,0.4654,55.35,596.0
metronomic_breathing,M5,baseline,253,281.204,279.568,4.659,0.4691,47.62,596.0
metronomic_breathing,M5,baseline,255,283.612,281.976,4.7,0.4731,55.15,596.0
metronomic_breathing,M5,baseline,257,285.892,284.256,4.738,0.4769,48.7,596.0
metronomic_breathing,M5,baseline,259,288.244,286.608,4.777,0.4809,53.57,596.0
metronomic_breathing,M5,baseline,261,290.568,288.932,4.816,0.4848,53.57,596.0
metronomic_breathing,M5,baseline,263,292.784,291.148,4.852,0.4885,48.54,596.0
metronomic_breathing,M5,baseline,265,295.232,293.596,4.893,0.4926,55.56,596.0
metronomic_breathing,M5,baseline,267,297.432,295.796,4.93,0.4963,47.77,596.0
metronomic_breathing,M5,baseline,269,299.924,298.288,4.971,0.5005,54.95,596.0
metronomic_breathing,M5,baseline,271,302.088,300.452,5.008,0.5041,47.47,596.0
metronomic_breathing,M5,baseline,273,304.54,302.904,5.048,0.5082,53.38,596.0
metronomic_breathing,M5,baseline,275,306.876,305.24,5.087,0.5121,50.85,596.0
metronomic_breathing,M5,baseline,277,309.128,307.492,5.125,0.5159,54.95,596.0
metronomic_breathing,M5,baseline,279,311.448,309.812,5.164,0.5198,51.9,596.0
metronomic_breathing,M5,baseline,281,313.7,312.064,5.201,0.5236,48.86,596.0
metronomic_breathing,M5,baseline,283,316.168,314.532,5.242,0.5277,54.55,596.0
metronomic_breathing,M5,baseline,285,318.336,316.7,5.278,0.5314,49.18,596.0
metronomic_breathing,M5,baseline,287,320.78,319.144,5.319,0.5355,54.95,596.0
metronomic_breathing,M5,baseline,289,323.044,321.408,5.357,0.5393,48.54,596.0
metronomic_breathing,M5,baseline,291,325.4,323.764,5.396,0.5432,56.18,596.0
metronomic_breathing,M5,baseline,293,327.688,326.052,5.434,0.5471,49.34,596.0
metronomic_breathing,M5,baseline,295,329.956,328.32,5.472,0.5509,54.55,596.0
metronomic_breathing,M5,baseline,297,332.296,330.66,5.511,0.5548,54.55,596.0
metronomic_breathing,M5,baseline,299,334.396,332.76,5.546,0.5583,47.17,596.0
metronomic_breathing,M5,baseline,301,336.888,335.252,5.588,0.5625,50.85,596.0
metronomic_breathing,M5,baseline,303,339.28,337.644,5.627,0.5665,50.17,596.0
metronomic_breathing,M5,baseline,305,341.684,340.048,5.667,0.5705,52.08,596.0
metronomic_breathing,M5,baseline,307,343.996,342.36,5.706,0.5744,47.92,596.0
metronomic_breathing,M5,baseline,309,346.444,344.808,5.747,0.5785,54.55,596.0
metronomic_breathing,M5,baseline,311,348.744,347.108,5.785,0.5824,49.83,596.0
metronomic_breathing,M5,baseline,313,351.012,349.376,5.823,0.5862,53.38,596.0
metronomic_breathing,M5,baseline,315,353.22,351.584,5.86,0.5899,58.59,596.0
metronomic_breathing,M5,baseline,317,355.272,353.636,5.894,0.5933,54.74,596.0
metronomic_breathing,M5,baseline,319,357.28,355.644,5.927,0.5967,65.22,596.0
metronomic_breathing,M5,baseline,321,359.116,357.48,5.958,0.5998,63.03,596.0
metronomic_breathing,M5,baseline,323,361.228,359.592,5.993,0.6033,50.85,596.0
metronomic_breathing,M5,baseline,325,363.484,361.848,6.031,0.6071,57.03,596.0
metronomic_breathing,M5,baseline,327,365.656,364.02,6.067,0.6108,54.55,596.0
metronomic_breathing,M5,baseline,329,367.816,366.18,6.103,0.6144,55.15,596.0
metronomic_breathing,M5,baseline,331,370.144,368.508,6.142,0.6183,49.34,596.0
metronomic_breathing,M5,baseline,333,372.528,370.892,6.182,0.6223,49.67,596.0
metronomic_breathing,M5,baseline,335,374.952,373.316,6.222,0.6264,50.51,596.0
metronomic_breathing,M5,baseline,337,377.324,375.688,6.261,0.6303,46.73,596.0
metronomic_breathing,M5,baseline,339,379.848,378.212,6.304,0.6346,51.37,596.0
metronomic_breathing,M5,baseline,341,382.256,380.62,6.344,0.6386,48.7,596.0
metronomic_breathing,M5,baseline,343,384.684,383.048,6.384,0.6427,50.0,596.0
metronomic_breathing,M5,baseline,345,387.156,385.52,6.425,0.6468,51.55,596.0
metronomic_breathing,M5,baseline,347,389.416,387.78,6.463,0.6506,45.45,596.0
metronomic_breathing,M5,baseline,349,392.024,390.388,6.506,0.655,50.68,596.0
metronomic_breathing,M5,baseline,351,394.452,392.816,6.547,0.6591,48.54,596.0
metronomic_breathing,M5,baseline,353,396.844,395.208,6.587,0.6631,51.72,596.0
metronomic_breathing,M5,baseline,355,399.252,397.616,6.627,0.6671,50.17,596.0
metronomic_breathing,M5,baseline,357,401.568,399.932,6.666,0.671,49.67,596.0
metronomic_breathing,M5,baseline,359,403.972,402.336,6.706,0.6751,53.19,596.0
metronomic_breathing,M5,baseline,361,406.18,404.544,6.742,0.6788,50.68,596.0
metronomic_breathing,M5,baseline,363,408.544,406.908,6.782,0.6827,54.55,596.0
metronomic_breathing,M5,baseline,365,410.812,409.176,6.82,0.6865,48.08,596.0
metronomic_breathing,M5,baseline,367,413.236,411.6,6.86,0.6906,52.63,596.0
metronomic_breathing,M5,baseline,369,415.636,414.0,6.9,0.6946,47.62,596.0
metronomic_breathing,M5,baseline,371,418.096,416.46,6.941,0.6987,48.39,596.0
metronomic_breathing,M5,baseline,373,420.544,418.908,6.982,0.7029,51.72,596.0
metronomic_breathing,M5,baseline,375,422.78,421.144,7.019,0.7066,44.78,596.0
metronomic_breathing,M5,baseline,377,425.416,423.78,7.063,0.711,53.57,596.0
metronomic_breathing,M5,baseline,379,427.7,426.064,7.101,0.7149,50.0,596.0
metronomic_breathing,M5,baseline,381,429.976,428.34,7.139,0.7187,60.98,596.0
metronomic_breathing,M5,baseline,383,432.004,430.368,7.173,0.7221,56.18,596.0
metronomic_breathing,M5,baseline,385,434.056,432.42,7.207,0.7255,63.83,596.0
metronomic_breathing,M5,baseline,387,436.052,434.416,7.24,0.7289,52.63,596.0
metronomic_breathing,M5,baseline,389,438.196,436.56,7.276,0.7325,63.56,596.0
metronomic_breathing,M5,baseline,391,440.236,438.6,7.31,0.7359,52.45,596.0
metronomic_breathing,M5,baseline,393,442.396,440.76,7.346,0.7395,63.29,596.0
metronomic_breathing,M5,baseline,395,444.424,442.788,7.38,0.7429,53.76,596.0
metronomic_breathing,M5,baseline,397,446.548,444.912,7.415,0.7465,61.98,596.0
metronomic_breathing,M5,baseline,399,448.648,447.012,7.45,0.75,52.63,596.0
metronomic_breathing,M5,baseline,401,450.836,449.2,7.487,0.7537,61.98,596.0
metronomic_breathing,M5,baseline,403,452.904,451.268,7.521,0.7572,52.45,596.0
metronomic_breathing,M5,baseline,405,455.048,453.412,7.557,0.7607,59.29,596.0
metronomic_breathing,M5,baseline,407,457.116,455.48,7.591,0.7642,52.82,596.0
metronomic_breathing,M5,baseline,409,459.276,457.64,7.627,0.7678,59.52,596.0
metronomic_breathing,M5,baseline,411,461.452,459.816,7.664,0.7715,53.96,596.0
metronomic_breathing,M5,baseline,413,463.54,461.904,7.698,0.775,56.18,596.0
metronomic_breathing,M5,baseline,415,465.864,464.228,7.737,0.7789,51.19,596.0
metronomic_breathing,M5,baseline,417,468.084,466.448,7.774,0.7826,53.19,596.0
metronomic_breathing,M5,baseline,419,470.416,468.78,7.813,0.7865,56.39,596.0
metronomic_breathing,M5,baseline,421,472.584,470.948,7.849,0.7902,49.02,596.0
metronomic_breathing,M5,baseline,423,474.944,473.308,7.888,0.7941,54.55,596.0
metronomic_breathing,M5,baseline,425,477.32,475.684,7.928,0.7981,47.92,596.0
metronomic_breathing,M5,baseline,427,479.72,478.084,7.968,0.8021,55.35,596.0
metronomic_breathing,M5,baseline,429,482.008,480.372,8.006,0.806,47.62,596.0
metronomic_breathing,M5,baseline,431,484.444,482.808,8.047,0.8101,52.08,596.0
metronomic_breathing,M5,baseline,433,486.884,485.248,8.087,0.8142,48.54,596.0
metronomic_breathing,M5,baseline,435,489.256,487.62,8.127,0.8181,50.34,596.0
metronomic_breathing,M5,baseline,437,491.672,490.036,8.167,0.8222,51.9,596.0
metronomic_breathing,M5,baseline,439,493.924,492.288,8.205,0.826,44.12,596.0
metronomic_breathing,M5,baseline,441,496.576,494.94,8.249,0.8304,48.86,596.0
metronomic_breathing,M5,baseline,443,499.056,497.42,8.29,0.8346,49.02,596.0
metronomic_breathing,M5,baseline,445,501.38,499.744,8.329,0.8385,52.08,596.0
metronomic_breathing,M5,baseline,447,503.716,502.08,8.368,0.8424,58.59,596.0
metronomic_breathing,M5,baseline,449,505.704,504.068,8.401,0.8457,53.96,596.0
metronomic_breathing,M5,baseline,451,507.968,506.332,8.439,0.8495,66.67,596.0
metronomic_breathing,M5,baseline,453,509.744,508.108,8.468,0.8525,60.48,596.0
metronomic_breathing,M5,baseline,455,512.036,510.4,8.507,0.8564,50.68,596.0
metronomic_breathing,M5,baseline,457,514.212,512.576,8.543,0.86,55.35,596.0
metronomic_breathing,M5,baseline,459,516.456,514.82,8.58,0.8638,55.35,596.0
metronomic_breathing,M5,baseline,461,518.56,516.924,8.615,0.8673,51.37,596.0
metronomic_breathing,M5,baseline,463,520.876,519.24,8.654,0.8712,60.48,596.0
metronomic_breathing,M5,baseline,465,522.88,521.244,8.687,0.8746,47.47,596.0
metronomic_breathing,M5,baseline,467,525.316,523.68,8.728,0.8786,56.82,596.0
metronomic_breathing,M5,baseline,469,527.592,525.956,8.766,0.8825,46.01,596.0
metronomic_breathing,M5,baseline,471,530.024,528.388,8.806,0.8865,52.08,596.0
metronomic_breathing,M5,baseline,473,532.468,530.832,8.847,0.8906,47.47,596.0
metronomic_breathing,M5,baseline,475,534.9,533.264,8.888,0.8947,47.02,596.0
metronomic_breathing,M5,baseline,477,537.456,535.82,8.93,0.899,48.7,596.0
metronomic_breathing,M5,baseline,479,539.82,538.184,8.97,0.903,45.87,596.0
metronomic_breathing,M5,baseline,481,542.392,540.756,9.013,0.9073,48.54,596.0
metronomic_breathing,M5,baseline,483,544.852,543.216,9.054,0.9114,46.01,596.0
metronomic_breathing,M5,baseline,485,547.392,545.756,9.096,0.9157,51.37,596.0
metronomic_breathing,M5,baseline,487,549.88,548.244,9.137,0.9199,49.83,596.0
metronomic_breathing,M5,baseline,489,552.18,550.544,9.176,0.9237,47.77,596.0
metronomic_breathing,M5,baseline,491,554.66,553.024,9.217,0.9279,55.76,596.0
metronomic_breathing,M5,baseline,493,556.96,555.324,9.255,0.9317,47.62,596.0
metronomic_breathing,M5,baseline,495,559.324,557.688,9.295,0.9357,55.35,596.0
metronomic_breathing,M5,baseline,497,561.724,560.088,9.335,0.9397,47.92,596.0
metronomic_breathing,M5,baseline,499,564.076,562.44,9.374,0.9437,49.51,596.0
metronomic_breathing,M5,baseline,501,566.548,564.912,9.415,0.9478,53.19,596.0
metronomic_breathing,M5,baseline,503,568.868,567.232,9.454,0.9517,46.73,596.0
metronomic_breathing,M5,baseline,505,571.324,569.688,9.495,0.9558,54.74,596.0
metronomic_breathing,M5,baseline,507,573.764,572.128,9.535,0.9599,46.01,596.0
metronomic_breathing,M5,baseline,509,576.184,574.548,9.576,0.964,50.0,596.0
metronomic_breathing,M5,baseline,511,578.604,576.968,9.616,0.9681,49.18,596.0
metronomic_breathing,M5,baseline,513,580.916,579.28,9.655,0.9719,46.15,596.0
metronomic_breathing,M5,baseline,515,583.544,581.908,9.698,0.9763,49.83,596.0
metronomic_breathing,M5,baseline,517,585.936,584.3,9.738,0.9804,46.58,596.0
metronomic_breathing,M5,baseline,519,588.412,586.776,9.78,0.9845,54.74,596.0
metronomic_breathing,M5,baseline,521,590.716,589.08,9.818,0.9884,49.18,596.0
metronomic_breathing,M5,baseline,523,593.048,591.412,9.857,0.9923,54.15,596.0
metronomic_breathing,M5,baseline,525,595.34,593.704,9.895,0.9961,50.0,596.0
metronomic_breathing,M5,baseline,527,597.644,596.008,9.933,1.0,49.02,596.0
metronomic_breathing,M6,baseline,1,1.312,0.0,0.0,0.0,64.94,597.3
metronomic_breathing,M6,baseline,4,4.136,2.824,0.047,0.0047,61.73,597.3
metronomic_breathing,M6,baseline,7,7.056,5.744,0.096,0.0096,61.48,597.3
metronomic_breathing,M6,baseline,10,9.928,8.616,0.144,0.0144,62.76,597.3
metronomic_breathing,M6,baseline,13,12.828,11.516,0.192,0.0193,63.29,597.3
metronomic_breathing,M6,baseline,16,15.68,14.368,0.239,0.0241,68.18,597.3
metronomic_breathing,M6,baseline,19,18.332,17.02,0.284,0.0285,66.96,597.3
metronomic_breathing,M6,baseline,22,21.04,19.728,0.329,0.033,63.29,597.3
metronomic_breathing,M6,baseline,25,23.888,22.576,0.376,0.0378,63.29,597.3
metronomic_breathing,M6,baseline,28,26.836,25.524,0.425,0.0427,62.5,597.3
metronomic_breathing,M6,baseline,31,29.736,28.424,0.474,0.0476,63.83,597.3
metronomic_breathing,M6,baseline,34,32.568,31.256,0.521,0.0523,66.08,597.3
metronomic_breathing,M6,baseline,37,35.432,34.12,0.569,0.0571,60.24,597.3
metronomic_breathing,M6,baseline,40,38.352,37.04,0.617,0.062,60.0,597.3
metronomic_breathing,M6,baseline,43,41.356,40.044,0.667,0.067,57.03,597.3
metronomic_breathing,M6,baseline,46,44.472,43.16,0.719,0.0723,57.47,597.3
metronomic_breathing,M6,baseline,49,47.636,46.324,0.772,0.0776,59.06,597.3
metronomic_breathing,M6,baseline,52,50.684,49.372,0.823,0.0827,59.52,597.3
metronomic_breathing,M6,baseline,55,53.716,52.404,0.873,0.0877,58.82,597.3
metronomic_breathing,M6,baseline,58,56.76,55.448,0.924,0.0928,59.29,597.3
metronomic_breathing,M6,baseline,61,59.844,58.532,0.976,0.098,61.98,597.3
metronomic_breathing,M6,baseline,64,62.828,61.516,1.025,0.103,60.0,597.3
metronomic_breathing,M6,baseline,67,65.728,64.416,1.074,0.1078,59.29,597.3
metronomic_breathing,M6,baseline,70,68.724,67.412,1.124,0.1129,61.98,597.3
metronomic_breathing,M6,baseline,73,71.696,70.384,1.173,0.1178,63.03,597.3
metronomic_breathing,M6,baseline,76,74.62,73.308,1.222,0.1227,65.5,597.3
metronomic_breathing,M6,baseline,79,77.284,75.972,1.266,0.1272,64.1,597.3
metronomic_breathing,M6,baseline,82,80.176,78.864,1.314,0.132,60.98,597.3
metronomic_breathing,M6,baseline,85,83.06,81.748,1.362,0.1369,62.24,597.3
metronomic_breathing,M6,baseline,88,85.98,84.668,1.411,0.1418,65.22,597.3
metronomic_breathing,M6,baseline,91,88.8,87.488,1.458,0.1465,62.76,597.3
metronomic_breathing,M6,baseline,94,91.636,90.324,1.505,0.1512,61.98,597.3
metronomic_breathing,M6,baseline,97,94.552,93.24,1.554,0.1561,64.1,597.3
metronomic_breathing,M6,baseline,100,97.424,96.112,1.602,0.1609,63.83,597.3
metronomic_breathing,M6,baseline,103,100.296,98.984,1.65,0.1657,60.48,597.3
metronomic_breathing,M6,baseline,106,103.164,101.852,1.698,0.1705,63.83,597.3
metronomic_breathing,M6,baseline,109,106.036,104.724,1.745,0.1753,66.37,597.3
metronomic_breathing,M6,baseline,112,108.868,107.556,1.793,0.1801,63.03,597.3
metronomic_breathing,M6,baseline,115,111.744,110.432,1.841,0.1849,61.73,597.3
metronomic_breathing,M6,baseline,118,114.628,113.316,1.889,0.1897,62.76,597.3
metronomic_breathing,M6,baseline,121,117.38,116.068,1.934,0.1943,66.37,597.3
metronomic_breathing,M6,baseline,124,120.044,118.732,1.979,0.1988,65.79,597.3
metronomic_breathing,M6,baseline,127,122.744,121.432,2.024,0.2033,65.5,597.3
metronomic_breathing,M6,baseline,130,125.472,124.16,2.069,0.2079,71.09,597.3
metronomic_breathing,M6,baseline,133,128.208,126.896,2.115,0.2125,60.73,597.3
metronomic_breathing,M6,baseline,136,131.068,129.756,2.163,0.2172,63.29,597.3
metronomic_breathing,M6,baseline,139,133.944,132.632,2.211,0.2221,64.38,597.3
metronomic_breathing,M6,baseline,142,136.792,135.48,2.258,0.2268,60.73,597.3
metronomic_breathing,M6,baseline,145,139.68,138.368,2.306,0.2317,61.22,597.3
metronomic_breathing,M6,baseline,148,142.6,141.288,2.355,0.2365,62.5,597.3
metronomic_breathing,M6,baseline,151,145.524,144.212,2.404,0.2414,60.48,597.3
metronomic_breathing,M6,baseline,154,148.436,147.124,2.452,0.2463,64.38,597.3
metronomic_breathing,M6,baseline,157,151.268,149.956,2.499,0.2511,64.66,597.3
metronomic_breathing,M6,baseline,160,154.1,152.788,2.546,0.2558,63.03,597.3
metronomic_breathing,M6,baseline,163,156.928,155.616,2.594,0.2605,61.73,597.3
metronomic_breathing,M6,baseline,166,159.836,158.524,2.642,0.2654,61.22,597.3
metronomic_breathing,M6,baseline,169,162.772,161.46,2.691,0.2703,62.24,597.3
metronomic_breathing,M6,baseline,172,165.692,164.38,2.74,0.2752,58.82,597.3
metronomic_breathing,M6,baseline,175,168.732,167.42,2.79,0.2803,59.52,597.3
metronomic_breathing,M6,baseline,178,171.8,170.488,2.841,0.2854,61.22,597.3
metronomic_breathing,M6,baseline,181,174.74,173.428,2.89,0.2904,60.73,597.3
metronomic_breathing,M6,baseline,184,177.624,176.312,2.939,0.2952,61.73,597.3
metronomic_breathing,M6,baseline,187,180.472,179.16,2.986,0.3,60.98,597.3
metronomic_breathing,M6,baseline,190,183.384,182.072,3.035,0.3048,66.37,597.3
metronomic_breathing,M6,baseline,193,186.216,184.904,3.082,0.3096,60.0,597.3
metronomic_breathing,M6,baseline,196,189.148,187.836,3.131,0.3145,60.0,597.3
metronomic_breathing,M6,baseline,199,192.04,190.728,3.179,0.3193,60.98,597.3
metronomic_breathing,M6,baseline,202,194.976,193.664,3.228,0.3242,60.98,597.3
metronomic_breathing,M6,baseline,205,197.876,196.564,3.276,0.3291,60.0,597.3
metronomic_breathing,M6,baseline,208,200.804,199.492,3.325,0.334,60.98,597.3
metronomic_breathing,M6,baseline,211,203.728,202.416,3.374,0.3389,64.1,597.3
metronomic_breathing,M6,baseline,214,206.672,205.36,3.423,0.3438,60.0,597.3
metronomic_breathing,M6,baseline,217,209.624,208.312,3.472,0.3488,58.59,597.3
metronomic_breathing,M6,baseline,220,212.604,211.292,3.522,0.3537,58.82,597.3
metronomic_breathing,M6,baseline,223,215.68,214.368,3.573,0.3589,61.98,597.3
metronomic_breathing,M6,baseline,226,218.7,217.388,3.623,0.364,56.6,597.3
metronomic_breathing,M6,baseline,229,221.88,220.568,3.676,0.3693,61.73,597.3
metronomic_breathing,M6,baseline,232,224.928,223.616,3.727,0.3744,59.06,597.3
metronomic_breathing,M6,baseline,235,227.9,226.588,3.776,0.3794,60.98,597.3
metronomic_breathing,M6,baseline,238,230.816,229.504,3.825,0.3842,59.52,597.3
metronomic_breathing,M6,baseline,241,233.752,232.44,3.874,0.3892,64.1,597.3
metronomic_breathing,M6,baseline,244,236.596,235.284,3.921,0.3939,65.5,597.3
metronomic_breathing,M6,baseline,247,239.408,238.096,3.968,0.3986,61.22,597.3
metronomic_breathing,M6,baseline,250,242.232,240.92,4.015,0.4034,63.56,597.3
metronomic_breathing,M6,baseline,253,245.116,243.804,4.063,0.4082,65.22,597.3
metronomic_breathing,M6,baseline,256,247.96,246.648,4.111,0.4129,60.98,597.3
metronomic_breathing,M6,baseline,259,250.82,249.508,4.158,0.4177,60.48,597.3
metronomic_breathing,M6,baseline,262,253.772,252.46,4.208,0.4227,63.29,597.3
metronomic_breathing,M6,baseline,265,256.724,255.412,4.257,0.4276,59.52,597.3
metronomic_breathing,M6,baseline,268,259.664,258.352,4.306,0.4325,60.0,597.3
metronomic_breathing,M6,baseline,271,262.584,261.272,4.355,0.4374,59.52,597.3
metronomic_breathing,M6,baseline,274,265.664,264.352,4.406,0.4426,57.92,597.3
metronomic_breathing,M6,baseline,277,268.692,267.38,4.456,0.4477,58.37,597.3
metronomic_breathing,M6,baseline,280,271.616,270.304,4.505,0.4525,61.22,597.3
metronomic_breathing,M6,baseline,283,274.576,273.264,4.554,0.4575,66.08,597.3
metronomic_breathing,M6,baseline,286,277.444,276.132,4.602,0.4623,61.22,597.3
metronomic_breathing,M6,baseline,289,280.344,279.032,4.651,0.4672,60.98,597.3
metronomic_breathing,M6,baseline,292,283.228,281.916,4.699,0.472,60.48,597.3
metronomic_breathing,M6,baseline,295,286.184,284.872,4.748,0.4769,65.22,597.3
metronomic_breathing,M6,baseline,298,289.044,287.732,4.796,0.4817,62.5,597.3
metronomic_breathing,M6,baseline,301,291.872,290.56,4.843,0.4865,62.24,597.3
metronomic_breathing,M6,baseline,304,294.748,293.436,4.891,0.4913,64.1,597.3
metronomic_breathing,M6,baseline,307,297.64,296.328,4.939,0.4961,62.24,597.3
metronomic_breathing,M6,baseline,310,300.592,299.28,4.988,0.5011,58.82,597.3
metronomic_breathing,M6,baseline,313,303.568,302.256,5.038,0.506,60.0,597.3
metronomic_breathing,M6,baseline,316,306.536,305.224,5.087,0.511,66.67,597.3
metronomic_breathing,M6,baseline,319,309.284,307.972,5.133,0.5156,61.98,597.3
metronomic_breathing,M6,baseline,322,312.24,310.928,5.182,0.5206,64.1,597.3
metronomic_breathing,M6,baseline,325,315.136,313.824,5.23,0.5254,60.0,597.3
metronomic_breathing,M6,baseline,328,318.084,316.772,5.28,0.5303,60.48,597.3
metronomic_breathing,M6,baseline,331,321.004,319.692,5.328,0.5352,61.98,597.3
metronomic_breathing,M6,baseline,334,323.992,322.68,5.378,0.5402,64.38,597.3
metronomic_breathing,M6,baseline,337,326.948,325.636,5.427,0.5452,59.29,597.3
metronomic_breathing,M6,baseline,340,329.92,328.608,5.477,0.5502,58.37,597.3
metronomic_breathing,M6,baseline,343,332.96,331.648,5.527,0.5552,58.82,597.3
metronomic_breathing,M6,baseline,346,336.044,334.732,5.579,0.5604,60.98,597.3
metronomic_breathing,M6,baseline,349,339.04,337.728,5.629,0.5654,58.82,597.3
metronomic_breathing,M6,baseline,352,342.036,340.724,5.679,0.5704,57.47,597.3
metronomic_breathing,M6,baseline,355,345.04,343.728,5.729,0.5755,59.29,597.3
metronomic_breathing,M6,baseline,358,348.092,346.78,5.78,0.5806,62.5,597.3
metronomic_breathing,M6,baseline,361,351.064,349.752,5.829,0.5856,60.98,597.3
metronomic_breathing,M6,baseline,364,353.964,352.652,5.878,0.5904,60.0,597.3
metronomic_breathing,M6,baseline,367,356.98,355.668,5.928,0.5955,63.03,597.3
metronomic_breathing,M6,baseline,370,359.904,358.592,5.977,0.6004,60.0,597.3
metronomic_breathing,M6,baseline,373,362.84,361.528,6.025,0.6053,61.48,597.3
metronomic_breathing,M6,baseline,376,365.752,364.44,6.074,0.6101,64.1,597.3
metronomic_breathing,M6,baseline,379,368.644,367.332,6.122,0.615,60.98,597.3
metronomic_breathing,M6,baseline,382,371.596,370.284,6.171,0.6199,61.22,597.3
metronomic_breathing,M6,baseline,385,374.484,373.172,6.22,0.6248,59.29,597.3
metronomic_breathing,M6,baseline,388,377.468,376.156,6.269,0.6298,63.03,597.3
metronomic_breathing,M6,baseline,391,380.38,379.068,6.318,0.6346,63.29,597.3
metronomic_breathing,M6,baseline,394,383.216,381.904,6.365,0.6394,62.5,597.3
metronomic_breathing,M6,baseline,397,386.096,384.784,6.413,0.6442,63.29,597.3
metronomic_breathing,M6,baseline,400,388.968,387.656,6.461,0.649,62.76,597.3
metronomic_breathing,M6,baseline,403,391.792,390.48,6.508,0.6537,63.83,597.3
metronomic_breathing,M6,baseline,406,394.556,393.244,6.554,0.6584,69.12,597.3
metronomic_breathing,M6,baseline,409,397.3,395.988,6.6,0.663,66.08,597.3
metronomic_breathing,M6,baseline,412,399.864,398.552,6.643,0.6673,63.03,597.3
metronomic_breathing,M6,baseline,415,402.692,401.38,6.69,0.672,61.98,597.3
metronomic_breathing,M6,baseline,418,405.508,404.196,6.737,0.6767,61.22,597.3
metronomic_breathing,M6,baseline,421,408.38,407.068,6.784,0.6815,64.38,597.3
metronomic_breathing,M6,baseline,424,411.272,409.96,6.833,0.6864,66.37,597.3
metronomic_breathing,M6,baseline,427,414.14,412.828,6.88,0.6912,60.48,597.3
metronomic_breathing,M6,baseline,430,416.904,415.592,6.927,0.6958,62.24,597.3
metronomic_breathing,M6,baseline,433,419.824,418.512,6.975,0.7007,62.24,597.3
metronomic_breathing,M6,baseline,436,422.808,421.496,7.025,0.7057,59.06,597.3
metronomic_breathing,M6,baseline,439,425.848,424.536,7.076,0.7108,56.82,597.3
metronomic_breathing,M6,baseline,442,428.948,427.636,7.127,0.716,56.82,597.3
metronomic_breathing,M6,baseline,445,432.144,430.832,7.181,0.7213,60.98,597.3
metronomic_breathing,M6,baseline,448,435.268,433.956,7.233,0.7265,57.03,597.3
metronomic_breathing,M6,baseline,451,438.348,437.036,7.284,0.7317,57.47,597.3
metronomic_breathing,M6,baseline,454,441.436,440.124,7.335,0.7369,58.82,597.3
metronomic_breathing,M6,baseline,457,444.504,443.192,7.387,0.742,59.06,597.3
metronomic_breathing,M6,baseline,460,447.616,446.304,7.438,0.7472,61.22,597.3
metronomic_breathing,M6,baseline,463,450.592,449.28,7.488,0.7522,59.06,597.3
metronomic_breathing,M6,baseline,466,453.544,452.232,7.537,0.7571,59.06,597.3
metronomic_breathing,M6,baseline,469,456.52,455.208,7.587,0.7621,59.52,597.3
metronomic_breathing,M6,baseline,472,459.58,458.268,7.638,0.7672,60.73,597.3
metronomic_breathing,M6,baseline,475,462.564,461.252,7.688,0.7722,60.48,597.3
metronomic_breathing,M6,baseline,478,465.508,464.196,7.737,0.7772,60.98,597.3
metronomic_breathing,M6,baseline,481,468.492,467.18,7.786,0.7822,64.66,597.3
metronomic_breathing,M6,baseline,484,471.404,470.092,7.835,0.787,62.24,597.3
metronomic_breathing,M6,baseline,487,474.348,473.036,7.884,0.792,60.98,597.3
metronomic_breathing,M6,baseline,490,477.24,475.928,7.932,0.7968,64.38,597.3
metronomic_breathing,M6,baseline,493,480.008,478.696,7.978,0.8014,68.81,597.3
metronomic_breathing,M6,baseline,496,482.664,481.352,8.023,0.8059,63.29,597.3
metronomic_breathing,M6,baseline,499,485.532,484.22,8.07,0.8107,61.98,597.3
metronomic_breathing,M6,baseline,502,488.44,487.128,8.119,0.8156,61.22,597.3
metronomic_breathing,M6,baseline,505,491.296,489.984,8.166,0.8203,60.24,597.3
metronomic_breathing,M6,baseline,508,494.248,492.936,8.216,0.8253,59.76,597.3
metronomic_breathing,M6,baseline,511,497.26,495.948,8.266,0.8303,60.0,597.3
metronomic_breathing,M6,baseline,514,500.304,498.992,8.317,0.8354,64.1,597.3
metronomic_breathing,M6,baseline,517,503.264,501.952,8.366,0.8404,58.14,597.3
metronomic_breathing,M6,baseline,520,506.232,504.92,8.415,0.8453,57.92,597.3
metronomic_breathing,M6,baseline,523,509.328,508.016,8.467,0.8505,59.06,597.3
metronomic_breathing,M6,baseline,526,512.384,511.072,8.518,0.8556,59.76,597.3
metronomic_breathing,M6,baseline,529,515.344,514.032,8.567,0.8606,61.98,597.3
metronomic_breathing,M6,baseline,532,518.256,516.944,8.616,0.8655,63.56,597.3
metronomic_breathing,M6,baseline,535,521.116,519.804,8.663,0.8703,62.24,597.3
metronomic_breathing,M6,baseline,538,523.948,522.636,8.711,0.875,61.48,597.3
metronomic_breathing,M6,baseline,541,526.904,525.592,8.76,0.88,63.83,597.3
metronomic_breathing,M6,baseline,544,529.824,528.512,8.809,0.8848,62.5,597.3
metronomic_breathing,M6,baseline,547,532.724,531.412,8.857,0.8897,61.48,597.3
metronomic_breathing,M6,baseline,550,535.556,534.244,8.904,0.8944,63.29,597.3
metronomic_breathing,M6,baseline,553,538.42,537.108,8.952,0.8992,65.22,597.3
metronomic_breathing,M6,baseline,556,541.256,539.944,8.999,0.904,63.29,597.3
metronomic_breathing,M6,baseline,559,544.092,542.78,9.046,0.9087,62.76,597.3
metronomic_breathing,M6,baseline,562,546.884,545.572,9.093,0.9134,65.79,597.3
metronomic_breathing,M6,baseline,565,549.648,548.336,9.139,0.918,61.22,597.3
metronomic_breathing,M6,baseline,568,552.52,551.208,9.187,0.9228,60.24,597.3
metronomic_breathing,M6,baseline,571,555.452,554.14,9.236,0.9277,58.37,597.3
metronomic_breathing,M6,baseline,574,558.36,557.048,9.284,0.9326,67.26,597.3
metronomic_breathing,M6,baseline,577,561.152,559.84,9.331,0.9373,60.48,597.3
metronomic_breathing,M6,baseline,580,564.144,562.832,9.381,0.9423,60.48,597.3
metronomic_breathing,M6,baseline,583,567.16,565.848,9.431,0.9473,59.29,597.3
metronomic_breathing,M6,baseline,586,570.228,568.916,9.482,0.9525,57.92,597.3
metronomic_breathing,M6,baseline,589,573.132,571.82,9.53,0.9573,60.98,597.3
metronomic_breathing,M6,baseline,592,576.016,574.704,9.578,0.9622,67.87,597.3
metronomic_breathing,M6,baseline,595,578.856,577.544,9.626,0.9669,62.76,597.3
metronomic_breathing,M6,baseline,598,581.748,580.436,9.674,0.9718,59.52,597.3
metronomic_breathing,M6,baseline,601,584.744,583.432,9.724,0.9768,58.14,597.3
metronomic_breathing,M6,baseline,604,587.824,586.512,9.775,0.9819,60.73,597.3
metronomic_breathing,M6,baseline,607,590.788,589.476,9.825,0.9869,59.76,597.3
metronomic_breathing,M6,baseline,610,593.744,592.432,9.874,0.9919,59.06,597.3
metronomic_breathing,M6,baseline,613,596.716,595.404,9.923,0.9968,64.38,597.3
metronomic_breathing,M7,baseline,1,2.028,0.0,0.0,0.0,43.1,596.0
metronomic_breathing,M7,baseline,3,4.752,2.724,0.045,0.0046,44.25,596.0
metronomic_breathing,M7,baseline,5,7.144,5.116,0.085,0.0086,48.86,596.0
metronomic_breathing,M7,baseline,7,9.756,7.728,0.129,0.013,44.78,596.0
metronomic_breathing,M7,baseline,9,12.436,10.408,0.173,0.0175,42.61,596.0
metronomic_breathing,M7,baseline,11,15.192,13.164,0.219,0.0221,43.1,596.0
metronomic_breathing,M7,baseline,13,17.792,15.764,0.263,0.0265,45.59,596.0
metronomic_breathing,M7,baseline,15,20.376,18.348,0.306,0.0308,48.08,596.0
metronomic_breathing,M7,baseline,17,22.996,20.968,0.349,0.0352,50.0,596.0
metronomic_breathing,M7,baseline,19,25.496,23.468,0.391,0.0394,44.38,596.0
metronomic_breathing,M7,baseline,21,28.056,26.028,0.434,0.0437,45.87,596.0
metronomic_breathing,M7,baseline,23,30.72,28.692,0.478,0.0481,49.34,596.0
metronomic_breathing,M7,baseline,25,33.188,31.16,0.519,0.0523,43.73,596.0
metronomic_breathing,M7,baseline,27,35.816,33.788,0.563,0.0567,44.78,596.0
metronomic_breathing,M7,baseline,29,38.384,36.356,0.606,0.061,47.47,596.0
metronomic_breathing,M7,baseline,31,40.948,38.92,0.649,0.0653,47.02,596.0
metronomic_breathing,M7,baseline,33,43.552,41.524,0.692,0.0697,52.82,596.0
metronomic_breathing,M7,baseline,35,45.888,43.86,0.731,0.0736,45.45,596.0
metronomic_breathing,M7,baseline,37,48.408,46.38,0.773,0.0778,50.85,596.0
metronomic_breathing,M7,baseline,39,50.908,48.88,0.815,0.082,48.39,596.0
metronomic_breathing,M7,baseline,41,53.304,51.276,0.855,0.086,45.32,596.0
metronomic_breathing,M7,baseline,43,55.924,53.896,0.898,0.0904,52.82,596.0
metronomic_breathing,M7,baseline,45,58.4,56.372,0.94,0.0946,43.48,596.0
metronomic_breathing,M7,baseline,47,61.004,58.976,0.983,0.099,44.64,596.0
metronomic_breathing,M7,baseline,49,63.724,61.696,1.028,0.1035,49.67,596.0
metronomic_breathing,M7,baseline,51,66.196,64.168,1.069,0.1077,42.73,596.0
metronomic_breathing,M7,baseline,53,68.856,66.828,1.114,0.1121,47.47,596.0
metronomic_breathing,M7,baseline,55,71.484,69.456,1.158,0.1165,45.59,596.0
metronomic_breathing,M7,baseline,57,74.1,72.072,1.201,0.1209,43.35,596.0
metronomic_breathing,M7,baseline,59,76.872,74.844,1.247,0.1256,49.67,596.0
metronomic_breathing,M7,baseline,61,79.436,77.408,1.29,0.1299,43.99,596.0
metronomic_breathing,M7,baseline,63,82.012,79.984,1.333,0.1342,45.05,596.0
metronomic_breathing,M7,baseline,65,84.744,82.716,1.379,0.1388,49.34,596.0
metronomic_breathing,M7,baseline,67,87.32,85.292,1.422,0.1431,42.73,596.0
metronomic_breathing,M7,baseline,69,89.96,87.932,1.466,0.1475,44.51,596.0
metronomic_breathing,M7,baseline,71,92.692,90.664,1.511,0.1521,50.51,596.0
metronomic_breathing,M7,baseline,73,95.14,93.112,1.552,0.1562,42.73,596.0
metronomic_breathing,M7,baseline,75,97.808,95.78,1.596,0.1607,47.92,596.0
metronomic_breathing,M7,baseline,77,100.476,98.448,1.641,0.1652,44.64,596.0
metronomic_breathing,M7,baseline,79,103.112,101.084,1.685,0.1696,42.49,596.0
metronomic_breathing,M7,baseline,81,105.856,103.828,1.73,0.1742,48.54,596.0
metronomic_breathing,M7,baseline,83,108.476,106.448,1.774,0.1786,44.51,596.0
metronomic_breathing,M7,baseline,85,111.04,109.012,1.817,0.1829,42.98,596.0
metronomic_breathing,M7,baseline,87,113.8,111.772,1.863,0.1875,48.86,596.0
metronomic_breathing,M7,baseline,89,116.384,114.356,1.906,0.1919,42.86,596.0
metronomic_breathing,M7,baseline,91,119.04,117.012,1.95,0.1963,44.78,596.0
metronomic_breathing,M7,baseline,93,121.796,119.768,1.996,0.201,49.02,596.0
metronomic_breathing,M7,baseline,95,124.328,122.3,2.038,0.2052,43.23,596.0
metronomic_breathing,M7,baseline,97,126.956,124.928,2.082,0.2096,46.88,596.0
metronomic_breathing,M7,baseline,99,129.672,127.644,2.127,0.2142,47.62,596.0
metronomic_breathing,M7,baseline,101,132.228,130.2,2.17,0.2185,42.61,596.0
metronomic_breathing,M7,baseline,103,134.888,132.86,2.214,0.2229,47.47,596.0
metronomic_breathing,M7,baseline,105,137.568,135.54,2.259,0.2274,47.62,596.0
metronomic_breathing,M7,baseline,107,140.18,138.152,2.303,0.2318,43.6,596.0
metronomic_breathing,M7,baseline,109,142.768,140.74,2.346,0.2361,45.45,596.0
metronomic_breathing,M7,baseline,111,145.488,143.46,2.391,0.2407,48.23,596.0
metronomic_breathing,M7,baseline,113,148.02,145.992,2.433,0.245,43.6,596.0
metronomic_breathing,M7,baseline,115,150.752,148.724,2.479,0.2495,50.85,596.0
metronomic_breathing,M7,baseline,117,153.244,151.216,2.52,0.2537,43.23,596.0
metronomic_breathing,M7,baseline,119,155.856,153.828,2.564,0.2581,47.92,596.0
metronomic_breathing,M7,baseline,121,158.488,156.46,2.608,0.2625,48.08,596.0
metronomic_breathing,M7,baseline,123,160.944,158.916,2.649,0.2666,44.38,596.0
metronomic_breathing,M7,baseline,125,163.56,161.532,2.692,0.271,53.38,596.0
metronomic_breathing,M7,baseline,127,165.996,163.968,2.733,0.2751,43.48,596.0
metronomic_breathing,M7,baseline,129,168.608,166.58,2.776,0.2795,44.51,596.0
metronomic_breathing,M7,baseline,131,171.264,169.236,2.821,0.284,49.34,596.0
metronomic_breathing,M7,baseline,133,173.836,171.808,2.863,0.2883,42.25,596.0
metronomic_breathing,M7,baseline,135,176.492,174.464,2.908,0.2927,52.26,596.0
metronomic_breathing,M7,baseline,137,178.952,176.924,2.949,0.2969,46.01,596.0
metronomic_breathing,M7,baseline,139,181.428,179.4,2.99,0.301,47.02,596.0
metronomic_breathing,M7,baseline,141,184.064,182.036,3.034,0.3054,51.02,596.0
metronomic_breathing,M7,baseline,143,186.492,184.464,3.074,0.3095,43.99,596.0
metronomic_breathing,M7,baseline,145,189.068,187.04,3.117,0.3138,46.44,596.0
metronomic_breathing,M7,baseline,147,191.76,189.732,3.162,0.3184,48.7,596.0
metronomic_breathing,M7,baseline,149,194.28,192.252,3.204,0.3226,44.38,596.0
metronomic_breathing,M7,baseline,151,196.84,194.812,3.247,0.3269,49.67,596.0
metronomic_breathing,M7,baseline,153,199.404,197.376,3.29,0.3312,46.73,596.0
metronomic_breathing,M7,baseline,155,201.888,199.86,3.331,0.3353,45.05,596.0
metronomic_breathing,M7,baseline,157,204.496,202.468,3.374,0.3397,50.51,596.0
metronomic_breathing,M7,baseline,159,207.0,204.972,3.416,0.3439,44.78,596.0
metronomic_breathing,M7,baseline,161,209.56,207.532,3.459,0.3482,53.38,596.0
metronomic_breathing,M7,baseline,163,212.016,209.988,3.5,0.3523,46.73,596.0
metronomic_breathing,M7,baseline,165,214.532,212.504,3.542,0.3566,44.25,596.0
metronomic_breathing,M7,baseline,167,217.18,215.152,3.586,0.361,48.39,596.0
metronomic_breathing,M7,baseline,169,219.752,217.724,3.629,0.3653,46.15,596.0
metronomic_breathing,M7,baseline,171,222.256,220.228,3.67,0.3695,44.38,596.0
metronomic_breathing,M7,baseline,173,224.92,222.892,3.715,0.374,49.67,596.0
metronomic_breathing,M7,baseline,175,227.408,225.38,3.756,0.3782,43.73,596.0
metronomic_breathing,M7,baseline,177,229.976,227.948,3.799,0.3825,47.62,596.0
metronomic_breathing,M7,baseline,179,232.576,230.548,3.842,0.3868,49.18,596.0
metronomic_breathing,M7,baseline,181,235.056,233.028,3.884,0.391,45.18,596.0
metronomic_breathing,M7,baseline,183,237.572,235.544,3.926,0.3952,50.51,596.0
metronomic_breathing,M7,baseline,185,240.104,238.076,3.968,0.3995,47.47,596.0
metronomic_breathing,M7,baseline,187,242.68,240.652,4.011,0.4038,50.51,596.0
metronomic_breathing,M7,baseline,189,245.148,243.12,4.052,0.4079,45.18,596.0
metronomic_breathing,M7,baseline,191,247.644,245.616,4.094,0.4121,44.51,596.0
metronomic_breathing,M7,baseline,193,250.332,248.304,4.138,0.4166,52.08,596.0
metronomic_breathing,M7,baseline,195,252.812,250.784,4.18,0.4208,43.23,596.0
metronomic_breathing,M7,baseline,197,255.36,253.332,4.222,0.4251,45.45,596.0
metronomic_breathing,M7,baseline,199,258.064,256.036,4.267,0.4296,49.83,596.0
metronomic_breathing,M7,baseline,201,260.596,258.568,4.309,0.4339,43.35,596.0
metronomic_breathing,M7,baseline,203,263.22,261.192,4.353,0.4383,49.83,596.0
metronomic_breathing,M7,baseline,205,265.796,263.768,4.396,0.4426,48.86,596.0
metronomic_breathing,M7,baseline,207,268.3,266.272,4.438,0.4468,48.7,596.0
metronomic_breathing,M7,baseline,209,270.844,268.816,4.48,0.451,47.92,596.0
metronomic_breathing,M7,baseline,211,273.456,271.428,4.524,0.4554,44.78,596.0
metronomic_breathing,M7,baseline,213,276.036,274.008,4.567,0.4598,44.25,596.0
metronomic_breathing,M7,baseline,215,278.656,276.628,4.61,0.4642,48.54,596.0
metronomic_breathing,M7,baseline,217,281.248,279.22,4.654,0.4685,50.34,596.0
metronomic_breathing,M7,baseline,219,283.684,281.656,4.694,0.4726,44.78,596.0
metronomic_breathing,M7,baseline,221,286.356,284.328,4.739,0.4771,51.37,596.0
metronomic_breathing,M7,baseline,223,288.792,286.764,4.779,0.4812,44.12,596.0
metronomic_breathing,M7,baseline,225,291.4,289.372,4.823,0.4855,51.19,596.0
metronomic_breathing,M7,baseline,227,293.892,291.864,4.864,0.4897,47.62,596.0
metronomic_breathing,M7,baseline,229,296.4,294.372,4.906,0.4939,45.87,596.0
metronomic_breathing,M7,baseline,231,298.78,296.752,4.946,0.4979,45.87,596.0
metronomic_breathing,M7,baseline,233,301.172,299.144,4.986,0.5019,47.02,596.0
metronomic_breathing,M7,baseline,235,303.8,301.772,5.03,0.5063,53.38,596.0
metronomic_breathing,M7,baseline,237,306.188,304.16,5.069,0.5104,44.25,596.0
metronomic_breathing,M7,baseline,239,308.66,306.632,5.111,0.5145,49.34,596.0
metronomic_breathing,M7,baseline,241,311.272,309.244,5.154,0.5189,50.0,596.0
metronomic_breathing,M7,baseline,243,313.64,311.612,5.194,0.5229,44.91,596.0
metronomic_breathing,M7,baseline,245,316.212,314.184,5.236,0.5272,51.19,596.0
metronomic_breathing,M7,baseline,247,318.756,316.728,5.279,0.5314,48.23,596.0
metronomic_breathing,M7,baseline,249,321.152,319.124,5.319,0.5355,44.38,596.0
metronomic_breathing,M7,baseline,251,323.796,321.768,5.363,0.5399,53.57,596.0
metronomic_breathing,M7,baseline,253,326.256,324.228,5.404,0.544,43.23,596.0
metronomic_breathing,M7,baseline,255,328.828,326.8,5.447,0.5483,47.17,596.0
metronomic_breathing,M7,baseline,257,331.484,329.456,5.491,0.5528,48.7,596.0
metronomic_breathing,M7,baseline,259,333.864,331.836,5.531,0.5568,44.91,596.0
metronomic_breathing,M7,baseline,261,336.34,334.312,5.572,0.5609,48.54,596.0
metronomic_breathing,M7,baseline,263,338.896,336.868,5.614,0.5652,49.34,596.0
metronomic_breathing,M7,baseline,265,341.324,339.296,5.655,0.5693,51.19,596.0
metronomic_breathing,M7,baseline,267,343.844,341.816,5.697,0.5735,45.73,596.0
metronomic_breathing,M7,baseline,269,346.36,344.332,5.739,0.5778,46.44,596.0
metronomic_breathing,M7,baseline,271,348.984,346.956,5.783,0.5822,52.82,596.0
metronomic_breathing,M7,baseline,273,351.328,349.3,5.822,0.5861,47.92,596.0
metronomic_breathing,M7,baseline,275,353.768,351.74,5.862,0.5902,48.86,596.0
metronomic_breathing,M7,baseline,277,356.308,354.28,5.905,0.5944,48.08,596.0
metronomic_breathing,M7,baseline,279,358.828,356.8,5.947,0.5987,45.87,596.0
metronomic_breathing,M7,baseline,281,361.396,359.368,5.989,0.603,48.08,596.0
metronomic_breathing,M7,baseline,283,363.94,361.912,6.032,0.6073,47.02,596.0
metronomic_breathing,M7,baseline,285,366.444,364.416,6.074,0.6115,46.58,596.0
metronomic_breathing,M7,baseline,287,368.976,366.948,6.116,0.6157,50.85,596.0
metronomic_breathing,M7,baseline,289,371.396,369.368,6.156,0.6198,44.78,596.0
metronomic_breathing,M7,baseline,291,373.92,371.892,6.198,0.624,50.0,596.0
metronomic_breathing,M7,baseline,293,376.424,374.396,6.24,0.6282,51.9,596.0
metronomic_breathing,M7,baseline,295,378.716,376.688,6.278,0.632,46.44,596.0
metronomic_breathing,M7,baseline,297,381.284,379.256,6.321,0.6364,52.45,596.0
metronomic_breathing,M7,baseline,299,383.544,381.516,6.359,0.6401,46.44,596.0
metronomic_breathing,M7,baseline,301,386.152,384.124,6.402,0.6445,51.37,596.0
metronomic_breathing,M7,baseline,303,388.592,386.564,6.443,0.6486,45.05,596.0
metronomic_breathing,M7,baseline,305,391.12,389.092,6.485,0.6529,48.86,596.0
metronomic_breathing,M7,baseline,307,393.672,391.644,6.527,0.6571,52.82,596.0
metronomic_breathing,M7,baseline,309,396.096,394.068,6.568,0.6612,45.87,596.0
metronomic_breathing,M7,baseline,311,398.664,396.636,6.611,0.6655,45.87,596.0
metronomic_breathing,M7,baseline,313,401.124,399.096,6.652,0.6696,45.73,596.0
metronomic_breathing,M7,baseline,315,403.652,401.624,6.694,0.6739,45.59,596.0
metronomic_breathing,M7,baseline,317,406.308,404.28,6.738,0.6783,49.83,596.0
metronomic_breathing,M7,baseline,319,408.82,406.792,6.78,0.6826,44.12,596.0
metronomic_breathing,M7,baseline,321,411.424,409.396,6.823,0.6869,47.02,596.0
metronomic_breathing,M7,baseline,323,414.088,412.06,6.868,0.6914,47.62,596.0
metronomic_breathing,M7,baseline,325,416.632,414.604,6.91,0.6957,43.6,596.0
metronomic_breathing,M7,baseline,327,419.28,417.252,6.954,0.7001,45.45,596.0
metronomic_breathing,M7,baseline,329,421.948,419.92,6.999,0.7046,49.34,596.0
metronomic_breathing,M7,baseline,331,424.44,422.412,7.04,0.7088,45.45,596.0
metronomic_breathing,M7,baseline,333,426.952,424.924,7.082,0.713,53.38,596.0
metronomic_breathing,M7,baseline,335,429.396,427.368,7.123,0.7171,44.25,596.0
metronomic_breathing,M7,baseline,337,431.9,429.872,7.165,0.7213,47.77,596.0
metronomic_breathing,M7,baseline,339,434.496,432.468,7.208,0.7256,52.26,596.0
metronomic_breathing,M7,baseline,341,436.928,434.9,7.248,0.7297,44.51,596.0
metronomic_breathing,M7,baseline,343,439.368,437.34,7.289,0.7338,50.0,596.0
metronomic_breathing,M7,baseline,345,441.948,439.92,7.332,0.7381,47.17,596.0
metronomic_breathing,M7,baseline,347,444.36,442.332,7.372,0.7422,46.3,596.0
metronomic_breathing,M7,baseline,349,446.968,444.94,7.416,0.7466,51.37,596.0
metronomic_breathing,M7,baseline,351,449.432,447.404,7.457,0.7507,44.51,596.0
metronomic_breathing,M7,baseline,353,451.992,449.964,7.499,0.755,46.73,596.0
metronomic_breathing,M7,baseline,355,454.612,452.584,7.543,0.7594,52.45,596.0
metronomic_breathing,M7,baseline,357,456.96,454.932,7.582,0.7633,44.38,596.0
metronomic_breathing,M7,baseline,359,459.652,457.624,7.627,0.7679,51.55,596.0
metronomic_breathing,M7,baseline,361,462.112,460.084,7.668,0.772,44.12,596.0
metronomic_breathing,M7,baseline,363,464.708,462.68,7.711,0.7763,48.08,596.0
metronomic_breathing,M7,baseline,365,467.3,465.272,7.755,0.7807,47.17,596.0
metronomic_breathing,M7,baseline,367,469.864,467.836,7.797,0.785,44.91,596.0
metronomic_breathing,M7,baseline,369,472.376,470.348,7.839,0.7892,47.02,596.0
metronomic_breathing,M7,baseline,371,474.98,472.952,7.883,0.7936,48.23,596.0
metronomic_breathing,M7,baseline,373,477.524,475.496,7.925,0.7978,45.87,596.0
metronomic_breathing,M7,baseline,375,479.96,477.932,7.966,0.8019,53.57,596.0
metronomic_breathing,M7,baseline,377,482.42,480.392,8.007,0.8061,46.73,596.0
metronomic_breathing,M7,baseline,379,484.944,482.916,8.049,0.8103,44.91,596.0
metronomic_breathing,M7,baseline,381,487.472,485.444,8.091,0.8145,55.35,596.0
metronomic_breathing,M7,baseline,383,489.536,487.508,8.125,0.818,61.98,596.0
metronomic_breathing,M7,baseline,385,491.484,489.456,8.158,0.8213,44.78,596.0
metronomic_breathing,M7,baseline,387,493.96,491.932,8.199,0.8254,50.34,596.0
metronomic_breathing,M7,baseline,389,496.444,494.416,8.24,0.8296,49.34,596.0
metronomic_breathing,M7,baseline,391,498.908,496.88,8.281,0.8337,46.01,596.0
metronomic_breathing,M7,baseline,393,501.46,499.432,8.324,0.838,45.73,596.0
metronomic_breathing,M7,baseline,395,504.1,502.072,8.368,0.8424,48.23,596.0
metronomic_breathing,M7,baseline,397,506.62,504.592,8.41,0.8467,45.59,596.0
metronomic_breathing,M7,baseline,399,509.208,507.18,8.453,0.851,48.39,596.0
metronomic_breathing,M7,baseline,401,511.748,509.72,8.495,0.8553,44.91,596.0
metronomic_breathing,M7,baseline,403,514.34,512.312,8.539,0.8596,48.86,596.0
metronomic_breathing,M7,baseline,405,516.828,514.8,8.58,0.8638,47.32,596.0
metronomic_breathing,M7,baseline,407,519.284,517.256,8.621,0.8679,46.73,596.0
metronomic_breathing,M7,baseline,409,521.912,519.884,8.665,0.8723,49.34,596.0
metronomic_breathing,M7,baseline,411,524.416,522.388,8.706,0.8765,45.59,596.0
metronomic_breathing,M7,baseline,413,527.024,524.996,8.75,0.8809,46.01,596.0
metronomic_breathing,M7,baseline,415,529.628,527.6,8.793,0.8853,45.05,596.0
metronomic_breathing,M7,baseline,417,532.288,530.26,8.838,0.8897,45.45,596.0
metronomic_breathing,M7,baseline,419,534.8,532.772,8.88,0.8939,46.15,596.0
metronomic_breathing,M7,baseline,421,537.448,535.42,8.924,0.8984,47.77,596.0
metronomic_breathing,M7,baseline,423,539.992,537.964,8.966,0.9027,45.87,596.0
metronomic_breathing,M7,baseline,425,542.524,540.496,9.008,0.9069,46.3,596.0
metronomic_breathing,M7,baseline,427,545.168,543.14,9.052,0.9113,45.59,596.0
metronomic_breathing,M7,baseline,429,547.736,545.708,9.095,0.9156,43.99,596.0
metronomic_breathing,M7,baseline,431,550.36,548.332,9.139,0.9201,47.77,596.0
metronomic_breathing,M7,baseline,433,552.908,550.88,9.181,0.9243,44.91,596.0
metronomic_breathing,M7,baseline,435,555.464,553.436,9.224,0.9286,50.68,596.0
metronomic_breathing,M7,baseline,437,557.94,555.912,9.265,0.9328,46.58,596.0
metronomic_breathing,M7,baseline,439,560.428,558.4,9.307,0.9369,46.01,596.0
metronomic_breathing,M7,baseline,441,562.98,560.952,9.349,0.9412,50.51,596.0
metronomic_breathing,M7,baseline,443,565.476,563.448,9.391,0.9454,44.38,596.0
metronomic_breathing,M7,baseline,445,568.06,566.032,9.434,0.9497,46.15,596.0
metronomic_breathing,M7,baseline,447,570.68,568.652,9.478,0.9541,46.44,596.0
metronomic_breathing,M7,baseline,449,573.296,571.268,9.521,0.9585,46.58,596.0
metronomic_breathing,M7,baseline,451,575.832,573.804,9.563,0.9628,45.73,596.0
metronomic_breathing,M7,baseline,453,578.452,576.424,9.607,0.9672,47.17,596.0
metronomic_breathing,M7,baseline,455,581.04,579.012,9.65,0.9715,46.44,596.0
metronomic_breathing,M7,baseline,457,583.488,581.46,9.691,0.9756,54.74,596.0
metronomic_breathing,M7,baseline,459,585.7,583.672,9.728,0.9793,45.87,596.0
metronomic_breathing,M7,baseline,461,588.24,586.212,9.77,0.9836,49.34,596.0
metronomic_breathing,M7,baseline,463,590.724,588.696,9.812,0.9878,48.08,596.0
metronomic_breathing,M7,baseline,465,593.128,591.1,9.852,0.9918,49.67,596.0
metronomic_breathing,M7,baseline,467,595.556,593.528,9.892,0.9959,51.55,596.0
metronomic_breathing,M7,baseline,469,598.008,595.98,9.933,1.0,45.87,596.0
metronomic_breathing,M8,baseline,1,1.336,0.0,0.0,0.0,78.12,597.3
metronomic_breathing,M8,baseline,4,3.68,2.344,0.039,0.0039,71.09,597.3
metronomic_breathing,M8,baseline,7,6.244,4.908,0.082,0.0082,73.53,597.3
metronomic_breathing,M8,baseline,10,8.684,7.348,0.122,0.0123,75.0,597.3
metronomic_breathing,M8,baseline,13,11.084,9.748,0.162,0.0163,71.77,597.3
metronomic_breathing,M8,baseline,16,13.588,12.252,0.204,0.0205,71.43,597.3
metronomic_breathing,M8,baseline,19,16.108,14.772,0.246,0.0247,74.26,597.3
metronomic_breathing,M8,baseline,22,18.592,17.256,0.288,0.0289,72.46,597.3
metronomic_breathing,M8,baseline,25,21.028,19.692,0.328,0.033,74.26,597.3
metronomic_breathing,M8,baseline,28,23.488,22.152,0.369,0.0371,74.63,597.3
metronomic_breathing,M8,baseline,31,25.912,24.576,0.41,0.0411,72.82,597.3
metronomic_breathing,M8,baseline,34,28.344,27.008,0.45,0.0452,75.38,597.3
metronomic_breathing,M8,baseline,37,30.764,29.428,0.49,0.0493,73.53,597.3
metronomic_breathing,M8,baseline,40,33.184,31.848,0.531,0.0533,73.17,597.3
metronomic_breathing,M8,baseline,43,35.664,34.328,0.572,0.0575,74.26,597.3
metronomic_breathing,M8,baseline,46,38.088,36.752,0.613,0.0615,72.12,597.3
metronomic_breathing,M8,baseline,49,40.54,39.204,0.653,0.0656,74.63,597.3
metronomic_breathing,M8,baseline,52,43.004,41.668,0.694,0.0698,72.46,597.3
metronomic_breathing,M8,baseline,55,45.464,44.128,0.735,0.0739,71.43,597.3
metronomic_breathing,M8,baseline,58,47.984,46.648,0.777,0.0781,74.63,597.3
metronomic_breathing,M8,baseline,61,50.404,49.068,0.818,0.0821,72.12,597.3
metronomic_breathing,M8,baseline,64,52.844,51.508,0.858,0.0862,74.63,597.3
metronomic_breathing,M8,baseline,67,55.284,53.948,0.899,0.0903,72.12,597.3
metronomic_breathing,M8,baseline,70,57.76,56.424,0.94,0.0945,72.12,597.3
metronomic_breathing,M8,baseline,73,60.284,58.948,0.982,0.0987,73.53,597.3
metronomic_breathing,M8,baseline,76,62.764,61.428,1.024,0.1028,72.46,597.3
metronomic_breathing,M8,baseline,79,65.22,63.884,1.065,0.1069,73.17,597.3
metronomic_breathing,M8,baseline,82,67.74,66.404,1.107,0.1112,72.12,597.3
metronomic_breathing,M8,baseline,85,70.212,68.876,1.148,0.1153,71.09,597.3
metronomic_breathing,M8,baseline,88,72.752,71.416,1.19,0.1196,73.17,597.3
metronomic_breathing,M8,baseline,91,75.28,73.944,1.232,0.1238,70.42,597.3
metronomic_breathing,M8,baseline,94,77.748,76.412,1.274,0.1279,74.26,597.3
metronomic_breathing,M8,baseline,97,80.168,78.832,1.314,0.132,75.0,597.3
metronomic_breathing,M8,baseline,100,82.612,81.276,1.355,0.1361,70.75,597.3
metronomic_breathing,M8,baseline,103,85.1,83.764,1.396,0.1402,75.38,597.3
metronomic_breathing,M8,baseline,106,87.512,86.176,1.436,0.1443,75.0,597.3
metronomic_breathing,M8,baseline,109,89.896,88.56,1.476,0.1483,74.63,597.3
metronomic_breathing,M8,baseline,112,92.34,91.004,1.517,0.1523,74.63,597.3
metronomic_breathing,M8,baseline,115,94.748,93.412,1.557,0.1564,73.53,597.3
metronomic_breathing,M8,baseline,118,97.16,95.824,1.597,0.1604,77.72,597.3
metronomic_breathing,M8,baseline,121,99.504,98.168,1.636,0.1643,75.0,597.3
metronomic_breathing,M8,baseline,124,101.892,100.556,1.676,0.1683,76.53,597.3
metronomic_breathing,M8,baseline,127,104.3,102.964,1.716,0.1724,73.17,597.3
metronomic_breathing,M8,baseline,130,106.736,105.4,1.757,0.1764,74.26,597.3
metronomic_breathing,M8,baseline,133,109.224,107.888,1.798,0.1806,72.12,597.3
metronomic_breathing,M8,baseline,136,111.716,110.38,1.84,0.1848,70.09,597.3
metronomic_breathing,M8,baseline,139,114.224,112.888,1.881,0.189,73.17,597.3
metronomic_breathing,M8,baseline,142,116.692,115.356,1.923,0.1931,74.26,597.3
metronomic_breathing,M8,baseline,145,119.108,117.772,1.963,0.1972,70.75,597.3
metronomic_breathing,M8,baseline,148,121.7,120.364,2.006,0.2015,71.77,597.3
metronomic_breathing,M8,baseline,151,124.236,122.9,2.048,0.2057,68.49,597.3
metronomic_breathing,M8,baseline,154,126.792,125.456,2.091,0.21,76.14,597.3
metronomic_breathing,M8,baseline,157,129.168,127.832,2.131,0.214,76.14,597.3
metronomic_breathing,M8,baseline,160,131.56,130.224,2.17,0.218,71.77,597.3
metronomic_breathing,M8,baseline,163,134.032,132.696,2.212,0.2221,74.63,597.3
metronomic_breathing,M8,baseline,166,136.476,135.14,2.252,0.2262,73.89,597.3
metronomic_breathing,M8,baseline,169,138.876,137.54,2.292,0.2303,73.89,597.3
metronomic_breathing,M8,baseline,172,141.34,140.004,2.333,0.2344,75.38,597.3
metronomic_breathing,M8,baseline,175,143.716,142.38,2.373,0.2384,73.17,597.3
metronomic_breathing,M8,baseline,178,146.176,144.84,2.414,0.2425,76.53,597.3
metronomic_breathing,M8,baseline,181,148.576,147.24,2.454,0.2465,72.46,597.3
metronomic_breathing,M8,baseline,184,151.0,149.664,2.494,0.2505,78.12,597.3
metronomic_breathing,M8,baseline,187,153.312,151.976,2.533,0.2544,75.38,597.3
metronomic_breathing,M8,baseline,190,155.648,154.312,2.572,0.2583,77.72,597.3
metronomic_breathing,M8,baseline,193,158.024,156.688,2.611,0.2623,76.53,597.3
metronomic_breathing,M8,baseline,196,160.372,159.036,2.651,0.2662,74.26,597.3
metronomic_breathing,M8,baseline,199,162.792,161.456,2.691,0.2703,77.32,597.3
metronomic_breathing,M8,baseline,202,165.136,163.8,2.73,0.2742,75.0,597.3
metronomic_breathing,M8,baseline,205,167.484,166.148,2.769,0.2781,75.0,597.3
metronomic_breathing,M8,baseline,208,169.924,168.588,2.81,0.2822,76.53,597.3
metronomic_breathing,M8,baseline,211,172.252,170.916,2.849,0.2861,75.0,597.3
metronomic_breathing,M8,baseline,214,174.656,173.32,2.889,0.2902,78.53,597.3
metronomic_breathing,M8,baseline,217,176.964,175.628,2.927,0.294,75.38,597.3
metronomic_breathing,M8,baseline,220,179.336,178.0,2.967,0.298,79.79,597.3
metronomic_breathing,M8,baseline,223,181.628,180.292,3.005,0.3018,76.14,597.3
metronomic_breathing,M8,baseline,226,183.952,182.616,3.044,0.3057,77.32,597.3
metronomic_breathing,M8,baseline,229,186.368,185.032,3.084,0.3098,74.26,597.3
metronomic_breathing,M8,baseline,232,188.724,187.388,3.123,0.3137,75.0,597.3
metronomic_breathing,M8,baseline,235,191.104,189.768,3.163,0.3177,78.95,597.3
metronomic_breathing,M8,baseline,238,193.372,192.036,3.201,0.3215,77.72,597.3
metronomic_breathing,M8,baseline,241,195.664,194.328,3.239,0.3253,81.52,597.3
metronomic_breathing,M8,baseline,244,197.872,196.536,3.276,0.329,78.95,597.3
metronomic_breathing,M8,baseline,247,200.14,198.804,3.313,0.3328,80.21,597.3
metronomic_breathing,M8,baseline,250,202.432,201.096,3.352,0.3367,76.53,597.3
metronomic_breathing,M8,baseline,253,204.72,203.384,3.39,0.3405,82.42,597.3
metronomic_breathing,M8,baseline,256,206.944,205.608,3.427,0.3442,80.21,597.3
metronomic_breathing,M8,baseline,259,209.148,207.812,3.464,0.3479,80.65,597.3
metronomic_breathing,M8,baseline,262,211.432,210.096,3.502,0.3517,78.95,597.3
metronomic_breathing,M8,baseline,265,213.672,212.336,3.539,0.3555,78.53,597.3
metronomic_breathing,M8,baseline,268,215.972,214.636,3.577,0.3593,79.37,597.3
metronomic_breathing,M8,baseline,271,218.256,216.92,3.615,0.3631,75.0,597.3
metronomic_breathing,M8,baseline,274,220.628,219.292,3.655,0.3671,78.12,597.3
metronomic_breathing,M8,baseline,277,223.012,221.676,3.695,0.3711,73.89,597.3
metronomic_breathing,M8,baseline,280,225.396,224.06,3.734,0.3751,78.53,597.3
metronomic_breathing,M8,baseline,283,227.744,226.408,3.773,0.379,77.32,597.3
metronomic_breathing,M8,baseline,286,230.124,228.788,3.813,0.383,73.17,597.3
metronomic_breathing,M8,baseline,289,232.524,231.188,3.853,0.387,78.53,597.3
metronomic_breathing,M8,baseline,292,234.716,233.38,3.89,0.3907,88.24,597.3
metronomic_breathing,M8,baseline,295,236.708,235.372,3.923,0.394,90.36,597.3
metronomic_breathing,M8,baseline,298,238.76,237.424,3.957,0.3975,81.97,597.3
metronomic_breathing,M8,baseline,301,240.96,239.624,3.994,0.4011,79.37,597.3
metronomic_breathing,M8,baseline,304,243.24,241.904,4.032,0.405,80.65,597.3
metronomic_breathing,M8,baseline,307,245.452,244.116,4.069,0.4087,79.79,597.3
metronomic_breathing,M8,baseline,310,247.736,246.4,4.107,0.4125,79.79,597.3
metronomic_breathing,M8,baseline,313,249.992,248.656,4.144,0.4163,76.92,597.3
metronomic_breathing,M8,baseline,316,252.368,251.032,4.184,0.4202,77.72,597.3
metronomic_breathing,M8,baseline,319,254.696,253.36,4.223,0.4241,76.92,597.3
metronomic_breathing,M8,baseline,322,257.012,255.676,4.261,0.428,79.79,597.3
metronomic_breathing,M8,baseline,325,259.296,257.96,4.299,0.4318,77.32,597.3
metronomic_breathing,M8,baseline,328,261.576,260.24,4.337,0.4357,77.72,597.3
metronomic_breathing,M8,baseline,331,263.904,262.568,4.376,0.4396,78.53,597.3
metronomic_breathing,M8,baseline,334,266.204,264.868,4.414,0.4434,76.53,597.3
metronomic_breathing,M8,baseline,337,268.544,267.208,4.453,0.4473,76.14,597.3
metronomic_breathing,M8,baseline,340,270.932,269.596,4.493,0.4513,77.32,597.3
metronomic_breathing,M8,baseline,343,273.22,271.884,4.531,0.4552,82.42,597.3
metronomic_breathing,M8,baseline,346,275.364,274.028,4.567,0.4587,84.27,597.3
metronomic_breathing,M8,baseline,349,277.548,276.212,4.604,0.4624,81.97,597.3
metronomic_breathing,M8,baseline,352,279.808,278.472,4.641,0.4662,78.53,597.3
metronomic_breathing,M8,baseline,355,282.048,280.712,4.679,0.4699,80.65,597.3
metronomic_breathing,M8,baseline,358,284.264,282.928,4.715,0.4736,83.8,597.3
metronomic_breathing,M8,baseline,361,286.38,285.044,4.751,0.4772,85.71,597.3
metronomic_breathing,M8,baseline,364,288.48,287.144,4.786,0.4807,86.71,597.3
metronomic_breathing,M8,baseline,367,290.556,289.22,4.82,0.4842,85.71,597.3
metronomic_breathing,M8,baseline,370,292.672,291.336,4.856,0.4877,85.71,597.3
metronomic_breathing,M8,baseline,373,294.76,293.424,4.89,0.4912,84.75,597.3
metronomic_breathing,M8,baseline,376,296.896,295.56,4.926,0.4948,84.27,597.3
metronomic_breathing,M8,baseline,379,299.032,297.696,4.962,0.4984,81.52,597.3
metronomic_breathing,M8,baseline,382,301.228,299.892,4.998,0.502,84.27,597.3
metronomic_breathing,M8,baseline,385,303.352,302.016,5.034,0.5056,84.27,597.3
metronomic_breathing,M8,baseline,388,305.512,304.176,5.07,0.5092,82.42,597.3
metronomic_breathing,M8,baseline,391,307.712,306.376,5.106,0.5129,79.37,597.3
metronomic_breathing,M8,baseline,394,309.972,308.636,5.144,0.5167,81.52,597.3
metronomic_breathing,M8,baseline,397,312.192,310.856,5.181,0.5204,80.65,597.3
metronomic_breathing,M8,baseline,400,314.396,313.06,5.218,0.5241,84.27,597.3
metronomic_breathing,M8,baseline,403,316.544,315.208,5.253,0.5277,82.87,597.3
metronomic_breathing,M8,baseline,406,318.7,317.364,5.289,0.5313,84.75,597.3
metronomic_breathing,M8,baseline,409,320.844,319.508,5.325,0.5349,81.97,597.3
metronomic_breathing,M8,baseline,412,323.02,321.684,5.361,0.5385,82.87,597.3
metronomic_breathing,M8,baseline,415,325.228,323.892,5.398,0.5422,81.08,597.3
metronomic_breathing,M8,baseline,418,327.416,326.08,5.435,0.5459,80.65,597.3
metronomic_breathing,M8,baseline,421,329.664,328.328,5.472,0.5496,82.42,597.3
metronomic_breathing,M8,baseline,424,331.832,330.496,5.508,0.5533,82.42,597.3
metronomic_breathing,M8,baseline,427,334.016,332.68,5.545,0.5569,83.33,597.3
metronomic_breathing,M8,baseline,430,336.164,334.828,5.58,0.5605,82.87,597.3
metronomic_breathing,M8,baseline,433,338.348,337.012,5.617,0.5642,83.8,597.3
metronomic_breathing,M8,baseline,436,340.508,339.172,5.653,0.5678,82.42,597.3
metronomic_breathing,M8,baseline,439,342.684,341.348,5.689,0.5714,83.33,597.3
metronomic_breathing,M8,baseline,442,344.888,343.552,5.726,0.5751,80.65,597.3
metronomic_breathing,M8,baseline,445,347.084,345.748,5.762,0.5788,82.42,597.3
metronomic_breathing,M8,baseline,448,349.288,347.952,5.799,0.5825,81.52,597.3
metronomic_breathing,M8,baseline,451,351.464,350.128,5.835,0.5861,81.52,597.3
metronomic_breathing,M8,baseline,454,353.676,352.34,5.872,0.5898,82.87,597.3
metronomic_breathing,M8,baseline,457,355.86,354.524,5.909,0.5935,80.65,597.3
metronomic_breathing,M8,baseline,460,358.104,356.768,5.946,0.5973,81.52,597.3
metronomic_breathing,M8,baseline,463,360.316,358.98,5.983,0.601,80.21,597.3
metronomic_breathing,M8,baseline,466,362.56,361.224,6.02,0.6047,81.97,597.3
metronomic_breathing,M8,baseline,469,364.772,363.436,6.057,0.6084,79.79,597.3
metronomic_breathing,M8,baseline,472,367.004,365.668,6.094,0.6122,83.8,597.3
metronomic_breathing,M8,baseline,475,369.152,367.816,6.13,0.6158,81.97,597.3
metronomic_breathing,M8,baseline,478,371.356,370.02,6.167,0.6194,81.97,597.3
metronomic_breathing,M8,baseline,481,373.58,372.244,6.204,0.6232,79.37,597.3
metronomic_breathing,M8,baseline,484,375.816,374.48,6.241,0.6269,81.97,597.3
metronomic_breathing,M8,baseline,487,378.008,376.672,6.278,0.6306,84.75,597.3
metronomic_breathing,M8,baseline,490,380.08,378.744,6.312,0.634,89.29,597.3
metronomic_breathing,M8,baseline,493,382.108,380.772,6.346,0.6374,85.23,597.3
metronomic_breathing,M8,baseline,496,384.26,382.924,6.382,0.641,81.97,597.3
metronomic_breathing,M8,baseline,499,386.496,385.16,6.419,0.6448,79.79,597.3
metronomic_breathing,M8,baseline,502,388.712,387.376,6.456,0.6485,81.97,597.3
metronomic_breathing,M8,baseline,505,390.916,389.58,6.493,0.6522,80.21,597.3
metronomic_breathing,M8,baseline,508,393.156,391.82,6.53,0.6559,77.72,597.3
metronomic_breathing,M8,baseline,511,395.464,394.128,6.569,0.6598,80.21,597.3
metronomic_breathing,M8,baseline,514,397.704,396.368,6.606,0.6636,77.72,597.3
metronomic_breathing,M8,baseline,517,400.012,398.676,6.645,0.6674,78.53,597.3
metronomic_breathing,M8,baseline,520,402.32,400.984,6.683,0.6713,77.32,597.3
metronomic_breathing,M8,baseline,523,404.62,403.284,6.721,0.6751,79.79,597.3
metronomic_breathing,M8,baseline,526,406.912,405.576,6.76,0.679,77.72,597.3
metronomic_breathing,M8,baseline,529,409.248,407.912,6.799,0.6829,74.63,597.3
metronomic_breathing,M8,baseline,532,411.632,410.296,6.838,0.6869,77.72,597.3
metronomic_breathing,M8,baseline,535,413.936,412.6,6.877,0.6907,76.53,597.3
metronomic_breathing,M8,baseline,538,416.288,414.952,6.916,0.6947,78.12,597.3
metronomic_breathing,M8,baseline,541,418.608,417.272,6.955,0.6985,76.53,597.3
metronomic_breathing,M8,baseline,544,420.956,419.62,6.994,0.7025,78.53,597.3
metronomic_breathing,M8,baseline,547,423.26,421.924,7.032,0.7063,76.92,597.3
metronomic_breathing,M8,baseline,550,425.604,424.268,7.071,0.7103,77.72,597.3
metronomic_breathing,M8,baseline,553,427.904,426.568,7.109,0.7141,76.92,597.3
metronomic_breathing,M8,baseline,556,430.24,428.904,7.148,0.718,78.53,597.3
metronomic_breathing,M8,baseline,559,432.532,431.196,7.187,0.7219,75.76,597.3
metronomic_breathing,M8,baseline,562,434.952,433.616,7.227,0.7259,76.14,597.3
metronomic_breathing,M8,baseline,565,437.348,436.012,7.267,0.7299,75.0,597.3
metronomic_breathing,M8,baseline,568,439.756,438.42,7.307,0.7339,76.14,597.3
metronomic_breathing,M8,baseline,571,442.072,440.736,7.346,0.7378,77.32,597.3
metronomic_breathing,M8,baseline,574,444.464,443.128,7.385,0.7418,74.26,597.3
metronomic_breathing,M8,baseline,577,446.84,445.504,7.425,0.7458,76.14,597.3
metronomic_breathing,M8,baseline,580,449.22,447.884,7.465,0.7498,76.92,597.3
metronomic_breathing,M8,baseline,583,451.568,450.232,7.504,0.7537,76.14,597.3
metronomic_breathing,M8,baseline,586,453.908,452.572,7.543,0.7576,80.65,597.3
metronomic_breathing,M8,baseline,589,456.152,454.816,7.58,0.7614,78.53,597.3
metronomic_breathing,M8,baseline,592,458.432,457.096,7.618,0.7652,79.37,597.3
metronomic_breathing,M8,baseline,595,460.756,459.42,7.657,0.7691,76.14,597.3
metronomic_breathing,M8,baseline,598,463.088,461.752,7.696,0.773,77.32,597.3
metronomic_breathing,M8,baseline,601,465.408,464.072,7.735,0.7769,78.12,597.3
metronomic_breathing,M8,baseline,604,467.756,466.42,7.774,0.7808,74.26,597.3
metronomic_breathing,M8,baseline,607,470.16,468.824,7.814,0.7848,76.92,597.3
metronomic_breathing,M8,baseline,610,472.532,471.196,7.853,0.7888,74.26,597.3
metronomic_breathing,M8,baseline,613,474.916,473.58,7.893,0.7928,76.53,597.3
metronomic_breathing,M8,baseline,616,477.288,475.952,7.933,0.7968,75.0,597.3
metronomic_breathing,M8,baseline,619,479.636,478.3,7.972,0.8007,76.14,597.3
metronomic_breathing,M8,baseline,622,482.048,480.712,8.012,0.8047,75.38,597.3
metronomic_breathing,M8,baseline,625,484.424,483.088,8.051,0.8087,73.89,597.3
metronomic_breathing,M8,baseline,628,486.88,485.544,8.092,0.8128,75.38,597.3
metronomic_breathing,M8,baseline,631,489.272,487.936,8.132,0.8168,72.82,597.3
metronomic_breathing,M8,baseline,634,491.72,490.384,8.173,0.8209,74.63,597.3
metronomic_breathing,M8,baseline,637,494.188,492.852,8.214,0.8251,72.12,597.3
metronomic_breathing,M8,baseline,640,496.612,495.276,8.255,0.8291,75.0,597.3
metronomic_breathing,M8,baseline,643,499.012,497.676,8.295,0.8331,77.32,597.3
metronomic_breathing,M8,baseline,646,501.368,500.032,8.334,0.8371,73.17,597.3
metronomic_breathing,M8,baseline,649,503.804,502.468,8.374,0.8412,75.0,597.3
metronomic_breathing,M8,baseline,652,506.232,504.896,8.415,0.8452,73.89,597.3
metronomic_breathing,M8,baseline,655,508.624,507.288,8.455,0.8492,74.63,597.3
metronomic_breathing,M8,baseline,658,511.052,509.716,8.495,0.8533,75.0,597.3
metronomic_breathing,M8,baseline,661,513.436,512.1,8.535,0.8573,76.14,597.3
metronomic_breathing,M8,baseline,664,515.788,514.452,8.574,0.8612,76.53,597.3
metronomic_breathing,M8,baseline,667,518.184,516.848,8.614,0.8652,73.89,597.3
metronomic_breathing,M8,baseline,670,520.584,519.248,8.654,0.8693,74.63,597.3
metronomic_breathing,M8,baseline,673,523.02,521.684,8.695,0.8733,75.0,597.3
metronomic_breathing,M8,baseline,676,525.388,524.052,8.734,0.8773,77.32,597.3
metronomic_breathing,M8,baseline,679,527.668,526.332,8.772,0.8811,81.08,597.3
metronomic_breathing,M8,baseline,682,529.924,528.588,8.81,0.8849,75.76,597.3
metronomic_breathing,M8,baseline,685,532.3,530.964,8.849,0.8889,79.37,597.3
metronomic_breathing,M8,baseline,688,534.488,533.152,8.886,0.8925,87.21,597.3
metronomic_breathing,M8,baseline,691,536.548,535.212,8.92,0.896,85.23,597.3
metronomic_breathing,M8,baseline,694,538.7,537.364,8.956,0.8996,83.8,597.3
metronomic_breathing,M8,baseline,697,540.872,539.536,8.992,0.9032,80.65,597.3
metronomic_breathing,M8,baseline,700,543.12,541.784,9.03,0.907,79.37,597.3
metronomic_breathing,M8,baseline,703,545.436,544.1,9.068,0.9109,74.63,597.3
metronomic_breathing,M8,baseline,706,547.856,546.52,9.109,0.9149,75.76,597.3
metronomic_breathing,M8,baseline,709,550.256,548.92,9.149,0.9189,75.0,597.3
metronomic_breathing,M8,baseline,712,552.62,551.284,9.188,0.9229,76.53,597.3
metronomic_breathing,M8,baseline,715,555.012,553.676,9.228,0.9269,74.63,597.3
metronomic_breathing,M8,baseline,718,557.38,556.044,9.267,0.9309,75.76,597.3
metronomic_breathing,M8,baseline,721,559.768,558.432,9.307,0.9349,75.0,597.3
metronomic_breathing,M8,baseline,724,562.12,560.784,9.346,0.9388,75.0,597.3
metronomic_breathing,M8,baseline,727,564.544,563.208,9.387,0.9429,75.0,597.3
metronomic_breathing,M8,baseline,730,566.952,565.616,9.427,0.9469,73.17,597.3
metronomic_breathing,M8,baseline,733,569.376,568.04,9.467,0.9509,75.38,597.3
metronomic_breathing,M8,baseline,736,571.784,570.448,9.507,0.955,75.0,597.3
metronomic_breathing,M8,baseline,739,574.136,572.8,9.547,0.9589,79.37,597.3
metronomic_breathing,M8,baseline,742,576.452,575.116,9.585,0.9628,76.92,597.3
metronomic_breathing,M8,baseline,745,578.796,577.46,9.624,0.9667,75.0,597.3
metronomic_breathing,M8,baseline,748,581.216,579.88,9.665,0.9708,75.38,597.3
metronomic_breathing,M8,baseline,751,583.556,582.22,9.704,0.9747,75.38,597.3
metronomic_breathing,M8,baseline,754,585.956,584.62,9.744,0.9787,76.14,597.3
metronomic_breathing,M8,baseline,757,588.376,587.04,9.784,0.9828,72.82,597.3
metronomic_breathing,M8,baseline,760,590.78,589.444,9.824,0.9868,75.76,597.3
metronomic_breathing,M8,baseline,763,593.156,591.82,9.864,0.9908,77.72,597.3
metronomic_breathing,M8,baseline,766,595.5,594.164,9.903,0.9947,74.26,597.3
metronomic_breathing,M8,baseline,769,597.892,596.556,9.943,0.9987,76.14,597.3
metronomic_breathing,M9,baseline,1,1.668,0.0,0.0,0.0,58.82,596.8
metronomic_breathing,M9,baseline,4,4.652,2.984,0.05,0.005,59.06,596.8
metronomic_breathing,M9,baseline,7,7.612,5.944,0.099,0.01,63.83,596.8
metronomic_breathing,M9,baseline,10,10.468,8.8,0.147,0.0147,66.37,596.8
metronomic_breathing,M9,baseline,13,13.348,11.68,0.195,0.0196,58.37,596.8
metronomic_breathing,M9,baseline,16,16.216,14.548,0.242,0.0244,63.03,596.8
metronomic_breathing,M9,baseline,19,18.968,17.3,0.288,0.029,57.25,596.8
metronomic_breathing,M9,baseline,22,21.98,20.312,0.339,0.034,57.47,596.8
metronomic_breathing,M9,baseline,25,24.956,23.288,0.388,0.039,62.76,596.8
metronomic_breathing,M9,baseline,28,27.932,26.264,0.438,0.044,62.76,596.8
metronomic_breathing,M9,baseline,31,30.8,29.132,0.486,0.0488,58.82,596.8
metronomic_breathing,M9,baseline,34,33.676,32.008,0.533,0.0536,63.56,596.8
metronomic_breathing,M9,baseline,37,36.6,34.932,0.582,0.0585,65.5,596.8
metronomic_breathing,M9,baseline,40,39.344,37.676,0.628,0.0631,64.94,596.8
metronomic_breathing,M9,baseline,43,42.048,40.38,0.673,0.0677,67.87,596.8
metronomic_breathing,M9,baseline,46,44.836,43.168,0.719,0.0723,65.79,596.8
metronomic_breathing,M9,baseline,49,47.648,45.98,0.766,0.077,66.08,596.8
metronomic_breathing,M9,baseline,52,50.288,48.62,0.81,0.0815,64.38,596.8
metronomic_breathing,M9,baseline,55,53.052,51.384,0.856,0.0861,72.82,596.8
metronomic_breathing,M9,baseline,58,55.56,53.892,0.898,0.0903,70.42,596.8
metronomic_breathing,M9,baseline,61,58.04,56.372,0.94,0.0945,67.26,596.8
metronomic_breathing,M9,baseline,64,60.712,59.044,0.984,0.0989,70.09,596.8
metronomic_breathing,M9,baseline,67,63.328,61.66,1.028,0.1033,71.43,596.8
metronomic_breathing,M9,baseline,70,65.72,64.052,1.068,0.1073,70.75,596.8
metronomic_breathing,M9,baseline,73,68.496,66.828,1.114,0.112,69.12,596.8
metronomic_breathing,M9,baseline,76,70.984,69.316,1.155,0.1161,71.77,596.8
metronomic_breathing,M9,baseline,79,73.46,71.792,1.197,0.1203,74.26,596.8
metronomic_breathing,M9,baseline,82,76.032,74.364,1.239,0.1246,66.37,596.8
metronomic_breathing,M9,baseline,85,78.556,76.888,1.281,0.1288,74.26,596.8
metronomic_breathing,M9,baseline,88,80.976,79.308,1.322,0.1329,77.72,596.8
metronomic_breathing,M9,baseline,91,83.288,81.62,1.36,0.1368,75.0,596.8
metronomic_breathing,M9,baseline,94,85.756,84.088,1.401,0.1409,75.0,596.8
metronomic_breathing,M9,baseline,97,88.2,86.532,1.442,0.145,75.0,596.8
metronomic_breathing,M9,baseline,100,90.652,88.984,1.483,0.1491,70.42,596.8
metronomic_breathing,M9,baseline,103,93.184,91.516,1.525,0.1533,75.38,596.8
metronomic_breathing,M9,baseline,106,95.56,93.892,1.565,0.1573,73.17,596.8
metronomic_breathing,M9,baseline,109,98.08,96.412,1.607,0.1615,71.77,596.8
metronomic_breathing,M9,baseline,112,100.72,99.052,1.651,0.166,66.37,596.8
metronomic_breathing,M9,baseline,115,103.28,101.612,1.694,0.1703,70.42,596.8
metronomic_breathing,M9,baseline,118,105.916,104.248,1.737,0.1747,69.44,596.8
metronomic_breathing,M9,baseline,121,108.416,106.748,1.779,0.1789,68.81,596.8
metronomic_breathing,M9,baseline,124,111.064,109.396,1.823,0.1833,64.66,596.8
metronomic_breathing,M9,baseline,127,113.948,112.28,1.871,0.1881,64.66,596.8
metronomic_breathing,M9,baseline,130,116.824,115.156,1.919,0.193,60.24,596.8
metronomic_breathing,M9,baseline,133,119.64,117.972,1.966,0.1977,70.42,596.8
metronomic_breathing,M9,baseline,136,122.264,120.596,2.01,0.2021,68.18,596.8
metronomic_breathing,M9,baseline,139,124.772,123.104,2.052,0.2063,70.75,596.8
metronomic_breathing,M9,baseline,142,127.456,125.788,2.096,0.2108,59.29,596.8
metronomic_breathing,M9,baseline,145,130.432,128.764,2.146,0.2158,69.12,596.8
metronomic_breathing,M9,baseline,148,133.108,131.44,2.191,0.2202,66.37,596.8
metronomic_breathing,M9,baseline,151,135.756,134.088,2.235,0.2247,65.79,596.8
metronomic_breathing,M9,baseline,154,138.556,136.888,2.281,0.2294,64.94,596.8
metronomic_breathing,M9,baseline,157,141.328,139.66,2.328,0.234,60.48,596.8
metronomic_breathing,M9,baseline,160,144.236,142.568,2.376,0.2389,63.83,596.8
metronomic_breathing,M9,baseline,163,146.952,145.284,2.421,0.2434,72.46,596.8
metronomic_breathing,M9,baseline,166,149.344,147.676,2.461,0.2474,75.76,596.8
metronomic_breathing,M9,baseline,169,151.732,150.064,2.501,0.2514,73.89,596.8
metronomic_breathing,M9,baseline,172,154.076,152.408,2.54,0.2554,77.72,596.8
metronomic_breathing,M9,baseline,175,156.388,154.72,2.579,0.2592,70.42,596.8
metronomic_breathing,M9,baseline,178,159.016,157.348,2.622,0.2636,72.12,596.8
metronomic_breathing,M9,baseline,181,161.428,159.76,2.663,0.2677,63.29,596.8
metronomic_breathing,M9,baseline,184,164.456,162.788,2.713,0.2728,57.25,596.8
metronomic_breathing,M9,baseline,187,167.544,165.876,2.765,0.2779,63.56,596.8
metronomic_breathing,M9,baseline,190,170.524,168.856,2.814,0.2829,58.59,596.8
metronomic_breathing,M9,baseline,193,173.46,171.792,2.863,0.2878,57.92,596.8
metronomic_breathing,M9,baseline,196,176.556,174.888,2.915,0.293,60.24,596.8
metronomic_breathing,M9,baseline,199,179.384,177.716,2.962,0.2978,56.82,596.8
metronomic_breathing,M9,baseline,202,182.38,180.712,3.012,0.3028,55.76,596.8
metronomic_breathing,M9,baseline,205,185.452,183.784,3.063,0.3079,58.59,596.8
metronomic_breathing,M9,baseline,208,188.464,186.796,3.113,0.313,65.22,596.8
metronomic_breathing,M9,baseline,211,191.356,189.688,3.161,0.3178,63.03,596.8
metronomic_breathing,M9,baseline,214,194.176,192.508,3.208,0.3226,59.29,596.8
metronomic_breathing,M9,baseline,217,197.132,195.464,3.258,0.3275,63.03,596.8
metronomic_breathing,M9,baseline,220,200.08,198.412,3.307,0.3325,62.5,596.8
metronomic_breathing,M9,baseline,223,202.872,201.204,3.353,0.3371,59.29,596.8
metronomic_breathing,M9,baseline,226,205.864,204.196,3.403,0.3421,60.98,596.8
metronomic_breathing,M9,baseline,229,208.876,207.208,3.453,0.3472,62.24,596.8
metronomic_breathing,M9,baseline,232,211.804,210.136,3.502,0.3521,63.56,596.8
metronomic_breathing,M9,baseline,235,214.576,212.908,3.548,0.3567,60.73,596.8
metronomic_breathing,M9,baseline,238,217.54,215.872,3.598,0.3617,63.83,596.8
metronomic_breathing,M9,baseline,241,220.488,218.82,3.647,0.3666,61.48,596.8
metronomic_breathing,M9,baseline,244,223.248,221.58,3.693,0.3713,65.79,596.8
metronomic_breathing,M9,baseline,247,226.1,224.432,3.741,0.3761,59.52,596.8
metronomic_breathing,M9,baseline,250,229.172,227.504,3.792,0.3812,61.73,596.8
metronomic_breathing,M9,baseline,253,231.92,230.252,3.838,0.3858,62.5,596.8
metronomic_breathing,M9,baseline,256,234.78,233.112,3.885,0.3906,60.98,596.8
metronomic_breathing,M9,baseline,259,237.6,235.932,3.932,0.3953,62.24,596.8
metronomic_breathing,M9,baseline,262,240.62,238.952,3.983,0.4004,58.59,596.8
metronomic_breathing,M9,baseline,265,243.548,241.88,4.031,0.4053,62.76,596.8
metronomic_breathing,M9,baseline,268,246.404,244.736,4.079,0.4101,66.96,596.8
metronomic_breathing,M9,baseline,271,249.22,247.552,4.126,0.4148,60.98,596.8
metronomic_breathing,M9,baseline,274,252.136,250.468,4.174,0.4197,61.22,596.8
metronomic_breathing,M9,baseline,277,254.988,253.32,4.222,0.4245,68.49,596.8
metronomic_breathing,M9,baseline,280,257.696,256.028,4.267,0.429,67.87,596.8
metronomic_breathing,M9,baseline,283,260.436,258.768,4.313,0.4336,59.29,596.8
metronomic_breathing,M9,baseline,286,263.392,261.724,4.362,0.4385,60.0,596.8
metronomic_breathing,M9,baseline,289,266.248,264.58,4.41,0.4433,67.87,596.8
metronomic_breathing,M9,baseline,292,269.024,267.356,4.456,0.448,62.24,596.8
metronomic_breathing,M9,baseline,295,271.78,270.112,4.502,0.4526,63.83,596.8
metronomic_breathing,M9,baseline,298,274.592,272.924,4.549,0.4573,66.37,596.8
metronomic_breathing,M9,baseline,301,277.404,275.736,4.596,0.462,62.5,596.8
metronomic_breathing,M9,baseline,304,280.16,278.492,4.642,0.4666,65.79,596.8
metronomic_breathing,M9,baseline,307,283.044,281.376,4.69,0.4715,65.79,596.8
metronomic_breathing,M9,baseline,310,285.904,284.236,4.737,0.4763,59.29,596.8
metronomic_breathing,M9,baseline,313,288.832,287.164,4.786,0.4812,61.22,596.8
metronomic_breathing,M9,baseline,316,291.74,290.072,4.835,0.486,61.73,596.8
metronomic_breathing,M9,baseline,319,294.648,292.98,4.883,0.4909,64.38,596.8
metronomic_breathing,M9,baseline,322,297.596,295.928,4.932,0.4958,56.82,596.8
metronomic_breathing,M9,baseline,325,300.576,298.908,4.982,0.5008,62.24,596.8
metronomic_breathing,M9,baseline,328,303.488,301.82,5.03,0.5057,66.37,596.8
metronomic_breathing,M9,baseline,331,306.356,304.688,5.078,0.5105,59.29,596.8
metronomic_breathing,M9,baseline,334,309.328,307.66,5.128,0.5155,60.73,596.8
metronomic_breathing,M9,baseline,337,312.2,310.532,5.176,0.5203,65.5,596.8
metronomic_breathing,M9,baseline,340,315.096,313.428,5.224,0.5252,64.66,596.8
metronomic_breathing,M9,baseline,343,317.964,316.296,5.272,0.53,61.73,596.8
metronomic_breathing,M9,baseline,346,320.808,319.14,5.319,0.5347,57.47,596.8
metronomic_breathing,M9,baseline,349,323.968,322.3,5.372,0.54,59.76,596.8
metronomic_breathing,M9,baseline,352,326.932,325.264,5.421,0.545,61.98,596.8
metronomic_breathing,M9,baseline,355,329.756,328.088,5.468,0.5497,61.48,596.8
metronomic_breathing,M9,baseline,358,332.88,331.212,5.52,0.555,59.52,596.8
metronomic_breathing,M9,baseline,361,335.94,334.272,5.571,0.5601,63.83,596.8
metronomic_breathing,M9,baseline,364,338.892,337.224,5.62,0.565,58.37,596.8
metronomic_breathing,M9,baseline,367,342.008,340.34,5.672,0.5703,60.24,596.8
metronomic_breathing,M9,baseline,370,344.988,343.32,5.722,0.5753,62.24,596.8
metronomic_breathing,M9,baseline,373,348.092,346.424,5.774,0.5805,52.63,596.8
metronomic_breathing,M9,baseline,376,351.26,349.592,5.827,0.5858,58.37,596.8
metronomic_breathing,M9,baseline,379,354.192,352.524,5.875,0.5907,56.82,596.8
metronomic_breathing,M9,baseline,382,357.304,355.636,5.927,0.5959,55.97,596.8
metronomic_breathing,M9,baseline,385,360.504,358.836,5.981,0.6013,68.18,596.8
metronomic_breathing,M9,baseline,388,363.128,361.46,6.024,0.6057,66.67,596.8
metronomic_breathing,M9,baseline,391,365.824,364.156,6.069,0.6102,63.83,596.8
metronomic_breathing,M9,baseline,394,368.668,367.0,6.117,0.6149,64.94,596.8
metronomic_breathing,M9,baseline,397,371.472,369.804,6.163,0.6196,67.57,596.8
metronomic_breathing,M9,baseline,400,374.04,372.372,6.206,0.6239,69.12,596.8
metronomic_breathing,M9,baseline,403,376.788,375.12,6.252,0.6285,62.5,596.8
metronomic_breathing,M9,baseline,406,379.636,377.968,6.299,0.6333,61.98,596.8
metronomic_breathing,M9,baseline,409,382.408,380.74,6.346,0.638,62.76,596.8
metronomic_breathing,M9,baseline,412,385.364,383.696,6.395,0.6429,63.29,596.8
metronomic_breathing,M9,baseline,415,388.352,386.684,6.445,0.6479,60.24,596.8
metronomic_breathing,M9,baseline,418,391.256,389.588,6.493,0.6528,60.24,596.8
metronomic_breathing,M9,baseline,421,394.22,392.552,6.543,0.6577,60.48,596.8
metronomic_breathing,M9,baseline,424,397.272,395.604,6.593,0.6629,60.0,596.8
metronomic_breathing,M9,baseline,427,400.36,398.692,6.645,0.668,59.76,596.8
metronomic_breathing,M9,baseline,430,403.188,401.52,6.692,0.6728,63.29,596.8
metronomic_breathing,M9,baseline,433,406.164,404.496,6.742,0.6778,65.79,596.8
metronomic_breathing,M9,baseline,436,409.084,407.416,6.79,0.6827,60.0,596.8
metronomic_breathing,M9,baseline,439,412.028,410.36,6.839,0.6876,59.52,596.8
metronomic_breathing,M9,baseline,442,414.928,413.26,6.888,0.6924,62.24,596.8
metronomic_breathing,M9,baseline,445,417.948,416.28,6.938,0.6975,59.52,596.8
metronomic_breathing,M9,baseline,448,421.048,419.38,6.99,0.7027,59.06,596.8
metronomic_breathing,M9,baseline,451,424.056,422.388,7.04,0.7077,58.14,596.8
metronomic_breathing,M9,baseline,454,427.076,425.408,7.09,0.7128,58.82,596.8
metronomic_breathing,M9,baseline,457,430.124,428.456,7.141,0.7179,64.66,596.8
metronomic_breathing,M9,baseline,460,433.084,431.416,7.19,0.7229,57.03,596.8
metronomic_breathing,M9,baseline,463,436.072,434.404,7.24,0.7279,61.73,596.8
metronomic_breathing,M9,baseline,466,438.988,437.32,7.289,0.7328,60.73,596.8
metronomic_breathing,M9,baseline,469,441.892,440.224,7.337,0.7376,64.38,596.8
metronomic_breathing,M9,baseline,472,444.508,442.84,7.381,0.742,69.77,596.8
metronomic_breathing,M9,baseline,475,447.112,445.444,7.424,0.7464,76.14,596.8
metronomic_breathing,M9,baseline,478,449.504,447.836,7.464,0.7504,75.76,596.8
metronomic_breathing,M9,baseline,481,451.768,450.1,7.502,0.7542,81.08,596.8
metronomic_breathing,M9,baseline,484,454.084,452.416,7.54,0.7581,70.75,596.8
metronomic_breathing,M9,baseline,487,456.904,455.236,7.587,0.7628,55.97,596.8
metronomic_breathing,M9,baseline,490,459.888,458.22,7.637,0.7678,59.76,596.8
metronomic_breathing,M9,baseline,493,462.892,461.224,7.687,0.7728,64.38,596.8
metronomic_breathing,M9,baseline,496,465.78,464.112,7.735,0.7777,60.73,596.8
metronomic_breathing,M9,baseline,499,468.704,467.036,7.784,0.7826,56.6,596.8
metronomic_breathing,M9,baseline,502,471.896,470.228,7.837,0.7879,60.0,596.8
metronomic_breathing,M9,baseline,505,475.0,473.332,7.889,0.7931,62.76,596.8
metronomic_breathing,M9,baseline,508,477.908,476.24,7.937,0.798,64.1,596.8
metronomic_breathing,M9,baseline,511,480.576,478.908,7.982,0.8024,64.1,596.8
metronomic_breathing,M9,baseline,514,483.508,481.84,8.031,0.8074,68.49,596.8
metronomic_breathing,M9,baseline,517,486.136,484.468,8.074,0.8118,66.08,596.8
metronomic_breathing,M9,baseline,520,488.844,487.176,8.12,0.8163,69.44,596.8
metronomic_breathing,M9,baseline,523,491.316,489.648,8.161,0.8204,72.82,596.8
metronomic_breathing,M9,baseline,526,493.996,492.328,8.205,0.8249,60.0,596.8
metronomic_breathing,M9,baseline,529,496.956,495.288,8.255,0.8299,59.76,596.8
metronomic_breathing,M9,baseline,532,499.968,498.3,8.305,0.8349,65.22,596.8
metronomic_breathing,M9,baseline,535,502.752,501.084,8.351,0.8396,59.06,596.8
metronomic_breathing,M9,baseline,538,505.684,504.016,8.4,0.8445,59.52,596.8
metronomic_breathing,M9,baseline,541,508.86,507.192,8.453,0.8498,63.03,596.8
metronomic_breathing,M9,baseline,544,511.772,510.104,8.502,0.8547,63.56,596.8
metronomic_breathing,M9,baseline,547,514.508,512.84,8.547,0.8593,66.37,596.8
metronomic_breathing,M9,baseline,550,517.156,515.488,8.591,0.8637,66.37,596.8
metronomic_breathing,M9,baseline,553,520.012,518.344,8.639,0.8685,63.56,596.8
metronomic_breathing,M9,baseline,556,522.8,521.132,8.686,0.8732,67.87,596.8
metronomic_breathing,M9,baseline,559,525.464,523.796,8.73,0.8777,62.5,596.8
metronomic_breathing,M9,baseline,562,528.488,526.82,8.78,0.8827,62.24,596.8
metronomic_breathing,M9,baseline,565,531.472,529.804,8.83,0.8877,57.47,596.8
metronomic_breathing,M9,baseline,568,534.456,532.788,8.88,0.8927,59.76,596.8
metronomic_breathing,M9,baseline,571,537.4,535.732,8.929,0.8977,61.98,596.8
metronomic_breathing,M9,baseline,574,540.428,538.76,8.979,0.9027,61.22,596.8
metronomic_breathing,M9,baseline,577,543.344,541.676,9.028,0.9076,63.29,596.8
metronomic_breathing,M9,baseline,580,546.092,544.424,9.074,0.9122,73.89,596.8
metronomic_breathing,M9,baseline,583,548.524,546.856,9.114,0.9163,76.92,596.8
metronomic_breathing,M9,baseline,586,550.816,549.148,9.152,0.9201,78.12,596.8
metronomic_breathing,M9,baseline,589,553.264,551.596,9.193,0.9242,66.96,596.8
metronomic_breathing,M9,baseline,592,555.884,554.216,9.237,0.9286,59.52,596.8
metronomic_breathing,M9,baseline,595,558.792,557.124,9.285,0.9335,59.06,596.8
metronomic_breathing,M9,baseline,598,561.736,560.068,9.334,0.9384,72.12,596.8
metronomic_breathing,M9,baseline,601,564.188,562.52,9.375,0.9425,74.63,596.8
metronomic_breathing,M9,baseline,604,566.544,564.876,9.415,0.9465,73.17,596.8
metronomic_breathing,M9,baseline,607,569.072,567.404,9.457,0.9507,68.18,596.8
metronomic_breathing,M9,baseline,610,571.82,570.152,9.503,0.9553,62.76,596.8
metronomic_breathing,M9,baseline,613,574.672,573.004,9.55,0.9601,71.43,596.8
metronomic_breathing,M9,baseline,616,577.42,575.752,9.596,0.9647,62.5,596.8
metronomic_breathing,M9,baseline,619,580.368,578.7,9.645,0.9697,64.66,596.8
metronomic_breathing,M9,baseline,622,582.952,581.284,9.688,0.974,61.98,596.8
metronomic_breathing,M9,baseline,625,586.116,584.448,9.741,0.9793,57.47,596.8
metronomic_breathing,M9,baseline,628,589.22,587.552,9.793,0.9845,56.39,596.8
metronomic_breathing,M9,baseline,631,592.332,590.664,9.844,0.9897,56.82,596.8
metronomic_breathing,M9,baseline,634,595.452,593.784,9.896,0.9949,59.52,596.8
metronomic_breathing,M9,baseline,637,598.48,596.812,9.947,1.0,59.29,596.8
metronomic_breathing,M10,baseline,1,0.892,0.0,0.0,0.0,64.38,597.5
metronomic_breathing,M10,baseline,4,3.548,2.656,0.044,0.0044,64.1,597.5
metronomic_breathing,M10,baseline,7,6.372,5.48,0.091,0.0092,67.57,597.5
metronomic_breathing,M10,baseline,10,8.956,8.064,0.134,0.0135,77.32,597.5
metronomic_breathing,M10,baseline,13,11.224,10.332,0.172,0.0173,80.21,597.5
metronomic_breathing,M10,baseline,16,13.68,12.788,0.213,0.0214,68.18,597.5
metronomic_breathing,M10,baseline,19,16.192,15.3,0.255,0.0256,69.12,597.5
metronomic_breathing,M10,baseline,22,18.732,17.84,0.297,0.0299,79.79,597.5
metronomic_breathing,M10,baseline,25,20.956,20.064,0.334,0.0336,78.12,597.5
metronomic_breathing,M10,baseline,28,23.556,22.664,0.378,0.0379,62.5,597.5
metronomic_breathing,M10,baseline,31,26.148,25.256,0.421,0.0423,76.14,597.5
metronomic_breathing,M10,baseline,34,28.708,27.816,0.464,0.0466,60.98,597.5
metronomic_breathing,M10,baseline,37,31.652,30.76,0.513,0.0515,66.67,597.5
metronomic_breathing,M10,baseline,40,34.284,33.392,0.557,0.0559,65.79,597.5
metronomic_breathing,M10,baseline,43,36.916,36.024,0.6,0.0603,73.17,597.5
metronomic_breathing,M10,baseline,46,39.592,38.7,0.645,0.0648,67.26,597.5
metronomic_breathing,M10,baseline,49,42.236,41.344,0.689,0.0692,62.5,597.5
metronomic_breathing,M10,baseline,52,44.976,44.084,0.735,0.0738,71.43,597.5
metronomic_breathing,M10,baseline,55,47.716,46.824,0.78,0.0784,62.24,597.5
metronomic_breathing,M10,baseline,58,50.576,49.684,0.828,0.0832,60.0,597.5
metronomic_breathing,M10,baseline,61,53.472,52.58,0.876,0.088,65.22,597.5
metronomic_breathing,M10,baseline,64,56.304,55.412,0.924,0.0927,63.56,597.5
metronomic_breathing,M10,baseline,67,59.176,58.284,0.971,0.0975,62.76,597.5
metronomic_breathing,M10,baseline,70,61.98,61.088,1.018,0.1022,62.24,597.5
metronomic_breathing,M10,baseline,73,64.908,64.016,1.067,0.1071,61.48,597.5
metronomic_breathing,M10,baseline,76,67.812,66.92,1.115,0.112,63.03,597.5
metronomic_breathing,M10,baseline,79,70.632,69.74,1.162,0.1167,62.24,597.5
metronomic_breathing,M10,baseline,82,73.536,72.644,1.211,0.1216,63.03,597.5
metronomic_breathing,M10,baseline,85,76.42,75.528,1.259,0.1264,62.5,597.5
metronomic_breathing,M10,baseline,88,79.292,78.4,1.307,0.1312,62.5,597.5
metronomic_breathing,M10,baseline,91,82.104,81.212,1.354,0.1359,64.94,597.5
metronomic_breathing,M10,baseline,94,84.884,83.992,1.4,0.1406,66.67,597.5
metronomic_breathing,M10,baseline,97,87.6,86.708,1.445,0.1451,62.76,597.5
metronomic_breathing,M10,baseline,100,90.416,89.524,1.492,0.1498,64.1,597.5
metronomic_breathing,M10,baseline,103,93.28,92.388,1.54,0.1546,63.56,597.5
metronomic_breathing,M10,baseline,106,96.096,95.204,1.587,0.1593,64.38,597.5
metronomic_breathing,M10,baseline,109,98.868,97.976,1.633,0.164,64.38,597.5
metronomic_breathing,M10,baseline,112,101.66,100.768,1.679,0.1686,66.67,597.5
metronomic_breathing,M10,baseline,115,104.416,103.524,1.725,0.1733,64.66,597.5
metronomic_breathing,M10,baseline,118,107.212,106.32,1.772,0.1779,63.03,597.5
metronomic_breathing,M10,baseline,121,110.056,109.164,1.819,0.1827,67.26,597.5
metronomic_breathing,M10,baseline,124,112.832,111.94,1.866,0.1873,62.76,597.5
metronomic_breathing,M10,baseline,127,115.604,114.712,1.912,0.192,63.03,597.5
metronomic_breathing,M10,baseline,130,118.416,117.524,1.959,0.1967,67.26,597.5
metronomic_breathing,M10,baseline,133,121.24,120.348,2.006,0.2014,63.29,597.5
metronomic_breathing,M10,baseline,136,124.008,123.116,2.052,0.2061,62.24,597.5
metronomic_breathing,M10,baseline,139,126.888,125.996,2.1,0.2109,67.26,597.5
metronomic_breathing,M10,baseline,142,129.728,128.836,2.147,0.2156,61.22,597.5
metronomic_breathing,M10,baseline,145,132.632,131.74,2.196,0.2205,59.76,597.5
metronomic_breathing,M10,baseline,148,135.496,134.604,2.243,0.2253,65.22,597.5
metronomic_breathing,M10,baseline,151,138.344,137.452,2.291,0.23,67.26,597.5
metronomic_breathing,M10,baseline,154,141.108,140.216,2.337,0.2347,63.83,597.5
metronomic_breathing,M10,baseline,157,143.884,142.992,2.383,0.2393,62.24,597.5
metronomic_breathing,M10,baseline,160,146.72,145.828,2.43,0.2441,69.12,597.5
metronomic_breathing,M10,baseline,163,149.456,148.564,2.476,0.2486,62.5,597.5
metronomic_breathing,M10,baseline,166,152.276,151.384,2.523,0.2534,63.03,597.5
metronomic_breathing,M10,baseline,169,155.112,154.22,2.57,0.2581,68.49,597.5
metronomic_breathing,M10,baseline,172,157.804,156.912,2.615,0.2626,66.96,597.5
metronomic_breathing,M10,baseline,175,160.456,159.564,2.659,0.2671,66.08,597.5
metronomic_breathing,M10,baseline,178,163.144,162.252,2.704,0.2715,70.42,597.5
metronomic_breathing,M10,baseline,181,165.832,164.94,2.749,0.276,69.77,597.5
metronomic_breathing,M10,baseline,184,168.264,167.372,2.79,0.2801,69.77,597.5
metronomic_breathing,M10,baseline,187,171.016,170.124,2.835,0.2847,66.67,597.5
metronomic_breathing,M10,baseline,190,173.78,172.888,2.881,0.2894,62.76,597.5
metronomic_breathing,M10,baseline,193,176.58,175.688,2.928,0.294,63.29,597.5
metronomic_breathing,M10,baseline,196,179.444,178.552,2.976,0.2988,65.79,597.5
metronomic_breathing,M10,baseline,199,182.184,181.292,3.022,0.3034,64.94,597.5
metronomic_breathing,M10,baseline,202,184.844,183.952,3.066,0.3079,68.81,597.5
metronomic_breathing,M10,baseline,205,187.604,186.712,3.112,0.3125,67.57,597.5
metronomic_breathing,M10,baseline,208,190.336,189.444,3.157,0.3171,62.76,597.5
metronomic_breathing,M10,baseline,211,193.0,192.108,3.202,0.3215,75.38,597.5
metronomic_breathing,M10,baseline,214,195.544,194.652,3.244,0.3258,65.22,597.5
metronomic_breathing,M10,baseline,217,198.224,197.332,3.289,0.3303,66.08,597.5
metronomic_breathing,M10,baseline,220,200.848,199.956,3.333,0.3347,66.08,597.5
metronomic_breathing,M10,baseline,223,203.608,202.716,3.379,0.3393,66.37,597.5
metronomic_breathing,M10,baseline,226,206.4,205.508,3.425,0.3439,61.73,597.5
metronomic_breathing,M10,baseline,229,209.164,208.272,3.471,0.3486,64.66,597.5
metronomic_breathing,M10,baseline,232,211.976,211.084,3.518,0.3533,68.18,597.5
metronomic_breathing,M10,baseline,235,214.712,213.82,3.564,0.3579,63.03,597.5
metronomic_breathing,M10,baseline,238,217.384,216.492,3.608,0.3623,68.18,597.5
metronomic_breathing,M10,baseline,241,220.132,219.24,3.654,0.3669,68.18,597.5
metronomic_breathing,M10,baseline,244,222.808,221.916,3.699,0.3714,63.83,597.5
metronomic_breathing,M10,baseline,247,225.5,224.608,3.743,0.3759,66.96,597.5
metronomic_breathing,M10,baseline,250,228.24,227.348,3.789,0.3805,69.44,597.5
metronomic_breathing,M10,baseline,253,230.92,230.028,3.834,0.385,63.29,597.5
metronomic_breathing,M10,baseline,256,233.62,232.728,3.879,0.3895,65.22,597.5
metronomic_breathing,M10,baseline,259,236.36,235.468,3.924,0.3941,72.46,597.5
metronomic_breathing,M10,baseline,262,238.984,238.092,3.968,0.3985,65.79,597.5
metronomic_breathing,M10,baseline,265,241.652,240.76,4.013,0.4029,65.79,597.5
metronomic_breathing,M10,baseline,268,244.372,243.48,4.058,0.4075,67.57,597.5
metronomic_breathing,M10,baseline,271,247.112,246.22,4.104,0.4121,65.79,597.5
metronomic_breathing,M10,baseline,274,249.744,248.852,4.148,0.4165,66.96,597.5
metronomic_breathing,M10,baseline,277,252.364,251.472,4.191,0.4209,69.12,597.5
metronomic_breathing,M10,baseline,280,255.052,254.16,4.236,0.4254,69.77,597.5
metronomic_breathing,M10,baseline,283,257.66,256.768,4.279,0.4297,62.5,597.5
metronomic_breathing,M10,baseline,286,260.424,259.532,4.326,0.4344,68.18,597.5
metronomic_breathing,M10,baseline,289,263.212,262.32,4.372,0.439,62.5,597.5
metronomic_breathing,M10,baseline,292,266.004,265.112,4.419,0.4437,71.43,597.5
metronomic_breathing,M10,baseline,295,268.648,267.756,4.463,0.4481,66.37,597.5
metronomic_breathing,M10,baseline,298,271.22,270.328,4.505,0.4524,67.87,597.5
metronomic_breathing,M10,baseline,301,273.936,273.044,4.551,0.457,72.12,597.5
metronomic_breathing,M10,baseline,304,276.508,275.616,4.594,0.4613,67.57,597.5
metronomic_breathing,M10,baseline,307,279.208,278.316,4.639,0.4658,66.08,597.5
metronomic_breathing,M10,baseline,310,281.868,280.976,4.683,0.4702,69.77,597.5
metronomic_breathing,M10,baseline,313,284.56,283.668,4.728,0.4748,63.83,597.5
metronomic_breathing,M10,baseline,316,287.24,286.348,4.772,0.4792,68.18,597.5
metronomic_breathing,M10,baseline,319,289.932,289.04,4.817,0.4837,69.44,597.5
metronomic_breathing,M10,baseline,322,292.632,291.74,4.862,0.4883,66.08,597.5
metronomic_breathing,M10,baseline,325,295.276,294.384,4.906,0.4927,66.37,597.5
metronomic_breathing,M10,baseline,328,298.048,297.156,4.953,0.4973,68.18,597.5
metronomic_breathing,M10,baseline,331,300.764,299.872,4.998,0.5019,64.1,597.5
metronomic_breathing,M10,baseline,334,303.436,302.544,5.042,0.5063,65.79,597.5
metronomic_breathing,M10,baseline,337,306.196,305.304,5.088,0.511,70.42,597.5
metronomic_breathing,M10,baseline,340,308.852,307.96,5.133,0.5154,62.76,597.5
metronomic_breathing,M10,baseline,343,311.576,310.684,5.178,0.52,67.26,597.5
metronomic_breathing,M10,baseline,346,314.32,313.428,5.224,0.5246,67.87,597.5
metronomic_breathing,M10,baseline,349,317.008,316.116,5.269,0.5291,61.73,597.5
metronomic_breathing,M10,baseline,352,319.828,318.936,5.316,0.5338,63.56,597.5
metronomic_breathing,M10,baseline,355,322.68,321.788,5.363,0.5386,68.18,597.5
metronomic_breathing,M10,baseline,358,325.396,324.504,5.408,0.5431,64.94,597.5
metronomic_breathing,M10,baseline,361,328.152,327.26,5.454,0.5477,64.38,597.5
metronomic_breathing,M10,baseline,364,330.928,330.036,5.501,0.5524,70.75,597.5
metronomic_breathing,M10,baseline,367,333.54,332.648,5.544,0.5567,67.87,597.5
metronomic_breathing,M10,baseline,370,336.136,335.244,5.587,0.5611,65.5,597.5
metronomic_breathing,M10,baseline,373,338.86,337.968,5.633,0.5656,69.12,597.5
metronomic_breathing,M10,baseline,376,341.552,340.66,5.678,0.5701,67.26,597.5
metronomic_breathing,M10,baseline,379,344.136,343.244,5.721,0.5745,69.12,597.5
metronomic_breathing,M10,baseline,382,346.776,345.884,5.765,0.5789,70.75,597.5
metronomic_breathing,M10,baseline,385,349.372,348.48,5.808,0.5832,63.56,597.5
metronomic_breathing,M10,baseline,388,352.056,351.164,5.853,0.5877,72.46,597.5
metronomic_breathing,M10,baseline,391,354.66,353.768,5.896,0.5921,70.09,597.5
metronomic_breathing,M10,baseline,394,357.208,356.316,5.939,0.5963,67.57,597.5
metronomic_breathing,M10,baseline,397,359.668,358.776,5.98,0.6005,78.95,597.5
metronomic_breathing,M10,baseline,400,362.088,361.196,6.02,0.6045,66.37,597.5
metronomic_breathing,M10,baseline,403,364.692,363.8,6.063,0.6089,69.77,597.5
metronomic_breathing,M10,baseline,406,367.368,366.476,6.108,0.6133,69.77,597.5
metronomic_breathing,M10,baseline,409,369.972,369.08,6.151,0.6177,71.77,597.5
metronomic_breathing,M10,baseline,412,372.364,371.472,6.191,0.6217,73.53,597.5
metronomic_breathing,M10,baseline,415,375.044,374.152,6.236,0.6262,63.29,597.5
metronomic_breathing,M10,baseline,418,377.824,376.932,6.282,0.6308,65.22,597.5
metronomic_breathing,M10,baseline,421,380.436,379.544,6.326,0.6352,76.53,597.5
metronomic_breathing,M10,baseline,424,382.952,382.06,6.368,0.6394,66.67,597.5
metronomic_breathing,M10,baseline,427,385.548,384.656,6.411,0.6438,68.18,597.5
metronomic_breathing,M10,baseline,430,388.296,387.404,6.457,0.6484,69.44,597.5
metronomic_breathing,M10,baseline,433,390.888,389.996,6.5,0.6527,64.66,597.5
metronomic_breathing,M10,baseline,436,393.54,392.648,6.544,0.6571,68.18,597.5
metronomic_breathing,M10,baseline,439,396.236,395.344,6.589,0.6617,71.77,597.5
metronomic_breathing,M10,baseline,442,398.7,397.808,6.63,0.6658,64.94,597.5
metronomic_breathing,M10,baseline,445,401.432,400.54,6.676,0.6704,68.49,597.5
metronomic_breathing,M10,baseline,448,404.16,403.268,6.721,0.6749,68.81,597.5
metronomic_breathing,M10,baseline,451,406.672,405.78,6.763,0.6791,66.08,597.5
metronomic_breathing,M10,baseline,454,409.352,408.46,6.808,0.6836,72.82,597.5
metronomic_breathing,M10,baseline,457,411.936,411.044,6.851,0.6879,70.42,597.5
metronomic_breathing,M10,baseline,460,414.536,413.644,6.894,0.6923,61.98,597.5
metronomic_breathing,M10,baseline,463,417.304,416.412,6.94,0.6969,73.17,597.5
metronomic_breathing,M10,baseline,466,419.888,418.996,6.983,0.7012,66.96,597.5
metronomic_breathing,M10,baseline,469,422.504,421.612,7.027,0.7056,65.79,597.5
metronomic_breathing,M10,baseline,472,425.16,424.268,7.071,0.7101,74.26,597.5
metronomic_breathing,M10,baseline,475,427.716,426.824,7.114,0.7143,65.22,597.5
metronomic_breathing,M10,baseline,478,430.304,429.412,7.157,0.7187,68.18,597.5
metronomic_breathing,M10,baseline,481,433.004,432.112,7.202,0.7232,71.43,597.5
metronomic_breathing,M10,baseline,484,435.544,434.652,7.244,0.7274,64.38,597.5
metronomic_breathing,M10,baseline,487,438.204,437.312,7.289,0.7319,69.77,597.5
metronomic_breathing,M10,baseline,490,440.904,440.012,7.334,0.7364,71.09,597.5
metronomic_breathing,M10,baseline,493,443.416,442.524,7.375,0.7406,65.22,597.5
metronomic_breathing,M10,baseline,496,446.088,445.196,7.42,0.7451,70.09,597.5
metronomic_breathing,M10,baseline,499,448.8,447.908,7.465,0.7496,68.81,597.5
metronomic_breathing,M10,baseline,502,451.472,450.58,7.51,0.7541,62.5,597.5
metronomic_breathing,M10,baseline,505,454.188,453.296,7.555,0.7586,71.43,597.5
metronomic_breathing,M10,baseline,508,456.852,455.96,7.599,0.7631,69.44,597.5
metronomic_breathing,M10,baseline,511,459.392,458.5,7.642,0.7674,79.79,597.5
metronomic_breathing,M10,baseline,514,461.752,460.86,7.681,0.7713,67.57,597.5
metronomic_breathing,M10,baseline,517,464.632,463.74,7.729,0.7761,63.83,597.5
metronomic_breathing,M10,baseline,520,467.32,466.428,7.774,0.7806,66.08,597.5
metronomic_breathing,M10,baseline,523,470.144,469.252,7.821,0.7854,69.44,597.5
metronomic_breathing,M10,baseline,526,472.756,471.864,7.864,0.7897,61.73,597.5
metronomic_breathing,M10,baseline,529,475.408,474.516,7.909,0.7942,64.94,597.5
metronomic_breathing,M10,baseline,532,478.196,477.304,7.955,0.7988,68.81,597.5
metronomic_breathing,M10,baseline,535,480.976,480.084,8.001,0.8035,69.12,597.5
metronomic_breathing,M10,baseline,538,483.472,482.58,8.043,0.8077,69.12,597.5
metronomic_breathing,M10,baseline,541,486.204,485.312,8.089,0.8122,71.77,597.5
metronomic_breathing,M10,baseline,544,488.88,487.988,8.133,0.8167,62.5,597.5
metronomic_breathing,M10,baseline,547,491.572,490.68,8.178,0.8212,66.67,597.5
metronomic_breathing,M10,baseline,550,494.304,493.412,8.224,0.8258,68.18,597.5
metronomic_breathing,M10,baseline,553,497.104,496.212,8.27,0.8305,66.37,597.5
metronomic_breathing,M10,baseline,556,499.864,498.972,8.316,0.8351,66.37,597.5
metronomic_breathing,M10,baseline,559,502.724,501.832,8.364,0.8399,66.37,597.5
metronomic_breathing,M10,baseline,562,505.424,504.532,8.409,0.8444,62.5,597.5
metronomic_breathing,M10,baseline,565,508.26,507.368,8.456,0.8491,67.26,597.5
metronomic_breathing,M10,baseline,568,511.116,510.224,8.504,0.8539,69.77,597.5
metronomic_breathing,M10,baseline,571,513.716,512.824,8.547,0.8583,60.0,597.5
metronomic_breathing,M10,baseline,574,516.512,515.62,8.594,0.863,63.03,597.5
metronomic_breathing,M10,baseline,577,519.376,518.484,8.641,0.8677,66.67,597.5
metronomic_breathing,M10,baseline,580,522.204,521.312,8.689,0.8725,61.48,597.5
metronomic_breathing,M10,baseline,583,525.016,524.124,8.735,0.8772,62.24,597.5
metronomic_breathing,M10,baseline,586,527.84,526.948,8.782,0.8819,66.96,597.5
metronomic_breathing,M10,baseline,589,530.752,529.86,8.831,0.8868,64.94,597.5
metronomic_breathing,M10,baseline,592,533.572,532.68,8.878,0.8915,60.48,597.5
metronomic_breathing,M10,baseline,595,536.376,535.484,8.925,0.8962,63.56,597.5
metronomic_breathing,M10,baseline,598,539.172,538.28,8.971,0.9009,69.12,597.5
metronomic_breathing,M10,baseline,601,541.872,540.98,9.016,0.9054,61.48,597.5
metronomic_breathing,M10,baseline,604,544.6,543.708,9.062,0.91,70.42,597.5
metronomic_breathing,M10,baseline,607,547.376,546.484,9.108,0.9146,67.26,597.5
metronomic_breathing,M10,baseline,610,550.1,549.208,9.153,0.9192,60.98,597.5
metronomic_breathing,M10,baseline,613,552.916,552.024,9.2,0.9239,66.67,597.5
metronomic_breathing,M10,baseline,616,555.716,554.824,9.247,0.9286,70.75,597.5
metronomic_breathing,M10,baseline,619,558.36,557.468,9.291,0.933,62.5,597.5
metronomic_breathing,M10,baseline,622,561.108,560.216,9.337,0.9376,64.66,597.5
metronomic_breathing,M10,baseline,625,563.972,563.08,9.385,0.9424,67.26,597.5
metronomic_breathing,M10,baseline,628,566.612,565.72,9.429,0.9468,61.73,597.5
metronomic_breathing,M10,baseline,631,569.392,568.5,9.475,0.9515,66.37,597.5
metronomic_breathing,M10,baseline,634,572.268,571.376,9.523,0.9563,67.26,597.5
metronomic_breathing,M10,baseline,637,574.932,574.04,9.567,0.9607,61.73,597.5
metronomic_breathing,M10,baseline,640,577.676,576.784,9.613,0.9653,66.37,597.5
metronomic_breathing,M10,baseline,643,580.588,579.696,9.662,0.9702,61.73,597.5
metronomic_breathing,M10,baseline,646,583.416,582.524,9.709,0.9749,60.48,597.5
metronomic_breathing,M10,baseline,649,586.232,585.34,9.756,0.9796,63.29,597.5
metronomic_breathing,M10,baseline,652,589.088,588.196,9.803,0.9844,68.18,597.5
metronomic_breathing,M10,baseline,655,591.86,590.968,9.849,0.9891,62.24,597.5
metronomic_breathing,M10,baseline,658,594.616,593.724,9.895,0.9937,61.73,597.5
metronomic_breathing,M10,baseline,661,597.524,596.632,9.944,0.9985,68.81,597.5
metronomic_breathing,M11,baseline,1,1.192,0.0,0.0,0.0,75.38,597.4
metronomic_breathing,M11,baseline,4,3.428,2.236,0.037,0.0037,81.97,597.4
metronomic_breathing,M11,baseline,7,5.74,4.548,0.076,0.0076,74.63,597.4
metronomic_breathing,M11,baseline,10,8.02,6.828,0.114,0.0114,79.79,597.4
metronomic_breathing,M11,baseline,13,10.472,9.28,0.155,0.0155,70.09,597.4
metronomic_breathing,M11,baseline,16,13.016,11.824,0.197,0.0198,79.37,597.4
metronomic_breathing,M11,baseline,19,15.324,14.132,0.236,0.0237,67.87,597.4
metronomic_breathing,M11,baseline,22,17.868,16.676,0.278,0.0279,76.14,597.4
metronomic_breathing,M11,baseline,25,20.408,19.216,0.32,0.0322,71.77,597.4
metronomic_breathing,M11,baseline,28,22.82,21.628,0.36,0.0362,68.49,597.4
metronomic_breathing,M11,baseline,31,25.508,24.316,0.405,0.0407,72.82,597.4
metronomic_breathing,M11,baseline,34,28.116,26.924,0.449,0.0451,65.22,597.4
metronomic_breathing,M11,baseline,37,30.644,29.452,0.491,0.0493,69.12,597.4
metronomic_breathing,M11,baseline,40,33.36,32.168,0.536,0.0538,72.12,597.4
metronomic_breathing,M11,baseline,43,35.904,34.712,0.579,0.0581,62.5,597.4
metronomic_breathing,M11,baseline,46,38.516,37.324,0.622,0.0625,73.17,597.4
metronomic_breathing,M11,baseline,49,41.168,39.976,0.666,0.0669,69.12,597.4
metronomic_breathing,M11,baseline,52,43.692,42.5,0.708,0.0711,65.22,597.4
metronomic_breathing,M11,baseline,55,46.332,45.14,0.752,0.0756,75.0,597.4
metronomic_breathing,M11,baseline,58,48.888,47.696,0.795,0.0798,78.12,597.4
metronomic_breathing,M11,baseline,61,51.168,49.976,0.833,0.0837,70.75,597.4
metronomic_breathing,M11,baseline,64,53.808,52.616,0.877,0.0881,72.12,597.4
metronomic_breathing,M11,baseline,67,56.312,55.12,0.919,0.0923,64.94,597.4
metronomic_breathing,M11,baseline,70,58.892,57.7,0.962,0.0966,78.12,597.4
metronomic_breathing,M11,baseline,73,61.372,60.18,1.003,0.1007,75.0,597.4
metronomic_breathing,M11,baseline,76,63.676,62.484,1.041,0.1046,72.12,597.4
metronomic_breathing,M11,baseline,79,66.324,65.132,1.086,0.109,70.09,597.4
metronomic_breathing,M11,baseline,82,68.892,67.7,1.128,0.1133,64.66,597.4
metronomic_breathing,M11,baseline,85,71.352,70.16,1.169,0.1174,77.72,597.4
metronomic_breathing,M11,baseline,88,73.996,72.804,1.213,0.1219,66.08,597.4
metronomic_breathing,M11,baseline,91,76.68,75.488,1.258,0.1264,62.24,597.4
metronomic_breathing,M11,baseline,94,79.392,78.2,1.303,0.1309,70.09,597.4
metronomic_breathing,M11,baseline,97,82.132,80.94,1.349,0.1355,70.75,597.4
metronomic_breathing,M11,baseline,100,84.668,83.476,1.391,0.1397,63.83,597.4
metronomic_breathing,M11,baseline,103,87.384,86.192,1.437,0.1443,72.12,597.4
metronomic_breathing,M11,baseline,106,90.104,88.912,1.482,0.1488,69.44,597.4
metronomic_breathing,M11,baseline,109,92.692,91.5,1.525,0.1532,61.73,597.4
metronomic_breathing,M11,baseline,112,95.38,94.188,1.57,0.1577,72.46,597.4
metronomic_breathing,M11,baseline,115,98.068,96.876,1.615,0.1622,78.12,597.4
metronomic_breathing,M11,baseline,118,100.4,99.208,1.653,0.1661,67.26,597.4
metronomic_breathing,M11,baseline,121,103.14,101.948,1.699,0.1706,72.82,597.4
metronomic_breathing,M11,baseline,124,105.76,104.568,1.743,0.175,63.56,597.4
metronomic_breathing,M11,baseline,127,108.36,107.168,1.786,0.1794,69.44,597.4
metronomic_breathing,M11,baseline,130,111.04,109.848,1.831,0.1839,71.77,597.4
metronomic_breathing,M11,baseline,133,113.68,112.488,1.875,0.1883,62.76,597.4
metronomic_breathing,M11,baseline,136,116.436,115.244,1.921,0.1929,66.67,597.4
metronomic_breathing,M11,baseline,139,119.2,118.008,1.967,0.1975,64.38,597.4
metronomic_breathing,M11,baseline,142,122.084,120.892,2.015,0.2024,63.03,597.4
metronomic_breathing,M11,baseline,145,124.852,123.66,2.061,0.207,63.56,597.4
metronomic_breathing,M11,baseline,148,127.692,126.5,2.108,0.2117,67.57,597.4
metronomic_breathing,M11,baseline,151,130.36,129.168,2.153,0.2162,66.08,597.4
metronomic_breathing,M11,baseline,154,132.852,131.66,2.194,0.2204,71.09,597.4
metronomic_breathing,M11,baseline,157,135.548,134.356,2.239,0.2249,65.22,597.4
metronomic_breathing,M11,baseline,160,138.276,137.084,2.285,0.2295,63.56,597.4
metronomic_breathing,M11,baseline,163,141.044,139.852,2.331,0.2341,68.49,597.4
metronomic_breathing,M11,baseline,166,143.736,142.544,2.376,0.2386,67.57,597.4
metronomic_breathing,M11,baseline,169,146.384,145.192,2.42,0.243,65.79,597.4
metronomic_breathing,M11,baseline,172,149.088,147.896,2.465,0.2475,69.44,597.4
metronomic_breathing,M11,baseline,175,151.776,150.584,2.51,0.252,70.09,597.4
metronomic_breathing,M11,baseline,178,154.328,153.136,2.552,0.2563,65.22,597.4
metronomic_breathing,M11,baseline,181,157.028,155.836,2.597,0.2608,71.09,597.4
metronomic_breathing,M11,baseline,184,159.692,158.5,2.642,0.2653,70.09,597.4
metronomic_breathing,M11,baseline,187,162.188,160.996,2.683,0.2695,67.57,597.4
metronomic_breathing,M11,baseline,190,164.624,163.432,2.724,0.2736,73.17,597.4
metronomic_breathing,M11,baseline,193,167.272,166.08,2.768,0.278,70.09,597.4
metronomic_breathing,M11,baseline,196,169.796,168.604,2.81,0.2822,63.83,597.4
metronomic_breathing,M11,baseline,199,172.524,171.332,2.856,0.2868,71.77,597.4
metronomic_breathing,M11,baseline,202,175.172,173.98,2.9,0.2912,69.44,597.4
metronomic_breathing,M11,baseline,205,177.788,176.596,2.943,0.2956,63.29,597.4
metronomic_breathing,M11,baseline,208,180.488,179.296,2.988,0.3001,69.44,597.4
metronomic_breathing,M11,baseline,211,183.244,182.052,3.034,0.3047,64.1,597.4
metronomic_breathing,M11,baseline,214,185.972,184.78,3.08,0.3093,64.1,597.4
metronomic_breathing,M11,baseline,217,188.864,187.672,3.128,0.3141,66.67,597.4
metronomic_breathing,M11,baseline,220,191.576,190.384,3.173,0.3187,61.98,597.4
metronomic_breathing,M11,baseline,223,194.312,193.12,3.219,0.3232,72.82,597.4
metronomic_breathing,M11,baseline,226,196.98,195.788,3.263,0.3277,76.92,597.4
metronomic_breathing,M11,baseline,229,199.416,198.224,3.304,0.3318,64.1,597.4
metronomic_breathing,M11,baseline,232,202.052,200.86,3.348,0.3362,73.89,597.4
metronomic_breathing,M11,baseline,235,204.736,203.544,3.392,0.3407,66.96,597.4
metronomic_breathing,M11,baseline,238,207.324,206.132,3.436,0.345,64.38,597.4
metronomic_breathing,M11,baseline,241,209.992,208.8,3.48,0.3495,72.12,597.4
metronomic_breathing,M11,baseline,244,212.668,211.476,3.525,0.354,67.26,597.4
metronomic_breathing,M11,baseline,247,215.296,214.104,3.568,0.3584,61.73,597.4
metronomic_breathing,M11,baseline,250,218.148,216.956,3.616,0.3631,67.57,597.4
metronomic_breathing,M11,baseline,253,220.936,219.744,3.662,0.3678,63.29,597.4
metronomic_breathing,M11,baseline,256,223.764,222.572,3.71,0.3725,60.73,597.4
metronomic_breathing,M11,baseline,259,226.632,225.44,3.757,0.3773,66.37,597.4
metronomic_breathing,M11,baseline,262,229.436,228.244,3.804,0.382,68.81,597.4
metronomic_breathing,M11,baseline,265,231.976,230.784,3.846,0.3863,64.38,597.4
metronomic_breathing,M11,baseline,268,234.84,233.648,3.894,0.3911,64.38,597.4
metronomic_breathing,M11,baseline,271,237.7,236.508,3.942,0.3959,64.94,597.4
metronomic_breathing,M11,baseline,274,240.44,239.248,3.987,0.4005,64.38,597.4
metronomic_breathing,M11,baseline,277,243.192,242.0,4.033,0.4051,66.96,597.4
metronomic_breathing,M11,baseline,280,245.972,244.78,4.08,0.4097,66.08,597.4
metronomic_breathing,M11,baseline,283,248.704,247.512,4.125,0.4143,65.5,597.4
metronomic_breathing,M11,baseline,286,251.336,250.144,4.169,0.4187,73.17,597.4
metronomic_breathing,M11,baseline,289,253.804,252.612,4.21,0.4228,69.44,597.4
metronomic_breathing,M11,baseline,292,256.396,255.204,4.253,0.4272,66.37,597.4
metronomic_breathing,M11,baseline,295,259.08,257.888,4.298,0.4317,70.09,597.4
metronomic_breathing,M11,baseline,298,261.724,260.532,4.342,0.4361,67.57,597.4
metronomic_breathing,M11,baseline,301,264.38,263.188,4.386,0.4405,64.1,597.4
metronomic_breathing,M11,baseline,304,267.116,265.924,4.432,0.4451,65.5,597.4
metronomic_breathing,M11,baseline,307,269.928,268.736,4.479,0.4498,64.38,597.4
metronomic_breathing,M11,baseline,310,272.72,271.528,4.525,0.4545,63.03,597.4
metronomic_breathing,M11,baseline,313,275.476,274.284,4.571,0.4591,66.67,597.4
metronomic_breathing,M11,baseline,316,278.148,276.956,4.616,0.4636,75.76,597.4
metronomic_breathing,M11,baseline,319,280.668,279.476,4.658,0.4678,63.83,597.4
metronomic_breathing,M11,baseline,322,283.476,282.284,4.705,0.4725,64.38,597.4
metronomic_breathing,M11,baseline,325,286.336,285.144,4.752,0.4773,64.94,597.4
metronomic_breathing,M11,baseline,328,289.12,287.928,4.799,0.4819,63.03,597.4
metronomic_breathing,M11,baseline,331,291.964,290.772,4.846,0.4867,64.66,597.4
metronomic_breathing,M11,baseline,334,294.804,293.612,4.894,0.4915,63.83,597.4
metronomic_breathing,M11,baseline,337,297.636,296.444,4.941,0.4962,61.48,597.4
metronomic_breathing,M11,baseline,340,300.508,299.316,4.989,0.501,62.76,597.4
metronomic_breathing,M11,baseline,343,303.372,302.18,5.036,0.5058,65.79,597.4
metronomic_breathing,M11,baseline,346,306.108,304.916,5.082,0.5104,63.29,597.4
metronomic_breathing,M11,baseline,349,308.732,307.54,5.126,0.5148,69.44,597.4
metronomic_breathing,M11,baseline,352,311.48,310.288,5.171,0.5194,64.66,597.4
metronomic_breathing,M11,baseline,355,314.276,313.084,5.218,0.524,62.5,597.4
metronomic_breathing,M11,baseline,358,317.06,315.868,5.264,0.5287,67.57,597.4
metronomic_breathing,M11,baseline,361,319.764,318.572,5.31,0.5332,65.79,597.4
metronomic_breathing,M11,baseline,364,322.492,321.3,5.355,0.5378,63.56,597.4
metronomic_breathing,M11,baseline,367,325.304,324.112,5.402,0.5425,61.98,597.4
metronomic_breathing,M11,baseline,370,328.204,327.012,5.45,0.5474,65.22,597.4
metronomic_breathing,M11,baseline,373,330.984,329.792,5.497,0.552,62.76,597.4
metronomic_breathing,M11,baseline,376,333.776,332.584,5.543,0.5567,60.98,597.4
metronomic_breathing,M11,baseline,379,336.72,335.528,5.592,0.5616,66.67,597.4
metronomic_breathing,M11,baseline,382,339.432,338.24,5.637,0.5661,63.29,597.4
metronomic_breathing,M11,baseline,385,342.224,341.032,5.684,0.5708,63.29,597.4
metronomic_breathing,M11,baseline,388,345.0,343.808,5.73,0.5755,66.37,597.4
metronomic_breathing,M11,baseline,391,347.796,346.604,5.777,0.5801,66.96,597.4
metronomic_breathing,M11,baseline,394,350.524,349.332,5.822,0.5847,63.56,597.4
metronomic_breathing,M11,baseline,397,353.304,352.112,5.869,0.5894,65.79,597.4
metronomic_breathing,M11,baseline,400,356.088,354.896,5.915,0.594,67.26,597.4
metronomic_breathing,M11,baseline,403,358.832,357.64,5.961,0.5986,64.38,597.4
metronomic_breathing,M11,baseline,406,361.62,360.428,6.007,0.6033,62.24,597.4
metronomic_breathing,M11,baseline,409,364.476,363.284,6.055,0.6081,66.37,597.4
metronomic_breathing,M11,baseline,412,367.24,366.048,6.101,0.6127,63.29,597.4
metronomic_breathing,M11,baseline,415,370.02,368.828,6.147,0.6173,64.66,597.4
metronomic_breathing,M11,baseline,418,372.848,371.656,6.194,0.6221,66.67,597.4
metronomic_breathing,M11,baseline,421,375.568,374.376,6.24,0.6266,62.76,597.4
metronomic_breathing,M11,baseline,424,378.36,377.168,6.286,0.6313,65.22,597.4
metronomic_breathing,M11,baseline,427,381.212,380.02,6.334,0.6361,66.08,597.4
metronomic_breathing,M11,baseline,430,383.912,382.72,6.379,0.6406,65.79,597.4
metronomic_breathing,M11,baseline,433,386.496,385.304,6.422,0.6449,69.44,597.4
metronomic_breathing,M11,baseline,436,389.228,388.036,6.467,0.6495,65.79,597.4
metronomic_breathing,M11,baseline,439,391.976,390.784,6.513,0.6541,63.83,597.4
metronomic_breathing,M11,baseline,442,394.716,393.524,6.559,0.6587,70.42,597.4
metronomic_breathing,M11,baseline,445,397.392,396.2,6.603,0.6632,65.5,597.4
metronomic_breathing,M11,baseline,448,400.2,399.008,6.65,0.6679,63.29,597.4
metronomic_breathing,M11,baseline,451,402.9,401.708,6.695,0.6724,64.38,597.4
metronomic_breathing,M11,baseline,454,405.68,404.488,6.741,0.677,67.26,597.4
metronomic_breathing,M11,baseline,457,408.428,407.236,6.787,0.6816,62.5,597.4
metronomic_breathing,M11,baseline,460,411.22,410.028,6.834,0.6863,64.1,597.4
metronomic_breathing,M11,baseline,463,414.004,412.812,6.88,0.691,67.87,597.4
metronomic_breathing,M11,baseline,466,416.712,415.52,6.925,0.6955,64.66,597.4
metronomic_breathing,M11,baseline,469,419.428,418.236,6.971,0.7,64.66,597.4
metronomic_breathing,M11,baseline,472,422.264,421.072,7.018,0.7048,66.67,597.4
metronomic_breathing,M11,baseline,475,425.008,423.816,7.064,0.7094,64.1,597.4
metronomic_breathing,M11,baseline,478,427.752,426.56,7.109,0.714,66.08,597.4
metronomic_breathing,M11,baseline,481,430.532,429.34,7.156,0.7186,67.26,597.4
metronomic_breathing,M11,baseline,484,433.192,432.0,7.2,0.7231,73.17,597.4
metronomic_breathing,M11,baseline,487,435.832,434.64,7.244,0.7275,65.22,597.4
metronomic_breathing,M11,baseline,490,438.68,437.488,7.291,0.7323,64.66,597.4
metronomic_breathing,M11,baseline,493,441.46,440.268,7.338,0.7369,64.38,597.4
metronomic_breathing,M11,baseline,496,444.172,442.98,7.383,0.7415,68.49,597.4
metronomic_breathing,M11,baseline,499,446.92,445.728,7.429,0.7461,65.5,597.4
metronomic_breathing,M11,baseline,502,449.684,448.492,7.475,0.7507,62.5,597.4
metronomic_breathing,M11,baseline,505,452.444,451.252,7.521,0.7553,66.67,597.4
metronomic_breathing,M11,baseline,508,455.2,454.008,7.567,0.7599,66.96,597.4
metronomic_breathing,M11,baseline,511,457.98,456.788,7.613,0.7646,63.56,597.4
metronomic_breathing,M11,baseline,514,460.772,459.58,7.66,0.7692,62.76,597.4
metronomic_breathing,M11,baseline,517,463.588,462.396,7.707,0.774,67.57,597.4
metronomic_breathing,M11,baseline,520,466.388,465.196,7.753,0.7786,64.38,597.4
metronomic_breathing,M11,baseline,523,469.208,468.016,7.8,0.7834,63.83,597.4
metronomic_breathing,M11,baseline,526,471.956,470.764,7.846,0.788,64.38,597.4
metronomic_breathing,M11,baseline,529,474.804,473.612,7.894,0.7927,65.22,597.4
metronomic_breathing,M11,baseline,532,477.572,476.38,7.94,0.7974,63.56,597.4
metronomic_breathing,M11,baseline,535,480.416,479.224,7.987,0.8021,66.37,597.4
metronomic_breathing,M11,baseline,538,483.172,481.98,8.033,0.8067,73.53,597.4
metronomic_breathing,M11,baseline,541,485.728,484.536,8.076,0.811,63.03,597.4
metronomic_breathing,M11,baseline,544,488.552,487.36,8.123,0.8157,63.03,597.4
metronomic_breathing,M11,baseline,547,491.416,490.224,8.17,0.8205,66.96,597.4
metronomic_breathing,M11,baseline,550,494.112,492.92,8.215,0.8251,64.94,597.4
metronomic_breathing,M11,baseline,553,496.764,495.572,8.26,0.8295,67.87,597.4
metronomic_breathing,M11,baseline,556,499.508,498.316,8.305,0.8341,66.96,597.4
metronomic_breathing,M11,baseline,559,502.204,501.012,8.35,0.8386,63.83,597.4
metronomic_breathing,M11,baseline,562,504.976,503.784,8.396,0.8432,63.56,597.4
metronomic_breathing,M11,baseline,565,507.852,506.66,8.444,0.8481,65.79,597.4
metronomic_breathing,M11,baseline,568,510.616,509.424,8.49,0.8527,64.66,597.4
metronomic_breathing,M11,baseline,571,513.164,511.972,8.533,0.8569,73.89,597.4
metronomic_breathing,M11,baseline,574,515.808,514.616,8.577,0.8614,67.87,597.4
metronomic_breathing,M11,baseline,577,518.42,517.228,8.62,0.8657,64.94,597.4
metronomic_breathing,M11,baseline,580,521.22,520.028,8.667,0.8704,68.18,597.4
metronomic_breathing,M11,baseline,583,523.968,522.776,8.713,0.875,64.38,597.4
metronomic_breathing,M11,baseline,586,526.74,525.548,8.759,0.8797,63.56,597.4
metronomic_breathing,M11,baseline,589,529.512,528.32,8.805,0.8843,67.57,597.4
metronomic_breathing,M11,baseline,592,532.212,531.02,8.85,0.8888,67.26,597.4
metronomic_breathing,M11,baseline,595,534.752,533.56,8.893,0.8931,67.57,597.4
metronomic_breathing,M11,baseline,598,537.484,536.292,8.938,0.8976,66.96,597.4
metronomic_breathing,M11,baseline,601,540.252,539.06,8.984,0.9023,63.29,597.4
metronomic_breathing,M11,baseline,604,543.02,541.828,9.03,0.9069,62.76,597.4
metronomic_breathing,M11,baseline,607,545.84,544.648,9.077,0.9116,65.5,597.4
metronomic_breathing,M11,baseline,610,548.624,547.432,9.124,0.9163,66.67,597.4
metronomic_breathing,M11,baseline,613,551.3,550.108,9.168,0.9208,65.22,597.4
metronomic_breathing,M11,baseline,616,554.076,552.884,9.215,0.9254,66.96,597.4
metronomic_breathing,M11,baseline,619,556.824,555.632,9.261,0.93,64.1,597.4
metronomic_breathing,M11,baseline,622,559.548,558.356,9.306,0.9346,64.1,597.4
metronomic_breathing,M11,baseline,625,562.372,561.18,9.353,0.9393,63.29,597.4
metronomic_breathing,M11,baseline,628,565.276,564.084,9.401,0.9442,65.22,597.4
metronomic_breathing,M11,baseline,631,568.064,566.872,9.448,0.9488,64.38,597.4
metronomic_breathing,M11,baseline,634,570.748,569.556,9.493,0.9533,64.38,597.4
metronomic_breathing,M11,baseline,637,573.42,572.228,9.537,0.9578,72.12,597.4
metronomic_breathing,M11,baseline,640,575.976,574.784,9.58,0.9621,65.5,597.4
metronomic_breathing,M11,baseline,643,578.676,577.484,9.625,0.9666,65.22,597.4
metronomic_breathing,M11,baseline,646,581.432,580.24,9.671,0.9712,64.66,597.4
metronomic_breathing,M11,baseline,649,584.22,583.028,9.717,0.9759,64.1,597.4
metronomic_breathing,M11,baseline,652,586.952,585.76,9.763,0.9804,66.08,597.4
metronomic_breathing,M11,baseline,655,589.7,588.508,9.808,0.985,68.49,597.4
metronomic_breathing,M11,baseline,658,592.332,591.14,9.852,0.9895,65.22,597.4
metronomic_breathing,M11,baseline,661,595.092,593.9,9.898,0.9941,69.12,597.4
metronomic_breathing,M11,baseline,664,597.736,596.544,9.942,0.9985,66.96,597.4
metronomic_breathing,M12,baseline,1,1.332,0.0,0.0,0.0,73.89,597.4
metronomic_breathing,M12,baseline,4,3.752,2.42,0.04,0.0041,66.96,597.4
metronomic_breathing,M12,baseline,7,6.52,5.188,0.086,0.0087,75.76,597.4
metronomic_breathing,M12,baseline,10,9.088,7.756,0.129,0.013,73.53,597.4
metronomic_breathing,M12,baseline,13,11.512,10.18,0.17,0.017,74.26,597.4
metronomic_breathing,M12,baseline,16,14.156,12.824,0.214,0.0215,65.22,597.4
metronomic_breathing,M12,baseline,19,16.828,15.496,0.258,0.0259,61.98,597.4
metronomic_breathing,M12,baseline,22,19.652,18.32,0.305,0.0307,73.17,597.4
metronomic_breathing,M12,baseline,25,21.98,20.648,0.344,0.0346,80.21,597.4
metronomic_breathing,M12,baseline,28,24.532,23.2,0.387,0.0388,71.77,597.4
metronomic_breathing,M12,baseline,31,26.992,25.66,0.428,0.043,73.53,597.4
metronomic_breathing,M12,baseline,34,29.3,27.968,0.466,0.0468,78.12,597.4
metronomic_breathing,M12,baseline,37,31.876,30.544,0.509,0.0511,67.87,597.4
metronomic_breathing,M12,baseline,40,34.376,33.044,0.551,0.0553,71.09,597.4
metronomic_breathing,M12,baseline,43,37.016,35.684,0.595,0.0597,73.89,597.4
metronomic_breathing,M12,baseline,46,39.528,38.196,0.637,0.0639,65.22,597.4
metronomic_breathing,M12,baseline,49,42.14,40.808,0.68,0.0683,71.77,597.4
metronomic_breathing,M12,baseline,52,44.776,43.444,0.724,0.0727,70.42,597.4
metronomic_breathing,M12,baseline,55,47.304,45.972,0.766,0.077,66.08,597.4
metronomic_breathing,M12,baseline,58,49.944,48.612,0.81,0.0814,72.46,597.4
metronomic_breathing,M12,baseline,61,52.596,51.264,0.854,0.0858,67.57,597.4
metronomic_breathing,M12,baseline,64,55.184,53.852,0.898,0.0901,64.1,597.4
metronomic_breathing,M12,baseline,67,57.96,56.628,0.944,0.0948,73.17,597.4
metronomic_breathing,M12,baseline,70,60.544,59.212,0.987,0.0991,67.57,597.4
metronomic_breathing,M12,baseline,73,63.196,61.864,1.031,0.1036,64.94,597.4
metronomic_breathing,M12,baseline,76,65.908,64.576,1.076,0.1081,69.44,597.4
metronomic_breathing,M12,baseline,79,68.624,67.292,1.122,0.1126,66.96,597.4
metronomic_breathing,M12,baseline,82,71.212,69.88,1.165,0.117,65.22,597.4
metronomic_breathing,M12,baseline,85,74.016,72.684,1.211,0.1217,69.44,597.4
metronomic_breathing,M12,baseline,88,76.688,75.356,1.256,0.1261,65.22,597.4
metronomic_breathing,M12,baseline,91,79.312,77.98,1.3,0.1305,63.83,597.4
metronomic_breathing,M12,baseline,94,81.972,80.64,1.344,0.135,70.09,597.4
metronomic_breathing,M12,baseline,97,84.752,83.42,1.39,0.1396,72.12,597.4
metronomic_breathing,M12,baseline,100,87.284,85.952,1.433,0.1439,68.18,597.4
metronomic_breathing,M12,baseline,103,90.004,88.672,1.478,0.1484,68.49,597.4
metronomic_breathing,M12,baseline,106,92.66,91.328,1.522,0.1529,63.03,597.4
metronomic_breathing,M12,baseline,109,95.312,93.98,1.566,0.1573,71.09,597.4
metronomic_breathing,M12,baseline,112,98.044,96.712,1.612,0.1619,73.53,597.4
metronomic_breathing,M12,baseline,115,100.54,99.208,1.653,0.1661,64.66,597.4
metronomic_breathing,M12,baseline,118,103.2,101.868,1.698,0.1705,73.53,597.4
metronomic_breathing,M12,baseline,121,105.828,104.496,1.742,0.1749,67.57,597.4
metronomic_breathing,M12,baseline,124,108.356,107.024,1.784,0.1791,65.79,597.4
metronomic_breathing,M12,baseline,127,110.988,109.656,1.828,0.1836,71.77,597.4
metronomic_breathing,M12,baseline,130,113.56,112.228,1.87,0.1879,69.12,597.4
metronomic_breathing,M12,baseline,133,116.124,114.792,1.913,0.1921,65.79,597.4
metronomic_breathing,M12,baseline,136,118.724,117.392,1.957,0.1965,71.43,597.4
metronomic_breathing,M12,baseline,139,121.252,119.92,1.999,0.2007,67.87,597.4
metronomic_breathing,M12,baseline,142,123.828,122.496,2.042,0.205,71.09,597.4
metronomic_breathing,M12,baseline,145,126.452,125.12,2.085,0.2094,74.63,597.4
metronomic_breathing,M12,baseline,148,128.908,127.576,2.126,0.2135,66.96,597.4
metronomic_breathing,M12,baseline,151,131.464,130.132,2.169,0.2178,71.77,597.4
metronomic_breathing,M12,baseline,154,133.988,132.656,2.211,0.222,73.53,597.4
metronomic_breathing,M12,baseline,157,136.504,135.172,2.253,0.2263,69.44,597.4
metronomic_breathing,M12,baseline,160,138.952,137.62,2.294,0.2304,75.38,597.4
metronomic_breathing,M12,baseline,163,141.276,139.944,2.332,0.2342,83.8,597.4
metronomic_breathing,M12,baseline,166,143.508,142.176,2.37,0.238,72.46,597.4
metronomic_breathing,M12,baseline,169,146.116,144.784,2.413,0.2424,73.17,597.4
metronomic_breathing,M12,baseline,172,148.484,147.152,2.453,0.2463,72.46,597.4
metronomic_breathing,M12,baseline,175,151.172,149.84,2.497,0.2508,73.89,597.4
metronomic_breathing,M12,baseline,178,153.668,152.336,2.539,0.255,70.75,597.4
metronomic_breathing,M12,baseline,181,156.148,154.816,2.58,0.2591,71.43,597.4
metronomic_breathing,M12,baseline,184,158.728,157.396,2.623,0.2635,74.26,597.4
metronomic_breathing,M12,baseline,187,161.236,159.904,2.665,0.2677,68.49,597.4
metronomic_breathing,M12,baseline,190,163.724,162.392,2.707,0.2718,72.46,597.4
metronomic_breathing,M12,baseline,193,166.328,164.996,2.75,0.2762,69.44,597.4
metronomic_breathing,M12,baseline,196,168.868,167.536,2.792,0.2804,64.38,597.4
metronomic_breathing,M12,baseline,199,171.456,170.124,2.835,0.2848,73.53,597.4
metronomic_breathing,M12,baseline,202,174.04,172.708,2.878,0.2891,67.57,597.4
metronomic_breathing,M12,baseline,205,176.544,175.212,2.92,0.2933,71.09,597.4
metronomic_breathing,M12,baseline,208,179.192,177.86,2.964,0.2977,70.09,597.4
metronomic_breathing,M12,baseline,211,181.728,180.396,3.007,0.302,72.12,597.4
metronomic_breathing,M12,baseline,214,184.2,182.868,3.048,0.3061,76.92,597.4
metronomic_breathing,M12,baseline,217,186.596,185.264,3.088,0.3101,69.44,597.4
metronomic_breathing,M12,baseline,220,189.096,187.764,3.129,0.3143,70.42,597.4
metronomic_breathing,M12,baseline,223,191.704,190.372,3.173,0.3187,74.26,597.4
metronomic_breathing,M12,baseline,226,194.204,192.872,3.215,0.3228,73.53,597.4
metronomic_breathing,M12,baseline,229,196.56,195.228,3.254,0.3268,77.72,597.4
metronomic_breathing,M12,baseline,232,199.012,197.68,3.295,0.3309,78.53,597.4
metronomic_breathing,M12,baseline,235,201.256,199.924,3.332,0.3346,76.53,597.4
metronomic_breathing,M12,baseline,238,203.824,202.492,3.375,0.3389,70.42,597.4
metronomic_breathing,M12,baseline,241,206.288,204.956,3.416,0.3431,69.44,597.4
metronomic_breathing,M12,baseline,244,208.896,207.564,3.459,0.3474,76.53,597.4
metronomic_breathing,M12,baseline,247,211.292,209.96,3.499,0.3514,68.49,597.4
metronomic_breathing,M12,baseline,250,213.804,212.472,3.541,0.3557,74.63,597.4
metronomic_breathing,M12,baseline,253,216.34,215.008,3.583,0.3599,73.53,597.4
metronomic_breathing,M12,baseline,256,218.796,217.464,3.624,0.364,63.56,597.4
metronomic_breathing,M12,baseline,259,221.42,220.088,3.668,0.3684,73.53,597.4
metronomic_breathing,M12,baseline,262,223.976,222.644,3.711,0.3727,68.18,597.4
metronomic_breathing,M12,baseline,265,226.44,225.108,3.752,0.3768,68.81,597.4
metronomic_breathing,M12,baseline,268,229.14,227.808,3.797,0.3813,75.76,597.4
metronomic_breathing,M12,baseline,271,231.584,230.252,3.838,0.3854,69.44,597.4
metronomic_breathing,M12,baseline,274,234.068,232.736,3.879,0.3896,75.0,597.4
metronomic_breathing,M12,baseline,277,236.608,235.276,3.921,0.3938,70.75,597.4
metronomic_breathing,M12,baseline,280,239.128,237.796,3.963,0.398,68.18,597.4
metronomic_breathing,M12,baseline,283,241.672,240.34,4.006,0.4023,66.96,597.4
metronomic_breathing,M12,baseline,286,244.356,243.024,4.05,0.4068,73.53,597.4
metronomic_breathing,M12,baseline,289,246.884,245.552,4.093,0.411,69.12,597.4
metronomic_breathing,M12,baseline,292,249.428,248.096,4.135,0.4153,72.46,597.4
metronomic_breathing,M12,baseline,295,252.028,250.696,4.178,0.4196,65.22,597.4
metronomic_breathing,M12,baseline,298,254.608,253.276,4.221,0.424,66.37,597.4
metronomic_breathing,M12,baseline,301,257.296,255.964,4.266,0.4285,74.63,597.4
metronomic_breathing,M12,baseline,304,259.832,258.5,4.308,0.4327,64.38,597.4
metronomic_breathing,M12,baseline,307,262.552,261.22,4.354,0.4372,73.53,597.4
metronomic_breathing,M12,baseline,310,265.128,263.796,4.397,0.4416,76.14,597.4
metronomic_breathing,M12,baseline,313,267.592,266.26,4.438,0.4457,67.57,597.4
metronomic_breathing,M12,baseline,316,270.184,268.852,4.481,0.45,72.46,597.4
metronomic_breathing,M12,baseline,319,272.848,271.516,4.525,0.4545,73.89,597.4
metronomic_breathing,M12,baseline,322,275.296,273.964,4.566,0.4586,70.09,597.4
metronomic_breathing,M12,baseline,325,277.92,276.588,4.61,0.463,71.09,597.4
metronomic_breathing,M12,baseline,328,280.536,279.204,4.653,0.4674,68.49,597.4
metronomic_breathing,M12,baseline,331,283.044,281.712,4.695,0.4716,71.77,597.4
metronomic_breathing,M12,baseline,334,285.64,284.308,4.738,0.4759,70.75,597.4
metronomic_breathing,M12,baseline,337,288.228,286.896,4.782,0.4802,66.37,597.4
metronomic_breathing,M12,baseline,340,290.828,289.496,4.825,0.4846,73.89,597.4
metronomic_breathing,M12,baseline,343,293.376,292.044,4.867,0.4888,68.18,597.4
metronomic_breathing,M12,baseline,346,295.856,294.524,4.909,0.493,66.96,597.4
metronomic_breathing,M12,baseline,349,298.496,297.164,4.953,0.4974,70.09,597.4
metronomic_breathing,M12,baseline,352,301.22,299.888,4.998,0.502,64.1,597.4
metronomic_breathing,M12,baseline,355,303.844,302.512,5.042,0.5064,64.1,597.4
metronomic_breathing,M12,baseline,358,306.612,305.28,5.088,0.511,74.63,597.4
metronomic_breathing,M12,baseline,361,309.088,307.756,5.129,0.5151,63.83,597.4
metronomic_breathing,M12,baseline,364,311.76,310.428,5.174,0.5196,71.77,597.4
metronomic_breathing,M12,baseline,367,314.416,313.084,5.218,0.5241,63.83,597.4
metronomic_breathing,M12,baseline,370,316.992,315.66,5.261,0.5284,66.37,597.4
metronomic_breathing,M12,baseline,373,319.664,318.332,5.306,0.5328,71.09,597.4
metronomic_breathing,M12,baseline,376,322.328,320.996,5.35,0.5373,65.5,597.4
metronomic_breathing,M12,baseline,379,324.892,323.56,5.393,0.5416,67.87,597.4
metronomic_breathing,M12,baseline,382,327.6,326.268,5.438,0.5461,72.46,597.4
metronomic_breathing,M12,baseline,385,330.14,328.808,5.48,0.5504,66.96,597.4
metronomic_breathing,M12,baseline,388,332.676,331.344,5.522,0.5546,78.95,597.4
metronomic_breathing,M12,baseline,391,335.064,333.732,5.562,0.5586,65.22,597.4
metronomic_breathing,M12,baseline,394,337.632,336.3,5.605,0.5629,71.09,597.4
metronomic_breathing,M12,baseline,397,340.204,338.872,5.648,0.5672,71.77,597.4
metronomic_breathing,M12,baseline,400,342.776,341.444,5.691,0.5715,69.77,597.4
metronomic_breathing,M12,baseline,403,345.292,343.96,5.733,0.5757,72.46,597.4
metronomic_breathing,M12,baseline,406,347.888,346.556,5.776,0.5801,75.0,597.4
metronomic_breathing,M12,baseline,409,350.336,349.004,5.817,0.5842,70.09,597.4
metronomic_breathing,M12,baseline,412,352.772,351.44,5.857,0.5883,78.95,597.4
metronomic_breathing,M12,baseline,415,355.14,353.808,5.897,0.5922,71.43,597.4
metronomic_breathing,M12,baseline,418,357.572,356.24,5.937,0.5963,73.17,597.4
metronomic_breathing,M12,baseline,421,360.112,358.78,5.98,0.6006,72.82,597.4
metronomic_breathing,M12,baseline,424,362.528,361.196,6.02,0.6046,72.46,597.4
metronomic_breathing,M12,baseline,427,364.976,363.644,6.061,0.6087,77.72,597.4
metronomic_breathing,M12,baseline,430,367.392,366.06,6.101,0.6127,71.09,597.4
metronomic_breathing,M12,baseline,433,369.804,368.472,6.141,0.6168,75.0,597.4
metronomic_breathing,M12,baseline,436,372.288,370.956,6.183,0.6209,75.76,597.4
metronomic_breathing,M12,baseline,439,374.64,373.308,6.222,0.6249,72.12,597.4
metronomic_breathing,M12,baseline,442,377.136,375.804,6.263,0.629,75.38,597.4
metronomic_breathing,M12,baseline,445,379.644,378.312,6.305,0.6332,71.09,597.4
metronomic_breathing,M12,baseline,448,382.052,380.72,6.345,0.6373,73.53,597.4
metronomic_breathing,M12,baseline,451,384.564,383.232,6.387,0.6415,77.72,597.4
metronomic_breathing,M12,baseline,454,386.964,385.632,6.427,0.6455,68.81,597.4
metronomic_breathing,M12,baseline,457,389.428,388.096,6.468,0.6496,74.63,597.4
metronomic_breathing,M12,baseline,460,391.956,390.624,6.51,0.6539,73.17,597.4
metronomic_breathing,M12,baseline,463,394.46,393.128,6.552,0.658,67.87,597.4
metronomic_breathing,M12,baseline,466,397.04,395.708,6.595,0.6624,73.53,597.4
metronomic_breathing,M12,baseline,469,399.632,398.3,6.638,0.6667,69.44,597.4
metronomic_breathing,M12,baseline,472,402.06,400.728,6.679,0.6708,71.09,597.4
metronomic_breathing,M12,baseline,475,404.604,403.272,6.721,0.675,73.17,597.4
metronomic_breathing,M12,baseline,478,407.06,405.728,6.762,0.6791,68.49,597.4
metronomic_breathing,M12,baseline,481,409.58,408.248,6.804,0.6834,70.09,597.4
metronomic_breathing,M12,baseline,484,412.164,410.832,6.847,0.6877,70.42,597.4
metronomic_breathing,M12,baseline,487,414.656,413.324,6.889,0.6919,68.81,597.4
metronomic_breathing,M12,baseline,490,417.296,415.964,6.933,0.6963,73.89,597.4
metronomic_breathing,M12,baseline,493,419.916,418.584,6.976,0.7007,66.96,597.4
metronomic_breathing,M12,baseline,496,422.472,421.14,7.019,0.7049,69.77,597.4
metronomic_breathing,M12,baseline,499,425.12,423.788,7.063,0.7094,71.09,597.4
metronomic_breathing,M12,baseline,502,427.604,426.272,7.105,0.7135,68.18,597.4
metronomic_breathing,M12,baseline,505,430.224,428.892,7.148,0.7179,73.17,597.4
metronomic_breathing,M12,baseline,508,432.692,431.36,7.189,0.722,64.38,597.4
metronomic_breathing,M12,baseline,511,435.264,433.932,7.232,0.7263,69.12,597.4
metronomic_breathing,M12,baseline,514,437.896,436.564,7.276,0.7308,72.12,597.4
metronomic_breathing,M12,baseline,517,440.384,439.052,7.318,0.7349,68.81,597.4
metronomic_breathing,M12,baseline,520,442.928,441.596,7.36,0.7392,66.96,597.4
metronomic_breathing,M12,baseline,523,445.564,444.232,7.404,0.7436,73.17,597.4
metronomic_breathing,M12,baseline,526,448.028,446.696,7.445,0.7477,66.67,597.4
metronomic_breathing,M12,baseline,529,450.596,449.264,7.488,0.752,73.17,597.4
metronomic_breathing,M12,baseline,532,453.216,451.884,7.531,0.7564,75.0,597.4
metronomic_breathing,M12,baseline,535,455.728,454.396,7.573,0.7606,68.18,597.4
metronomic_breathing,M12,baseline,538,458.304,456.972,7.616,0.7649,73.53,597.4
metronomic_breathing,M12,baseline,541,460.856,459.524,7.659,0.7692,70.42,597.4
metronomic_breathing,M12,baseline,544,463.352,462.02,7.7,0.7734,71.43,597.4
metronomic_breathing,M12,baseline,547,465.916,464.584,7.743,0.7777,71.77,597.4
metronomic_breathing,M12,baseline,550,468.492,467.16,7.786,0.782,66.37,597.4
metronomic_breathing,M12,baseline,553,471.068,469.736,7.829,0.7863,68.49,597.4
metronomic_breathing,M12,baseline,556,473.756,472.424,7.874,0.7908,69.44,597.4
metronomic_breathing,M12,baseline,559,476.324,474.992,7.917,0.7951,64.66,597.4
metronomic_breathing,M12,baseline,562,478.988,477.656,7.961,0.7995,77.32,597.4
metronomic_breathing,M12,baseline,565,481.436,480.104,8.002,0.8036,66.67,597.4
metronomic_breathing,M12,baseline,568,484.06,482.728,8.045,0.808,69.77,597.4
metronomic_breathing,M12,baseline,571,486.724,485.392,8.09,0.8125,68.18,597.4
metronomic_breathing,M12,baseline,574,489.368,488.036,8.134,0.8169,65.22,597.4
metronomic_breathing,M12,baseline,577,492.016,490.684,8.178,0.8213,67.26,597.4
metronomic_breathing,M12,baseline,580,494.736,493.404,8.223,0.8259,70.42,597.4
metronomic_breathing,M12,baseline,583,497.36,496.028,8.267,0.8303,66.37,597.4
metronomic_breathing,M12,baseline,586,499.936,498.604,8.31,0.8346,68.18,597.4
metronomic_breathing,M12,baseline,589,502.7,501.368,8.356,0.8392,69.12,597.4
metronomic_breathing,M12,baseline,592,505.296,503.964,8.399,0.8436,69.12,597.4
metronomic_breathing,M12,baseline,595,507.848,506.516,8.442,0.8478,71.77,597.4
metronomic_breathing,M12,baseline,598,510.408,509.076,8.485,0.8521,64.38,597.4
metronomic_breathing,M12,baseline,601,513.068,511.736,8.529,0.8566,63.56,597.4
metronomic_breathing,M12,baseline,604,515.74,514.408,8.573,0.8611,71.43,597.4
metronomic_breathing,M12,baseline,607,518.376,517.044,8.617,0.8655,67.57,597.4
metronomic_breathing,M12,baseline,610,520.96,519.628,8.66,0.8698,67.26,597.4
metronomic_breathing,M12,baseline,613,523.652,522.32,8.705,0.8743,74.26,597.4
metronomic_breathing,M12,baseline,616,526.276,524.944,8.749,0.8787,67.26,597.4
metronomic_breathing,M12,baseline,619,528.868,527.536,8.792,0.883,65.79,597.4
metronomic_breathing,M12,baseline,622,531.528,530.196,8.837,0.8875,71.09,597.4
metronomic_breathing,M12,baseline,625,534.208,532.876,8.881,0.892,64.38,597.4
metronomic_breathing,M12,baseline,628,536.836,535.504,8.925,0.8964,68.18,597.4
metronomic_breathing,M12,baseline,631,539.616,538.284,8.971,0.901,69.77,597.4
metronomic_breathing,M12,baseline,634,542.16,540.828,9.014,0.9053,66.08,597.4
metronomic_breathing,M12,baseline,637,544.768,543.436,9.057,0.9096,71.09,597.4
metronomic_breathing,M12,baseline,640,547.42,546.088,9.101,0.9141,63.56,597.4
metronomic_breathing,M12,baseline,643,550.136,548.804,9.147,0.9186,67.57,597.4
metronomic_breathing,M12,baseline,646,552.824,551.492,9.192,0.9231,71.09,597.4
metronomic_breathing,M12,baseline,649,555.428,554.096,9.235,0.9275,66.08,597.4
metronomic_breathing,M12,baseline,652,557.976,556.644,9.277,0.9318,66.96,597.4
metronomic_breathing,M12,baseline,655,560.7,559.368,9.323,0.9363,73.89,597.4
metronomic_breathing,M12,baseline,658,563.292,561.96,9.366,0.9407,64.1,597.4
metronomic_breathing,M12,baseline,661,565.92,564.588,9.41,0.9451,75.0,597.4
metronomic_breathing,M12,baseline,664,568.472,567.14,9.452,0.9493,70.09,597.4
metronomic_breathing,M12,baseline,667,571.02,569.688,9.495,0.9536,66.67,597.4
metronomic_breathing,M12,baseline,670,573.628,572.296,9.538,0.958,71.43,597.4
metronomic_breathing,M12,baseline,673,576.3,574.968,9.583,0.9624,77.32,597.4
metronomic_breathing,M12,baseline,676,578.688,577.356,9.623,0.9664,69.12,597.4
metronomic_breathing,M12,baseline,679,581.268,579.936,9.666,0.9707,75.0,597.4
metronomic_breathing,M12,baseline,682,583.708,582.376,9.706,0.9748,69.77,597.4
metronomic_breathing,M12,baseline,685,586.244,584.912,9.749,0.9791,74.63,597.4
metronomic_breathing,M12,baseline,688,588.776,587.444,9.791,0.9833,72.82,597.4
metronomic_breathing,M12,baseline,691,591.208,589.876,9.831,0.9874,72.12,597.4
metronomic_breathing,M12,baseline,694,593.704,592.372,9.873,0.9916,75.0,597.4
metronomic_breathing,M12,baseline,697,596.212,594.88,9.915,0.9958,68.49,597.4
metronomic_breathing,M12,baseline,700,598.748,597.416,9.957,1.0,70.42,597.4
metronomic_breathing,M13,baseline,1,1.208,0.0,0.0,0.0,56.6,597.4
metronomic_breathing,M13,baseline,3,3.304,2.096,0.035,0.0035,56.82,597.4
metronomic_breathing,M13,baseline,5,5.424,4.216,0.07,0.0071,56.39,597.4
metronomic_breathing,M13,baseline,7,7.584,6.376,0.106,0.0107,55.76,597.4
metronomic_breathing,M13,baseline,9,9.716,8.508,0.142,0.0142,55.97,597.4
metronomic_breathing,M13,baseline,11,11.84,10.632,0.177,0.0178,54.74,597.4
metronomic_breathing,M13,baseline,13,14.036,12.828,0.214,0.0215,56.39,597.4
metronomic_breathing,M13,baseline,15,16.156,14.948,0.249,0.025,54.15,597.4
metronomic_breathing,M13,baseline,17,18.388,17.18,0.286,0.0288,54.95,597.4
metronomic_breathing,M13,baseline,19,20.572,19.364,0.323,0.0324,53.96,597.4
metronomic_breathing,M13,baseline,21,22.756,21.548,0.359,0.0361,57.92,597.4
metronomic_breathing,M13,baseline,23,24.884,23.676,0.395,0.0396,54.74,597.4
metronomic_breathing,M13,baseline,25,27.052,25.844,0.431,0.0433,57.25,597.4
metronomic_breathing,M13,baseline,27,29.192,27.984,0.466,0.0468,55.35,597.4
metronomic_breathing,M13,baseline,29,31.296,30.088,0.501,0.0504,56.18,597.4
metronomic_breathing,M13,baseline,31,33.432,32.224,0.537,0.0539,56.82,597.4
metronomic_breathing,M13,baseline,33,35.504,34.296,0.572,0.0574,58.14,597.4
metronomic_breathing,M13,baseline,35,37.572,36.364,0.606,0.0609,58.37,597.4
metronomic_breathing,M13,baseline,37,39.604,38.396,0.64,0.0643,57.47,597.4
metronomic_breathing,M13,baseline,39,41.7,40.492,0.675,0.0678,58.37,597.4
metronomic_breathing,M13,baseline,41,43.72,42.512,0.709,0.0712,59.76,597.4
metronomic_breathing,M13,baseline,43,45.736,44.528,0.742,0.0745,58.82,597.4
metronomic_breathing,M13,baseline,45,47.756,46.548,0.776,0.0779,57.92,597.4
metronomic_breathing,M13,baseline,47,49.852,48.644,0.811,0.0814,56.39,597.4
metronomic_breathing,M13,baseline,49,51.932,50.724,0.845,0.0849,57.47,597.4
metronomic_breathing,M13,baseline,51,53.984,52.776,0.88,0.0883,62.24,597.4
metronomic_breathing,M13,baseline,53,55.884,54.676,0.911,0.0915,59.76,597.4
metronomic_breathing,M13,baseline,55,57.92,56.712,0.945,0.0949,56.6,597.4
metronomic_breathing,M13,baseline,57,60.0,58.792,0.98,0.0984,60.0,597.4
metronomic_breathing,M13,baseline,59,62.064,60.856,1.014,0.1019,57.92,597.4
metronomic_breathing,M13,baseline,61,64.096,62.888,1.048,0.1053,60.0,597.4
metronomic_breathing,M13,baseline,63,66.144,64.936,1.082,0.1087,54.55,597.4
metronomic_breathing,M13,baseline,65,68.308,67.1,1.118,0.1123,55.97,597.4
metronomic_breathing,M13,baseline,67,70.476,69.268,1.154,0.116,55.97,597.4
metronomic_breathing,M13,baseline,69,72.612,71.404,1.19,0.1195,56.39,597.4
metronomic_breathing,M13,baseline,71,74.768,73.56,1.226,0.1231,56.18,597.4
metronomic_breathing,M13,baseline,73,76.884,75.676,1.261,0.1267,56.6,597.4
metronomic_breathing,M13,baseline,75,79.004,77.796,1.297,0.1302,56.39,597.4
metronomic_breathing,M13,baseline,77,81.112,79.904,1.332,0.1338,56.39,597.4
metronomic_breathing,M13,baseline,79,83.224,82.016,1.367,0.1373,57.69,597.4
metronomic_breathing,M13,baseline,81,85.304,84.096,1.402,0.1408,57.03,597.4
metronomic_breathing,M13,baseline,83,87.352,86.144,1.436,0.1442,60.98,597.4
metronomic_breathing,M13,baseline,85,89.32,88.112,1.469,0.1475,60.0,597.4
metronomic_breathing,M13,baseline,87,91.232,90.024,1.5,0.1507,75.76,597.4
metronomic_breathing,M13,baseline,89,92.868,91.66,1.528,0.1534,56.18,597.4
metronomic_breathing,M13,baseline,91,95.028,93.82,1.564,0.1571,54.74,597.4
metronomic_breathing,M13,baseline,93,97.18,95.972,1.6,0.1607,57.03,597.4
metronomic_breathing,M13,baseline,95,99.328,98.12,1.635,0.1643,55.76,597.4
metronomic_breathing,M13,baseline,97,101.456,100.248,1.671,0.1678,56.82,597.4
metronomic_breathing,M13,baseline,99,103.576,102.368,1.706,0.1714,56.82,597.4
metronomic_breathing,M13,baseline,101,105.68,104.472,1.741,0.1749,55.56,597.4
metronomic_breathing,M13,baseline,103,107.856,106.648,1.777,0.1785,54.95,597.4
metronomic_breathing,M13,baseline,105,110.04,108.832,1.814,0.1822,53.57,597.4
metronomic_breathing,M13,baseline,107,112.256,111.048,1.851,0.1859,56.39,597.4
metronomic_breathing,M13,baseline,109,114.416,113.208,1.887,0.1895,54.74,597.4
metronomic_breathing,M13,baseline,111,116.596,115.388,1.923,0.1932,55.76,597.4
metronomic_breathing,M13,baseline,113,118.748,117.54,1.959,0.1968,53.57,597.4
metronomic_breathing,M13,baseline,115,120.952,119.744,1.996,0.2005,56.82,597.4
metronomic_breathing,M13,baseline,117,123.072,121.864,2.031,0.204,55.15,597.4
metronomic_breathing,M13,baseline,119,125.244,124.036,2.067,0.2076,55.97,597.4
metronomic_breathing,M13,baseline,121,127.44,126.232,2.104,0.2113,53.76,597.4
metronomic_breathing,M13,baseline,123,129.656,128.448,2.141,0.215,54.15,597.4
metronomic_breathing,M13,baseline,125,131.844,130.636,2.177,0.2187,56.6,597.4
metronomic_breathing,M13,baseline,127,133.948,132.74,2.212,0.2222,53.0,597.4
metronomic_breathing,M13,baseline,129,136.212,135.004,2.25,0.226,54.55,597.4
metronomic_breathing,M13,baseline,131,138.416,137.208,2.287,0.2297,53.0,597.4
metronomic_breathing,M13,baseline,133,140.668,139.46,2.324,0.2335,54.55,597.4
metronomic_breathing,M13,baseline,135,142.844,141.636,2.361,0.2371,54.55,597.4
metronomic_breathing,M13,baseline,137,145.032,143.824,2.397,0.2408,56.18,597.4
metronomic_breathing,M13,baseline,139,147.212,146.004,2.433,0.2444,53.96,597.4
metronomic_breathing,M13,baseline,141,149.404,148.196,2.47,0.2481,56.39,597.4
metronomic_breathing,M13,baseline,143,151.592,150.384,2.506,0.2517,54.15,597.4
metronomic_breathing,M13,baseline,145,153.788,152.58,2.543,0.2554,54.15,597.4
metronomic_breathing,M13,baseline,147,156.024,154.816,2.58,0.2592,53.38,597.4
metronomic_breathing,M13,baseline,149,158.256,157.048,2.617,0.2629,53.38,597.4
metronomic_breathing,M13,baseline,151,160.492,159.284,2.655,0.2666,54.35,597.4
metronomic_breathing,M13,baseline,153,162.672,161.464,2.691,0.2703,54.55,597.4
metronomic_breathing,M13,baseline,155,164.872,163.664,2.728,0.274,54.74,597.4
metronomic_breathing,M13,baseline,157,167.048,165.84,2.764,0.2776,54.95,597.4
metronomic_breathing,M13,baseline,159,169.24,168.032,2.801,0.2813,55.35,597.4
metronomic_breathing,M13,baseline,161,171.392,170.184,2.836,0.2849,55.76,597.4
metronomic_breathing,M13,baseline,163,173.556,172.348,2.872,0.2885,55.35,597.4
metronomic_breathing,M13,baseline,165,175.716,174.508,2.908,0.2921,54.35,597.4
metronomic_breathing,M13,baseline,167,177.928,176.72,2.945,0.2958,56.6,597.4
metronomic_breathing,M13,baseline,169,180.048,178.84,2.981,0.2994,54.35,597.4
metronomic_breathing,M13,baseline,171,182.228,181.02,3.017,0.303,56.39,597.4
metronomic_breathing,M13,baseline,173,184.376,183.168,3.053,0.3066,54.95,597.4
metronomic_breathing,M13,baseline,175,186.528,185.32,3.089,0.3102,57.25,597.4
metronomic_breathing,M13,baseline,177,188.64,187.432,3.124,0.3138,55.15,597.4
metronomic_breathing,M13,baseline,179,190.796,189.588,3.16,0.3174,55.76,597.4
metronomic_breathing,M13,baseline,181,192.96,191.752,3.196,0.321,55.15,597.4
metronomic_breathing,M13,baseline,183,195.112,193.904,3.232,0.3246,57.03,597.4
metronomic_breathing,M13,baseline,185,197.252,196.044,3.267,0.3282,56.18,597.4
metronomic_breathing,M13,baseline,187,199.376,198.168,3.303,0.3317,56.6,597.4
metronomic_breathing,M13,baseline,189,201.52,200.312,3.339,0.3353,55.97,597.4
metronomic_breathing,M13,baseline,191,203.66,202.452,3.374,0.3389,56.39,597.4
metronomic_breathing,M13,baseline,193,205.824,204.616,3.41,0.3425,55.97,597.4
metronomic_breathing,M13,baseline,195,207.952,206.744,3.446,0.3461,55.76,597.4
metronomic_breathing,M13,baseline,197,210.112,208.904,3.482,0.3497,56.6,597.4
metronomic_breathing,M13,baseline,199,212.216,211.008,3.517,0.3532,56.82,597.4
metronomic_breathing,M13,baseline,201,214.336,213.128,3.552,0.3568,59.29,597.4
metronomic_breathing,M13,baseline,203,216.356,215.148,3.586,0.3602,56.18,597.4
metronomic_breathing,M13,baseline,205,218.504,217.296,3.622,0.3638,57.69,597.4
metronomic_breathing,M13,baseline,207,220.576,219.368,3.656,0.3672,56.39,597.4
metronomic_breathing,M13,baseline,209,222.7,221.492,3.692,0.3708,57.47,597.4
metronomic_breathing,M13,baseline,211,224.784,223.576,3.726,0.3743,55.56,597.4
metronomic_breathing,M13,baseline,213,226.936,225.728,3.762,0.3779,57.92,597.4
metronomic_breathing,M13,baseline,215,228.992,227.784,3.796,0.3813,56.18,597.4
metronomic_breathing,M13,baseline,217,231.116,229.908,3.832,0.3849,59.29,597.4
metronomic_breathing,M13,baseline,219,233.14,231.932,3.866,0.3883,57.47,597.4
metronomic_breathing,M13,baseline,221,235.2,233.992,3.9,0.3917,59.29,597.4
metronomic_breathing,M13,baseline,223,237.216,236.008,3.933,0.3951,57.47,597.4
metronomic_breathing,M13,baseline,225,239.288,238.08,3.968,0.3986,59.76,597.4
metronomic_breathing,M13,baseline,227,241.3,240.092,4.002,0.4019,57.25,597.4
metronomic_breathing,M13,baseline,229,243.348,242.14,4.036,0.4054,60.98,597.4
metronomic_breathing,M13,baseline,231,245.32,244.112,4.069,0.4087,57.25,597.4
metronomic_breathing,M13,baseline,233,247.412,246.204,4.103,0.4122,59.76,597.4
metronomic_breathing,M13,baseline,235,249.412,248.204,4.137,0.4155,58.14,597.4
metronomic_breathing,M13,baseline,237,251.452,250.244,4.171,0.4189,59.76,597.4
metronomic_breathing,M13,baseline,239,253.488,252.28,4.205,0.4223,55.56,597.4
metronomic_breathing,M13,baseline,241,255.62,254.412,4.24,0.4259,58.82,597.4
metronomic_breathing,M13,baseline,243,257.66,256.452,4.274,0.4293,56.18,597.4
metronomic_breathing,M13,baseline,245,259.796,258.588,4.31,0.4329,58.37,597.4
metronomic_breathing,M13,baseline,247,261.864,260.656,4.344,0.4363,55.56,597.4
metronomic_breathing,M13,baseline,249,264.032,262.824,4.38,0.44,57.69,597.4
metronomic_breathing,M13,baseline,251,266.12,264.912,4.415,0.4435,55.56,597.4
metronomic_breathing,M13,baseline,253,268.292,267.084,4.451,0.4471,57.69,597.4
metronomic_breathing,M13,baseline,255,270.396,269.188,4.486,0.4506,55.76,597.4
metronomic_breathing,M13,baseline,257,272.504,271.296,4.522,0.4542,58.37,597.4
metronomic_breathing,M13,baseline,259,274.628,273.42,4.557,0.4577,54.55,597.4
metronomic_breathing,M13,baseline,261,276.784,275.576,4.593,0.4613,57.69,597.4
metronomic_breathing,M13,baseline,263,278.896,277.688,4.628,0.4649,56.39,597.4
metronomic_breathing,M13,baseline,265,281.0,279.792,4.663,0.4684,56.6,597.4
metronomic_breathing,M13,baseline,267,283.136,281.928,4.699,0.472,56.18,597.4
metronomic_breathing,M13,baseline,269,285.244,284.036,4.734,0.4755,55.76,597.4
metronomic_breathing,M13,baseline,271,287.408,286.2,4.77,0.4791,55.97,597.4
metronomic_breathing,M13,baseline,273,289.54,288.332,4.806,0.4827,55.56,597.4
metronomic_breathing,M13,baseline,275,291.708,290.5,4.842,0.4863,55.56,597.4
metronomic_breathing,M13,baseline,277,293.844,292.636,4.877,0.4899,55.56,597.4
metronomic_breathing,M13,baseline,279,296.032,294.824,4.914,0.4935,55.97,597.4
metronomic_breathing,M13,baseline,281,298.136,296.928,4.949,0.4971,56.82,597.4
metronomic_breathing,M13,baseline,283,300.288,299.08,4.985,0.5007,56.6,597.4
metronomic_breathing,M13,baseline,285,302.408,301.2,5.02,0.5042,57.25,597.4
metronomic_breathing,M13,baseline,287,304.54,303.332,5.056,0.5078,56.6,597.4
metronomic_breathing,M13,baseline,289,306.608,305.4,5.09,0.5113,57.47,597.4
metronomic_breathing,M13,baseline,291,308.716,307.508,5.125,0.5148,57.69,597.4
metronomic_breathing,M13,baseline,293,310.784,309.576,5.16,0.5182,56.39,597.4
metronomic_breathing,M13,baseline,295,312.936,311.728,5.195,0.5218,56.6,597.4
metronomic_breathing,M13,baseline,297,315.044,313.836,5.231,0.5254,56.6,597.4
metronomic_breathing,M13,baseline,299,317.188,315.98,5.266,0.529,56.39,597.4
metronomic_breathing,M13,baseline,301,319.288,318.08,5.301,0.5325,56.6,597.4
metronomic_breathing,M13,baseline,303,321.408,320.2,5.337,0.536,59.06,597.4
metronomic_breathing,M13,baseline,305,323.432,322.224,5.37,0.5394,57.03,597.4
metronomic_breathing,M13,baseline,307,325.512,324.304,5.405,0.5429,59.76,597.4
metronomic_breathing,M13,baseline,309,327.512,326.304,5.438,0.5462,56.6,597.4
metronomic_breathing,M13,baseline,311,329.628,328.42,5.474,0.5498,59.52,597.4
metronomic_breathing,M13,baseline,313,331.62,330.412,5.507,0.5531,58.59,597.4
metronomic_breathing,M13,baseline,315,333.668,332.46,5.541,0.5566,63.03,597.4
metronomic_breathing,M13,baseline,317,335.588,334.38,5.573,0.5598,58.59,597.4
metronomic_breathing,M13,baseline,319,337.64,336.432,5.607,0.5632,59.52,597.4
metronomic_breathing,M13,baseline,321,339.632,338.424,5.64,0.5665,58.82,597.4
metronomic_breathing,M13,baseline,323,341.692,340.484,5.675,0.57,60.24,597.4
metronomic_breathing,M13,baseline,325,343.692,342.484,5.708,0.5733,57.69,597.4
metronomic_breathing,M13,baseline,327,345.788,344.58,5.743,0.5768,58.59,597.4
metronomic_breathing,M13,baseline,329,347.84,346.632,5.777,0.5803,55.56,597.4
metronomic_breathing,M13,baseline,331,349.984,348.776,5.813,0.5839,58.14,597.4
metronomic_breathing,M13,baseline,333,352.032,350.824,5.847,0.5873,57.47,597.4
metronomic_breathing,M13,baseline,335,354.088,352.88,5.881,0.5907,59.76,597.4
metronomic_breathing,M13,baseline,337,356.092,354.884,5.915,0.5941,57.25,597.4
metronomic_breathing,M13,baseline,339,358.184,356.976,5.95,0.5976,58.82,597.4
metronomic_breathing,M13,baseline,341,360.252,359.044,5.984,0.6011,55.15,597.4
metronomic_breathing,M13,baseline,343,362.452,361.244,6.021,0.6047,56.18,597.4
metronomic_breathing,M13,baseline,345,364.572,363.364,6.056,0.6083,56.18,597.4
metronomic_breathing,M13,baseline,347,366.696,365.488,6.091,0.6118,57.92,597.4
metronomic_breathing,M13,baseline,349,368.792,367.584,6.126,0.6154,54.74,597.4
metronomic_breathing,M13,baseline,351,370.964,369.756,6.163,0.619,56.82,597.4
metronomic_breathing,M13,baseline,353,373.08,371.872,6.198,0.6225,58.59,597.4
metronomic_breathing,M13,baseline,355,375.076,373.868,6.231,0.6259,62.24,597.4
metronomic_breathing,M13,baseline,357,377.048,375.84,6.264,0.6292,55.35,597.4
metronomic_breathing,M13,baseline,359,379.152,377.944,6.299,0.6327,61.22,597.4
metronomic_breathing,M13,baseline,361,381.164,379.956,6.333,0.6361,57.25,597.4
metronomic_breathing,M13,baseline,363,383.232,382.024,6.367,0.6395,60.0,597.4
metronomic_breathing,M13,baseline,365,385.284,384.076,6.401,0.643,58.14,597.4
metronomic_breathing,M13,baseline,367,387.324,386.116,6.435,0.6464,60.98,597.4
metronomic_breathing,M13,baseline,369,389.34,388.132,6.469,0.6497,56.82,597.4
metronomic_breathing,M13,baseline,371,391.412,390.204,6.503,0.6532,60.73,597.4
metronomic_breathing,M13,baseline,373,393.424,392.216,6.537,0.6566,58.59,597.4
metronomic_breathing,M13,baseline,375,395.432,394.224,6.57,0.6599,62.24,597.4
metronomic_breathing,M13,baseline,377,397.38,396.172,6.603,0.6632,61.22,597.4
metronomic_breathing,M13,baseline,379,399.288,398.08,6.635,0.6664,67.26,597.4
metronomic_breathing,M13,baseline,381,401.144,399.936,6.666,0.6695,63.56,597.4
metronomic_breathing,M13,baseline,383,402.908,401.7,6.695,0.6725,75.38,597.4
metronomic_breathing,M13,baseline,385,404.536,403.328,6.722,0.6752,56.82,597.4
metronomic_breathing,M13,baseline,387,406.724,405.516,6.759,0.6789,55.76,597.4
metronomic_breathing,M13,baseline,389,408.852,407.644,6.794,0.6824,55.15,597.4
metronomic_breathing,M13,baseline,391,411.004,409.796,6.83,0.686,57.69,597.4
metronomic_breathing,M13,baseline,393,413.072,411.864,6.864,0.6895,56.6,597.4
metronomic_breathing,M13,baseline,395,415.196,413.988,6.9,0.693,57.47,597.4
metronomic_breathing,M13,baseline,397,417.276,416.068,6.934,0.6965,56.18,597.4
metronomic_breathing,M13,baseline,399,419.408,418.2,6.97,0.7001,58.14,597.4
metronomic_breathing,M13,baseline,401,421.464,420.256,7.004,0.7035,57.25,597.4
metronomic_breathing,M13,baseline,403,423.58,422.372,7.04,0.7071,58.14,597.4
metronomic_breathing,M13,baseline,405,425.636,424.428,7.074,0.7105,56.18,597.4
metronomic_breathing,M13,baseline,407,427.784,426.576,7.11,0.7141,57.25,597.4
metronomic_breathing,M13,baseline,409,429.876,428.668,7.144,0.7176,54.95,597.4
metronomic_breathing,M13,baseline,411,432.028,430.82,7.18,0.7212,56.18,597.4
metronomic_breathing,M13,baseline,413,434.144,432.936,7.216,0.7248,57.92,597.4
metronomic_breathing,M13,baseline,415,436.208,435.0,7.25,0.7282,57.03,597.4
metronomic_breathing,M13,baseline,417,438.348,437.14,7.286,0.7318,55.76,597.4
metronomic_breathing,M13,baseline,419,440.472,439.264,7.321,0.7353,58.59,597.4
metronomic_breathing,M13,baseline,421,442.552,441.344,7.356,0.7388,56.18,597.4
metronomic_breathing,M13,baseline,423,444.652,443.444,7.391,0.7423,58.14,597.4
metronomic_breathing,M13,baseline,425,446.752,445.544,7.426,0.7459,56.82,597.4
metronomic_breathing,M13,baseline,427,448.856,447.648,7.461,0.7494,57.92,597.4
metronomic_breathing,M13,baseline,429,450.952,449.744,7.496,0.7529,55.15,597.4
metronomic_breathing,M13,baseline,431,453.092,451.884,7.531,0.7565,57.25,597.4
metronomic_breathing,M13,baseline,433,455.232,454.024,7.567,0.7601,55.15,597.4
metronomic_breathing,M13,baseline,435,457.376,456.168,7.603,0.7636,58.37,597.4
metronomic_breathing,M13,baseline,437,459.48,458.272,7.638,0.7672,56.6,597.4
metronomic_breathing,M13,baseline,439,461.572,460.364,7.673,0.7707,57.47,597.4
metronomic_breathing,M13,baseline,441,463.656,462.448,7.707,0.7742,58.59,597.4
metronomic_breathing,M13,baseline,443,465.696,464.488,7.741,0.7776,58.59,597.4
metronomic_breathing,M13,baseline,445,467.78,466.572,7.776,0.7811,57.47,597.4
metronomic_breathing,M13,baseline,447,469.848,468.64,7.811,0.7845,56.6,597.4
metronomic_breathing,M13,baseline,449,471.98,470.772,7.846,0.7881,56.6,597.4
metronomic_breathing,M13,baseline,451,474.056,472.848,7.881,0.7916,56.6,597.4
metronomic_breathing,M13,baseline,453,476.2,474.992,7.917,0.7952,56.82,597.4
metronomic_breathing,M13,baseline,455,478.304,477.096,7.952,0.7987,55.76,597.4
metronomic_breathing,M13,baseline,457,480.452,479.244,7.987,0.8023,57.47,597.4
metronomic_breathing,M13,baseline,459,482.512,481.304,8.022,0.8057,58.59,597.4
metronomic_breathing,M13,baseline,461,484.568,483.36,8.056,0.8092,59.76,597.4
metronomic_breathing,M13,baseline,463,486.576,485.368,8.089,0.8125,57.47,597.4
metronomic_breathing,M13,baseline,465,488.68,487.472,8.125,0.816,57.25,597.4
metronomic_breathing,M13,baseline,467,490.736,489.528,8.159,0.8195,57.69,597.4
metronomic_breathing,M13,baseline,469,492.824,491.616,8.194,0.823,58.82,597.4
metronomic_breathing,M13,baseline,471,494.856,493.648,8.227,0.8264,57.25,597.4
metronomic_breathing,M13,baseline,473,496.96,495.752,8.263,0.8299,58.37,597.4
metronomic_breathing,M13,baseline,475,498.984,497.776,8.296,0.8333,58.82,597.4
metronomic_breathing,M13,baseline,477,501.036,499.828,8.33,0.8367,59.06,597.4
metronomic_breathing,M13,baseline,479,503.044,501.836,8.364,0.8401,57.69,597.4
metronomic_breathing,M13,baseline,481,505.14,503.932,8.399,0.8436,59.52,597.4
metronomic_breathing,M13,baseline,483,507.156,505.948,8.432,0.847,57.25,597.4
metronomic_breathing,M13,baseline,485,509.272,508.064,8.468,0.8505,58.59,597.4
metronomic_breathing,M13,baseline,487,511.296,510.088,8.501,0.8539,57.69,597.4
metronomic_breathing,M13,baseline,489,513.368,512.16,8.536,0.8574,59.52,597.4
metronomic_breathing,M13,baseline,491,515.372,514.164,8.569,0.8607,57.92,597.4
metronomic_breathing,M13,baseline,493,517.444,516.236,8.604,0.8642,60.24,597.4
metronomic_breathing,M13,baseline,495,519.444,518.236,8.637,0.8675,56.6,597.4
metronomic_breathing,M13,baseline,497,521.56,520.352,8.673,0.8711,57.47,597.4
metronomic_breathing,M13,baseline,499,523.612,522.404,8.707,0.8745,59.06,597.4
metronomic_breathing,M13,baseline,501,525.684,524.476,8.741,0.878,55.56,597.4
metronomic_breathing,M13,baseline,503,527.804,526.596,8.777,0.8815,58.37,597.4
metronomic_breathing,M13,baseline,505,529.908,528.7,8.812,0.8851,56.6,597.4
metronomic_breathing,M13,baseline,507,532.004,530.796,8.847,0.8886,56.6,597.4
metronomic_breathing,M13,baseline,509,534.128,532.92,8.882,0.8921,57.69,597.4
metronomic_breathing,M13,baseline,511,536.18,534.972,8.916,0.8956,57.92,597.4
metronomic_breathing,M13,baseline,513,538.252,537.044,8.951,0.899,58.82,597.4
metronomic_breathing,M13,baseline,515,540.264,539.056,8.984,0.9024,60.48,597.4
metronomic_breathing,M13,baseline,517,542.244,541.036,9.017,0.9057,61.73,597.4
metronomic_breathing,M13,baseline,519,544.176,542.968,9.049,0.909,60.98,597.4
metronomic_breathing,M13,baseline,521,546.18,544.972,9.083,0.9123,59.76,597.4
metronomic_breathing,M13,baseline,523,548.164,546.956,9.116,0.9156,59.29,597.4
metronomic_breathing,M13,baseline,525,550.22,549.012,9.15,0.9191,58.37,597.4
metronomic_breathing,M13,baseline,527,552.22,551.012,9.184,0.9224,59.76,597.4
metronomic_breathing,M13,baseline,529,554.244,553.036,9.217,0.9258,60.73,597.4
metronomic_breathing,M13,baseline,531,556.208,555.0,9.25,0.9291,58.14,597.4
metronomic_breathing,M13,baseline,533,558.264,557.056,9.284,0.9325,58.82,597.4
metronomic_breathing,M13,baseline,535,560.284,559.076,9.318,0.9359,58.59,597.4
metronomic_breathing,M13,baseline,537,562.376,561.168,9.353,0.9394,55.56,597.4
metronomic_breathing,M13,baseline,539,564.496,563.288,9.388,0.943,58.14,597.4
metronomic_breathing,M13,baseline,541,566.588,565.38,9.423,0.9465,56.82,597.4
metronomic_breathing,M13,baseline,543,568.676,567.468,9.458,0.95,55.56,597.4
metronomic_breathing,M13,baseline,545,570.86,569.652,9.494,0.9536,55.56,597.4
metronomic_breathing,M13,baseline,547,572.984,571.776,9.53,0.9572,55.97,597.4
metronomic_breathing,M13,baseline,549,575.144,573.936,9.566,0.9608,58.14,597.4
metronomic_breathing,M13,baseline,551,577.212,576.004,9.6,0.9643,55.97,597.4
metronomic_breathing,M13,baseline,553,579.352,578.144,9.636,0.9678,57.69,597.4
metronomic_breathing,M13,baseline,555,581.448,580.24,9.671,0.9713,55.15,597.4
metronomic_breathing,M13,baseline,557,583.624,582.416,9.707,0.975,57.92,597.4
metronomic_breathing,M13,baseline,559,585.68,584.472,9.741,0.9784,55.97,597.4
metronomic_breathing,M13,baseline,561,587.844,586.636,9.777,0.9821,56.18,597.4
metronomic_breathing,M13,baseline,563,589.964,588.756,9.813,0.9856,56.18,597.4
metronomic_breathing,M13,baseline,565,592.132,590.924,9.849,0.9892,57.25,597.4
metronomic_breathing,M13,baseline,567,594.22,593.012,9.884,0.9927,55.56,597.4
metronomic_breathing,M13,baseline,569,596.388,595.18,9.92,0.9964,55.56,597.4
metronomic_breathing,M13,baseline,571,598.564,597.356,9.956,1.0,53.96,597.4
metronomic_breathing,M14,baseline,1,1.216,0.0,0.0,0.0,71.09,597.3
metronomic_breathing,M14,baseline,4,3.58,2.364,0.039,0.004,81.52,597.3
metronomic_breathing,M14,baseline,7,5.848,4.632,0.077,0.0078,70.75,597.3
metronomic_breathing,M14,baseline,10,8.46,7.244,0.121,0.0121,67.26,597.3
metronomic_breathing,M14,baseline,13,11.224,10.008,0.167,0.0168,59.52,597.3
metronomic_breathing,M14,baseline,16,14.156,12.94,0.216,0.0217,69.44,597.3
metronomic_breathing,M14,baseline,19,16.876,15.66,0.261,0.0262,55.76,597.3
metronomic_breathing,M14,baseline,22,20.028,18.812,0.314,0.0315,59.52,597.3
metronomic_breathing,M14,baseline,25,23.108,21.892,0.365,0.0367,59.06,597.3
metronomic_breathing,M14,baseline,28,26.148,24.932,0.416,0.0417,59.06,597.3
metronomic_breathing,M14,baseline,31,29.248,28.032,0.467,0.0469,57.47,597.3
metronomic_breathing,M14,baseline,34,32.264,31.048,0.517,0.052,60.0,597.3
metronomic_breathing,M14,baseline,37,35.276,34.06,0.568,0.057,60.24,597.3
metronomic_breathing,M14,baseline,40,38.324,37.108,0.618,0.0621,58.59,597.3
metronomic_breathing,M14,baseline,43,41.38,40.164,0.669,0.0672,59.06,597.3
metronomic_breathing,M14,baseline,46,44.344,43.128,0.719,0.0722,59.06,597.3
metronomic_breathing,M14,baseline,49,47.54,46.324,0.772,0.0776,58.14,597.3
metronomic_breathing,M14,baseline,52,50.628,49.412,0.824,0.0827,60.24,597.3
metronomic_breathing,M14,baseline,55,53.648,52.432,0.874,0.0878,56.39,597.3
metronomic_breathing,M14,baseline,58,56.78,55.564,0.926,0.093,58.82,597.3
metronomic_breathing,M14,baseline,61,59.832,58.616,0.977,0.0981,61.73,597.3
metronomic_breathing,M14,baseline,64,62.892,61.676,1.028,0.1033,57.69,597.3
metronomic_breathing,M14,baseline,67,65.936,64.72,1.079,0.1084,55.97,597.3
metronomic_breathing,M14,baseline,70,69.06,67.844,1.131,0.1136,57.92,597.3
metronomic_breathing,M14,baseline,73,72.208,70.992,1.183,0.1189,58.37,597.3
metronomic_breathing,M14,baseline,76,75.316,74.1,1.235,0.1241,59.29,597.3
metronomic_breathing,M14,baseline,79,78.348,77.132,1.286,0.1291,57.25,597.3
metronomic_breathing,M14,baseline,82,81.408,80.192,1.337,0.1343,59.06,597.3
metronomic_breathing,M14,baseline,85,84.424,83.208,1.387,0.1393,61.98,597.3
metronomic_breathing,M14,baseline,88,87.396,86.18,1.436,0.1443,60.0,597.3
metronomic_breathing,M14,baseline,91,90.36,89.144,1.486,0.1493,59.06,597.3
metronomic_breathing,M14,baseline,94,93.38,92.164,1.536,0.1543,59.76,597.3
metronomic_breathing,M14,baseline,97,96.436,95.22,1.587,0.1594,62.24,597.3
metronomic_breathing,M14,baseline,100,99.352,98.136,1.636,0.1643,58.37,597.3
metronomic_breathing,M14,baseline,103,102.364,101.148,1.686,0.1694,60.98,597.3
metronomic_breathing,M14,baseline,106,105.324,104.108,1.735,0.1743,60.24,597.3
metronomic_breathing,M14,baseline,109,108.296,107.08,1.785,0.1793,62.5,597.3
metronomic_breathing,M14,baseline,112,111.244,110.028,1.834,0.1842,58.59,597.3
metronomic_breathing,M14,baseline,115,114.232,113.016,1.884,0.1892,62.5,597.3
metronomic_breathing,M14,baseline,118,117.172,115.956,1.933,0.1941,62.5,597.3
metronomic_breathing,M14,baseline,121,120.148,118.932,1.982,0.1991,60.48,597.3
metronomic_breathing,M14,baseline,124,123.06,121.844,2.031,0.204,63.83,597.3
metronomic_breathing,M14,baseline,127,125.924,124.708,2.078,0.2088,58.14,597.3
metronomic_breathing,M14,baseline,130,128.96,127.744,2.129,0.2139,71.77,597.3
metronomic_breathing,M14,baseline,133,131.488,130.272,2.171,0.2181,64.66,597.3
metronomic_breathing,M14,baseline,136,134.24,133.024,2.217,0.2227,62.76,597.3
metronomic_breathing,M14,baseline,139,137.192,135.976,2.266,0.2277,64.94,597.3
metronomic_breathing,M14,baseline,142,139.936,138.72,2.312,0.2323,62.76,597.3
metronomic_breathing,M14,baseline,145,142.84,141.624,2.36,0.2371,60.24,597.3
metronomic_breathing,M14,baseline,148,145.872,144.656,2.411,0.2422,61.73,597.3
metronomic_breathing,M14,baseline,151,148.792,147.576,2.46,0.2471,60.24,597.3
metronomic_breathing,M14,baseline,154,151.756,150.54,2.509,0.2521,60.24,597.3
metronomic_breathing,M14,baseline,157,154.684,153.468,2.558,0.257,62.76,597.3
metronomic_breathing,M14,baseline,160,157.592,156.376,2.606,0.2618,61.98,597.3
metronomic_breathing,M14,baseline,163,160.52,159.304,2.655,0.2667,61.48,597.3
metronomic_breathing,M14,baseline,166,163.352,162.136,2.702,0.2715,64.1,597.3
metronomic_breathing,M14,baseline,169,166.244,165.028,2.75,0.2763,64.1,597.3
metronomic_breathing,M14,baseline,172,169.096,167.88,2.798,0.2811,60.73,597.3
metronomic_breathing,M14,baseline,175,171.936,170.72,2.845,0.2858,64.66,597.3
metronomic_breathing,M14,baseline,178,174.784,173.568,2.893,0.2906,63.03,597.3
metronomic_breathing,M14,baseline,181,177.668,176.452,2.941,0.2954,63.29,597.3
metronomic_breathing,M14,baseline,184,180.464,179.248,2.987,0.3001,61.48,597.3
metronomic_breathing,M14,baseline,187,183.4,182.184,3.036,0.305,63.03,597.3
metronomic_breathing,M14,baseline,190,186.336,185.12,3.085,0.3099,60.24,597.3
metronomic_breathing,M14,baseline,193,189.244,188.028,3.134,0.3148,69.12,597.3
metronomic_breathing,M14,baseline,196,191.692,190.476,3.175,0.3189,73.17,597.3
metronomic_breathing,M14,baseline,199,194.448,193.232,3.221,0.3235,60.73,597.3
metronomic_breathing,M14,baseline,202,197.368,196.152,3.269,0.3284,64.38,597.3
metronomic_breathing,M14,baseline,205,200.036,198.82,3.314,0.3329,69.44,597.3
metronomic_breathing,M14,baseline,208,202.752,201.536,3.359,0.3374,67.57,597.3
metronomic_breathing,M14,baseline,211,205.476,204.26,3.404,0.342,64.66,597.3
metronomic_breathing,M14,baseline,214,208.204,206.988,3.45,0.3466,64.66,597.3
metronomic_breathing,M14,baseline,217,211.056,209.84,3.497,0.3513,66.96,597.3
metronomic_breathing,M14,baseline,220,213.756,212.54,3.542,0.3559,64.66,597.3
metronomic_breathing,M14,baseline,223,216.552,215.336,3.589,0.3605,64.94,597.3
metronomic_breathing,M14,baseline,226,219.356,218.14,3.636,0.3652,63.83,597.3
metronomic_breathing,M14,baseline,229,222.164,220.948,3.682,0.3699,65.79,597.3
metronomic_breathing,M14,baseline,232,224.848,223.632,3.727,0.3744,62.24,597.3
metronomic_breathing,M14,baseline,235,227.756,226.54,3.776,0.3793,64.66,597.3
metronomic_breathing,M14,baseline,238,230.552,229.336,3.822,0.384,65.5,597.3
metronomic_breathing,M14,baseline,241,233.256,232.04,3.867,0.3885,64.66,597.3
metronomic_breathing,M14,baseline,244,236.024,234.808,3.913,0.3931,65.5,597.3
metronomic_breathing,M14,baseline,247,238.848,237.632,3.961,0.3979,65.22,597.3
metronomic_breathing,M14,baseline,250,241.524,240.308,4.005,0.4024,64.38,597.3
metronomic_breathing,M14,baseline,253,244.36,243.144,4.052,0.4071,66.67,597.3
metronomic_breathing,M14,baseline,256,247.14,245.924,4.099,0.4118,65.5,597.3
metronomic_breathing,M14,baseline,259,249.8,248.584,4.143,0.4162,62.24,597.3
metronomic_breathing,M14,baseline,262,252.748,251.532,4.192,0.4211,65.22,597.3
metronomic_breathing,M14,baseline,265,255.48,254.264,4.238,0.4257,64.94,597.3
metronomic_breathing,M14,baseline,268,258.352,257.136,4.286,0.4305,60.24,597.3
metronomic_breathing,M14,baseline,271,261.288,260.072,4.335,0.4354,62.24,597.3
metronomic_breathing,M14,baseline,274,264.216,263.0,4.383,0.4403,63.29,597.3
metronomic_breathing,M14,baseline,277,267.076,265.86,4.431,0.4451,64.38,597.3
metronomic_breathing,M14,baseline,280,269.832,268.616,4.477,0.4497,61.48,597.3
metronomic_breathing,M14,baseline,283,272.772,271.556,4.526,0.4547,64.1,597.3
metronomic_breathing,M14,baseline,286,275.552,274.336,4.572,0.4593,63.83,597.3
metronomic_breathing,M14,baseline,289,278.404,277.188,4.62,0.4641,57.69,597.3
metronomic_breathing,M14,baseline,292,281.316,280.1,4.668,0.469,66.67,597.3
metronomic_breathing,M14,baseline,295,284.14,282.924,4.715,0.4737,63.29,597.3
metronomic_breathing,M14,baseline,298,286.9,285.684,4.761,0.4783,64.66,597.3
metronomic_breathing,M14,baseline,301,289.756,288.54,4.809,0.4831,60.24,597.3
metronomic_breathing,M14,baseline,304,292.684,291.468,4.858,0.488,66.37,597.3
metronomic_breathing,M14,baseline,307,295.476,294.26,4.904,0.4927,61.48,597.3
metronomic_breathing,M14,baseline,310,298.356,297.14,4.952,0.4975,61.98,597.3
metronomic_breathing,M14,baseline,313,301.196,299.98,5.0,0.5023,65.79,597.3
metronomic_breathing,M14,baseline,316,304.008,302.792,5.047,0.507,64.66,597.3
metronomic_breathing,M14,baseline,319,306.764,305.548,5.092,0.5116,63.83,597.3
metronomic_breathing,M14,baseline,322,309.476,308.26,5.138,0.5161,69.12,597.3
metronomic_breathing,M14,baseline,325,312.252,311.036,5.184,0.5208,62.76,597.3
metronomic_breathing,M14,baseline,328,315.048,313.832,5.231,0.5255,64.1,597.3
metronomic_breathing,M14,baseline,331,317.76,316.544,5.276,0.53,69.77,597.3
metronomic_breathing,M14,baseline,334,320.548,319.332,5.322,0.5347,60.48,597.3
metronomic_breathing,M14,baseline,337,323.412,322.196,5.37,0.5395,63.83,597.3
metronomic_breathing,M14,baseline,340,326.144,324.928,5.415,0.544,67.26,597.3
metronomic_breathing,M14,baseline,343,328.94,327.724,5.462,0.5487,62.76,597.3
metronomic_breathing,M14,baseline,346,331.86,330.644,5.511,0.5536,63.56,597.3
metronomic_breathing,M14,baseline,349,334.572,333.356,5.556,0.5581,65.22,597.3
metronomic_breathing,M14,baseline,352,337.412,336.196,5.603,0.5629,64.66,597.3
metronomic_breathing,M14,baseline,355,340.22,339.004,5.65,0.5676,63.56,597.3
metronomic_breathing,M14,baseline,358,342.912,341.696,5.695,0.5721,67.26,597.3
metronomic_breathing,M14,baseline,361,345.676,344.46,5.741,0.5767,68.18,597.3
metronomic_breathing,M14,baseline,364,348.384,347.168,5.786,0.5813,64.66,597.3
metronomic_breathing,M14,baseline,367,351.076,349.86,5.831,0.5858,67.57,597.3
metronomic_breathing,M14,baseline,370,353.736,352.52,5.875,0.5902,71.43,597.3
metronomic_breathing,M14,baseline,373,356.332,355.116,5.919,0.5946,65.5,597.3
metronomic_breathing,M14,baseline,376,359.024,357.808,5.963,0.5991,67.26,597.3
metronomic_breathing,M14,baseline,379,361.7,360.484,6.008,0.6036,72.82,597.3
metronomic_breathing,M14,baseline,382,364.236,363.02,6.05,0.6078,62.24,597.3
metronomic_breathing,M14,baseline,385,367.1,365.884,6.098,0.6126,63.03,597.3
metronomic_breathing,M14,baseline,388,369.916,368.7,6.145,0.6173,68.81,597.3
metronomic_breathing,M14,baseline,391,372.592,371.376,6.19,0.6218,60.73,597.3
metronomic_breathing,M14,baseline,394,375.424,374.208,6.237,0.6265,65.5,597.3
metronomic_breathing,M14,baseline,397,378.196,376.98,6.283,0.6312,68.18,597.3
metronomic_breathing,M14,baseline,400,380.936,379.72,6.329,0.6358,61.73,597.3
metronomic_breathing,M14,baseline,403,383.7,382.484,6.375,0.6404,65.22,597.3
metronomic_breathing,M14,baseline,406,386.496,385.28,6.421,0.6451,65.5,597.3
metronomic_breathing,M14,baseline,409,389.272,388.056,6.468,0.6497,62.5,597.3
metronomic_breathing,M14,baseline,412,392.048,390.832,6.514,0.6544,64.94,597.3
metronomic_breathing,M14,baseline,415,394.876,393.66,6.561,0.6591,63.03,597.3
metronomic_breathing,M14,baseline,418,397.756,396.54,6.609,0.6639,65.79,597.3
metronomic_breathing,M14,baseline,421,400.476,399.26,6.654,0.6685,65.5,597.3
metronomic_breathing,M14,baseline,424,403.248,402.032,6.701,0.6731,65.79,597.3
metronomic_breathing,M14,baseline,427,406.08,404.864,6.748,0.6779,62.76,597.3
metronomic_breathing,M14,baseline,430,408.892,407.676,6.795,0.6826,64.38,597.3
metronomic_breathing,M14,baseline,433,411.684,410.468,6.841,0.6873,64.38,597.3
metronomic_breathing,M14,baseline,436,414.516,413.3,6.888,0.692,64.1,597.3
metronomic_breathing,M14,baseline,439,417.332,416.116,6.935,0.6967,63.29,597.3
metronomic_breathing,M14,baseline,442,420.1,418.884,6.981,0.7013,66.96,597.3
metronomic_breathing,M14,baseline,445,422.868,421.652,7.028,0.706,64.1,597.3
metronomic_breathing,M14,baseline,448,425.652,424.436,7.074,0.7106,63.56,597.3
metronomic_breathing,M14,baseline,451,428.396,427.18,7.12,0.7152,72.82,597.3
metronomic_breathing,M14,baseline,454,430.8,429.584,7.16,0.7193,64.94,597.3
metronomic_breathing,M14,baseline,457,433.7,432.484,7.208,0.7241,61.73,597.3
metronomic_breathing,M14,baseline,460,436.48,435.264,7.254,0.7288,67.57,597.3
metronomic_breathing,M14,baseline,463,439.256,438.04,7.301,0.7334,62.5,597.3
metronomic_breathing,M14,baseline,466,442.208,440.992,7.35,0.7384,59.06,597.3
metronomic_breathing,M14,baseline,469,445.16,443.944,7.399,0.7433,63.83,597.3
metronomic_breathing,M14,baseline,472,447.984,446.768,7.446,0.748,61.48,597.3
metronomic_breathing,M14,baseline,475,450.932,449.716,7.495,0.753,61.98,597.3
metronomic_breathing,M14,baseline,478,453.776,452.56,7.543,0.7577,61.98,597.3
metronomic_breathing,M14,baseline,481,456.7,455.484,7.591,0.7626,63.83,597.3
metronomic_breathing,M14,baseline,484,459.58,458.364,7.639,0.7674,63.56,597.3
metronomic_breathing,M14,baseline,487,462.48,461.264,7.688,0.7723,59.29,597.3
metronomic_breathing,M14,baseline,490,465.448,464.232,7.737,0.7773,60.98,597.3
metronomic_breathing,M14,baseline,493,468.392,467.176,7.786,0.7822,65.5,597.3
metronomic_breathing,M14,baseline,496,471.18,469.964,7.833,0.7869,61.73,597.3
metronomic_breathing,M14,baseline,499,474.108,472.892,7.882,0.7918,59.52,597.3
metronomic_breathing,M14,baseline,502,477.044,475.828,7.93,0.7967,65.79,597.3
metronomic_breathing,M14,baseline,505,479.86,478.644,7.977,0.8014,59.52,597.3
metronomic_breathing,M14,baseline,508,482.82,481.604,8.027,0.8064,61.22,597.3
metronomic_breathing,M14,baseline,511,485.66,484.444,8.074,0.8111,64.94,597.3
metronomic_breathing,M14,baseline,514,488.576,487.36,8.123,0.816,59.52,597.3
metronomic_breathing,M14,baseline,517,491.62,490.404,8.173,0.8211,59.52,597.3
metronomic_breathing,M14,baseline,520,494.628,493.412,8.224,0.8261,60.98,597.3
metronomic_breathing,M14,baseline,523,497.556,496.34,8.272,0.831,63.56,597.3
metronomic_breathing,M14,baseline,526,500.508,499.292,8.322,0.836,61.73,597.3
metronomic_breathing,M14,baseline,529,503.348,502.132,8.369,0.8407,62.5,597.3
metronomic_breathing,M14,baseline,532,506.256,505.04,8.417,0.8456,59.06,597.3
metronomic_breathing,M14,baseline,535,509.276,508.06,8.468,0.8507,62.24,597.3
metronomic_breathing,M14,baseline,538,512.2,510.984,8.516,0.8555,60.48,597.3
metronomic_breathing,M14,baseline,541,515.108,513.892,8.565,0.8604,62.76,597.3
metronomic_breathing,M14,baseline,544,518.044,516.828,8.614,0.8653,62.24,597.3
metronomic_breathing,M14,baseline,547,520.948,519.732,8.662,0.8702,63.56,597.3
metronomic_breathing,M14,baseline,550,523.804,522.588,8.71,0.875,59.29,597.3
metronomic_breathing,M14,baseline,553,526.804,525.588,8.76,0.88,66.37,597.3
metronomic_breathing,M14,baseline,556,529.624,528.408,8.807,0.8847,58.82,597.3
metronomic_breathing,M14,baseline,559,532.684,531.468,8.858,0.8898,58.14,597.3
metronomic_breathing,M14,baseline,562,535.656,534.44,8.907,0.8948,63.03,597.3
metronomic_breathing,M14,baseline,565,538.556,537.34,8.956,0.8997,63.56,597.3
metronomic_breathing,M14,baseline,568,541.456,540.24,9.004,0.9045,62.5,597.3
metronomic_breathing,M14,baseline,571,544.312,543.096,9.052,0.9093,63.29,597.3
metronomic_breathing,M14,baseline,574,547.176,545.96,9.099,0.9141,61.73,597.3
metronomic_breathing,M14,baseline,577,550.084,548.868,9.148,0.919,66.08,597.3
metronomic_breathing,M14,baseline,580,552.796,551.58,9.193,0.9235,61.48,597.3
metronomic_breathing,M14,baseline,583,555.768,554.552,9.243,0.9285,62.5,597.3
metronomic_breathing,M14,baseline,586,558.68,557.464,9.291,0.9334,61.73,597.3
metronomic_breathing,M14,baseline,589,561.62,560.404,9.34,0.9383,60.48,597.3
metronomic_breathing,M14,baseline,592,564.468,563.252,9.388,0.9431,64.38,597.3
metronomic_breathing,M14,baseline,595,567.308,566.092,9.435,0.9478,65.79,597.3
metronomic_breathing,M14,baseline,598,570.16,568.944,9.482,0.9526,64.66,597.3
metronomic_breathing,M14,baseline,601,572.836,571.62,9.527,0.9571,64.94,597.3
metronomic_breathing,M14,baseline,604,575.66,574.444,9.574,0.9618,68.18,597.3
metronomic_breathing,M14,baseline,607,578.384,577.168,9.619,0.9664,64.94,597.3
metronomic_breathing,M14,baseline,610,581.096,579.88,9.665,0.9709,65.22,597.3
metronomic_breathing,M14,baseline,613,583.852,582.636,9.711,0.9755,69.44,597.3
metronomic_breathing,M14,baseline,616,586.516,585.3,9.755,0.98,64.66,597.3
metronomic_breathing,M14,baseline,619,589.184,587.968,9.799,0.9844,68.18,597.3
metronomic_breathing,M14,baseline,622,591.912,590.696,9.845,0.989,62.24,597.3
metronomic_breathing,M14,baseline,625,594.86,593.644,9.894,0.9939,63.83,597.3
metronomic_breathing,M14,baseline,628,597.548,596.332,9.939,0.9984,64.66,597.3
elite_athlete,I1,baseline,1,32402.195,0.0,0.0,0.0,45.73,5966.1
elite_athlete,I1,baseline,22,32431.875,29.68,0.495,0.005,40.84,5966.1
elite_athlete,I1,baseline,43,32461.023,58.828,0.98,0.0099,44.38,5966.1
elite_athlete,I1,baseline,64,32490.469,88.274,1.471,0.0148,37.64,5966.1
elite_athlete,I1,baseline,85,32520.539,118.344,1.972,0.0198,43.38,5966.1
elite_athlete,I1,baseline,106,32549.891,147.696,2.462,0.0248,45.73,5966.1
elite_athlete,I1,baseline,127,32579.648,177.453,2.958,0.0297,41.52,5966.1
elite_athlete,I1,baseline,148,32609.992,207.797,3.463,0.0348,40.43,5966.1
elite_athlete,I1,baseline,169,32639.914,237.719,3.962,0.0398,42.43,5966.1
elite_athlete,I1,baseline,190,32670.461,268.266,4.471,0.045,40.62,5966.1
elite_athlete,I1,baseline,211,32699.141,296.946,4.949,0.0498,40.0,5966.1
elite_athlete,I1,baseline,232,32730.312,328.117,5.469,0.055,39.58,5966.1
elite_athlete,I1,baseline,253,32760.102,357.907,5.965,0.06,43.13,5966.1
elite_athlete,I1,baseline,274,32789.531,387.336,6.456,0.0649,44.15,5966.1
elite_athlete,I1,baseline,295,32820.086,417.891,6.965,0.07,42.43,5966.1
elite_athlete,I1,baseline,316,32850.125,447.93,7.466,0.0751,44.38,5966.1
elite_athlete,I1,baseline,337,32880.828,478.633,7.977,0.0802,39.79,5966.1
elite_athlete,I1,baseline,358,32910.867,508.672,8.478,0.0853,42.19,5966.1
elite_athlete,I1,baseline,379,32939.594,537.399,8.957,0.0901,42.92,5966.1
elite_athlete,I1,baseline,400,32970.891,568.696,9.478,0.0953,37.64,5966.1
elite_athlete,I1,baseline,421,33000.891,598.696,9.978,0.1003,38.02,5966.1
elite_athlete,I1,baseline,442,33031.609,629.414,10.49,0.1055,43.13,5966.1
elite_athlete,I1,baseline,463,33062.336,660.141,11.002,0.1106,42.67,5966.1
elite_athlete,I1,baseline,484,33092.578,690.383,11.506,0.1157,39.19,5966.1
elite_athlete,I1,baseline,505,33122.852,720.657,12.011,0.1208,42.43,5966.1
elite_athlete,I1,baseline,526,33153.383,751.188,12.52,0.1259,43.13,5966.1
elite_athlete,I1,baseline,547,33183.688,781.493,13.025,0.131,49.22,5966.1
elite_athlete,I1,baseline,568,33214.344,812.149,13.536,0.1361,42.43,5966.1
elite_athlete,I1,baseline,589,33244.359,842.164,14.036,0.1412,40.0,5966.1
elite_athlete,I1,baseline,610,33274.367,872.172,14.536,0.1462,41.72,5966.1
elite_athlete,I1,baseline,631,33305.211,903.016,15.05,0.1514,43.13,5966.1
elite_athlete,I1,baseline,652,33335.656,933.461,15.558,0.1565,38.78,5966.1
elite_athlete,I1,baseline,673,33367.578,965.383,16.09,0.1618,40.84,5966.1
elite_athlete,I1,baseline,694,33397.828,995.633,16.594,0.1669,43.13,5966.1
elite_athlete,I1,baseline,715,33427.953,1025.758,17.096,0.1719,40.43,5966.1
elite_athlete,I1,baseline,736,33450.43,1048.235,17.471,0.1757,66.82,5966.1
elite_athlete,I1,baseline,757,33476.523,1074.328,17.905,0.1801,35.4,5966.1
elite_athlete,I1,baseline,778,33505.32,1103.125,18.385,0.1849,58.2,5966.1
elite_athlete,I1,baseline,799,33536.219,1134.024,18.9,0.1901,33.84,5966.1
elite_athlete,I1,baseline,820,33565.438,1163.243,19.387,0.195,46.55,5966.1
elite_athlete,I1,baseline,841,33595.391,1193.196,19.887,0.2,41.29,5966.1
elite_athlete,I1,baseline,862,33624.656,1222.461,20.374,0.2049,41.96,5966.1
elite_athlete,I1,baseline,883,33655.039,1252.844,20.881,0.21,41.96,5966.1
elite_athlete,I1,baseline,904,33684.102,1281.907,21.365,0.2149,41.07,5966.1
elite_athlete,I1,baseline,925,33714.734,1312.539,21.876,0.22,42.92,5966.1
elite_athlete,I1,baseline,946,33744.453,1342.258,22.371,0.225,40.0,5966.1
elite_athlete,I1,baseline,967,33773.867,1371.672,22.861,0.2299,46.26,5966.1
elite_athlete,I1,baseline,988,33803.492,1401.297,23.355,0.2349,40.43,5966.1
elite_athlete,I1,baseline,1009,33831.977,1429.782,23.83,0.2397,40.84,5966.1
elite_athlete,I1,baseline,1030,33861.562,1459.367,24.323,0.2446,41.72,5966.1
elite_athlete,I1,baseline,1051,33890.359,1488.164,24.803,0.2494,49.88,5966.1
elite_athlete,I1,baseline,1072,33914.344,1512.149,25.202,0.2535,60.98,5966.1
elite_athlete,I1,baseline,1093,33943.773,1541.578,25.693,0.2584,40.62,5966.1
elite_athlete,I1,baseline,1114,33971.867,1569.672,26.161,0.2631,42.19,5966.1
elite_athlete,I1,baseline,1135,33997.547,1595.352,26.589,0.2674,50.51,5966.1
elite_athlete,I1,baseline,1156,34027.102,1624.907,27.082,0.2724,41.96,5966.1
elite_athlete,I1,baseline,1177,34054.125,1651.93,27.532,0.2769,43.64,5966.1
elite_athlete,I1,baseline,1198,34082.617,1680.422,28.007,0.2817,43.64,5966.1
elite_athlete,I1,baseline,1219,34112.875,1710.68,28.511,0.2867,39.4,5966.1
elite_athlete,I1,baseline,1240,34138.805,1736.61,28.943,0.2911,47.13,5966.1
elite_athlete,I1,baseline,1261,34167.078,1764.883,29.415,0.2958,53.72,5966.1
elite_athlete,I1,baseline,1282,34187.234,1785.039,29.751,0.2992,68.57,5966.1
elite_athlete,I1,baseline,1303,34214.906,1812.711,30.212,0.3038,41.72,5966.1
elite_athlete,I1,baseline,1324,34237.438,1835.243,30.587,0.3076,60.98,5966.1
elite_athlete,I1,baseline,1345,34262.859,1860.664,31.011,0.3119,37.45,5966.1
elite_athlete,I1,baseline,1366,34292.891,1890.696,31.512,0.3169,44.38,5966.1
elite_athlete,I1,baseline,1387,34320.805,1918.61,31.977,0.3216,45.45,5966.1
elite_athlete,I1,baseline,1408,34350.195,1948.0,32.467,0.3265,47.13,5966.1
elite_athlete,I1,baseline,1429,34379.672,1977.477,32.958,0.3315,48.31,5966.1
elite_athlete,I1,baseline,1450,34409.391,2007.196,33.453,0.3364,42.19,5966.1
elite_athlete,I1,baseline,1471,34439.539,2037.344,33.956,0.3415,37.11,5966.1
elite_athlete,I1,baseline,1492,34469.906,2067.711,34.462,0.3466,37.83,5966.1
elite_athlete,I1,baseline,1513,34499.57,2097.375,34.956,0.3515,45.98,5966.1
elite_athlete,I1,baseline,1534,34529.906,2127.711,35.462,0.3566,38.78,5966.1
elite_athlete,I1,baseline,1555,34560.281,2158.086,35.968,0.3617,55.66,5966.1
elite_athlete,I1,baseline,1576,34589.719,2187.524,36.459,0.3667,41.29,5966.1
elite_athlete,I1,baseline,1597,34618.836,2216.641,36.944,0.3715,43.64,5966.1
elite_athlete,I1,baseline,1618,34645.75,2243.555,37.393,0.3761,54.45,5966.1
elite_athlete,I1,baseline,1639,34674.75,2272.555,37.876,0.3809,39.79,5966.1
elite_athlete,I1,baseline,1660,34705.219,2303.024,38.384,0.386,44.15,5966.1
elite_athlete,I1,baseline,1681,34735.188,2332.993,38.883,0.391,43.89,5966.1
elite_athlete,I1,baseline,1702,34765.812,2363.617,39.394,0.3962,36.56,5966.1
elite_athlete,I1,baseline,1723,34796.188,2393.993,39.9,0.4013,43.64,5966.1
elite_athlete,I1,baseline,1744,34825.758,2423.563,40.393,0.4062,44.15,5966.1
elite_athlete,I1,baseline,1765,34855.875,2453.68,40.895,0.4113,43.13,5966.1
elite_athlete,I1,baseline,1786,34885.773,2483.578,41.393,0.4163,40.43,5966.1
elite_athlete,I1,baseline,1807,34916.758,2514.563,41.909,0.4215,44.15,5966.1
elite_athlete,I1,baseline,1828,34946.57,2544.375,42.406,0.4265,45.18,5966.1
elite_athlete,I1,baseline,1849,34976.336,2574.141,42.902,0.4315,39.19,5966.1
elite_athlete,I1,baseline,1870,35006.805,2604.61,43.41,0.4366,57.31,5966.1
elite_athlete,I1,baseline,1891,35035.688,2633.493,43.892,0.4414,37.45,5966.1
elite_athlete,I1,baseline,1912,35067.609,2665.414,44.424,0.4468,36.41,5966.1
elite_athlete,I1,baseline,1933,35097.352,2695.157,44.919,0.4517,40.21,5966.1
elite_athlete,I1,baseline,1954,35127.328,2725.133,45.419,0.4568,59.06,5966.1
elite_athlete,I1,baseline,1975,35156.227,2754.032,45.901,0.4616,42.43,5966.1
elite_athlete,I1,baseline,1996,35189.172,2786.977,46.45,0.4671,41.72,5966.1
elite_athlete,I1,baseline,2017,35219.359,2817.164,46.953,0.4722,38.59,5966.1
elite_athlete,I1,baseline,2038,35249.836,2847.641,47.461,0.4773,44.64,5966.1
elite_athlete,I1,baseline,2059,35281.375,2879.18,47.986,0.4826,39.19,5966.1
elite_athlete,I1,baseline,2080,35311.93,2909.735,48.496,0.4877,39.4,5966.1
elite_athlete,I1,baseline,2101,35343.109,2940.914,49.015,0.4929,37.29,5966.1
elite_athlete,I1,baseline,2122,35373.547,2971.352,49.523,0.498,60.98,5966.1
elite_athlete,I1,baseline,2143,35405.758,3003.563,50.059,0.5034,37.11,5966.1
elite_athlete,I1,baseline,2164,35437.445,3035.25,50.587,0.5087,41.29,5966.1
elite_athlete,I1,baseline,2185,35469.039,3066.844,51.114,0.514,43.64,5966.1
elite_athlete,I1,baseline,2206,35499.594,3097.399,51.623,0.5192,40.62,5966.1
elite_athlete,I1,baseline,2227,35531.07,3128.875,52.148,0.5244,41.96,5966.1
elite_athlete,I1,baseline,2248,35562.258,3160.063,52.668,0.5297,46.55,5966.1
elite_athlete,I1,baseline,2269,35593.703,3191.508,53.192,0.5349,33.98,5966.1
elite_athlete,I1,baseline,2290,35625.617,3223.422,53.724,0.5403,40.62,5966.1
elite_athlete,I1,baseline,2311,35657.219,3255.024,54.25,0.5456,40.43,5966.1
elite_athlete,I1,baseline,2332,35688.883,3286.688,54.778,0.5509,43.13,5966.1
elite_athlete,I1,baseline,2353,35719.242,3317.047,55.284,0.556,42.19,5966.1
elite_athlete,I1,baseline,2374,35750.414,3348.219,55.804,0.5612,42.43,5966.1
elite_athlete,I1,baseline,2395,35781.062,3378.867,56.314,0.5663,43.38,5966.1
elite_athlete,I1,baseline,2416,35812.547,3410.352,56.839,0.5716,41.52,5966.1
elite_athlete,I1,baseline,2437,35843.727,3441.532,57.359,0.5768,38.99,5966.1
elite_athlete,I1,baseline,2458,35875.164,3472.969,57.883,0.5821,40.21,5966.1
elite_athlete,I1,baseline,2479,35905.375,3503.18,58.386,0.5872,40.84,5966.1
elite_athlete,I1,baseline,2500,35928.445,3526.25,58.771,0.591,41.29,5966.1
elite_athlete,I1,baseline,2521,35949.062,3546.867,59.114,0.5945,63.49,5966.1
elite_athlete,I1,baseline,2542,35976.867,3574.672,59.578,0.5992,38.22,5966.1
elite_athlete,I1,baseline,2563,36008.062,3605.867,60.098,0.6044,41.29,5966.1
elite_athlete,I1,baseline,2584,36039.656,3637.461,60.624,0.6097,46.55,5966.1
elite_athlete,I1,baseline,2605,36072.414,3670.219,61.17,0.6152,34.44,5966.1
elite_athlete,I1,baseline,2626,36102.422,3700.227,61.67,0.6202,32.68,5966.1
elite_athlete,I1,baseline,2647,36134.984,3732.789,62.213,0.6257,37.45,5966.1
elite_athlete,I1,baseline,2668,36165.883,3763.688,62.728,0.6308,41.72,5966.1
elite_athlete,I1,baseline,2689,36196.328,3794.133,63.236,0.6359,39.79,5966.1
elite_athlete,I1,baseline,2710,36228.039,3825.844,63.764,0.6413,39.58,5966.1
elite_athlete,I1,baseline,2731,36259.93,3857.735,64.296,0.6466,40.84,5966.1
elite_athlete,I1,baseline,2752,36291.773,3889.578,64.826,0.6519,43.38,5966.1
elite_athlete,I1,baseline,2773,36322.508,3920.313,65.339,0.6571,36.56,5966.1
elite_athlete,I1,baseline,2794,36353.531,3951.336,65.856,0.6623,37.11,5966.1
elite_athlete,I1,baseline,2815,36385.023,3982.828,66.38,0.6676,39.79,5966.1
elite_athlete,I1,baseline,2836,36416.445,4014.25,66.904,0.6728,38.02,5966.1
elite_athlete,I1,baseline,2857,36448.742,4046.547,67.442,0.6783,38.99,5966.1
elite_athlete,I1,baseline,2878,36480.609,4078.414,67.974,0.6836,42.19,5966.1
elite_athlete,I1,baseline,2899,36511.555,4109.36,68.489,0.6888,45.45,5966.1
elite_athlete,I1,baseline,2920,36542.82,4140.625,69.01,0.694,43.13,5966.1
elite_athlete,I1,baseline,2941,36574.508,4172.313,69.539,0.6993,46.55,5966.1
elite_athlete,I1,baseline,2962,36605.391,4203.196,70.053,0.7045,39.58,5966.1
elite_athlete,I1,baseline,2983,36637.578,4235.383,70.59,0.7099,40.84,5966.1
elite_athlete,I1,baseline,3004,36668.258,4266.063,71.101,0.7151,46.55,5966.1
elite_athlete,I1,baseline,3025,36699.539,4297.344,71.622,0.7203,43.13,5966.1
elite_athlete,I1,baseline,3046,36731.109,4328.914,72.149,0.7256,39.19,5966.1
elite_athlete,I1,baseline,3067,36761.758,4359.563,72.659,0.7307,44.64,5966.1
elite_athlete,I1,baseline,3088,36791.969,4389.774,73.163,0.7358,37.64,5966.1
elite_athlete,I1,baseline,3109,36822.516,4420.321,73.672,0.7409,41.07,5966.1
elite_athlete,I1,baseline,3130,36854.141,4451.946,74.199,0.7462,36.92,5966.1
elite_athlete,I1,baseline,3151,36885.344,4483.149,74.719,0.7514,41.29,5966.1
elite_athlete,I1,baseline,3172,36915.938,4513.743,75.229,0.7566,45.18,5966.1
elite_athlete,I1,baseline,3193,36946.266,4544.071,75.735,0.7616,41.72,5966.1
elite_athlete,I1,baseline,3214,36977.086,4574.891,76.248,0.7668,43.89,5966.1
elite_athlete,I1,baseline,3235,37007.422,4605.227,76.754,0.7719,37.83,5966.1
elite_athlete,I1,baseline,3256,37038.742,4636.547,77.276,0.7771,38.78,5966.1
elite_athlete,I1,baseline,3277,37068.43,4666.235,77.771,0.7821,41.07,5966.1
elite_athlete,I1,baseline,3298,37099.562,4697.367,78.289,0.7873,37.29,5966.1
elite_athlete,I1,baseline,3319,37126.0,4723.805,78.73,0.7918,66.23,5966.1
elite_athlete,I1,baseline,3340,37151.172,4748.977,79.15,0.796,38.41,5966.1
elite_athlete,I1,baseline,3361,37182.891,4780.696,79.678,0.8013,39.19,5966.1
elite_athlete,I1,baseline,3382,37213.453,4811.258,80.188,0.8064,41.96,5966.1
elite_athlete,I1,baseline,3403,37244.109,4841.914,80.699,0.8116,41.29,5966.1
elite_athlete,I1,baseline,3424,37275.156,4872.961,81.216,0.8168,36.92,5966.1
elite_athlete,I1,baseline,3445,37306.352,4904.157,81.736,0.822,38.78,5966.1
elite_athlete,I1,baseline,3466,37337.648,4935.453,82.258,0.8272,37.83,5966.1
elite_athlete,I1,baseline,3487,37366.523,4964.328,82.739,0.8321,56.5,5966.1
elite_athlete,I1,baseline,3508,37389.445,4987.25,83.121,0.8359,57.31,5966.1
elite_athlete,I1,baseline,3529,37415.883,5013.688,83.561,0.8404,32.28,5966.1
elite_athlete,I1,baseline,3550,37446.914,5044.719,84.079,0.8456,43.64,5966.1
elite_athlete,I1,baseline,3571,37476.102,5073.907,84.565,0.8505,45.73,5966.1
elite_athlete,I1,baseline,3592,37507.227,5105.032,85.084,0.8557,40.0,5966.1
elite_athlete,I1,baseline,3613,37536.703,5134.508,85.575,0.8606,39.19,5966.1
elite_athlete,I1,baseline,3634,37568.758,5166.563,86.109,0.866,39.79,5966.1
elite_athlete,I1,baseline,3655,37599.875,5197.68,86.628,0.8712,41.29,5966.1
elite_athlete,I1,baseline,3676,37631.258,5229.063,87.151,0.8765,41.72,5966.1
elite_athlete,I1,baseline,3697,37663.125,5260.93,87.682,0.8818,42.43,5966.1
elite_athlete,I1,baseline,3718,37694.367,5292.172,88.203,0.887,36.92,5966.1
elite_athlete,I1,baseline,3739,37725.203,5323.008,88.717,0.8922,38.78,5966.1
elite_athlete,I1,baseline,3760,37756.484,5354.289,89.238,0.8975,39.4,5966.1
elite_athlete,I1,baseline,3781,37787.766,5385.571,89.76,0.9027,36.92,5966.1
elite_athlete,I1,baseline,3802,37818.477,5416.282,90.271,0.9078,40.62,5966.1
elite_athlete,I1,baseline,3823,37849.547,5447.352,90.789,0.9131,38.99,5966.1
elite_athlete,I1,baseline,3844,37879.922,5477.727,91.295,0.9181,38.22,5966.1
elite_athlete,I1,baseline,3865,37910.953,5508.758,91.813,0.9233,34.6,5966.1
elite_athlete,I1,baseline,3886,37942.602,5540.407,92.34,0.9286,40.21,5966.1
elite_athlete,I1,baseline,3907,37975.422,5573.227,92.887,0.9341,38.78,5966.1
elite_athlete,I1,baseline,3928,38003.164,5600.969,93.349,0.9388,40.62,5966.1
elite_athlete,I1,baseline,3949,38032.453,5630.258,93.838,0.9437,41.29,5966.1
elite_athlete,I1,baseline,3970,38063.844,5661.649,94.361,0.949,41.29,5966.1
elite_athlete,I1,baseline,3991,38091.586,5689.391,94.823,0.9536,54.1,5966.1
elite_athlete,I1,baseline,4012,38123.867,5721.672,95.361,0.959,39.19,5966.1
elite_athlete,I1,baseline,4033,38154.125,5751.93,95.866,0.9641,43.64,5966.1
elite_athlete,I1,baseline,4054,38175.617,5773.422,96.224,0.9677,66.23,5966.1
elite_athlete,I1,baseline,4075,38205.18,5802.985,96.716,0.9727,35.4,5966.1
elite_athlete,I1,baseline,4096,38234.562,5832.367,97.206,0.9776,44.38,5966.1
elite_athlete,I1,baseline,4117,38263.906,5861.711,97.695,0.9825,43.38,5966.1
elite_athlete,I1,baseline,4138,38290.094,5887.899,98.132,0.9869,61.41,5966.1
elite_athlete,I1,baseline,4159,38314.531,5912.336,98.539,0.991,37.45,5966.1
elite_athlete,I1,baseline,4180,38343.812,5941.617,99.027,0.9959,48.62,5966.1
elite_athlete,I2,baseline,1,46801.695,0.0,0.0,0.0,61.92,4130.4
elite_athlete,I2,baseline,22,46821.25,19.555,0.326,0.0047,66.82,4130.4
elite_athlete,I2,baseline,43,46840.75,39.055,0.651,0.0095,66.82,4130.4
elite_athlete,I2,baseline,64,46860.438,58.743,0.979,0.0142,65.08,4130.4
elite_athlete,I2,baseline,85,46879.773,78.078,1.301,0.0189,69.85,4130.4
elite_athlete,I2,baseline,106,46899.586,97.891,1.632,0.0237,65.08,4130.4
elite_athlete,I2,baseline,127,46919.133,117.438,1.957,0.0284,61.92,4130.4
elite_athlete,I2,baseline,148,46938.781,137.086,2.285,0.0332,65.08,4130.4
elite_athlete,I2,baseline,169,46958.523,156.828,2.614,0.038,63.97,4130.4
elite_athlete,I2,baseline,190,46978.148,176.453,2.941,0.0427,63.97,4130.4
elite_athlete,I2,baseline,211,46997.688,195.993,3.267,0.0475,65.08,4130.4
elite_athlete,I2,baseline,232,47016.945,215.25,3.587,0.0521,62.96,4130.4
elite_athlete,I2,baseline,253,47036.648,234.953,3.916,0.0569,63.97,4130.4
elite_athlete,I2,baseline,274,47056.508,254.813,4.247,0.0617,64.52,4130.4
elite_athlete,I2,baseline,295,47076.188,274.493,4.575,0.0665,64.52,4130.4
elite_athlete,I2,baseline,316,47095.805,294.11,4.902,0.0712,64.52,4130.4
elite_athlete,I2,baseline,337,47115.383,313.688,5.228,0.0759,61.41,4130.4
elite_athlete,I2,baseline,358,47135.227,333.532,5.559,0.0808,65.65,4130.4
elite_athlete,I2,baseline,379,47154.898,353.203,5.887,0.0855,63.49,4130.4
elite_athlete,I2,baseline,400,47175.078,373.383,6.223,0.0904,62.44,4130.4
elite_athlete,I2,baseline,421,47194.781,393.086,6.551,0.0952,59.52,4130.4
elite_athlete,I2,baseline,442,47213.625,411.93,6.865,0.0997,77.62,4130.4
elite_athlete,I2,baseline,463,47228.938,427.243,7.121,0.1034,80.0,4130.4
elite_athlete,I2,baseline,484,47247.086,445.391,7.423,0.1078,65.08,4130.4
elite_athlete,I2,baseline,505,47266.539,464.844,7.747,0.1125,71.77,4130.4
elite_athlete,I2,baseline,526,47282.328,480.633,8.011,0.1164,81.74,4130.4
elite_athlete,I2,baseline,547,47299.531,497.836,8.297,0.1205,65.08,4130.4
elite_athlete,I2,baseline,568,47318.445,516.75,8.613,0.1251,74.53,4130.4
elite_athlete,I2,baseline,589,47335.32,533.625,8.894,0.1292,67.34,4130.4
elite_athlete,I2,baseline,610,47355.266,553.571,9.226,0.134,62.96,4130.4
elite_athlete,I2,baseline,631,47375.492,573.797,9.563,0.1389,62.96,4130.4
elite_athlete,I2,baseline,652,47394.234,592.539,9.876,0.1435,66.23,4130.4
elite_athlete,I2,baseline,673,47414.461,612.766,10.213,0.1484,63.49,4130.4
elite_athlete,I2,baseline,694,47433.914,632.219,10.537,0.1531,61.41,4130.4
elite_athlete,I2,baseline,715,47453.5,651.805,10.863,0.1578,63.97,4130.4
elite_athlete,I2,baseline,736,47473.336,671.641,11.194,0.1626,66.23,4130.4
elite_athlete,I2,baseline,757,47493.484,691.789,11.53,0.1675,62.96,4130.4
elite_athlete,I2,baseline,778,47513.43,711.735,11.862,0.1723,67.95,4130.4
elite_athlete,I2,baseline,799,47533.562,731.867,12.198,0.1772,64.52,4130.4
elite_athlete,I2,baseline,820,47553.625,751.93,12.532,0.182,60.98,4130.4
elite_athlete,I2,baseline,841,47573.695,772.0,12.867,0.1869,64.52,4130.4
elite_athlete,I2,baseline,862,47594.102,792.407,13.207,0.1918,60.98,4130.4
elite_athlete,I2,baseline,883,47614.078,812.383,13.54,0.1967,70.42,4130.4
elite_athlete,I2,baseline,904,47633.898,832.203,13.87,0.2015,60.48,4130.4
elite_athlete,I2,baseline,925,47654.406,852.711,14.212,0.2064,68.57,4130.4
elite_athlete,I2,baseline,946,47674.312,872.617,14.544,0.2113,62.44,4130.4
elite_athlete,I2,baseline,967,47694.055,892.36,14.873,0.216,64.52,4130.4
elite_athlete,I2,baseline,988,47714.297,912.602,15.21,0.2209,60.0,4130.4
elite_athlete,I2,baseline,1009,47734.367,932.672,15.545,0.2258,63.97,4130.4
elite_athlete,I2,baseline,1030,47754.773,953.078,15.885,0.2307,60.48,4130.4
elite_athlete,I2,baseline,1051,47774.664,972.969,16.216,0.2356,61.41,4130.4
elite_athlete,I2,baseline,1072,47795.031,993.336,16.556,0.2405,60.0,4130.4
elite_athlete,I2,baseline,1093,47815.555,1013.86,16.898,0.2455,61.41,4130.4
elite_athlete,I2,baseline,1114,47835.875,1034.18,17.236,0.2504,67.34,4130.4
elite_athlete,I2,baseline,1135,47853.578,1051.883,17.531,0.2547,73.17,4130.4
elite_athlete,I2,baseline,1156,47872.477,1070.782,17.846,0.2592,65.08,4130.4
elite_athlete,I2,baseline,1177,47892.828,1091.133,18.186,0.2642,61.92,4130.4
elite_athlete,I2,baseline,1198,47913.742,1112.047,18.534,0.2692,60.98,4130.4
elite_athlete,I2,baseline,1219,47934.086,1132.391,18.873,0.2742,60.0,4130.4
elite_athlete,I2,baseline,1240,47954.414,1152.719,19.212,0.2791,59.06,4130.4
elite_athlete,I2,baseline,1261,47974.898,1173.203,19.553,0.284,62.44,4130.4
elite_athlete,I2,baseline,1282,47994.836,1193.141,19.886,0.2889,59.52,4130.4
elite_athlete,I2,baseline,1303,48014.922,1213.227,20.22,0.2937,62.96,4130.4
elite_athlete,I2,baseline,1324,48035.492,1233.797,20.563,0.2987,60.48,4130.4
elite_athlete,I2,baseline,1345,48055.914,1254.219,20.904,0.3037,66.82,4130.4
elite_athlete,I2,baseline,1366,48076.148,1274.453,21.241,0.3086,62.44,4130.4
elite_athlete,I2,baseline,1387,48096.258,1294.563,21.576,0.3134,63.49,4130.4
elite_athlete,I2,baseline,1408,48115.039,1313.344,21.889,0.318,74.53,4130.4
elite_athlete,I2,baseline,1429,48133.938,1332.243,22.204,0.3225,61.41,4130.4
elite_athlete,I2,baseline,1450,48154.68,1352.985,22.55,0.3276,60.48,4130.4
elite_athlete,I2,baseline,1471,48175.383,1373.688,22.895,0.3326,61.92,4130.4
elite_athlete,I2,baseline,1492,48195.641,1393.946,23.232,0.3375,62.96,4130.4
elite_athlete,I2,baseline,1513,48215.445,1413.75,23.562,0.3423,65.65,4130.4
elite_athlete,I2,baseline,1534,48233.602,1431.907,23.865,0.3467,63.97,4130.4
elite_athlete,I2,baseline,1555,48254.242,1452.547,24.209,0.3517,57.75,4130.4
elite_athlete,I2,baseline,1576,48275.242,1473.547,24.559,0.3568,62.44,4130.4
elite_athlete,I2,baseline,1597,48295.789,1494.094,24.902,0.3617,60.98,4130.4
elite_athlete,I2,baseline,1618,48315.891,1514.196,25.237,0.3666,64.52,4130.4
elite_athlete,I2,baseline,1639,48335.68,1533.985,25.566,0.3714,62.96,4130.4
elite_athlete,I2,baseline,1660,48355.102,1553.407,25.89,0.3761,65.08,4130.4
elite_athlete,I2,baseline,1681,48374.961,1573.266,26.221,0.3809,60.0,4130.4
elite_athlete,I2,baseline,1702,48396.055,1594.36,26.573,0.386,60.0,4130.4
elite_athlete,I2,baseline,1723,48416.844,1615.149,26.919,0.391,60.98,4130.4
elite_athlete,I2,baseline,1744,48436.711,1635.016,27.25,0.3958,65.65,4130.4
elite_athlete,I2,baseline,1765,48456.906,1655.211,27.587,0.4007,60.98,4130.4
elite_athlete,I2,baseline,1786,48477.336,1675.641,27.927,0.4057,62.44,4130.4
elite_athlete,I2,baseline,1807,48497.656,1695.961,28.266,0.4106,62.96,4130.4
elite_athlete,I2,baseline,1828,48517.727,1716.032,28.601,0.4155,64.52,4130.4
elite_athlete,I2,baseline,1849,48537.688,1735.993,28.933,0.4203,60.48,4130.4
elite_athlete,I2,baseline,1870,48557.664,1755.969,29.266,0.4251,62.44,4130.4
elite_athlete,I2,baseline,1891,48577.93,1776.235,29.604,0.43,63.97,4130.4
elite_athlete,I2,baseline,1912,48598.188,1796.493,29.942,0.4349,62.96,4130.4
elite_athlete,I2,baseline,1933,48618.055,1816.36,30.273,0.4398,66.23,4130.4
elite_athlete,I2,baseline,1954,48638.023,1836.328,30.605,0.4446,60.98,4130.4
elite_athlete,I2,baseline,1975,48658.094,1856.399,30.94,0.4494,61.41,4130.4
elite_athlete,I2,baseline,1996,48677.922,1876.227,31.27,0.4542,65.65,4130.4
elite_athlete,I2,baseline,2017,48698.039,1896.344,31.606,0.4591,62.96,4130.4
elite_athlete,I2,baseline,2038,48718.195,1916.5,31.942,0.464,64.52,4130.4
elite_athlete,I2,baseline,2059,48737.914,1936.219,32.27,0.4688,60.48,4130.4
elite_athlete,I2,baseline,2080,48758.219,1956.524,32.609,0.4737,63.49,4130.4
elite_athlete,I2,baseline,2101,48778.539,1976.844,32.947,0.4786,61.41,4130.4
elite_athlete,I2,baseline,2122,48799.289,1997.594,33.293,0.4836,60.0,4130.4
elite_athlete,I2,baseline,2143,48819.609,2017.914,33.632,0.4886,62.96,4130.4
elite_athlete,I2,baseline,2164,48839.688,2037.993,33.967,0.4934,60.0,4130.4
elite_athlete,I2,baseline,2185,48860.758,2059.063,34.318,0.4985,58.65,4130.4
elite_athlete,I2,baseline,2206,48881.656,2079.961,34.666,0.5036,66.23,4130.4
elite_athlete,I2,baseline,2227,48902.656,2100.961,35.016,0.5087,59.52,4130.4
elite_athlete,I2,baseline,2248,48923.93,2122.235,35.371,0.5138,60.0,4130.4
elite_athlete,I2,baseline,2269,48944.164,2142.469,35.708,0.5187,64.52,4130.4
elite_athlete,I2,baseline,2290,48965.047,2163.352,36.056,0.5238,60.98,4130.4
elite_athlete,I2,baseline,2311,48985.938,2184.243,36.404,0.5288,59.06,4130.4
elite_athlete,I2,baseline,2332,49005.5,2203.805,36.73,0.5336,69.85,4130.4
elite_athlete,I2,baseline,2353,49022.414,2220.719,37.012,0.5377,63.49,4130.4
elite_athlete,I2,baseline,2374,49043.922,2242.227,37.37,0.5429,59.06,4130.4
elite_athlete,I2,baseline,2395,49064.961,2263.266,37.721,0.548,61.92,4130.4
elite_athlete,I2,baseline,2416,49085.938,2284.243,38.071,0.553,58.65,4130.4
elite_athlete,I2,baseline,2437,49107.422,2305.727,38.429,0.5582,59.52,4130.4
elite_athlete,I2,baseline,2458,49128.359,2326.664,38.778,0.5633,59.06,4130.4
elite_athlete,I2,baseline,2479,49149.438,2347.743,39.129,0.5684,59.06,4130.4
elite_athlete,I2,baseline,2500,49170.5,2368.805,39.48,0.5735,61.41,4130.4
elite_athlete,I2,baseline,2521,49191.953,2390.258,39.838,0.5787,57.31,4130.4
elite_athlete,I2,baseline,2542,49213.234,2411.539,40.192,0.5838,57.75,4130.4
elite_athlete,I2,baseline,2563,49233.992,2432.297,40.538,0.5889,57.31,4130.4
elite_athlete,I2,baseline,2584,49254.93,2453.235,40.887,0.5939,61.41,4130.4
elite_athlete,I2,baseline,2605,49275.688,2473.993,41.233,0.599,63.97,4130.4
elite_athlete,I2,baseline,2626,49297.742,2496.047,41.601,0.6043,58.65,4130.4
elite_athlete,I2,baseline,2647,49319.414,2517.719,41.962,0.6096,58.65,4130.4
elite_athlete,I2,baseline,2668,49340.109,2538.414,42.307,0.6146,60.0,4130.4
elite_athlete,I2,baseline,2689,49361.711,2560.016,42.667,0.6198,55.25,4130.4
elite_athlete,I2,baseline,2710,49382.102,2580.407,43.007,0.6247,67.95,4130.4
elite_athlete,I2,baseline,2731,49402.414,2600.719,43.345,0.6297,57.75,4130.4
elite_athlete,I2,baseline,2752,49423.75,2622.055,43.701,0.6348,60.48,4130.4
elite_athlete,I2,baseline,2773,49445.172,2643.477,44.058,0.64,61.41,4130.4
elite_athlete,I2,baseline,2794,49466.477,2664.782,44.413,0.6452,62.96,4130.4
elite_athlete,I2,baseline,2815,49487.961,2686.266,44.771,0.6504,59.06,4130.4
elite_athlete,I2,baseline,2836,49508.594,2706.899,45.115,0.6554,55.66,4130.4
elite_athlete,I2,baseline,2857,49530.0,2728.305,45.472,0.6605,60.0,4130.4
elite_athlete,I2,baseline,2878,49550.117,2748.422,45.807,0.6654,60.48,4130.4
elite_athlete,I2,baseline,2899,49571.43,2769.735,46.162,0.6706,57.75,4130.4
elite_athlete,I2,baseline,2920,49593.062,2791.367,46.523,0.6758,60.48,4130.4
elite_athlete,I2,baseline,2941,49614.531,2812.836,46.881,0.681,59.06,4130.4
elite_athlete,I2,baseline,2962,49636.023,2834.328,47.239,0.6862,59.52,4130.4
elite_athlete,I2,baseline,2983,49657.242,2855.547,47.592,0.6913,61.41,4130.4
elite_athlete,I2,baseline,3004,49678.703,2877.008,47.95,0.6965,57.75,4130.4
elite_athlete,I2,baseline,3025,49699.836,2898.141,48.302,0.7017,57.75,4130.4
elite_athlete,I2,baseline,3046,49721.227,2919.532,48.659,0.7068,60.98,4130.4
elite_athlete,I2,baseline,3067,49743.188,2941.493,49.025,0.7122,59.06,4130.4
elite_athlete,I2,baseline,3088,49764.703,2963.008,49.383,0.7174,57.31,4130.4
elite_athlete,I2,baseline,3109,49786.344,2984.649,49.744,0.7226,57.31,4130.4
elite_athlete,I2,baseline,3130,49807.766,3006.071,50.101,0.7278,56.07,4130.4
elite_athlete,I2,baseline,3151,49829.648,3027.953,50.466,0.7331,56.87,4130.4
elite_athlete,I2,baseline,3172,49851.227,3049.532,50.826,0.7383,60.0,4130.4
elite_athlete,I2,baseline,3193,49873.133,3071.438,51.191,0.7436,56.87,4130.4
elite_athlete,I2,baseline,3214,49894.609,3092.914,51.549,0.7488,60.98,4130.4
elite_athlete,I2,baseline,3235,49916.297,3114.602,51.91,0.7541,56.5,4130.4
elite_athlete,I2,baseline,3256,49937.672,3135.977,52.266,0.7592,59.06,4130.4
elite_athlete,I2,baseline,3277,49959.578,3157.883,52.631,0.7645,53.72,4130.4
elite_athlete,I2,baseline,3298,49980.719,3179.024,52.984,0.7697,61.41,4130.4
elite_athlete,I2,baseline,3319,50000.258,3198.563,53.309,0.7744,72.46,4130.4
elite_athlete,I2,baseline,3340,50017.383,3215.688,53.595,0.7785,57.31,4130.4
elite_athlete,I2,baseline,3361,50039.531,3237.836,53.964,0.7839,56.5,4130.4
elite_athlete,I2,baseline,3382,50060.43,3258.735,54.312,0.789,56.07,4130.4
elite_athlete,I2,baseline,3403,50081.977,3280.282,54.671,0.7942,51.9,4130.4
elite_athlete,I2,baseline,3424,50103.805,3302.11,55.035,0.7995,62.96,4130.4
elite_athlete,I2,baseline,3445,50125.352,3323.657,55.394,0.8047,62.44,4130.4
elite_athlete,I2,baseline,3466,50147.75,3346.055,55.768,0.8101,60.0,4130.4
elite_athlete,I2,baseline,3487,50169.297,3367.602,56.127,0.8153,54.84,4130.4
elite_athlete,I2,baseline,3508,50191.312,3389.617,56.494,0.8206,59.52,4130.4
elite_athlete,I2,baseline,3529,50213.289,3411.594,56.86,0.826,58.2,4130.4
elite_athlete,I2,baseline,3550,50235.531,3433.836,57.231,0.8314,57.75,4130.4
elite_athlete,I2,baseline,3571,50256.812,3455.117,57.585,0.8365,62.44,4130.4
elite_athlete,I2,baseline,3592,50278.312,3476.617,57.944,0.8417,58.2,4130.4
elite_athlete,I2,baseline,3613,50301.43,3499.735,58.329,0.8473,57.31,4130.4
elite_athlete,I2,baseline,3634,50324.039,3522.344,58.706,0.8528,54.84,4130.4
elite_athlete,I2,baseline,3655,50346.141,3544.446,59.074,0.8581,54.84,4130.4
elite_athlete,I2,baseline,3676,50368.523,3566.828,59.447,0.8636,57.75,4130.4
elite_athlete,I2,baseline,3697,50390.672,3588.977,59.816,0.8689,58.65,4130.4
elite_athlete,I2,baseline,3718,50413.719,3612.024,60.2,0.8745,56.5,4130.4
elite_athlete,I2,baseline,3739,50436.07,3634.375,60.573,0.8799,51.55,4130.4
elite_athlete,I2,baseline,3760,50458.672,3656.977,60.95,0.8854,53.33,4130.4
elite_athlete,I2,baseline,3781,50481.312,3679.617,61.327,0.8909,55.66,4130.4
elite_athlete,I2,baseline,3802,50504.078,3702.383,61.706,0.8964,48.62,4130.4
elite_athlete,I2,baseline,3823,50526.492,3724.797,62.08,0.9018,55.66,4130.4
elite_athlete,I2,baseline,3844,50548.695,3747.0,62.45,0.9072,52.59,4130.4
elite_athlete,I2,baseline,3865,50571.414,3769.719,62.829,0.9127,55.25,4130.4
elite_athlete,I2,baseline,3886,50593.648,3791.953,63.199,0.9181,55.66,4130.4
elite_athlete,I2,baseline,3907,50616.391,3814.696,63.578,0.9236,54.1,4130.4
elite_athlete,I2,baseline,3928,50638.633,3836.938,63.949,0.9289,54.84,4130.4
elite_athlete,I2,baseline,3949,50661.094,3859.399,64.323,0.9344,57.31,4130.4
elite_athlete,I2,baseline,3970,50682.867,3881.172,64.686,0.9397,59.52,4130.4
elite_athlete,I2,baseline,3991,50706.016,3904.321,65.072,0.9453,56.87,4130.4
elite_athlete,I2,baseline,4012,50728.992,3927.297,65.455,0.9508,54.45,4130.4
elite_athlete,I2,baseline,4033,50751.711,3950.016,65.834,0.9563,54.1,4130.4
elite_athlete,I2,baseline,4054,50774.914,3973.219,66.22,0.9619,55.66,4130.4
elite_athlete,I2,baseline,4075,50797.242,3995.547,66.592,0.9673,57.31,4130.4
elite_athlete,I2,baseline,4096,50819.672,4017.977,66.966,0.9728,55.66,4130.4
elite_athlete,I2,baseline,4117,50842.891,4041.196,67.353,0.9784,56.5,4130.4
elite_athlete,I2,baseline,4138,50865.523,4063.828,67.73,0.9839,55.25,4130.4
elite_athlete,I2,baseline,4159,50888.133,4086.438,68.107,0.9894,54.45,4130.4
elite_athlete,I2,baseline,4180,50910.352,4108.657,68.478,0.9947,52.96,4130.4
elite_athlete,I3,baseline,1,25201.781,0.0,0.0,0.0,54.45,4698.0
elite_athlete,I3,baseline,22,25225.734,23.953,0.399,0.0051,55.66,4698.0
elite_athlete,I3,baseline,43,25249.352,47.571,0.793,0.0101,51.19,4698.0
elite_athlete,I3,baseline,64,25272.68,70.899,1.182,0.0151,53.33,4698.0
elite_athlete,I3,baseline,85,25296.32,94.539,1.576,0.0201,50.85,4698.0
elite_athlete,I3,baseline,106,25320.398,118.617,1.977,0.0252,50.85,4698.0
elite_athlete,I3,baseline,127,25344.391,142.61,2.377,0.0304,52.59,4698.0
elite_athlete,I3,baseline,148,25367.648,165.867,2.764,0.0353,54.84,4698.0
elite_athlete,I3,baseline,169,25391.93,190.149,3.169,0.0405,48.31,4698.0
elite_athlete,I3,baseline,190,25416.227,214.446,3.574,0.0456,54.84,4698.0
elite_athlete,I3,baseline,211,25440.336,238.555,3.976,0.0508,54.1,4698.0
elite_athlete,I3,baseline,232,25464.352,262.571,4.376,0.0559,49.22,4698.0
elite_athlete,I3,baseline,253,25488.281,286.5,4.775,0.061,56.87,4698.0
elite_athlete,I3,baseline,274,25512.031,310.25,5.171,0.066,49.88,4698.0
elite_athlete,I3,baseline,295,25535.914,334.133,5.569,0.0711,54.45,4698.0
elite_athlete,I3,baseline,316,25559.906,358.125,5.969,0.0762,52.26,4698.0
elite_athlete,I3,baseline,337,25584.102,382.321,6.372,0.0814,54.84,4698.0
elite_athlete,I3,baseline,358,25608.305,406.524,6.775,0.0865,50.21,4698.0
elite_athlete,I3,baseline,379,25633.164,431.383,7.19,0.0918,52.96,4698.0
elite_athlete,I3,baseline,400,25657.211,455.43,7.591,0.0969,49.55,4698.0
elite_athlete,I3,baseline,421,25680.992,479.211,7.987,0.102,59.06,4698.0
elite_athlete,I3,baseline,442,25705.0,503.219,8.387,0.1071,49.55,4698.0
elite_athlete,I3,baseline,463,25729.117,527.336,8.789,0.1122,57.75,4698.0
elite_athlete,I3,baseline,484,25753.094,551.313,9.189,0.1173,50.21,4698.0
elite_athlete,I3,baseline,505,25776.828,575.047,9.584,0.1224,54.1,4698.0
elite_athlete,I3,baseline,526,25794.445,592.664,9.878,0.1262,82.53,4698.0
elite_athlete,I3,baseline,547,25815.664,613.883,10.231,0.1307,43.64,4698.0
elite_athlete,I3,baseline,568,25840.461,638.68,10.645,0.1359,59.52,4698.0
elite_athlete,I3,baseline,589,25864.578,662.797,11.047,0.1411,51.9,4698.0
elite_athlete,I3,baseline,610,25888.992,687.211,11.454,0.1463,54.45,4698.0
elite_athlete,I3,baseline,631,25912.812,711.031,11.851,0.1513,54.1,4698.0
elite_athlete,I3,baseline,652,25936.867,735.086,12.251,0.1565,52.26,4698.0
elite_athlete,I3,baseline,673,25960.969,759.188,12.653,0.1616,56.87,4698.0
elite_athlete,I3,baseline,694,25984.953,783.172,13.053,0.1667,50.85,4698.0
elite_athlete,I3,baseline,715,26009.039,807.258,13.454,0.1718,52.96,4698.0
elite_athlete,I3,baseline,736,26032.773,830.992,13.85,0.1769,51.55,4698.0
elite_athlete,I3,baseline,757,26056.617,854.836,14.247,0.182,54.84,4698.0
elite_athlete,I3,baseline,778,26080.453,878.672,14.645,0.187,54.84,4698.0
elite_athlete,I3,baseline,799,26104.547,902.766,15.046,0.1922,49.55,4698.0
elite_athlete,I3,baseline,820,26129.125,927.344,15.456,0.1974,56.87,4698.0
elite_athlete,I3,baseline,841,26152.852,951.071,15.851,0.2024,49.55,4698.0
elite_athlete,I3,baseline,862,26177.133,975.352,16.256,0.2076,54.1,4698.0
elite_athlete,I3,baseline,883,26201.438,999.657,16.661,0.2128,48.9,4698.0
elite_athlete,I3,baseline,904,26225.438,1023.657,17.061,0.2179,51.19,4698.0
elite_athlete,I3,baseline,925,26249.555,1047.774,17.463,0.223,53.33,4698.0
elite_athlete,I3,baseline,946,26273.516,1071.735,17.862,0.2281,50.51,4698.0
elite_athlete,I3,baseline,967,26297.703,1095.922,18.265,0.2333,48.62,4698.0
elite_athlete,I3,baseline,988,26322.336,1120.555,18.676,0.2385,52.96,4698.0
elite_athlete,I3,baseline,1009,26346.789,1145.008,19.083,0.2437,55.25,4698.0
elite_athlete,I3,baseline,1030,26371.258,1169.477,19.491,0.2489,50.21,4698.0
elite_athlete,I3,baseline,1051,26395.75,1193.969,19.899,0.2541,45.18,4698.0
elite_athlete,I3,baseline,1072,26420.18,1218.399,20.307,0.2593,58.65,4698.0
elite_athlete,I3,baseline,1093,26444.328,1242.547,20.709,0.2645,54.84,4698.0
elite_athlete,I3,baseline,1114,26468.672,1266.891,21.115,0.2697,45.98,4698.0
elite_athlete,I3,baseline,1135,26492.898,1291.117,21.519,0.2748,48.31,4698.0
elite_athlete,I3,baseline,1156,26516.859,1315.078,21.918,0.2799,51.9,4698.0
elite_athlete,I3,baseline,1177,26540.484,1338.703,22.312,0.285,54.45,4698.0
elite_athlete,I3,baseline,1198,26564.0,1362.219,22.704,0.29,49.55,4698.0
elite_athlete,I3,baseline,1219,26586.719,1384.938,23.082,0.2948,50.51,4698.0
elite_athlete,I3,baseline,1240,26610.258,1408.477,23.475,0.2998,54.45,4698.0
elite_athlete,I3,baseline,1261,26634.156,1432.375,23.873,0.3049,57.31,4698.0
elite_athlete,I3,baseline,1282,26656.508,1454.727,24.245,0.3096,65.08,4698.0
elite_athlete,I3,baseline,1303,26678.258,1476.477,24.608,0.3143,54.45,4698.0
elite_athlete,I3,baseline,1324,26698.75,1496.969,24.949,0.3186,66.23,4698.0
elite_athlete,I3,baseline,1345,26717.562,1515.781,25.263,0.3226,73.17,4698.0
elite_athlete,I3,baseline,1366,26736.992,1535.211,25.587,0.3268,61.41,4698.0
elite_athlete,I3,baseline,1387,26758.023,1556.242,25.937,0.3313,63.97,4698.0
elite_athlete,I3,baseline,1408,26778.141,1576.36,26.273,0.3355,55.25,4698.0
elite_athlete,I3,baseline,1429,26800.461,1598.68,26.645,0.3403,56.87,4698.0
elite_athlete,I3,baseline,1450,26822.859,1621.078,27.018,0.3451,63.97,4698.0
elite_athlete,I3,baseline,1471,26842.203,1640.422,27.34,0.3492,65.65,4698.0
elite_athlete,I3,baseline,1492,26863.289,1661.508,27.692,0.3537,57.75,4698.0
elite_athlete,I3,baseline,1513,26884.961,1683.18,28.053,0.3583,66.23,4698.0
elite_athlete,I3,baseline,1534,26907.32,1705.539,28.426,0.363,58.65,4698.0
elite_athlete,I3,baseline,1555,26929.648,1727.867,28.798,0.3678,62.96,4698.0
elite_athlete,I3,baseline,1576,26951.625,1749.844,29.164,0.3725,56.87,4698.0
elite_athlete,I3,baseline,1597,26974.758,1772.977,29.55,0.3774,52.59,4698.0
elite_athlete,I3,baseline,1618,26995.836,1794.055,29.901,0.3819,54.1,4698.0
elite_athlete,I3,baseline,1639,27016.203,1814.422,30.24,0.3862,75.28,4698.0
elite_athlete,I3,baseline,1660,27038.312,1836.531,30.609,0.3909,58.65,4698.0
elite_athlete,I3,baseline,1681,27061.438,1859.657,30.994,0.3958,50.21,4698.0
elite_athlete,I3,baseline,1702,27083.906,1882.125,31.369,0.4006,51.9,4698.0
elite_athlete,I3,baseline,1723,27105.891,1904.11,31.735,0.4053,65.65,4698.0
elite_athlete,I3,baseline,1744,27126.047,1924.266,32.071,0.4096,83.45,4698.0
elite_athlete,I3,baseline,1765,27150.086,1948.305,32.472,0.4147,56.87,4698.0
elite_athlete,I3,baseline,1786,27173.07,1971.289,32.855,0.4196,73.17,4698.0
elite_athlete,I3,baseline,1807,27196.812,1995.031,33.251,0.4247,50.21,4698.0
elite_athlete,I3,baseline,1828,27219.117,2017.336,33.622,0.4294,71.09,4698.0
elite_athlete,I3,baseline,1849,27241.703,2039.922,33.999,0.4342,52.59,4698.0
elite_athlete,I3,baseline,1870,27263.695,2061.914,34.365,0.4389,67.95,4698.0
elite_athlete,I3,baseline,1891,27285.203,2083.422,34.724,0.4435,56.87,4698.0
elite_athlete,I3,baseline,1912,27306.031,2104.25,35.071,0.4479,56.5,4698.0
elite_athlete,I3,baseline,1933,27327.547,2125.766,35.429,0.4525,56.87,4698.0
elite_athlete,I3,baseline,1954,27349.195,2147.414,35.79,0.4571,73.17,4698.0
elite_athlete,I3,baseline,1975,27372.07,2170.289,36.171,0.462,53.72,4698.0
elite_athlete,I3,baseline,1996,27395.336,2193.555,36.559,0.4669,54.1,4698.0
elite_athlete,I3,baseline,2017,27416.695,2214.914,36.915,0.4715,51.19,4698.0
elite_athlete,I3,baseline,2038,27438.32,2236.539,37.276,0.4761,52.26,4698.0
elite_athlete,I3,baseline,2059,27461.883,2260.102,37.668,0.4811,50.21,4698.0
elite_athlete,I3,baseline,2080,27483.18,2281.399,38.023,0.4856,71.77,4698.0
elite_athlete,I3,baseline,2101,27505.773,2303.992,38.4,0.4904,52.26,4698.0
elite_athlete,I3,baseline,2122,27527.445,2325.664,38.761,0.495,52.26,4698.0
elite_athlete,I3,baseline,2143,27548.102,2346.321,39.105,0.4994,63.49,4698.0
elite_athlete,I3,baseline,2164,27570.398,2368.617,39.477,0.5042,56.5,4698.0
elite_athlete,I3,baseline,2185,27591.898,2390.117,39.835,0.5087,53.33,4698.0
elite_athlete,I3,baseline,2206,27613.875,2412.094,40.202,0.5134,51.9,4698.0
elite_athlete,I3,baseline,2227,27637.914,2436.133,40.602,0.5185,50.51,4698.0
elite_athlete,I3,baseline,2248,27661.273,2459.492,40.992,0.5235,50.21,4698.0
elite_athlete,I3,baseline,2269,27682.492,2480.711,41.345,0.528,49.55,4698.0
elite_athlete,I3,baseline,2290,27706.109,2504.328,41.739,0.5331,48.62,4698.0
elite_athlete,I3,baseline,2311,27729.789,2528.008,42.133,0.5381,50.85,4698.0
elite_athlete,I3,baseline,2332,27752.82,2551.039,42.517,0.543,53.33,4698.0
elite_athlete,I3,baseline,2353,27776.125,2574.344,42.906,0.548,57.75,4698.0
elite_athlete,I3,baseline,2374,27799.523,2597.742,43.296,0.5529,59.06,4698.0
elite_athlete,I3,baseline,2395,27822.75,2620.969,43.683,0.5579,54.45,4698.0
elite_athlete,I3,baseline,2416,27846.609,2644.828,44.08,0.563,50.21,4698.0
elite_athlete,I3,baseline,2437,27870.203,2668.422,44.474,0.568,49.88,4698.0
elite_athlete,I3,baseline,2458,27892.406,2690.625,44.844,0.5727,58.65,4698.0
elite_athlete,I3,baseline,2479,27916.086,2714.305,45.238,0.5778,56.87,4698.0
elite_athlete,I3,baseline,2500,27939.945,2738.164,45.636,0.5828,50.21,4698.0
elite_athlete,I3,baseline,2521,27963.812,2762.031,46.034,0.5879,50.85,4698.0
elite_athlete,I3,baseline,2542,27986.68,2784.899,46.415,0.5928,76.05,4698.0
elite_athlete,I3,baseline,2563,28008.242,2806.461,46.774,0.5974,53.72,4698.0
elite_athlete,I3,baseline,2584,28032.547,2830.766,47.179,0.6025,51.19,4698.0
elite_athlete,I3,baseline,2605,28056.086,2854.305,47.572,0.6076,55.66,4698.0
elite_athlete,I3,baseline,2626,28079.773,2877.992,47.967,0.6126,55.66,4698.0
elite_athlete,I3,baseline,2647,28102.094,2900.313,48.339,0.6173,54.45,4698.0
elite_athlete,I3,baseline,2668,28125.977,2924.196,48.737,0.6224,58.2,4698.0
elite_athlete,I3,baseline,2689,28149.141,2947.36,49.123,0.6274,54.84,4698.0
elite_athlete,I3,baseline,2710,28172.477,2970.696,49.512,0.6323,50.85,4698.0
elite_athlete,I3,baseline,2731,28194.883,2993.102,49.885,0.6371,53.33,4698.0
elite_athlete,I3,baseline,2752,28218.234,3016.453,50.274,0.6421,56.07,4698.0
elite_athlete,I3,baseline,2773,28241.445,3039.664,50.661,0.647,50.51,4698.0
elite_athlete,I3,baseline,2794,28264.953,3063.172,51.053,0.652,50.21,4698.0
elite_athlete,I3,baseline,2815,28288.391,3086.61,51.444,0.657,52.59,4698.0
elite_athlete,I3,baseline,2836,28311.523,3109.742,51.829,0.6619,57.75,4698.0
elite_athlete,I3,baseline,2857,28334.414,3132.633,52.211,0.6668,53.72,4698.0
elite_athlete,I3,baseline,2878,28358.297,3156.516,52.609,0.6719,50.21,4698.0
elite_athlete,I3,baseline,2899,28381.656,3179.875,52.998,0.6769,56.07,4698.0
elite_athlete,I3,baseline,2920,28405.461,3203.68,53.395,0.6819,57.31,4698.0
elite_athlete,I3,baseline,2941,28428.953,3227.172,53.786,0.6869,51.19,4698.0
elite_athlete,I3,baseline,2962,28451.461,3249.68,54.161,0.6917,58.2,4698.0
elite_athlete,I3,baseline,2983,28474.344,3272.563,54.543,0.6966,55.66,4698.0
elite_athlete,I3,baseline,3004,28498.281,3296.5,54.942,0.7017,51.9,4698.0
elite_athlete,I3,baseline,3025,28521.375,3319.594,55.327,0.7066,53.72,4698.0
elite_athlete,I3,baseline,3046,28544.75,3342.969,55.716,0.7116,55.25,4698.0
elite_athlete,I3,baseline,3067,28568.742,3366.961,56.116,0.7167,54.1,4698.0
elite_athlete,I3,baseline,3088,28592.352,3390.571,56.51,0.7217,51.55,4698.0
elite_athlete,I3,baseline,3109,28615.852,3414.071,56.901,0.7267,49.55,4698.0
elite_athlete,I3,baseline,3130,28640.133,3438.352,57.306,0.7319,56.87,4698.0
elite_athlete,I3,baseline,3151,28664.156,3462.375,57.706,0.737,50.21,4698.0
elite_athlete,I3,baseline,3172,28687.992,3486.211,58.104,0.7421,52.26,4698.0
elite_athlete,I3,baseline,3193,28711.727,3509.946,58.499,0.7471,50.21,4698.0
elite_athlete,I3,baseline,3214,28735.5,3533.719,58.895,0.7522,57.75,4698.0
elite_athlete,I3,baseline,3235,28759.641,3557.86,59.298,0.7573,48.9,4698.0
elite_athlete,I3,baseline,3256,28783.688,3581.907,59.698,0.7624,56.07,4698.0
elite_athlete,I3,baseline,3277,28806.625,3604.844,60.081,0.7673,51.55,4698.0
elite_athlete,I3,baseline,3298,28831.047,3629.266,60.488,0.7725,50.51,4698.0
elite_athlete,I3,baseline,3319,28855.273,3653.492,60.892,0.7777,50.51,4698.0
elite_athlete,I3,baseline,3340,28879.641,3677.86,61.298,0.7829,50.51,4698.0
elite_athlete,I3,baseline,3361,28903.953,3702.172,61.703,0.788,54.1,4698.0
elite_athlete,I3,baseline,3382,28928.211,3726.43,62.107,0.7932,50.85,4698.0
elite_athlete,I3,baseline,3403,28952.234,3750.453,62.508,0.7983,55.25,4698.0
elite_athlete,I3,baseline,3424,28976.625,3774.844,62.914,0.8035,50.85,4698.0
elite_athlete,I3,baseline,3445,29001.0,3799.219,63.32,0.8087,54.1,4698.0
elite_athlete,I3,baseline,3466,29025.5,3823.719,63.729,0.8139,49.22,4698.0
elite_athlete,I3,baseline,3487,29049.945,3848.164,64.136,0.8191,55.25,4698.0
elite_athlete,I3,baseline,3508,29074.625,3872.844,64.547,0.8244,54.84,4698.0
elite_athlete,I3,baseline,3529,29099.289,3897.508,64.958,0.8296,50.21,4698.0
elite_athlete,I3,baseline,3550,29124.078,3922.297,65.372,0.8349,50.21,4698.0
elite_athlete,I3,baseline,3571,29148.719,3946.938,65.782,0.8401,48.31,4698.0
elite_athlete,I3,baseline,3592,29173.289,3971.508,66.192,0.8454,47.39,4698.0
elite_athlete,I3,baseline,3613,29197.43,3995.649,66.594,0.8505,49.22,4698.0
elite_athlete,I3,baseline,3634,29222.156,4020.375,67.006,0.8558,51.19,4698.0
elite_athlete,I3,baseline,3655,29246.93,4045.149,67.419,0.861,50.21,4698.0
elite_athlete,I3,baseline,3676,29270.969,4069.188,67.82,0.8661,50.21,4698.0
elite_athlete,I3,baseline,3697,29295.734,4093.953,68.233,0.8714,49.22,4698.0
elite_athlete,I3,baseline,3718,29320.422,4118.641,68.644,0.8767,49.55,4698.0
elite_athlete,I3,baseline,3739,29345.508,4143.727,69.062,0.882,52.59,4698.0
elite_athlete,I3,baseline,3760,29370.664,4168.883,69.481,0.8874,51.19,4698.0
elite_athlete,I3,baseline,3781,29395.484,4193.703,69.895,0.8927,53.33,4698.0
elite_athlete,I3,baseline,3802,29420.312,4218.531,70.309,0.8979,55.66,4698.0
elite_athlete,I3,baseline,3823,29445.164,4243.383,70.723,0.9032,49.22,4698.0
elite_athlete,I3,baseline,3844,29470.273,4268.492,71.142,0.9086,48.0,4698.0
elite_athlete,I3,baseline,3865,29495.352,4293.571,71.56,0.9139,56.07,4698.0
elite_athlete,I3,baseline,3886,29520.672,4318.891,71.982,0.9193,48.0,4698.0
elite_athlete,I3,baseline,3907,29546.047,4344.266,72.404,0.9247,49.22,4698.0
elite_athlete,I3,baseline,3928,29571.0,4369.219,72.82,0.93,52.26,4698.0
elite_athlete,I3,baseline,3949,29596.547,4394.766,73.246,0.9354,51.9,4698.0
elite_athlete,I3,baseline,3970,29622.078,4420.297,73.672,0.9409,50.21,4698.0
elite_athlete,I3,baseline,3991,29646.766,4444.985,74.083,0.9461,53.33,4698.0
elite_athlete,I3,baseline,4012,29672.07,4470.289,74.505,0.9515,50.51,4698.0
elite_athlete,I3,baseline,4033,29697.625,4495.844,74.931,0.957,51.19,4698.0
elite_athlete,I3,baseline,4054,29723.391,4521.61,75.36,0.9624,50.51,4698.0
elite_athlete,I3,baseline,4075,29748.195,4546.414,75.774,0.9677,51.19,4698.0
elite_athlete,I3,baseline,4096,29773.672,4571.891,76.198,0.9732,48.0,4698.0
elite_athlete,I3,baseline,4117,29799.172,4597.391,76.623,0.9786,47.69,4698.0
elite_athlete,I3,baseline,4138,29824.32,4622.539,77.042,0.9839,54.84,4698.0
elite_athlete,I3,baseline,4159,29849.539,4647.758,77.463,0.9893,50.21,4698.0
elite_athlete,I3,baseline,4180,29875.242,4673.461,77.891,0.9948,51.19,4698.0
elite_athlete,I4,baseline,1,40501.375,0.0,0.0,0.0,56.87,4596.9
elite_athlete,I4,baseline,22,40522.891,21.516,0.359,0.0047,60.0,4596.9
elite_athlete,I4,baseline,43,40544.836,43.461,0.724,0.0095,58.2,4596.9
elite_athlete,I4,baseline,64,40566.422,65.047,1.084,0.0142,59.06,4596.9
elite_athlete,I4,baseline,85,40588.258,86.883,1.448,0.0189,57.75,4596.9
elite_athlete,I4,baseline,106,40610.648,109.273,1.821,0.0238,55.66,4596.9
elite_athlete,I4,baseline,127,40633.172,131.797,2.197,0.0287,55.25,4596.9
elite_athlete,I4,baseline,148,40655.195,153.82,2.564,0.0335,58.65,4596.9
elite_athlete,I4,baseline,169,40676.867,175.492,2.925,0.0382,56.87,4596.9
elite_athlete,I4,baseline,190,40698.758,197.383,3.29,0.0429,58.2,4596.9
elite_athlete,I4,baseline,211,40720.867,219.492,3.658,0.0477,55.66,4596.9
elite_athlete,I4,baseline,232,40742.75,241.375,4.023,0.0525,55.66,4596.9
elite_athlete,I4,baseline,253,40764.117,262.742,4.379,0.0572,69.85,4596.9
elite_athlete,I4,baseline,274,40785.805,284.43,4.74,0.0619,54.1,4596.9
elite_athlete,I4,baseline,295,40808.32,306.945,5.116,0.0668,57.75,4596.9
elite_athlete,I4,baseline,316,40830.562,329.187,5.486,0.0716,60.0,4596.9
elite_athlete,I4,baseline,337,40852.836,351.461,5.858,0.0765,58.2,4596.9
elite_athlete,I4,baseline,358,40875.828,374.453,6.241,0.0815,52.26,4596.9
elite_athlete,I4,baseline,379,40899.203,397.828,6.63,0.0865,57.31,4596.9
elite_athlete,I4,baseline,400,40921.875,420.5,7.008,0.0915,58.65,4596.9
elite_athlete,I4,baseline,421,40943.148,441.773,7.363,0.0961,56.87,4596.9
elite_athlete,I4,baseline,442,40965.5,464.125,7.735,0.101,54.84,4596.9
elite_athlete,I4,baseline,463,40988.117,486.742,8.112,0.1059,54.1,4596.9
elite_athlete,I4,baseline,484,41010.43,509.055,8.484,0.1107,54.45,4596.9
elite_athlete,I4,baseline,505,41033.453,532.078,8.868,0.1157,52.59,4596.9
elite_athlete,I4,baseline,526,41056.367,554.992,9.25,0.1207,56.07,4596.9
elite_athlete,I4,baseline,547,41077.977,576.602,9.61,0.1254,58.65,4596.9
elite_athlete,I4,baseline,568,41100.484,599.109,9.985,0.1303,54.84,4596.9
elite_athlete,I4,baseline,589,41124.211,622.836,10.381,0.1355,54.84,4596.9
elite_athlete,I4,baseline,610,41146.828,645.453,10.758,0.1404,52.26,4596.9
elite_athlete,I4,baseline,631,41169.945,668.57,11.143,0.1454,53.33,4596.9
elite_athlete,I4,baseline,652,41193.25,691.875,11.531,0.1505,57.31,4596.9
elite_athlete,I4,baseline,673,41216.07,714.695,11.912,0.1555,54.84,4596.9
elite_athlete,I4,baseline,694,41239.141,737.766,12.296,0.1605,58.65,4596.9
elite_athlete,I4,baseline,715,41261.633,760.258,12.671,0.1654,56.07,4596.9
elite_athlete,I4,baseline,736,41284.82,783.445,13.057,0.1704,53.72,4596.9
elite_athlete,I4,baseline,757,41305.703,804.328,13.405,0.175,65.08,4596.9
elite_athlete,I4,baseline,778,41328.844,827.469,13.791,0.18,50.51,4596.9
elite_athlete,I4,baseline,799,41353.367,851.992,14.2,0.1853,52.26,4596.9
elite_athlete,I4,baseline,820,41376.992,875.617,14.594,0.1905,51.55,4596.9
elite_athlete,I4,baseline,841,41399.406,898.031,14.967,0.1954,58.65,4596.9
elite_athlete,I4,baseline,862,41423.273,921.898,15.365,0.2005,50.51,4596.9
elite_athlete,I4,baseline,883,41445.844,944.469,15.741,0.2055,51.55,4596.9
elite_athlete,I4,baseline,904,41468.055,966.68,16.111,0.2103,57.31,4596.9
elite_athlete,I4,baseline,925,41490.688,989.313,16.489,0.2152,53.72,4596.9
elite_athlete,I4,baseline,946,41514.0,1012.625,16.877,0.2203,54.84,4596.9
elite_athlete,I4,baseline,967,41536.43,1035.055,17.251,0.2252,67.95,4596.9
elite_athlete,I4,baseline,988,41558.945,1057.57,17.626,0.2301,52.96,4596.9
elite_athlete,I4,baseline,1009,41582.469,1081.094,18.018,0.2352,55.66,4596.9
elite_athlete,I4,baseline,1030,41602.086,1100.711,18.345,0.2394,79.16,4596.9
elite_athlete,I4,baseline,1051,41617.422,1116.047,18.601,0.2428,83.45,4596.9
elite_athlete,I4,baseline,1072,41633.719,1132.344,18.872,0.2463,75.28,4596.9
elite_athlete,I4,baseline,1093,41653.82,1152.445,19.207,0.2507,57.75,4596.9
elite_athlete,I4,baseline,1114,41675.461,1174.086,19.568,0.2554,60.0,4596.9
elite_athlete,I4,baseline,1135,41697.766,1196.391,19.94,0.2603,54.1,4596.9
elite_athlete,I4,baseline,1156,41720.5,1219.125,20.319,0.2652,56.5,4596.9
elite_athlete,I4,baseline,1177,41744.211,1242.836,20.714,0.2704,54.45,4596.9
elite_athlete,I4,baseline,1198,41767.961,1266.586,21.11,0.2755,53.72,4596.9
elite_athlete,I4,baseline,1219,41791.758,1290.383,21.506,0.2807,55.25,4596.9
elite_athlete,I4,baseline,1240,41815.438,1314.063,21.901,0.2859,54.84,4596.9
elite_athlete,I4,baseline,1261,41839.461,1338.086,22.301,0.2911,52.96,4596.9
elite_athlete,I4,baseline,1282,41864.219,1362.844,22.714,0.2965,51.9,4596.9
elite_athlete,I4,baseline,1303,41888.586,1387.211,23.12,0.3018,51.19,4596.9
elite_athlete,I4,baseline,1324,41912.727,1411.352,23.523,0.307,52.26,4596.9
elite_athlete,I4,baseline,1345,41936.844,1435.469,23.924,0.3123,51.9,4596.9
elite_athlete,I4,baseline,1366,41961.461,1460.086,24.335,0.3176,51.55,4596.9
elite_athlete,I4,baseline,1387,41985.688,1484.313,24.739,0.3229,50.51,4596.9
elite_athlete,I4,baseline,1408,42009.211,1507.836,25.131,0.328,53.72,4596.9
elite_athlete,I4,baseline,1429,42033.312,1531.937,25.532,0.3333,55.25,4596.9
elite_athlete,I4,baseline,1450,42056.711,1555.336,25.922,0.3383,51.19,4596.9
elite_athlete,I4,baseline,1471,42080.055,1578.68,26.311,0.3434,50.21,4596.9
elite_athlete,I4,baseline,1492,42105.594,1604.219,26.737,0.349,51.55,4596.9
elite_athlete,I4,baseline,1513,42129.906,1628.531,27.142,0.3543,51.19,4596.9
elite_athlete,I4,baseline,1534,42154.125,1652.75,27.546,0.3595,48.9,4596.9
elite_athlete,I4,baseline,1555,42178.469,1677.094,27.952,0.3648,51.19,4596.9
elite_athlete,I4,baseline,1576,42202.281,1700.906,28.348,0.37,55.25,4596.9
elite_athlete,I4,baseline,1597,42226.32,1724.945,28.749,0.3752,52.59,4596.9
elite_athlete,I4,baseline,1618,42250.0,1748.625,29.144,0.3804,55.25,4596.9
elite_athlete,I4,baseline,1639,42272.0,1770.625,29.51,0.3852,56.5,4596.9
elite_athlete,I4,baseline,1660,42296.445,1795.07,29.918,0.3905,52.26,4596.9
elite_athlete,I4,baseline,1681,42321.242,1819.867,30.331,0.3959,49.22,4596.9
elite_athlete,I4,baseline,1702,42345.008,1843.633,30.727,0.4011,52.59,4596.9
elite_athlete,I4,baseline,1723,42368.516,1867.141,31.119,0.4062,53.33,4596.9
elite_athlete,I4,baseline,1744,42392.07,1890.695,31.512,0.4113,51.55,4596.9
elite_athlete,I4,baseline,1765,42416.539,1915.164,31.919,0.4166,54.1,4596.9
elite_athlete,I4,baseline,1786,42440.938,1939.563,32.326,0.4219,49.88,4596.9
elite_athlete,I4,baseline,1807,42465.953,1964.578,32.743,0.4274,51.19,4596.9
elite_athlete,I4,baseline,1828,42489.5,1988.125,33.135,0.4325,51.55,4596.9
elite_athlete,I4,baseline,1849,42513.539,2012.164,33.536,0.4377,50.51,4596.9
elite_athlete,I4,baseline,1870,42537.547,2036.172,33.936,0.4429,54.1,4596.9
elite_athlete,I4,baseline,1891,42561.312,2059.937,34.332,0.4481,55.66,4596.9
elite_athlete,I4,baseline,1912,42584.938,2083.563,34.726,0.4533,52.96,4596.9
elite_athlete,I4,baseline,1933,42608.523,2107.148,35.119,0.4584,49.55,4596.9
elite_athlete,I4,baseline,1954,42632.891,2131.516,35.525,0.4637,50.51,4596.9
elite_athlete,I4,baseline,1975,42656.914,2155.539,35.926,0.4689,52.59,4596.9
elite_athlete,I4,baseline,1996,42681.008,2179.633,36.327,0.4742,51.19,4596.9
elite_athlete,I4,baseline,2017,42705.188,2203.813,36.73,0.4794,56.5,4596.9
elite_athlete,I4,baseline,2038,42729.82,2228.445,37.141,0.4848,49.88,4596.9
elite_athlete,I4,baseline,2059,42753.609,2252.234,37.537,0.4899,59.06,4596.9
elite_athlete,I4,baseline,2080,42776.938,2275.563,37.926,0.495,51.19,4596.9
elite_athlete,I4,baseline,2101,42801.148,2299.773,38.33,0.5003,52.26,4596.9
elite_athlete,I4,baseline,2122,42825.18,2323.805,38.73,0.5055,52.59,4596.9
elite_athlete,I4,baseline,2143,42849.211,2347.836,39.131,0.5107,52.26,4596.9
elite_athlete,I4,baseline,2164,42873.109,2371.734,39.529,0.5159,54.45,4596.9
elite_athlete,I4,baseline,2185,42896.859,2395.484,39.925,0.5211,51.19,4596.9
elite_athlete,I4,baseline,2206,42921.141,2419.766,40.329,0.5264,50.85,4596.9
elite_athlete,I4,baseline,2227,42944.758,2443.383,40.723,0.5315,51.19,4596.9
elite_athlete,I4,baseline,2248,42969.062,2467.687,41.128,0.5368,49.88,4596.9
elite_athlete,I4,baseline,2269,42992.852,2491.477,41.525,0.542,52.26,4596.9
elite_athlete,I4,baseline,2290,43016.234,2514.859,41.914,0.5471,51.9,4596.9
elite_athlete,I4,baseline,2311,43040.195,2538.82,42.314,0.5523,50.85,4596.9
elite_athlete,I4,baseline,2332,43064.164,2562.789,42.713,0.5575,52.96,4596.9
elite_athlete,I4,baseline,2353,43087.875,2586.5,43.108,0.5627,48.62,4596.9
elite_athlete,I4,baseline,2374,43112.07,2610.695,43.512,0.5679,54.84,4596.9
elite_athlete,I4,baseline,2395,43135.5,2634.125,43.902,0.573,58.65,4596.9
elite_athlete,I4,baseline,2416,43158.047,2656.672,44.278,0.5779,54.84,4596.9
elite_athlete,I4,baseline,2437,43182.109,2680.734,44.679,0.5832,52.26,4596.9
elite_athlete,I4,baseline,2458,43205.977,2704.602,45.077,0.5884,48.62,4596.9
elite_athlete,I4,baseline,2479,43230.594,2729.219,45.487,0.5937,50.51,4596.9
elite_athlete,I4,baseline,2500,43255.023,2753.648,45.894,0.599,54.45,4596.9
elite_athlete,I4,baseline,2521,43278.281,2776.906,46.282,0.6041,56.07,4596.9
elite_athlete,I4,baseline,2542,43301.82,2800.445,46.674,0.6092,55.66,4596.9
elite_athlete,I4,baseline,2563,43325.234,2823.859,47.064,0.6143,62.96,4596.9
elite_athlete,I4,baseline,2584,43349.281,2847.906,47.465,0.6195,53.33,4596.9
elite_athlete,I4,baseline,2605,43372.602,2871.227,47.854,0.6246,53.33,4596.9
elite_athlete,I4,baseline,2626,43395.703,2894.328,48.239,0.6296,53.33,4596.9
elite_athlete,I4,baseline,2647,43418.672,2917.297,48.622,0.6346,56.07,4596.9
elite_athlete,I4,baseline,2668,43442.883,2941.508,49.025,0.6399,53.72,4596.9
elite_athlete,I4,baseline,2689,43466.812,2965.437,49.424,0.6451,52.96,4596.9
elite_athlete,I4,baseline,2710,43490.719,2989.344,49.822,0.6503,51.55,4596.9
elite_athlete,I4,baseline,2731,43514.758,3013.383,50.223,0.6555,49.55,4596.9
elite_athlete,I4,baseline,2752,43538.719,3037.344,50.622,0.6607,54.1,4596.9
elite_athlete,I4,baseline,2773,43561.594,3060.219,51.004,0.6657,53.33,4596.9
elite_athlete,I4,baseline,2794,43584.68,3083.305,51.388,0.6707,53.72,4596.9
elite_athlete,I4,baseline,2815,43608.727,3107.352,51.789,0.676,52.59,4596.9
elite_athlete,I4,baseline,2836,43631.852,3130.477,52.175,0.681,55.25,4596.9
elite_athlete,I4,baseline,2857,43655.562,3154.187,52.57,0.6862,51.9,4596.9
elite_athlete,I4,baseline,2878,43679.438,3178.063,52.968,0.6914,52.26,4596.9
elite_athlete,I4,baseline,2899,43703.008,3201.633,53.361,0.6965,53.33,4596.9
elite_athlete,I4,baseline,2920,43726.828,3225.453,53.758,0.7017,53.33,4596.9
elite_athlete,I4,baseline,2941,43749.828,3248.453,54.141,0.7067,55.25,4596.9
elite_athlete,I4,baseline,2962,43773.539,3272.164,54.536,0.7118,54.84,4596.9
elite_athlete,I4,baseline,2983,43796.641,3295.266,54.921,0.7168,54.84,4596.9
elite_athlete,I4,baseline,3004,43820.227,3318.852,55.314,0.722,54.45,4596.9
elite_athlete,I4,baseline,3025,43843.789,3342.414,55.707,0.7271,51.19,4596.9
elite_athlete,I4,baseline,3046,43867.68,3366.305,56.105,0.7323,55.25,4596.9
elite_athlete,I4,baseline,3067,43891.766,3390.391,56.507,0.7375,55.66,4596.9
elite_athlete,I4,baseline,3088,43915.992,3414.617,56.91,0.7428,52.59,4596.9
elite_athlete,I4,baseline,3109,43939.797,3438.422,57.307,0.748,57.75,4596.9
elite_athlete,I4,baseline,3130,43962.695,3461.32,57.689,0.753,55.25,4596.9
elite_athlete,I4,baseline,3151,43986.039,3484.664,58.078,0.758,54.45,4596.9
elite_athlete,I4,baseline,3172,44009.344,3507.969,58.466,0.7631,55.25,4596.9
elite_athlete,I4,baseline,3193,44032.805,3531.43,58.857,0.7682,56.5,4596.9
elite_athlete,I4,baseline,3214,44055.875,3554.5,59.242,0.7732,51.55,4596.9
elite_athlete,I4,baseline,3235,44078.766,3577.391,59.623,0.7782,63.49,4596.9
elite_athlete,I4,baseline,3256,44095.305,3593.93,59.899,0.7818,86.33,4596.9
elite_athlete,I4,baseline,3277,44115.305,3613.93,60.232,0.7862,47.69,4596.9
elite_athlete,I4,baseline,3298,44138.82,3637.445,60.624,0.7913,57.75,4596.9
elite_athlete,I4,baseline,3319,44161.945,3660.57,61.01,0.7963,51.19,4596.9
elite_athlete,I4,baseline,3340,44185.156,3683.781,61.396,0.8014,54.45,4596.9
elite_athlete,I4,baseline,3361,44208.016,3706.641,61.777,0.8063,49.55,4596.9
elite_athlete,I4,baseline,3382,44230.25,3728.875,62.148,0.8112,53.33,4596.9
elite_athlete,I4,baseline,3403,44253.164,3751.789,62.53,0.8162,56.5,4596.9
elite_athlete,I4,baseline,3424,44276.125,3774.75,62.913,0.8212,56.87,4596.9
elite_athlete,I4,baseline,3445,44298.273,3796.898,63.282,0.826,59.06,4596.9
elite_athlete,I4,baseline,3466,44320.172,3818.797,63.647,0.8307,64.52,4596.9
elite_athlete,I4,baseline,3487,44342.594,3841.219,64.02,0.8356,57.31,4596.9
elite_athlete,I4,baseline,3508,44364.664,3863.289,64.388,0.8404,51.55,4596.9
elite_athlete,I4,baseline,3529,44387.172,3885.797,64.763,0.8453,63.97,4596.9
elite_athlete,I4,baseline,3550,44410.07,3908.695,65.145,0.8503,54.1,4596.9
elite_athlete,I4,baseline,3571,44433.078,3931.703,65.528,0.8553,54.84,4596.9
elite_athlete,I4,baseline,3592,44455.969,3954.594,65.91,0.8603,60.0,4596.9
elite_athlete,I4,baseline,3613,44478.438,3977.063,66.284,0.8652,55.66,4596.9
elite_athlete,I4,baseline,3634,44501.844,4000.469,66.674,0.8703,62.44,4596.9
elite_athlete,I4,baseline,3655,44524.992,4023.617,67.06,0.8753,59.06,4596.9
elite_athlete,I4,baseline,3676,44547.836,4046.461,67.441,0.8803,52.96,4596.9
elite_athlete,I4,baseline,3697,44569.773,4068.398,67.807,0.885,54.84,4596.9
elite_athlete,I4,baseline,3718,44591.086,4089.711,68.162,0.8897,52.96,4596.9
elite_athlete,I4,baseline,3739,44614.789,4113.414,68.557,0.8948,51.19,4596.9
elite_athlete,I4,baseline,3760,44637.391,4136.016,68.934,0.8997,59.06,4596.9
elite_athlete,I4,baseline,3781,44660.461,4159.086,69.318,0.9048,50.85,4596.9
elite_athlete,I4,baseline,3802,44683.695,4182.32,69.705,0.9098,56.5,4596.9
elite_athlete,I4,baseline,3823,44701.383,4200.008,70.0,0.9137,78.33,4596.9
elite_athlete,I4,baseline,3844,44722.164,4220.789,70.346,0.9182,57.31,4596.9
elite_athlete,I4,baseline,3865,44744.586,4243.211,70.72,0.9231,54.1,4596.9
elite_athlete,I4,baseline,3886,44767.391,4266.016,71.1,0.928,55.25,4596.9
elite_athlete,I4,baseline,3907,44787.734,4286.359,71.439,0.9324,60.48,4596.9
elite_athlete,I4,baseline,3928,44812.016,4310.641,71.844,0.9377,60.0,4596.9
elite_athlete,I4,baseline,3949,44834.492,4333.117,72.219,0.9426,53.33,4596.9
elite_athlete,I4,baseline,3970,44856.211,4354.836,72.581,0.9473,63.97,4596.9
elite_athlete,I4,baseline,3991,44878.484,4377.109,72.952,0.9522,57.31,4596.9
elite_athlete,I4,baseline,4012,44900.703,4399.328,73.322,0.957,59.52,4596.9
elite_athlete,I4,baseline,4033,44923.125,4421.75,73.696,0.9619,65.65,4596.9
elite_athlete,I4,baseline,4054,44939.234,4437.859,73.964,0.9654,84.39,4596.9
elite_athlete,I4,baseline,4075,44961.266,4459.891,74.332,0.9702,50.21,4596.9
elite_athlete,I4,baseline,4096,44984.047,4482.672,74.711,0.9752,51.9,4596.9
elite_athlete,I4,baseline,4117,45007.43,4506.055,75.101,0.9802,48.0,4596.9
elite_athlete,I4,baseline,4138,45030.047,4528.672,75.478,0.9852,56.5,4596.9
elite_athlete,I4,baseline,4159,45052.969,4551.594,75.86,0.9901,52.96,4596.9
elite_athlete,I4,baseline,4180,45076.297,4574.922,76.249,0.9952,51.55,4596.9
elite_athlete,I5,baseline,1,45901.672,0.0,0.0,0.0,44.38,5581.5
elite_athlete,I5,baseline,22,45928.977,27.305,0.455,0.0049,45.73,5581.5
elite_athlete,I5,baseline,43,45954.414,52.742,0.879,0.0094,54.45,5581.5
elite_athlete,I5,baseline,64,45980.742,79.07,1.318,0.0142,47.13,5581.5
elite_athlete,I5,baseline,85,46008.297,106.625,1.777,0.0191,45.18,5581.5
elite_athlete,I5,baseline,106,46036.586,134.914,2.249,0.0242,46.26,5581.5
elite_athlete,I5,baseline,127,46062.211,160.539,2.676,0.0288,54.1,5581.5
elite_athlete,I5,baseline,148,46086.953,185.281,3.088,0.0332,47.13,5581.5
elite_athlete,I5,baseline,169,46114.984,213.312,3.555,0.0382,44.91,5581.5
elite_athlete,I5,baseline,190,46143.516,241.844,4.031,0.0433,44.64,5581.5
elite_athlete,I5,baseline,211,46170.93,269.258,4.488,0.0482,46.55,5581.5
elite_athlete,I5,baseline,232,46199.898,298.226,4.97,0.0534,43.64,5581.5
elite_athlete,I5,baseline,253,46226.172,324.5,5.408,0.0581,48.62,5581.5
elite_athlete,I5,baseline,274,46254.648,352.976,5.883,0.0632,43.89,5581.5
elite_athlete,I5,baseline,295,46281.391,379.719,6.329,0.068,46.84,5581.5
elite_athlete,I5,baseline,316,46309.508,407.836,6.797,0.0731,43.13,5581.5
elite_athlete,I5,baseline,337,46338.133,436.461,7.274,0.0782,44.38,5581.5
elite_athlete,I5,baseline,358,46366.711,465.039,7.751,0.0833,44.15,5581.5
elite_athlete,I5,baseline,379,46394.984,493.312,8.222,0.0884,46.84,5581.5
elite_athlete,I5,baseline,400,46423.852,522.18,8.703,0.0936,43.38,5581.5
elite_athlete,I5,baseline,421,46452.82,551.148,9.186,0.0987,45.45,5581.5
elite_athlete,I5,baseline,442,46482.172,580.5,9.675,0.104,41.72,5581.5
elite_athlete,I5,baseline,463,46511.414,609.742,10.162,0.1092,48.31,5581.5
elite_athlete,I5,baseline,484,46539.828,638.156,10.636,0.1143,41.52,5581.5
elite_athlete,I5,baseline,505,46569.078,667.406,11.123,0.1196,42.92,5581.5
elite_athlete,I5,baseline,526,46598.211,696.539,11.609,0.1248,43.38,5581.5
elite_athlete,I5,baseline,547,46626.727,725.055,12.084,0.1299,42.92,5581.5
elite_athlete,I5,baseline,568,46655.086,753.414,12.557,0.135,43.89,5581.5
elite_athlete,I5,baseline,589,46683.375,781.703,13.028,0.1401,41.07,5581.5
elite_athlete,I5,baseline,610,46712.75,811.078,13.518,0.1453,41.96,5581.5
elite_athlete,I5,baseline,631,46743.469,841.797,14.03,0.1508,42.19,5581.5
elite_athlete,I5,baseline,652,46772.219,870.547,14.509,0.156,42.67,5581.5
elite_athlete,I5,baseline,673,46801.484,899.812,14.997,0.1612,44.38,5581.5
elite_athlete,I5,baseline,694,46831.133,929.461,15.491,0.1665,42.19,5581.5
elite_athlete,I5,baseline,715,46861.18,959.508,15.992,0.1719,42.92,5581.5
elite_athlete,I5,baseline,736,46891.375,989.703,16.495,0.1773,42.92,5581.5
elite_athlete,I5,baseline,757,46919.82,1018.148,16.969,0.1824,43.64,5581.5
elite_athlete,I5,baseline,778,46948.992,1047.32,17.455,0.1876,42.43,5581.5
elite_athlete,I5,baseline,799,46978.195,1076.523,17.942,0.1929,46.55,5581.5
elite_athlete,I5,baseline,820,47006.008,1104.336,18.406,0.1979,45.73,5581.5
elite_athlete,I5,baseline,841,47033.453,1131.781,18.863,0.2028,46.26,5581.5
elite_athlete,I5,baseline,862,47063.234,1161.562,19.359,0.2081,41.07,5581.5
elite_athlete,I5,baseline,883,47092.688,1191.016,19.85,0.2134,42.67,5581.5
elite_athlete,I5,baseline,904,47120.688,1219.016,20.317,0.2184,48.62,5581.5
elite_athlete,I5,baseline,925,47148.32,1246.648,20.777,0.2234,46.84,5581.5
elite_athlete,I5,baseline,946,47175.492,1273.82,21.23,0.2282,50.85,5581.5
elite_athlete,I5,baseline,967,47199.711,1298.039,21.634,0.2326,40.84,5581.5
elite_athlete,I5,baseline,988,47229.461,1327.789,22.13,0.2379,45.45,5581.5
elite_athlete,I5,baseline,1009,47257.25,1355.578,22.593,0.2429,48.31,5581.5
elite_athlete,I5,baseline,1030,47284.492,1382.82,23.047,0.2478,47.13,5581.5
elite_athlete,I5,baseline,1051,47311.914,1410.242,23.504,0.2527,45.45,5581.5
elite_athlete,I5,baseline,1072,47338.406,1436.734,23.946,0.2574,48.62,5581.5
elite_athlete,I5,baseline,1093,47366.703,1465.031,24.417,0.2625,44.38,5581.5
elite_athlete,I5,baseline,1114,47395.156,1493.484,24.891,0.2676,42.92,5581.5
elite_athlete,I5,baseline,1135,47422.57,1520.898,25.348,0.2725,45.98,5581.5
elite_athlete,I5,baseline,1156,47450.195,1548.523,25.809,0.2774,44.64,5581.5
elite_athlete,I5,baseline,1177,47478.703,1577.031,26.284,0.2825,43.38,5581.5
elite_athlete,I5,baseline,1198,47507.945,1606.273,26.771,0.2878,42.92,5581.5
elite_athlete,I5,baseline,1219,47536.742,1635.07,27.251,0.2929,43.38,5581.5
elite_athlete,I5,baseline,1240,47566.227,1664.555,27.743,0.2982,41.96,5581.5
elite_athlete,I5,baseline,1261,47595.492,1693.82,28.23,0.3035,41.96,5581.5
elite_athlete,I5,baseline,1282,47624.961,1723.289,28.721,0.3088,41.07,5581.5
elite_athlete,I5,baseline,1303,47654.352,1752.68,29.211,0.314,44.15,5581.5
elite_athlete,I5,baseline,1324,47683.453,1781.781,29.696,0.3192,43.13,5581.5
elite_athlete,I5,baseline,1345,47713.039,1811.367,30.189,0.3245,43.89,5581.5
elite_athlete,I5,baseline,1366,47742.93,1841.258,30.688,0.3299,41.29,5581.5
elite_athlete,I5,baseline,1387,47772.57,1870.898,31.182,0.3352,41.52,5581.5
elite_athlete,I5,baseline,1408,47801.305,1899.633,31.661,0.3403,46.84,5581.5
elite_athlete,I5,baseline,1429,47831.133,1929.461,32.158,0.3457,41.52,5581.5
elite_athlete,I5,baseline,1450,47860.164,1958.492,32.642,0.3509,45.18,5581.5
elite_athlete,I5,baseline,1471,47889.195,1987.523,33.125,0.3561,43.13,5581.5
elite_athlete,I5,baseline,1492,47917.773,2016.101,33.602,0.3612,44.64,5581.5
elite_athlete,I5,baseline,1513,47945.781,2044.109,34.068,0.3662,42.19,5581.5
elite_athlete,I5,baseline,1534,47974.336,2072.664,34.544,0.3713,43.13,5581.5
elite_athlete,I5,baseline,1555,48002.672,2101.0,35.017,0.3764,40.43,5581.5
elite_athlete,I5,baseline,1576,48031.203,2129.531,35.492,0.3815,46.26,5581.5
elite_athlete,I5,baseline,1597,48059.719,2158.047,35.967,0.3866,44.64,5581.5
elite_athlete,I5,baseline,1618,48087.82,2186.148,36.436,0.3917,45.18,5581.5
elite_athlete,I5,baseline,1639,48115.133,2213.461,36.891,0.3966,44.38,5581.5
elite_athlete,I5,baseline,1660,48143.539,2241.867,37.364,0.4017,40.84,5581.5
elite_athlete,I5,baseline,1681,48172.914,2271.242,37.854,0.4069,46.26,5581.5
elite_athlete,I5,baseline,1702,48201.492,2299.82,38.33,0.412,44.64,5581.5
elite_athlete,I5,baseline,1723,48229.891,2328.219,38.804,0.4171,41.96,5581.5
elite_athlete,I5,baseline,1744,48259.141,2357.469,39.291,0.4224,41.72,5581.5
elite_athlete,I5,baseline,1765,48287.445,2385.773,39.763,0.4274,44.91,5581.5
elite_athlete,I5,baseline,1786,48315.805,2414.133,40.236,0.4325,45.98,5581.5
elite_athlete,I5,baseline,1807,48343.328,2441.656,40.694,0.4375,44.91,5581.5
elite_athlete,I5,baseline,1828,48371.133,2469.461,41.158,0.4424,48.31,5581.5
elite_athlete,I5,baseline,1849,48398.945,2497.273,41.621,0.4474,45.45,5581.5
elite_athlete,I5,baseline,1870,48427.758,2526.086,42.101,0.4526,41.96,5581.5
elite_athlete,I5,baseline,1891,48457.625,2555.953,42.599,0.4579,38.22,5581.5
elite_athlete,I5,baseline,1912,48486.664,2584.992,43.083,0.4631,45.98,5581.5
elite_athlete,I5,baseline,1933,48512.789,2611.117,43.519,0.4678,48.31,5581.5
elite_athlete,I5,baseline,1954,48540.836,2639.164,43.986,0.4728,43.64,5581.5
elite_athlete,I5,baseline,1975,48568.875,2667.203,44.453,0.4779,43.13,5581.5
elite_athlete,I5,baseline,1996,48597.438,2695.766,44.929,0.483,43.38,5581.5
elite_athlete,I5,baseline,2017,48625.531,2723.859,45.398,0.488,44.91,5581.5
elite_athlete,I5,baseline,2038,48653.25,2751.578,45.86,0.493,43.64,5581.5
elite_athlete,I5,baseline,2059,48681.695,2780.023,46.334,0.4981,47.69,5581.5
elite_athlete,I5,baseline,2080,48711.203,2809.531,46.826,0.5034,42.67,5581.5
elite_athlete,I5,baseline,2101,48739.133,2837.461,47.291,0.5084,44.91,5581.5
elite_athlete,I5,baseline,2122,48762.531,2860.859,47.681,0.5126,61.41,5581.5
elite_athlete,I5,baseline,2143,48783.43,2881.758,48.029,0.5163,60.98,5581.5
elite_athlete,I5,baseline,2164,48806.516,2904.844,48.414,0.5204,73.17,5581.5
elite_athlete,I5,baseline,2185,48829.305,2927.633,48.794,0.5245,53.72,5581.5
elite_athlete,I5,baseline,2206,48855.828,2954.156,49.236,0.5293,43.64,5581.5
elite_athlete,I5,baseline,2227,48879.281,2977.609,49.627,0.5335,44.91,5581.5
elite_athlete,I5,baseline,2248,48908.086,3006.414,50.107,0.5386,44.64,5581.5
elite_athlete,I5,baseline,2269,48936.008,3034.336,50.572,0.5436,60.48,5581.5
elite_athlete,I5,baseline,2290,48957.93,3056.258,50.938,0.5476,52.26,5581.5
elite_athlete,I5,baseline,2311,48986.516,3084.844,51.414,0.5527,41.29,5581.5
elite_athlete,I5,baseline,2332,49016.734,3115.062,51.918,0.5581,41.07,5581.5
elite_athlete,I5,baseline,2353,49046.68,3145.008,52.417,0.5635,42.92,5581.5
elite_athlete,I5,baseline,2374,49075.43,3173.758,52.896,0.5686,41.72,5581.5
elite_athlete,I5,baseline,2395,49106.125,3204.453,53.408,0.5741,46.26,5581.5
elite_athlete,I5,baseline,2416,49135.312,3233.64,53.894,0.5794,41.52,5581.5
elite_athlete,I5,baseline,2437,49165.992,3264.32,54.405,0.5848,40.62,5581.5
elite_athlete,I5,baseline,2458,49195.383,3293.711,54.895,0.5901,43.89,5581.5
elite_athlete,I5,baseline,2479,49223.578,3321.906,55.365,0.5952,41.72,5581.5
elite_athlete,I5,baseline,2500,49255.594,3353.922,55.899,0.6009,43.13,5581.5
elite_athlete,I5,baseline,2521,49284.875,3383.203,56.387,0.6061,42.43,5581.5
elite_athlete,I5,baseline,2542,49314.82,3413.148,56.886,0.6115,40.62,5581.5
elite_athlete,I5,baseline,2563,49344.797,3443.125,57.385,0.6169,40.84,5581.5
elite_athlete,I5,baseline,2584,49374.273,3472.601,57.877,0.6222,41.07,5581.5
elite_athlete,I5,baseline,2605,49404.586,3502.914,58.382,0.6276,48.9,5581.5
elite_athlete,I5,baseline,2626,49434.18,3532.508,58.875,0.6329,41.29,5581.5
elite_athlete,I5,baseline,2647,49464.078,3562.406,59.373,0.6383,39.58,5581.5
elite_athlete,I5,baseline,2668,49495.57,3593.898,59.898,0.6439,39.58,5581.5
elite_athlete,I5,baseline,2689,49524.07,3622.398,60.373,0.649,50.85,5581.5
elite_athlete,I5,baseline,2710,49555.211,3653.539,60.892,0.6546,36.56,5581.5
elite_athlete,I5,baseline,2731,49584.539,3682.867,61.381,0.6598,73.17,5581.5
elite_athlete,I5,baseline,2752,49615.242,3713.57,61.893,0.6653,41.72,5581.5
elite_athlete,I5,baseline,2773,49645.688,3744.016,62.4,0.6708,38.59,5581.5
elite_athlete,I5,baseline,2794,49676.391,3774.719,62.912,0.6763,43.13,5581.5
elite_athlete,I5,baseline,2815,49705.484,3803.812,63.397,0.6815,41.29,5581.5
elite_athlete,I5,baseline,2836,49735.477,3833.805,63.897,0.6869,38.59,5581.5
elite_athlete,I5,baseline,2857,49765.93,3864.258,64.404,0.6923,42.92,5581.5
elite_athlete,I5,baseline,2878,49795.68,3894.008,64.9,0.6977,44.91,5581.5
elite_athlete,I5,baseline,2899,49823.531,3921.859,65.364,0.7027,47.69,5581.5
elite_athlete,I5,baseline,2920,49850.844,3949.172,65.82,0.7075,42.92,5581.5
elite_athlete,I5,baseline,2941,49879.117,3977.445,66.291,0.7126,47.39,5581.5
elite_athlete,I5,baseline,2962,49907.242,4005.57,66.76,0.7177,45.45,5581.5
elite_athlete,I5,baseline,2983,49933.594,4031.922,67.199,0.7224,46.55,5581.5
elite_athlete,I5,baseline,3004,49961.453,4059.781,67.663,0.7274,41.07,5581.5
elite_athlete,I5,baseline,3025,49990.719,4089.047,68.151,0.7326,45.73,5581.5
elite_athlete,I5,baseline,3046,50017.539,4115.867,68.598,0.7374,43.64,5581.5
elite_athlete,I5,baseline,3067,50045.453,4143.781,69.063,0.7424,45.45,5581.5
elite_athlete,I5,baseline,3088,50073.031,4171.359,69.523,0.7474,43.13,5581.5
elite_athlete,I5,baseline,3109,50100.211,4198.539,69.976,0.7522,49.22,5581.5
elite_athlete,I5,baseline,3130,50127.812,4226.14,70.436,0.7572,45.45,5581.5
elite_athlete,I5,baseline,3151,50153.547,4251.875,70.865,0.7618,49.88,5581.5
elite_athlete,I5,baseline,3172,50178.898,4277.226,71.287,0.7663,45.98,5581.5
elite_athlete,I5,baseline,3193,50205.93,4304.258,71.738,0.7712,47.13,5581.5
elite_athlete,I5,baseline,3214,50232.227,4330.555,72.176,0.7759,48.62,5581.5
elite_athlete,I5,baseline,3235,50257.484,4355.812,72.597,0.7804,49.22,5581.5
elite_athlete,I5,baseline,3256,50285.641,4383.969,73.066,0.7854,43.89,5581.5
elite_athlete,I5,baseline,3277,50314.031,4412.359,73.539,0.7905,43.64,5581.5
elite_athlete,I5,baseline,3298,50341.82,4440.148,74.002,0.7955,49.88,5581.5
elite_athlete,I5,baseline,3319,50368.562,4466.89,74.448,0.8003,48.0,5581.5
elite_athlete,I5,baseline,3340,50395.562,4493.89,74.898,0.8051,46.84,5581.5
elite_athlete,I5,baseline,3361,50422.195,4520.523,75.342,0.8099,50.85,5581.5
elite_athlete,I5,baseline,3382,50447.766,4546.094,75.768,0.8145,51.19,5581.5
elite_athlete,I5,baseline,3403,50471.102,4569.43,76.157,0.8187,58.2,5581.5
elite_athlete,I5,baseline,3424,50494.281,4592.609,76.543,0.8228,54.45,5581.5
elite_athlete,I5,baseline,3445,50518.273,4616.601,76.943,0.8271,53.33,5581.5
elite_athlete,I5,baseline,3466,50541.883,4640.211,77.337,0.8314,53.72,5581.5
elite_athlete,I5,baseline,3487,50565.789,4664.117,77.735,0.8356,52.96,5581.5
elite_athlete,I5,baseline,3508,50588.57,4686.898,78.115,0.8397,54.1,5581.5
elite_athlete,I5,baseline,3529,50615.57,4713.898,78.565,0.8446,44.91,5581.5
elite_athlete,I5,baseline,3550,50641.883,4740.211,79.004,0.8493,50.51,5581.5
elite_athlete,I5,baseline,3571,50667.898,4766.226,79.437,0.8539,52.26,5581.5
elite_athlete,I5,baseline,3592,50692.008,4790.336,79.839,0.8583,51.19,5581.5
elite_athlete,I5,baseline,3613,50717.445,4815.773,80.263,0.8628,50.21,5581.5
elite_athlete,I5,baseline,3634,50744.031,4842.359,80.706,0.8676,46.84,5581.5
elite_athlete,I5,baseline,3655,50770.406,4868.734,81.146,0.8723,49.22,5581.5
elite_athlete,I5,baseline,3676,50794.875,4893.203,81.553,0.8767,51.55,5581.5
elite_athlete,I5,baseline,3697,50819.383,4917.711,81.962,0.8811,48.62,5581.5
elite_athlete,I5,baseline,3718,50843.914,4942.242,82.371,0.8855,65.08,5581.5
elite_athlete,I5,baseline,3739,50864.648,4962.976,82.716,0.8892,40.0,5581.5
elite_athlete,I5,baseline,3760,50896.68,4995.008,83.25,0.8949,39.4,5581.5
elite_athlete,I5,baseline,3781,50925.68,5024.008,83.733,0.9001,45.73,5581.5
elite_athlete,I5,baseline,3802,50954.625,5052.953,84.216,0.9053,48.0,5581.5
elite_athlete,I5,baseline,3823,50982.953,5081.281,84.688,0.9104,41.29,5581.5
elite_athlete,I5,baseline,3844,51009.859,5108.187,85.136,0.9152,45.18,5581.5
elite_athlete,I5,baseline,3865,51037.039,5135.367,85.589,0.9201,44.91,5581.5
elite_athlete,I5,baseline,3886,51065.516,5163.844,86.064,0.9252,46.55,5581.5
elite_athlete,I5,baseline,3907,51092.852,5191.18,86.52,0.9301,36.41,5581.5
elite_athlete,I5,baseline,3928,51120.969,5219.297,86.988,0.9351,44.38,5581.5
elite_athlete,I5,baseline,3949,51147.938,5246.266,87.438,0.9399,48.31,5581.5
elite_athlete,I5,baseline,3970,51176.617,5274.945,87.916,0.9451,42.92,5581.5
elite_athlete,I5,baseline,3991,51203.734,5302.062,88.368,0.9499,44.38,5581.5
elite_athlete,I5,baseline,4012,51231.367,5329.695,88.828,0.9549,43.64,5581.5
elite_athlete,I5,baseline,4033,51259.617,5357.945,89.299,0.9599,44.91,5581.5
elite_athlete,I5,baseline,4054,51287.812,5386.14,89.769,0.965,43.64,5581.5
elite_athlete,I5,baseline,4075,51316.133,5414.461,90.241,0.9701,42.19,5581.5
elite_athlete,I5,baseline,4096,51345.078,5443.406,90.723,0.9753,41.96,5581.5
elite_athlete,I5,baseline,4117,51372.234,5470.562,91.176,0.9801,45.98,5581.5
elite_athlete,I5,baseline,4138,51399.852,5498.18,91.636,0.9851,44.64,5581.5
elite_athlete,I5,baseline,4159,51427.539,5525.867,92.098,0.99,44.38,5581.5
elite_athlete,I5,baseline,4180,51455.438,5553.766,92.563,0.995,45.73,5581.5
elite_athlete,I6,baseline,1,50402.344,0.0,0.0,0.0,48.0,5420.8
elite_athlete,I6,baseline,22,50427.922,25.578,0.426,0.0047,53.33,5420.8
elite_athlete,I6,baseline,43,50450.617,48.273,0.805,0.0089,52.59,5420.8
elite_athlete,I6,baseline,64,50473.289,70.945,1.182,0.0131,58.65,5420.8
elite_athlete,I6,baseline,85,50499.797,97.453,1.624,0.018,51.55,5420.8
elite_athlete,I6,baseline,106,50524.516,122.172,2.036,0.0225,46.26,5420.8
elite_athlete,I6,baseline,127,50550.094,147.75,2.462,0.0273,45.73,5420.8
elite_athlete,I6,baseline,148,50574.117,171.773,2.863,0.0317,61.92,5420.8
elite_athlete,I6,baseline,169,50600.523,198.179,3.303,0.0366,46.55,5420.8
elite_athlete,I6,baseline,190,50625.781,223.437,3.724,0.0412,52.96,5420.8
elite_athlete,I6,baseline,211,50644.695,242.351,4.039,0.0447,58.65,5420.8
elite_athlete,I6,baseline,232,50671.984,269.64,4.494,0.0497,48.62,5420.8
elite_athlete,I6,baseline,253,50698.242,295.898,4.932,0.0546,51.19,5420.8
elite_athlete,I6,baseline,274,50723.227,320.883,5.348,0.0592,52.26,5420.8
elite_athlete,I6,baseline,295,50747.516,345.172,5.753,0.0637,51.9,5420.8
elite_athlete,I6,baseline,316,50771.859,369.515,6.159,0.0682,51.19,5420.8
elite_athlete,I6,baseline,337,50796.453,394.109,6.568,0.0727,51.19,5420.8
elite_athlete,I6,baseline,358,50820.883,418.539,6.976,0.0772,45.73,5420.8
elite_athlete,I6,baseline,379,50846.734,444.39,7.406,0.082,48.0,5420.8
elite_athlete,I6,baseline,400,50870.867,468.523,7.809,0.0864,47.39,5420.8
elite_athlete,I6,baseline,421,50897.922,495.578,8.26,0.0914,49.88,5420.8
elite_athlete,I6,baseline,442,50924.617,522.273,8.705,0.0963,47.13,5420.8
elite_athlete,I6,baseline,463,50951.023,548.679,9.145,0.1012,44.91,5420.8
elite_athlete,I6,baseline,484,50977.0,574.656,9.578,0.106,49.55,5420.8
elite_athlete,I6,baseline,505,51001.406,599.062,9.984,0.1105,54.1,5420.8
elite_athlete,I6,baseline,526,51029.188,626.844,10.447,0.1156,48.62,5420.8
elite_athlete,I6,baseline,547,51054.586,652.242,10.871,0.1203,63.97,5420.8
elite_athlete,I6,baseline,568,51077.016,674.672,11.245,0.1245,46.84,5420.8
elite_athlete,I6,baseline,589,51103.867,701.523,11.692,0.1294,46.84,5420.8
elite_athlete,I6,baseline,610,51129.664,727.32,12.122,0.1342,50.21,5420.8
elite_athlete,I6,baseline,631,51154.055,751.711,12.529,0.1387,41.52,5420.8
elite_athlete,I6,baseline,652,51181.93,779.586,12.993,0.1438,48.0,5420.8
elite_athlete,I6,baseline,673,51208.172,805.828,13.43,0.1487,50.21,5420.8
elite_athlete,I6,baseline,694,51233.734,831.39,13.857,0.1534,47.69,5420.8
elite_athlete,I6,baseline,715,51259.156,856.812,14.28,0.1581,47.69,5420.8
elite_athlete,I6,baseline,736,51284.844,882.5,14.708,0.1628,49.88,5420.8
elite_athlete,I6,baseline,757,51308.938,906.594,15.11,0.1672,51.19,5420.8
elite_athlete,I6,baseline,778,51334.203,931.859,15.531,0.1719,50.51,5420.8
elite_athlete,I6,baseline,799,51358.867,956.523,15.942,0.1765,49.88,5420.8
elite_athlete,I6,baseline,820,51383.641,981.297,16.355,0.181,51.19,5420.8
elite_athlete,I6,baseline,841,51407.883,1005.539,16.759,0.1855,48.0,5420.8
elite_athlete,I6,baseline,862,51432.703,1030.359,17.173,0.1901,50.85,5420.8
elite_athlete,I6,baseline,883,51458.039,1055.695,17.595,0.1947,50.21,5420.8
elite_athlete,I6,baseline,904,51482.008,1079.664,17.994,0.1992,51.9,5420.8
elite_athlete,I6,baseline,925,51505.719,1103.375,18.39,0.2035,53.72,5420.8
elite_athlete,I6,baseline,946,51530.844,1128.5,18.808,0.2082,52.59,5420.8
elite_athlete,I6,baseline,967,51555.68,1153.336,19.222,0.2128,55.25,5420.8
elite_athlete,I6,baseline,988,51578.805,1176.461,19.608,0.217,48.62,5420.8
elite_athlete,I6,baseline,1009,51603.586,1201.242,20.021,0.2216,49.88,5420.8
elite_athlete,I6,baseline,1030,51626.227,1223.883,20.398,0.2258,60.48,5420.8
elite_athlete,I6,baseline,1051,51649.117,1246.773,20.78,0.23,43.38,5420.8
elite_athlete,I6,baseline,1072,51676.898,1274.554,21.243,0.2351,44.15,5420.8
elite_athlete,I6,baseline,1093,51703.734,1301.39,21.69,0.2401,47.69,5420.8
elite_athlete,I6,baseline,1114,51729.828,1327.484,22.125,0.2449,47.13,5420.8
elite_athlete,I6,baseline,1135,51755.305,1352.961,22.549,0.2496,48.31,5420.8
elite_athlete,I6,baseline,1156,51779.734,1377.39,22.957,0.2541,52.59,5420.8
elite_athlete,I6,baseline,1177,51805.391,1403.047,23.384,0.2588,48.31,5420.8
elite_athlete,I6,baseline,1198,51828.648,1426.304,23.772,0.2631,65.08,5420.8
elite_athlete,I6,baseline,1219,51852.82,1450.476,24.175,0.2676,43.64,5420.8
elite_athlete,I6,baseline,1240,51875.633,1473.289,24.555,0.2718,65.65,5420.8
elite_athlete,I6,baseline,1261,51901.945,1499.601,24.993,0.2766,47.69,5420.8
elite_athlete,I6,baseline,1282,51928.883,1526.539,25.442,0.2816,49.22,5420.8
elite_athlete,I6,baseline,1303,51951.828,1549.484,25.825,0.2858,47.69,5420.8
elite_athlete,I6,baseline,1324,51977.125,1574.781,26.246,0.2905,46.84,5420.8
elite_athlete,I6,baseline,1345,52002.258,1599.914,26.665,0.2951,47.39,5420.8
elite_athlete,I6,baseline,1366,52027.758,1625.414,27.09,0.2998,49.55,5420.8
elite_athlete,I6,baseline,1387,52053.445,1651.101,27.518,0.3046,49.55,5420.8
elite_athlete,I6,baseline,1408,52079.039,1676.695,27.945,0.3093,48.9,5420.8
elite_athlete,I6,baseline,1429,52105.352,1703.008,28.383,0.3142,44.15,5420.8
elite_athlete,I6,baseline,1450,52133.195,1730.851,28.848,0.3193,46.84,5420.8
elite_athlete,I6,baseline,1471,52159.703,1757.359,29.289,0.3242,47.69,5420.8
elite_athlete,I6,baseline,1492,52183.383,1781.039,29.684,0.3286,62.44,5420.8
elite_athlete,I6,baseline,1513,52205.258,1802.914,30.049,0.3326,43.38,5420.8
elite_athlete,I6,baseline,1534,52233.648,1831.304,30.522,0.3378,46.55,5420.8
elite_athlete,I6,baseline,1555,52261.383,1859.039,30.984,0.3429,43.13,5420.8
elite_athlete,I6,baseline,1576,52288.766,1886.422,31.44,0.348,51.55,5420.8
elite_athlete,I6,baseline,1597,52314.164,1911.82,31.864,0.3527,45.98,5420.8
elite_athlete,I6,baseline,1618,52341.633,1939.289,32.321,0.3577,47.13,5420.8
elite_athlete,I6,baseline,1639,52368.242,1965.898,32.765,0.3627,47.69,5420.8
elite_athlete,I6,baseline,1660,52396.5,1994.156,33.236,0.3679,44.91,5420.8
elite_athlete,I6,baseline,1681,52424.305,2021.961,33.699,0.373,47.13,5420.8
elite_athlete,I6,baseline,1702,52452.102,2049.758,34.163,0.3781,45.98,5420.8
elite_athlete,I6,baseline,1723,52478.484,2076.14,34.602,0.383,43.38,5420.8
elite_athlete,I6,baseline,1744,52506.422,2104.078,35.068,0.3881,43.89,5420.8
elite_athlete,I6,baseline,1765,52533.242,2130.898,35.515,0.3931,45.45,5420.8
elite_athlete,I6,baseline,1786,52562.07,2159.726,35.995,0.3984,45.18,5420.8
elite_athlete,I6,baseline,1807,52589.727,2187.383,36.456,0.4035,45.45,5420.8
elite_athlete,I6,baseline,1828,52616.492,2214.148,36.902,0.4085,60.48,5420.8
elite_athlete,I6,baseline,1849,52644.711,2242.367,37.373,0.4137,45.45,5420.8
elite_athlete,I6,baseline,1870,52674.273,2271.929,37.865,0.4191,43.38,5420.8
elite_athlete,I6,baseline,1891,52702.977,2300.633,38.344,0.4244,44.91,5420.8
elite_athlete,I6,baseline,1912,52731.297,2328.953,38.816,0.4296,43.64,5420.8
elite_athlete,I6,baseline,1933,52759.438,2357.094,39.285,0.4348,42.43,5420.8
elite_athlete,I6,baseline,1954,52789.562,2387.218,39.787,0.4404,41.52,5420.8
elite_athlete,I6,baseline,1975,52818.297,2415.953,40.266,0.4457,42.67,5420.8
elite_athlete,I6,baseline,1996,52846.094,2443.75,40.729,0.4508,42.43,5420.8
elite_athlete,I6,baseline,2017,52874.547,2472.203,41.203,0.4561,45.98,5420.8
elite_athlete,I6,baseline,2038,52902.688,2500.344,41.672,0.4612,45.98,5420.8
elite_athlete,I6,baseline,2059,52931.953,2529.609,42.16,0.4666,45.98,5420.8
elite_athlete,I6,baseline,2080,52960.953,2558.609,42.643,0.472,43.89,5420.8
elite_athlete,I6,baseline,2101,52989.758,2587.414,43.124,0.4773,43.64,5420.8
elite_athlete,I6,baseline,2122,53018.125,2615.781,43.596,0.4825,44.15,5420.8
elite_athlete,I6,baseline,2143,53046.305,2643.961,44.066,0.4877,45.45,5420.8
elite_athlete,I6,baseline,2164,53074.734,2672.39,44.54,0.493,43.89,5420.8
elite_athlete,I6,baseline,2185,53102.289,2699.945,44.999,0.4981,42.92,5420.8
elite_athlete,I6,baseline,2206,53130.344,2728.0,45.467,0.5032,43.64,5420.8
elite_athlete,I6,baseline,2227,53158.648,2756.304,45.938,0.5085,44.64,5420.8
elite_athlete,I6,baseline,2248,53187.352,2785.008,46.417,0.5138,44.38,5420.8
elite_athlete,I6,baseline,2269,53216.312,2813.968,46.899,0.5191,43.64,5420.8
elite_athlete,I6,baseline,2290,53244.305,2841.961,47.366,0.5243,38.41,5420.8
elite_athlete,I6,baseline,2311,53274.453,2872.109,47.868,0.5298,44.38,5420.8
elite_athlete,I6,baseline,2332,53302.969,2900.625,48.344,0.5351,46.26,5420.8
elite_athlete,I6,baseline,2353,53331.195,2928.851,48.814,0.5403,41.52,5420.8
elite_athlete,I6,baseline,2374,53360.094,2957.75,49.296,0.5456,42.19,5420.8
elite_athlete,I6,baseline,2395,53388.508,2986.164,49.769,0.5509,43.13,5420.8
elite_athlete,I6,baseline,2416,53416.797,3014.453,50.241,0.5561,45.45,5420.8
elite_athlete,I6,baseline,2437,53444.898,3042.554,50.709,0.5613,43.64,5420.8
elite_athlete,I6,baseline,2458,53473.305,3070.961,51.183,0.5665,45.45,5420.8
elite_athlete,I6,baseline,2479,53502.148,3099.804,51.663,0.5718,42.92,5420.8
elite_athlete,I6,baseline,2500,53530.812,3128.468,52.141,0.5771,40.21,5420.8
elite_athlete,I6,baseline,2521,53559.617,3157.273,52.621,0.5824,41.96,5420.8
elite_athlete,I6,baseline,2542,53588.492,3186.148,53.102,0.5878,43.64,5420.8
elite_athlete,I6,baseline,2563,53617.109,3214.765,53.579,0.593,43.64,5420.8
elite_athlete,I6,baseline,2584,53645.227,3242.883,54.048,0.5982,45.18,5420.8
elite_athlete,I6,baseline,2605,53674.227,3271.883,54.531,0.6036,45.98,5420.8
elite_athlete,I6,baseline,2626,53701.484,3299.14,54.986,0.6086,48.31,5420.8
elite_athlete,I6,baseline,2647,53729.953,3327.609,55.46,0.6139,44.15,5420.8
elite_athlete,I6,baseline,2668,53757.859,3355.515,55.925,0.619,48.31,5420.8
elite_athlete,I6,baseline,2689,53787.031,3384.687,56.411,0.6244,43.13,5420.8
elite_athlete,I6,baseline,2710,53815.547,3413.203,56.887,0.6296,42.19,5420.8
elite_athlete,I6,baseline,2731,53843.781,3441.437,57.357,0.6349,47.69,5420.8
elite_athlete,I6,baseline,2752,53872.359,3470.015,57.834,0.6401,42.19,5420.8
elite_athlete,I6,baseline,2773,53900.531,3498.187,58.303,0.6453,42.43,5420.8
elite_athlete,I6,baseline,2794,53928.625,3526.281,58.771,0.6505,44.15,5420.8
elite_athlete,I6,baseline,2815,53956.805,3554.461,59.241,0.6557,44.15,5420.8
elite_athlete,I6,baseline,2836,53984.68,3582.336,59.706,0.6608,45.98,5420.8
elite_athlete,I6,baseline,2857,54013.281,3610.937,60.182,0.6661,47.69,5420.8
elite_athlete,I6,baseline,2878,54041.906,3639.562,60.659,0.6714,45.98,5420.8
elite_athlete,I6,baseline,2899,54070.242,3667.898,61.132,0.6766,48.31,5420.8
elite_athlete,I6,baseline,2920,54098.406,3696.062,61.601,0.6818,43.64,5420.8
elite_athlete,I6,baseline,2941,54126.938,3724.594,62.077,0.6871,42.92,5420.8
elite_athlete,I6,baseline,2962,54154.812,3752.468,62.541,0.6922,44.38,5420.8
elite_athlete,I6,baseline,2983,54184.469,3782.125,63.035,0.6977,46.26,5420.8
elite_athlete,I6,baseline,3004,54213.156,3810.812,63.514,0.703,43.64,5420.8
elite_athlete,I6,baseline,3025,54241.57,3839.226,63.987,0.7082,46.26,5420.8
elite_athlete,I6,baseline,3046,54270.273,3867.929,64.465,0.7135,42.19,5420.8
elite_athlete,I6,baseline,3067,54299.148,3896.804,64.947,0.7189,41.72,5420.8
elite_athlete,I6,baseline,3088,54327.859,3925.515,65.425,0.7242,44.91,5420.8
elite_athlete,I6,baseline,3109,54356.875,3954.531,65.909,0.7295,41.29,5420.8
elite_athlete,I6,baseline,3130,54385.297,3982.953,66.383,0.7348,45.18,5420.8
elite_athlete,I6,baseline,3151,54413.648,4011.304,66.855,0.74,43.38,5420.8
elite_athlete,I6,baseline,3172,54441.625,4039.281,67.321,0.7451,45.73,5420.8
elite_athlete,I6,baseline,3193,54469.867,4067.523,67.792,0.7504,42.19,5420.8
elite_athlete,I6,baseline,3214,54498.18,4095.836,68.264,0.7556,44.64,5420.8
elite_athlete,I6,baseline,3235,54526.453,4124.109,68.735,0.7608,42.67,5420.8
elite_athlete,I6,baseline,3256,54555.328,4152.984,69.216,0.7661,44.38,5420.8
elite_athlete,I6,baseline,3277,54584.094,4181.75,69.696,0.7714,42.43,5420.8
elite_athlete,I6,baseline,3298,54611.547,4209.203,70.153,0.7765,43.64,5420.8
elite_athlete,I6,baseline,3319,54640.648,4238.304,70.638,0.7819,45.45,5420.8
elite_athlete,I6,baseline,3340,54669.359,4267.015,71.117,0.7872,44.64,5420.8
elite_athlete,I6,baseline,3361,54698.562,4296.218,71.604,0.7925,45.98,5420.8
elite_athlete,I6,baseline,3382,54727.023,4324.679,72.078,0.7978,44.64,5420.8
elite_athlete,I6,baseline,3403,54755.555,4353.211,72.554,0.8031,44.64,5420.8
elite_athlete,I6,baseline,3424,54784.016,4381.672,73.028,0.8083,45.18,5420.8
elite_athlete,I6,baseline,3445,54812.297,4409.953,73.499,0.8135,42.67,5420.8
elite_athlete,I6,baseline,3466,54839.656,4437.312,73.955,0.8186,45.73,5420.8
elite_athlete,I6,baseline,3487,54868.141,4465.797,74.43,0.8238,42.19,5420.8
elite_athlete,I6,baseline,3508,54896.625,4494.281,74.905,0.8291,44.64,5420.8
elite_athlete,I6,baseline,3529,54925.516,4523.172,75.386,0.8344,43.89,5420.8
elite_athlete,I6,baseline,3550,54954.648,4552.304,75.872,0.8398,42.92,5420.8
elite_athlete,I6,baseline,3571,54983.039,4580.695,76.345,0.845,43.89,5420.8
elite_athlete,I6,baseline,3592,55011.969,4609.625,76.827,0.8504,44.64,5420.8
elite_athlete,I6,baseline,3613,55040.75,4638.406,77.307,0.8557,43.13,5420.8
elite_athlete,I6,baseline,3634,55069.117,4666.773,77.78,0.8609,44.64,5420.8
elite_athlete,I6,baseline,3655,55098.141,4695.797,78.263,0.8663,41.72,5420.8
elite_athlete,I6,baseline,3676,55126.891,4724.547,78.742,0.8716,45.18,5420.8
elite_athlete,I6,baseline,3697,55155.18,4752.836,79.214,0.8768,43.38,5420.8
elite_athlete,I6,baseline,3718,55183.797,4781.453,79.691,0.8821,45.45,5420.8
elite_athlete,I6,baseline,3739,55211.352,4809.008,80.15,0.8871,42.67,5420.8
elite_athlete,I6,baseline,3760,55239.625,4837.281,80.621,0.8924,47.13,5420.8
elite_athlete,I6,baseline,3781,55267.859,4865.515,81.092,0.8976,45.18,5420.8
elite_athlete,I6,baseline,3802,55296.445,4894.101,81.568,0.9028,46.26,5420.8
elite_athlete,I6,baseline,3823,55324.719,4922.375,82.04,0.9081,44.15,5420.8
elite_athlete,I6,baseline,3844,55352.992,4950.648,82.511,0.9133,44.91,5420.8
elite_athlete,I6,baseline,3865,55380.984,4978.64,82.977,0.9184,43.89,5420.8
elite_athlete,I6,baseline,3886,55409.07,5006.726,83.445,0.9236,45.73,5420.8
elite_athlete,I6,baseline,3907,55437.25,5034.906,83.915,0.9288,43.89,5420.8
elite_athlete,I6,baseline,3928,55465.492,5063.148,84.386,0.934,44.15,5420.8
elite_athlete,I6,baseline,3949,55493.711,5091.367,84.856,0.9392,47.69,5420.8
elite_athlete,I6,baseline,3970,55521.773,5119.429,85.324,0.9444,44.15,5420.8
elite_athlete,I6,baseline,3991,55549.344,5147.0,85.783,0.9495,46.84,5420.8
elite_athlete,I6,baseline,4012,55577.352,5175.008,86.25,0.9547,42.67,5420.8
elite_athlete,I6,baseline,4033,55606.242,5203.898,86.732,0.96,43.64,5420.8
elite_athlete,I6,baseline,4054,55633.93,5231.586,87.193,0.9651,44.15,5420.8
elite_athlete,I6,baseline,4075,55662.812,5260.468,87.674,0.9704,47.39,5420.8
elite_athlete,I6,baseline,4096,55691.016,5288.672,88.145,0.9756,46.84,5420.8
elite_athlete,I6,baseline,4117,55719.602,5317.258,88.621,0.9809,44.15,5420.8
elite_athlete,I6,baseline,4138,55748.18,5345.836,89.097,0.9862,43.89,5420.8
elite_athlete,I6,baseline,4159,55776.258,5373.914,89.565,0.9913,44.38,5420.8
elite_athlete,I6,baseline,4180,55804.844,5402.5,90.042,0.9966,43.13,5420.8
elite_athlete,I7,baseline,1,34202.586,0.0,0.0,0.0,38.22,6253.0
elite_athlete,I7,baseline,22,34233.875,31.289,0.521,0.005,39.58,6253.0
elite_athlete,I7,baseline,43,34265.695,63.109,1.052,0.0101,39.19,6253.0
elite_athlete,I7,baseline,64,34296.227,93.641,1.561,0.015,42.92,6253.0
elite_athlete,I7,baseline,85,34327.328,124.742,2.079,0.0199,38.59,6253.0
elite_athlete,I7,baseline,106,34359.281,156.695,2.612,0.0251,38.99,6253.0
elite_athlete,I7,baseline,127,34390.453,187.867,3.131,0.03,40.43,6253.0
elite_athlete,I7,baseline,148,34422.227,219.641,3.661,0.0351,39.4,6253.0
elite_athlete,I7,baseline,169,34453.258,250.672,4.178,0.0401,38.41,6253.0
elite_athlete,I7,baseline,190,34484.352,281.766,4.696,0.0451,40.43,6253.0
elite_athlete,I7,baseline,211,34514.969,312.383,5.206,0.05,38.99,6253.0
elite_athlete,I7,baseline,232,34546.719,344.133,5.736,0.055,39.4,6253.0
elite_athlete,I7,baseline,253,34577.531,374.945,6.249,0.06,40.21,6253.0
elite_athlete,I7,baseline,274,34608.953,406.367,6.773,0.065,35.23,6253.0
elite_athlete,I7,baseline,295,34640.719,438.133,7.302,0.0701,41.72,6253.0
elite_athlete,I7,baseline,316,34672.094,469.508,7.825,0.0751,42.19,6253.0
elite_athlete,I7,baseline,337,34703.375,500.789,8.346,0.0801,42.92,6253.0
elite_athlete,I7,baseline,358,34735.219,532.633,8.877,0.0852,37.64,6253.0
elite_athlete,I7,baseline,379,34766.5,563.914,9.399,0.0902,39.79,6253.0
elite_athlete,I7,baseline,400,34797.547,594.961,9.916,0.0951,42.92,6253.0
elite_athlete,I7,baseline,421,34828.938,626.352,10.439,0.1002,42.19,6253.0
elite_athlete,I7,baseline,442,34860.773,658.187,10.97,0.1053,39.19,6253.0
elite_athlete,I7,baseline,463,34893.133,690.547,11.509,0.1104,42.92,6253.0
elite_athlete,I7,baseline,484,34924.633,722.047,12.034,0.1155,40.62,6253.0
elite_athlete,I7,baseline,505,34955.727,753.141,12.552,0.1204,39.4,6253.0
elite_athlete,I7,baseline,526,34987.031,784.445,13.074,0.1255,38.41,6253.0
elite_athlete,I7,baseline,547,35018.43,815.844,13.597,0.1305,40.0,6253.0
elite_athlete,I7,baseline,568,35050.305,847.719,14.129,0.1356,39.58,6253.0
elite_athlete,I7,baseline,589,35081.32,878.734,14.646,0.1405,40.62,6253.0
elite_athlete,I7,baseline,610,35112.555,909.969,15.166,0.1455,41.72,6253.0
elite_athlete,I7,baseline,631,35143.844,941.258,15.688,0.1505,40.21,6253.0
elite_athlete,I7,baseline,652,35175.023,972.437,16.207,0.1555,39.79,6253.0
elite_athlete,I7,baseline,673,35205.289,1002.703,16.712,0.1604,39.79,6253.0
elite_athlete,I7,baseline,694,35235.766,1033.18,17.22,0.1652,38.99,6253.0
elite_athlete,I7,baseline,715,35268.008,1065.422,17.757,0.1704,41.96,6253.0
elite_athlete,I7,baseline,736,35299.75,1097.164,18.286,0.1755,39.58,6253.0
elite_athlete,I7,baseline,757,35330.398,1127.812,18.797,0.1804,44.15,6253.0
elite_athlete,I7,baseline,778,35360.297,1157.711,19.295,0.1851,39.58,6253.0
elite_athlete,I7,baseline,799,35392.25,1189.664,19.828,0.1903,40.84,6253.0
elite_athlete,I7,baseline,820,35424.133,1221.547,20.359,0.1954,39.58,6253.0
elite_athlete,I7,baseline,841,35455.617,1253.031,20.884,0.2004,38.41,6253.0
elite_athlete,I7,baseline,862,35487.273,1284.687,21.411,0.2054,40.84,6253.0
elite_athlete,I7,baseline,883,35518.672,1316.086,21.935,0.2105,39.58,6253.0
elite_athlete,I7,baseline,904,35550.156,1347.57,22.459,0.2155,37.83,6253.0
elite_athlete,I7,baseline,925,35581.047,1378.461,22.974,0.2204,40.84,6253.0
elite_athlete,I7,baseline,946,35612.758,1410.172,23.503,0.2255,40.21,6253.0
elite_athlete,I7,baseline,967,35643.109,1440.523,24.009,0.2304,40.84,6253.0
elite_athlete,I7,baseline,988,35673.625,1471.039,24.517,0.2353,39.4,6253.0
elite_athlete,I7,baseline,1009,35705.891,1503.305,25.055,0.2404,40.0,6253.0
elite_athlete,I7,baseline,1030,35736.992,1534.406,25.573,0.2454,39.4,6253.0
elite_athlete,I7,baseline,1051,35768.289,1565.703,26.095,0.2504,43.38,6253.0
elite_athlete,I7,baseline,1072,35798.867,1596.281,26.605,0.2553,44.15,6253.0
elite_athlete,I7,baseline,1093,35830.789,1628.203,27.137,0.2604,41.29,6253.0
elite_athlete,I7,baseline,1114,35861.953,1659.367,27.656,0.2654,42.19,6253.0
elite_athlete,I7,baseline,1135,35891.883,1689.297,28.155,0.2702,40.43,6253.0
elite_athlete,I7,baseline,1156,35922.82,1720.234,28.671,0.2751,39.4,6253.0
elite_athlete,I7,baseline,1177,35953.812,1751.226,29.187,0.2801,40.0,6253.0
elite_athlete,I7,baseline,1198,35985.68,1783.094,29.718,0.2852,41.29,6253.0
elite_athlete,I7,baseline,1219,36016.773,1814.187,30.236,0.2901,41.29,6253.0
elite_athlete,I7,baseline,1240,36048.898,1846.312,30.772,0.2953,40.62,6253.0
elite_athlete,I7,baseline,1261,36080.203,1877.617,31.294,0.3003,40.0,6253.0
elite_athlete,I7,baseline,1282,36111.414,1908.828,31.814,0.3053,39.19,6253.0
elite_athlete,I7,baseline,1303,36143.016,1940.43,32.34,0.3103,40.43,6253.0
elite_athlete,I7,baseline,1324,36173.367,1970.781,32.846,0.3152,43.13,6253.0
elite_athlete,I7,baseline,1345,36205.211,2002.625,33.377,0.3203,42.19,6253.0
elite_athlete,I7,baseline,1366,36235.227,2032.641,33.877,0.3251,41.72,6253.0
elite_athlete,I7,baseline,1387,36267.273,2064.687,34.411,0.3302,38.02,6253.0
elite_athlete,I7,baseline,1408,36298.914,2096.328,34.939,0.3352,44.91,6253.0
elite_athlete,I7,baseline,1429,36324.461,2121.875,35.365,0.3393,41.96,6253.0
elite_athlete,I7,baseline,1450,36355.492,2152.906,35.882,0.3443,40.0,6253.0
elite_athlete,I7,baseline,1471,36383.977,2181.391,36.357,0.3489,46.26,6253.0
elite_athlete,I7,baseline,1492,36413.695,2211.109,36.852,0.3536,39.19,6253.0
elite_athlete,I7,baseline,1513,36443.898,2241.312,37.355,0.3584,40.62,6253.0
elite_athlete,I7,baseline,1534,36473.539,2270.953,37.849,0.3632,42.19,6253.0
elite_athlete,I7,baseline,1555,36505.031,2302.445,38.374,0.3682,40.62,6253.0
elite_athlete,I7,baseline,1576,36536.0,2333.414,38.89,0.3732,40.21,6253.0
elite_athlete,I7,baseline,1597,36566.844,2364.258,39.404,0.3781,41.29,6253.0
elite_athlete,I7,baseline,1618,36597.586,2395.0,39.917,0.383,39.79,6253.0
elite_athlete,I7,baseline,1639,36627.812,2425.226,40.42,0.3878,48.31,6253.0
elite_athlete,I7,baseline,1660,36652.008,2449.422,40.824,0.3917,53.72,6253.0
elite_athlete,I7,baseline,1681,36676.008,2473.422,41.224,0.3956,42.67,6253.0
elite_athlete,I7,baseline,1702,36706.438,2503.852,41.731,0.4004,40.21,6253.0
elite_athlete,I7,baseline,1723,36736.516,2533.93,42.232,0.4052,38.59,6253.0
elite_athlete,I7,baseline,1744,36768.141,2565.555,42.759,0.4103,43.64,6253.0
elite_athlete,I7,baseline,1765,36799.039,2596.453,43.274,0.4152,38.99,6253.0
elite_athlete,I7,baseline,1786,36829.398,2626.812,43.78,0.4201,36.92,6253.0
elite_athlete,I7,baseline,1807,36860.898,2658.312,44.305,0.4251,40.0,6253.0
elite_athlete,I7,baseline,1828,36892.422,2689.836,44.831,0.4302,41.07,6253.0
elite_athlete,I7,baseline,1849,36924.328,2721.742,45.362,0.4353,37.29,6253.0
elite_athlete,I7,baseline,1870,36956.039,2753.453,45.891,0.4403,41.29,6253.0
elite_athlete,I7,baseline,1891,36988.289,2785.703,46.428,0.4455,44.15,6253.0
elite_athlete,I7,baseline,1912,37019.68,2817.094,46.952,0.4505,43.89,6253.0
elite_athlete,I7,baseline,1933,37050.469,2847.883,47.465,0.4554,40.43,6253.0
elite_athlete,I7,baseline,1954,37083.305,2880.719,48.012,0.4607,39.19,6253.0
elite_athlete,I7,baseline,1975,37115.594,2913.008,48.55,0.4659,36.06,6253.0
elite_athlete,I7,baseline,1996,37147.508,2944.922,49.082,0.471,40.84,6253.0
elite_athlete,I7,baseline,2017,37177.719,2975.133,49.586,0.4758,42.43,6253.0
elite_athlete,I7,baseline,2038,37210.258,3007.672,50.128,0.481,36.56,6253.0
elite_athlete,I7,baseline,2059,37243.016,3040.43,50.674,0.4862,42.67,6253.0
elite_athlete,I7,baseline,2080,37274.391,3071.805,51.197,0.4912,38.99,6253.0
elite_athlete,I7,baseline,2101,37306.914,3104.328,51.739,0.4965,37.83,6253.0
elite_athlete,I7,baseline,2122,37340.047,3137.461,52.291,0.5017,35.71,6253.0
elite_athlete,I7,baseline,2143,37370.273,3167.687,52.795,0.5066,46.26,6253.0
elite_athlete,I7,baseline,2164,37403.164,3200.578,53.343,0.5118,36.56,6253.0
elite_athlete,I7,baseline,2185,37434.797,3232.211,53.87,0.5169,36.56,6253.0
elite_athlete,I7,baseline,2206,37467.641,3265.055,54.418,0.5222,39.19,6253.0
elite_athlete,I7,baseline,2227,37497.805,3295.219,54.92,0.527,39.58,6253.0
elite_athlete,I7,baseline,2248,37530.711,3328.125,55.469,0.5322,37.29,6253.0
elite_athlete,I7,baseline,2269,37561.438,3358.852,55.981,0.5372,37.64,6253.0
elite_athlete,I7,baseline,2290,37594.047,3391.461,56.524,0.5424,35.89,6253.0
elite_athlete,I7,baseline,2311,37624.492,3421.906,57.032,0.5472,45.98,6253.0
elite_athlete,I7,baseline,2332,37656.859,3454.273,57.571,0.5524,35.55,6253.0
elite_athlete,I7,baseline,2353,37688.391,3485.805,58.097,0.5575,38.78,6253.0
elite_athlete,I7,baseline,2374,37720.5,3517.914,58.632,0.5626,40.62,6253.0
elite_athlete,I7,baseline,2395,37751.359,3548.773,59.146,0.5675,38.41,6253.0
elite_athlete,I7,baseline,2416,37784.484,3581.898,59.698,0.5728,35.4,6253.0
elite_athlete,I7,baseline,2437,37816.664,3614.078,60.235,0.578,40.43,6253.0
elite_athlete,I7,baseline,2458,37849.305,3646.719,60.779,0.5832,39.79,6253.0
elite_athlete,I7,baseline,2479,37881.0,3678.414,61.307,0.5883,38.22,6253.0
elite_athlete,I7,baseline,2500,37914.211,3711.625,61.86,0.5936,38.41,6253.0
elite_athlete,I7,baseline,2521,37943.477,3740.891,62.348,0.5983,35.55,6253.0
elite_athlete,I7,baseline,2542,37976.359,3773.773,62.896,0.6035,43.89,6253.0
elite_athlete,I7,baseline,2563,38009.156,3806.57,63.443,0.6088,39.19,6253.0
elite_athlete,I7,baseline,2584,38040.539,3837.953,63.966,0.6138,36.56,6253.0
elite_athlete,I7,baseline,2605,38073.742,3871.156,64.519,0.6191,38.59,6253.0
elite_athlete,I7,baseline,2626,38106.008,3903.422,65.057,0.6242,34.9,6253.0
elite_athlete,I7,baseline,2647,38134.75,3932.164,65.536,0.6288,38.78,6253.0
elite_athlete,I7,baseline,2668,38160.039,3957.453,65.958,0.6329,59.06,6253.0
elite_athlete,I7,baseline,2689,38190.422,3987.836,66.464,0.6377,38.59,6253.0
elite_athlete,I7,baseline,2710,38224.211,4021.625,67.027,0.6431,40.84,6253.0
elite_athlete,I7,baseline,2731,38255.0,4052.414,67.54,0.6481,37.83,6253.0
elite_athlete,I7,baseline,2752,38287.508,4084.922,68.082,0.6533,37.11,6253.0
elite_athlete,I7,baseline,2773,38318.562,4115.976,68.6,0.6582,40.43,6253.0
elite_athlete,I7,baseline,2794,38349.969,4147.383,69.123,0.6633,44.15,6253.0
elite_athlete,I7,baseline,2815,38382.523,4179.937,69.666,0.6685,41.07,6253.0
elite_athlete,I7,baseline,2836,38414.68,4212.094,70.202,0.6736,41.96,6253.0
elite_athlete,I7,baseline,2857,38447.461,4244.875,70.748,0.6788,37.11,6253.0
elite_athlete,I7,baseline,2878,38478.984,4276.398,71.273,0.6839,42.67,6253.0
elite_athlete,I7,baseline,2899,38510.555,4307.969,71.799,0.6889,38.02,6253.0
elite_athlete,I7,baseline,2920,38543.719,4341.133,72.352,0.6942,38.22,6253.0
elite_athlete,I7,baseline,2941,38574.586,4372.0,72.867,0.6992,39.4,6253.0
elite_athlete,I7,baseline,2962,38607.25,4404.664,73.411,0.7044,39.79,6253.0
elite_athlete,I7,baseline,2983,38640.188,4437.602,73.96,0.7097,32.54,6253.0
elite_athlete,I7,baseline,3004,38674.484,4471.898,74.532,0.7152,34.29,6253.0
elite_athlete,I7,baseline,3025,38706.961,4504.375,75.073,0.7203,37.64,6253.0
elite_athlete,I7,baseline,3046,38740.367,4537.781,75.63,0.7257,37.11,6253.0
elite_athlete,I7,baseline,3067,38773.281,4570.695,76.178,0.731,36.74,6253.0
elite_athlete,I7,baseline,3088,38806.539,4603.953,76.733,0.7363,35.07,6253.0
elite_athlete,I7,baseline,3109,38839.383,4636.797,77.28,0.7415,35.55,6253.0
elite_athlete,I7,baseline,3130,38871.43,4668.844,77.814,0.7467,43.89,6253.0
elite_athlete,I7,baseline,3151,38902.422,4699.836,78.331,0.7516,42.43,6253.0
elite_athlete,I7,baseline,3172,38935.07,4732.484,78.875,0.7568,36.23,6253.0
elite_athlete,I7,baseline,3193,38966.602,4764.016,79.4,0.7619,37.64,6253.0
elite_athlete,I7,baseline,3214,38998.953,4796.367,79.939,0.767,39.79,6253.0
elite_athlete,I7,baseline,3235,39031.172,4828.586,80.476,0.7722,36.92,6253.0
elite_athlete,I7,baseline,3256,39062.164,4859.578,80.993,0.7772,38.02,6253.0
elite_athlete,I7,baseline,3277,39093.57,4890.984,81.516,0.7822,38.41,6253.0
elite_athlete,I7,baseline,3298,39121.906,4919.32,81.989,0.7867,46.84,6253.0
elite_athlete,I7,baseline,3319,39153.086,4950.5,82.508,0.7917,41.29,6253.0
elite_athlete,I7,baseline,3340,39185.141,4982.555,83.043,0.7968,39.79,6253.0
elite_athlete,I7,baseline,3361,39217.805,5015.219,83.587,0.802,39.79,6253.0
elite_athlete,I7,baseline,3382,39250.422,5047.836,84.131,0.8073,42.19,6253.0
elite_athlete,I7,baseline,3403,39281.25,5078.664,84.644,0.8122,38.22,6253.0
elite_athlete,I7,baseline,3424,39313.367,5110.781,85.18,0.8173,35.89,6253.0
elite_athlete,I7,baseline,3445,39346.031,5143.445,85.724,0.8226,38.99,6253.0
elite_athlete,I7,baseline,3466,39375.094,5172.508,86.208,0.8272,42.19,6253.0
elite_athlete,I7,baseline,3487,39400.547,5197.961,86.633,0.8313,54.1,6253.0
elite_athlete,I7,baseline,3508,39434.055,5231.469,87.191,0.8366,39.19,6253.0
elite_athlete,I7,baseline,3529,39465.062,5262.476,87.708,0.8416,40.62,6253.0
elite_athlete,I7,baseline,3550,39496.531,5293.945,88.232,0.8466,40.62,6253.0
elite_athlete,I7,baseline,3571,39528.375,5325.789,88.763,0.8517,40.62,6253.0
elite_athlete,I7,baseline,3592,39559.781,5357.195,89.287,0.8567,41.07,6253.0
elite_athlete,I7,baseline,3613,39591.836,5389.25,89.821,0.8619,39.58,6253.0
elite_athlete,I7,baseline,3634,39623.211,5420.625,90.344,0.8669,41.52,6253.0
elite_athlete,I7,baseline,3655,39653.555,5450.969,90.849,0.8717,39.79,6253.0
elite_athlete,I7,baseline,3676,39684.195,5481.609,91.36,0.8766,39.58,6253.0
elite_athlete,I7,baseline,3697,39713.578,5510.992,91.85,0.8813,43.64,6253.0
elite_athlete,I7,baseline,3718,39742.758,5540.172,92.336,0.886,41.96,6253.0
elite_athlete,I7,baseline,3739,39774.609,5572.023,92.867,0.8911,39.4,6253.0
elite_athlete,I7,baseline,3760,39806.383,5603.797,93.397,0.8962,40.0,6253.0
elite_athlete,I7,baseline,3781,39836.453,5633.867,93.898,0.901,41.96,6253.0
elite_athlete,I7,baseline,3802,39868.695,5666.109,94.435,0.9061,37.83,6253.0
elite_athlete,I7,baseline,3823,39895.914,5693.328,94.889,0.9105,56.07,6253.0
elite_athlete,I7,baseline,3844,39924.383,5721.797,95.363,0.915,38.22,6253.0
elite_athlete,I7,baseline,3865,39955.039,5752.453,95.874,0.9199,41.07,6253.0
elite_athlete,I7,baseline,3886,39987.148,5784.562,96.409,0.9251,38.22,6253.0
elite_athlete,I7,baseline,3907,40019.219,5816.633,96.944,0.9302,41.52,6253.0
elite_athlete,I7,baseline,3928,40049.57,5846.984,97.45,0.9351,38.78,6253.0
elite_athlete,I7,baseline,3949,40080.367,5877.781,97.963,0.94,40.21,6253.0
elite_athlete,I7,baseline,3970,40111.297,5908.711,98.479,0.9449,40.62,6253.0
elite_athlete,I7,baseline,3991,40142.562,5939.976,99.0,0.9499,42.92,6253.0
elite_athlete,I7,baseline,4012,40173.82,5971.234,99.521,0.9549,42.92,6253.0
elite_athlete,I7,baseline,4033,40204.953,6002.367,100.039,0.9599,43.38,6253.0
elite_athlete,I7,baseline,4054,40236.836,6034.25,100.571,0.965,35.89,6253.0
elite_athlete,I7,baseline,4075,40266.914,6064.328,101.072,0.9698,42.43,6253.0
elite_athlete,I7,baseline,4096,40298.953,6096.367,101.606,0.9749,37.11,6253.0
elite_athlete,I7,baseline,4117,40331.266,6128.68,102.145,0.9801,38.78,6253.0
elite_athlete,I7,baseline,4138,40362.461,6159.875,102.665,0.9851,37.64,6253.0
elite_athlete,I7,baseline,4159,40394.469,6191.883,103.198,0.9902,43.38,6253.0
elite_athlete,I7,baseline,4180,40426.125,6223.539,103.726,0.9953,39.4,6253.0
elite_athlete,I8,baseline,1,35101.828,0.0,0.0,0.0,47.39,5125.4
elite_athlete,I8,baseline,22,35127.508,25.68,0.428,0.005,55.25,5125.4
elite_athlete,I8,baseline,43,35152.102,50.274,0.838,0.0098,43.13,5125.4
elite_athlete,I8,baseline,64,35178.148,76.32,1.272,0.0149,56.87,5125.4
elite_athlete,I8,baseline,85,35204.227,102.399,1.707,0.02,52.59,5125.4
elite_athlete,I8,baseline,106,35228.938,127.11,2.119,0.0248,55.25,5125.4
elite_athlete,I8,baseline,127,35255.055,153.227,2.554,0.0299,48.0,5125.4
elite_athlete,I8,baseline,148,35281.43,179.602,2.993,0.035,49.55,5125.4
elite_athlete,I8,baseline,169,35308.039,206.211,3.437,0.0402,46.84,5125.4
elite_athlete,I8,baseline,190,35333.945,232.117,3.869,0.0453,42.43,5125.4
elite_athlete,I8,baseline,211,35356.867,255.039,4.251,0.0498,75.28,5125.4
elite_athlete,I8,baseline,232,35372.977,271.149,4.519,0.0529,88.24,5125.4
elite_athlete,I8,baseline,253,35397.156,295.328,4.922,0.0576,43.64,5125.4
elite_athlete,I8,baseline,274,35425.734,323.906,5.398,0.0632,42.43,5125.4
elite_athlete,I8,baseline,295,35452.391,350.563,5.843,0.0684,40.0,5125.4
elite_athlete,I8,baseline,316,35477.695,375.867,6.264,0.0733,47.69,5125.4
elite_athlete,I8,baseline,337,35503.078,401.25,6.688,0.0783,40.62,5125.4
elite_athlete,I8,baseline,358,35530.172,428.344,7.139,0.0836,41.52,5125.4
elite_athlete,I8,baseline,379,35555.992,454.164,7.569,0.0886,59.52,5125.4
elite_athlete,I8,baseline,400,35580.219,478.391,7.973,0.0933,57.31,5125.4
elite_athlete,I8,baseline,421,35607.336,505.508,8.425,0.0986,45.98,5125.4
elite_athlete,I8,baseline,442,35633.836,532.008,8.867,0.1038,44.91,5125.4
elite_athlete,I8,baseline,463,35659.328,557.5,9.292,0.1088,39.58,5125.4
elite_athlete,I8,baseline,484,35686.484,584.656,9.744,0.1141,38.41,5125.4
elite_athlete,I8,baseline,505,35713.883,612.055,10.201,0.1194,50.21,5125.4
elite_athlete,I8,baseline,526,35740.211,638.383,10.64,0.1246,43.13,5125.4
elite_athlete,I8,baseline,547,35766.477,664.649,11.077,0.1297,65.08,5125.4
elite_athlete,I8,baseline,568,35793.281,691.453,11.524,0.1349,44.38,5125.4
elite_athlete,I8,baseline,589,35819.781,717.953,11.966,0.1401,52.96,5125.4
elite_athlete,I8,baseline,610,35844.008,742.18,12.37,0.1448,41.29,5125.4
elite_athlete,I8,baseline,631,35869.805,767.977,12.8,0.1498,37.83,5125.4
elite_athlete,I8,baseline,652,35897.719,795.891,13.265,0.1553,42.19,5125.4
elite_athlete,I8,baseline,673,35923.32,821.492,13.692,0.1603,67.95,5125.4
elite_athlete,I8,baseline,694,35950.031,848.203,14.137,0.1655,69.85,5125.4
elite_athlete,I8,baseline,715,35977.18,875.352,14.589,0.1708,48.0,5125.4
elite_athlete,I8,baseline,736,36002.18,900.352,15.006,0.1757,58.65,5125.4
elite_athlete,I8,baseline,757,36030.023,928.195,15.47,0.1811,45.18,5125.4
elite_athlete,I8,baseline,778,36054.555,952.727,15.879,0.1859,42.92,5125.4
elite_athlete,I8,baseline,799,36080.602,978.774,16.313,0.191,44.91,5125.4
elite_athlete,I8,baseline,820,36106.258,1004.43,16.741,0.196,50.21,5125.4
elite_athlete,I8,baseline,841,36133.047,1031.219,17.187,0.2012,50.21,5125.4
elite_athlete,I8,baseline,862,36158.352,1056.524,17.609,0.2061,41.52,5125.4
elite_athlete,I8,baseline,883,36185.43,1083.602,18.06,0.2114,44.38,5125.4
elite_athlete,I8,baseline,904,36211.016,1109.188,18.486,0.2164,41.29,5125.4
elite_athlete,I8,baseline,925,36237.375,1135.547,18.926,0.2216,42.92,5125.4
elite_athlete,I8,baseline,946,36262.766,1160.938,19.349,0.2265,46.84,5125.4
elite_athlete,I8,baseline,967,36288.57,1186.742,19.779,0.2315,56.5,5125.4
elite_athlete,I8,baseline,988,36315.062,1213.234,20.221,0.2367,50.51,5125.4
elite_athlete,I8,baseline,1009,36340.961,1239.133,20.652,0.2418,56.87,5125.4
elite_athlete,I8,baseline,1030,36366.93,1265.102,21.085,0.2468,56.07,5125.4
elite_athlete,I8,baseline,1051,36393.5,1291.672,21.528,0.252,44.38,5125.4
elite_athlete,I8,baseline,1072,36418.5,1316.672,21.945,0.2569,45.45,5125.4
elite_athlete,I8,baseline,1093,36443.695,1341.867,22.364,0.2618,56.87,5125.4
elite_athlete,I8,baseline,1114,36469.375,1367.547,22.792,0.2668,56.5,5125.4
elite_athlete,I8,baseline,1135,36494.68,1392.852,23.214,0.2718,48.62,5125.4
elite_athlete,I8,baseline,1156,36520.273,1418.445,23.641,0.2767,54.1,5125.4
elite_athlete,I8,baseline,1177,36546.281,1444.453,24.074,0.2818,47.69,5125.4
elite_athlete,I8,baseline,1198,36571.859,1470.031,24.501,0.2868,49.88,5125.4
elite_athlete,I8,baseline,1219,36597.648,1495.82,24.93,0.2918,55.25,5125.4
elite_athlete,I8,baseline,1240,36623.203,1521.375,25.356,0.2968,54.45,5125.4
elite_athlete,I8,baseline,1261,36648.672,1546.844,25.781,0.3018,44.38,5125.4
elite_athlete,I8,baseline,1282,36674.289,1572.461,26.208,0.3068,45.98,5125.4
elite_athlete,I8,baseline,1303,36699.57,1597.742,26.629,0.3117,42.43,5125.4
elite_athlete,I8,baseline,1324,36725.211,1623.383,27.056,0.3167,48.0,5125.4
elite_athlete,I8,baseline,1345,36750.539,1648.711,27.479,0.3217,56.07,5125.4
elite_athlete,I8,baseline,1366,36776.195,1674.367,27.906,0.3267,48.9,5125.4
elite_athlete,I8,baseline,1387,36801.844,1700.016,28.334,0.3317,51.19,5125.4
elite_athlete,I8,baseline,1408,36827.625,1725.797,28.763,0.3367,52.26,5125.4
elite_athlete,I8,baseline,1429,36853.109,1751.281,29.188,0.3417,42.67,5125.4
elite_athlete,I8,baseline,1450,36878.148,1776.32,29.605,0.3466,56.87,5125.4
elite_athlete,I8,baseline,1471,36903.82,1801.992,30.033,0.3516,53.72,5125.4
elite_athlete,I8,baseline,1492,36929.43,1827.602,30.46,0.3566,44.38,5125.4
elite_athlete,I8,baseline,1513,36955.32,1853.492,30.892,0.3616,42.92,5125.4
elite_athlete,I8,baseline,1534,36980.508,1878.68,31.311,0.3665,54.84,5125.4
elite_athlete,I8,baseline,1555,37006.656,1904.828,31.747,0.3716,47.13,5125.4
elite_athlete,I8,baseline,1576,37032.914,1931.086,32.185,0.3768,50.85,5125.4
elite_athlete,I8,baseline,1597,37058.281,1956.453,32.608,0.3817,56.07,5125.4
elite_athlete,I8,baseline,1618,37084.141,1982.313,33.039,0.3868,45.18,5125.4
elite_athlete,I8,baseline,1639,37111.312,2009.484,33.491,0.3921,43.38,5125.4
elite_athlete,I8,baseline,1660,37137.852,2036.024,33.934,0.3972,56.5,5125.4
elite_athlete,I8,baseline,1681,37163.836,2062.008,34.367,0.4023,51.9,5125.4
elite_athlete,I8,baseline,1702,37189.211,2087.383,34.79,0.4073,50.51,5125.4
elite_athlete,I8,baseline,1723,37215.281,2113.453,35.224,0.4123,46.26,5125.4
elite_athlete,I8,baseline,1744,37240.383,2138.555,35.643,0.4172,44.64,5125.4
elite_athlete,I8,baseline,1765,37267.008,2165.18,36.086,0.4224,48.9,5125.4
elite_athlete,I8,baseline,1786,37292.703,2190.875,36.515,0.4275,47.13,5125.4
elite_athlete,I8,baseline,1807,37318.25,2216.422,36.94,0.4324,47.13,5125.4
elite_athlete,I8,baseline,1828,37343.328,2241.5,37.358,0.4373,60.0,5125.4
elite_athlete,I8,baseline,1849,37369.281,2267.453,37.791,0.4424,50.21,5125.4
elite_athlete,I8,baseline,1870,37395.203,2293.375,38.223,0.4474,49.88,5125.4
elite_athlete,I8,baseline,1891,37421.195,2319.367,38.656,0.4525,46.26,5125.4
elite_athlete,I8,baseline,1912,37446.852,2345.024,39.084,0.4575,46.26,5125.4
elite_athlete,I8,baseline,1933,37472.703,2370.875,39.515,0.4626,49.22,5125.4
elite_athlete,I8,baseline,1954,37498.836,2397.008,39.95,0.4677,47.39,5125.4
elite_athlete,I8,baseline,1975,37525.383,2423.555,40.393,0.4728,46.26,5125.4
elite_athlete,I8,baseline,1996,37550.43,2448.602,40.81,0.4777,46.26,5125.4
elite_athlete,I8,baseline,2017,37576.68,2474.852,41.248,0.4829,46.84,5125.4
elite_athlete,I8,baseline,2038,37596.781,2494.953,41.583,0.4868,48.62,5125.4
elite_athlete,I8,baseline,2059,37623.492,2521.664,42.028,0.492,44.64,5125.4
elite_athlete,I8,baseline,2080,37649.281,2547.453,42.458,0.497,40.84,5125.4
elite_athlete,I8,baseline,2101,37674.641,2572.813,42.88,0.502,51.55,5125.4
elite_athlete,I8,baseline,2122,37701.469,2599.641,43.327,0.5072,43.89,5125.4
elite_athlete,I8,baseline,2143,37727.711,2625.883,43.765,0.5123,49.88,5125.4
elite_athlete,I8,baseline,2164,37753.633,2651.805,44.197,0.5174,55.66,5125.4
elite_athlete,I8,baseline,2185,37779.477,2677.649,44.627,0.5224,47.39,5125.4
elite_athlete,I8,baseline,2206,37805.266,2703.438,45.057,0.5275,55.66,5125.4
elite_athlete,I8,baseline,2227,37831.773,2729.945,45.499,0.5326,59.06,5125.4
elite_athlete,I8,baseline,2248,37856.445,2754.617,45.91,0.5374,70.42,5125.4
elite_athlete,I8,baseline,2269,37873.961,2772.133,46.202,0.5409,73.89,5125.4
elite_athlete,I8,baseline,2290,37891.367,2789.539,46.492,0.5443,52.59,5125.4
elite_athlete,I8,baseline,2311,37917.711,2815.883,46.931,0.5494,49.22,5125.4
elite_athlete,I8,baseline,2332,37943.617,2841.789,47.363,0.5544,47.69,5125.4
elite_athlete,I8,baseline,2353,37967.539,2865.711,47.762,0.5591,54.45,5125.4
elite_athlete,I8,baseline,2374,37992.789,2890.961,48.183,0.564,56.87,5125.4
elite_athlete,I8,baseline,2395,38018.469,2916.641,48.611,0.5691,60.48,5125.4
elite_athlete,I8,baseline,2416,38044.469,2942.641,49.044,0.5741,50.21,5125.4
elite_athlete,I8,baseline,2437,38070.508,2968.68,49.478,0.5792,45.18,5125.4
elite_athlete,I8,baseline,2458,38096.219,2994.391,49.907,0.5842,49.55,5125.4
elite_athlete,I8,baseline,2479,38123.008,3021.18,50.353,0.5894,45.45,5125.4
elite_athlete,I8,baseline,2500,38149.188,3047.36,50.789,0.5946,45.98,5125.4
elite_athlete,I8,baseline,2521,38176.117,3074.289,51.238,0.5998,46.84,5125.4
elite_athlete,I8,baseline,2542,38202.055,3100.227,51.67,0.6049,43.64,5125.4
elite_athlete,I8,baseline,2563,38229.57,3127.742,52.129,0.6102,43.89,5125.4
elite_athlete,I8,baseline,2584,38256.312,3154.484,52.575,0.6155,46.26,5125.4
elite_athlete,I8,baseline,2605,38283.445,3181.617,53.027,0.6207,47.69,5125.4
elite_athlete,I8,baseline,2626,38309.43,3207.602,53.46,0.6258,48.62,5125.4
elite_athlete,I8,baseline,2647,38336.406,3234.578,53.91,0.6311,51.19,5125.4
elite_athlete,I8,baseline,2668,38363.508,3261.68,54.361,0.6364,46.84,5125.4
elite_athlete,I8,baseline,2689,38390.188,3288.36,54.806,0.6416,54.84,5125.4
elite_athlete,I8,baseline,2710,38416.523,3314.695,55.245,0.6467,56.07,5125.4
elite_athlete,I8,baseline,2731,38443.469,3341.641,55.694,0.652,56.87,5125.4
elite_athlete,I8,baseline,2752,38470.344,3368.516,56.142,0.6572,56.5,5125.4
elite_athlete,I8,baseline,2773,38497.656,3395.828,56.597,0.6625,57.31,5125.4
elite_athlete,I8,baseline,2794,38524.539,3422.711,57.045,0.6678,43.89,5125.4
elite_athlete,I8,baseline,2815,38551.602,3449.774,57.496,0.6731,42.67,5125.4
elite_athlete,I8,baseline,2836,38578.945,3477.117,57.952,0.6784,43.13,5125.4
elite_athlete,I8,baseline,2857,38606.344,3504.516,58.409,0.6837,43.64,5125.4
elite_athlete,I8,baseline,2878,38632.938,3531.11,58.852,0.6889,51.9,5125.4
elite_athlete,I8,baseline,2899,38659.812,3557.984,59.3,0.6942,49.88,5125.4
elite_athlete,I8,baseline,2920,38687.148,3585.32,59.755,0.6995,42.43,5125.4
elite_athlete,I8,baseline,2941,38714.961,3613.133,60.219,0.7049,48.9,5125.4
elite_athlete,I8,baseline,2962,38741.414,3639.586,60.66,0.7101,54.45,5125.4
elite_athlete,I8,baseline,2983,38766.711,3664.883,61.081,0.715,43.89,5125.4
elite_athlete,I8,baseline,3004,38794.781,3692.953,61.549,0.7205,45.18,5125.4
elite_athlete,I8,baseline,3025,38822.328,3720.5,62.008,0.7259,44.64,5125.4
elite_athlete,I8,baseline,3046,38850.047,3748.219,62.47,0.7313,44.15,5125.4
elite_athlete,I8,baseline,3067,38877.156,3775.328,62.922,0.7366,41.52,5125.4
elite_athlete,I8,baseline,3088,38904.547,3802.719,63.379,0.7419,43.38,5125.4
elite_athlete,I8,baseline,3109,38932.312,3830.484,63.841,0.7473,41.29,5125.4
elite_athlete,I8,baseline,3130,38961.039,3859.211,64.32,0.753,44.38,5125.4
elite_athlete,I8,baseline,3151,38989.195,3887.367,64.789,0.7584,53.72,5125.4
elite_athlete,I8,baseline,3172,39016.766,3914.938,65.249,0.7638,46.26,5125.4
elite_athlete,I8,baseline,3193,39044.43,3942.602,65.71,0.7692,44.91,5125.4
elite_athlete,I8,baseline,3214,39072.281,3970.453,66.174,0.7747,40.43,5125.4
elite_athlete,I8,baseline,3235,39100.031,3998.203,66.637,0.7801,43.38,5125.4
elite_athlete,I8,baseline,3256,39127.438,4025.61,67.094,0.7854,48.62,5125.4
elite_athlete,I8,baseline,3277,39155.125,4053.297,67.555,0.7908,44.64,5125.4
elite_athlete,I8,baseline,3298,39182.789,4080.961,68.016,0.7962,41.52,5125.4
elite_athlete,I8,baseline,3319,39210.906,4109.078,68.485,0.8017,41.29,5125.4
elite_athlete,I8,baseline,3340,39236.875,4135.047,68.917,0.8068,62.96,5125.4
elite_athlete,I8,baseline,3361,39254.266,4152.438,69.207,0.8102,80.86,5125.4
elite_athlete,I8,baseline,3382,39269.352,4167.524,69.459,0.8131,60.98,5125.4
elite_athlete,I8,baseline,3403,39298.25,4196.422,69.94,0.8187,40.0,5125.4
elite_athlete,I8,baseline,3424,39326.055,4224.227,70.404,0.8242,44.64,5125.4
elite_athlete,I8,baseline,3445,39353.367,4251.539,70.859,0.8295,47.39,5125.4
elite_athlete,I8,baseline,3466,39379.461,4277.633,71.294,0.8346,44.38,5125.4
elite_athlete,I8,baseline,3487,39405.336,4303.508,71.725,0.8396,55.66,5125.4
elite_athlete,I8,baseline,3508,39431.945,4330.117,72.169,0.8448,52.96,5125.4
elite_athlete,I8,baseline,3529,39457.773,4355.945,72.599,0.8499,49.55,5125.4
elite_athlete,I8,baseline,3550,39483.609,4381.781,73.03,0.8549,54.84,5125.4
elite_athlete,I8,baseline,3571,39511.461,4409.633,73.494,0.8603,45.18,5125.4
elite_athlete,I8,baseline,3592,39537.461,4435.633,73.927,0.8654,42.19,5125.4
elite_athlete,I8,baseline,3613,39564.914,4463.086,74.385,0.8708,59.06,5125.4
elite_athlete,I8,baseline,3634,39588.227,4486.399,74.773,0.8753,54.1,5125.4
elite_athlete,I8,baseline,3655,39611.188,4509.36,75.156,0.8798,44.38,5125.4
elite_athlete,I8,baseline,3676,39635.555,4533.727,75.562,0.8846,46.55,5125.4
elite_athlete,I8,baseline,3697,39658.414,4556.586,75.943,0.889,49.88,5125.4
elite_athlete,I8,baseline,3718,39683.938,4582.11,76.368,0.894,62.96,5125.4
elite_athlete,I8,baseline,3739,39703.133,4601.305,76.688,0.8977,63.97,5125.4
elite_athlete,I8,baseline,3760,39723.188,4621.36,77.023,0.9017,63.97,5125.4
elite_athlete,I8,baseline,3781,39742.672,4640.844,77.347,0.9055,63.49,5125.4
elite_athlete,I8,baseline,3802,39763.219,4661.391,77.69,0.9095,63.49,5125.4
elite_athlete,I8,baseline,3823,39785.492,4683.664,78.061,0.9138,58.2,5125.4
elite_athlete,I8,baseline,3844,39807.055,4705.227,78.42,0.918,62.96,5125.4
elite_athlete,I8,baseline,3865,39831.352,4729.524,78.825,0.9228,57.75,5125.4
elite_athlete,I8,baseline,3886,39854.211,4752.383,79.206,0.9272,54.45,5125.4
elite_athlete,I8,baseline,3907,39870.328,4768.5,79.475,0.9304,82.53,5125.4
elite_athlete,I8,baseline,3928,39892.852,4791.024,79.85,0.9348,41.72,5125.4
elite_athlete,I8,baseline,3949,39919.945,4818.117,80.302,0.94,41.52,5125.4
elite_athlete,I8,baseline,3970,39945.664,4843.836,80.731,0.9451,49.88,5125.4
elite_athlete,I8,baseline,3991,39970.055,4868.227,81.137,0.9498,60.98,5125.4
elite_athlete,I8,baseline,4012,39994.656,4892.828,81.547,0.9546,56.5,5125.4
elite_athlete,I8,baseline,4033,40020.477,4918.649,81.977,0.9597,44.91,5125.4
elite_athlete,I8,baseline,4054,40048.773,4946.945,82.449,0.9652,48.0,5125.4
elite_athlete,I8,baseline,4075,40076.102,4974.274,82.905,0.9705,48.0,5125.4
elite_athlete,I8,baseline,4096,40099.719,4997.891,83.298,0.9751,58.2,5125.4
elite_athlete,I8,baseline,4117,40125.258,5023.43,83.724,0.9801,57.31,5125.4
elite_athlete,I8,baseline,4138,40149.5,5047.672,84.128,0.9848,56.87,5125.4
elite_athlete,I8,baseline,4159,40172.219,5070.391,84.507,0.9893,42.19,5125.4
elite_athlete,I8,baseline,4180,40201.461,5099.633,84.994,0.995,42.92,5125.4
elite_athlete,I9,baseline,1,42301.297,0.0,0.0,0.0,55.66,4636.2
elite_athlete,I9,baseline,22,42324.102,22.805,0.38,0.0049,54.1,4636.2
elite_athlete,I9,baseline,43,42347.164,45.867,0.764,0.0099,54.45,4636.2
elite_athlete,I9,baseline,64,42370.25,68.953,1.149,0.0149,54.1,4636.2
elite_athlete,I9,baseline,85,42393.656,92.359,1.539,0.0199,52.26,4636.2
elite_athlete,I9,baseline,106,42416.766,115.469,1.924,0.0249,56.87,4636.2
elite_athlete,I9,baseline,127,42439.562,138.265,2.304,0.0298,55.66,4636.2
elite_athlete,I9,baseline,148,42462.492,161.195,2.687,0.0348,57.31,4636.2
elite_athlete,I9,baseline,169,42485.016,183.719,3.062,0.0396,56.07,4636.2
elite_athlete,I9,baseline,190,42507.906,206.609,3.443,0.0446,55.25,4636.2
elite_athlete,I9,baseline,211,42530.531,229.234,3.821,0.0494,54.84,4636.2
elite_athlete,I9,baseline,232,42553.969,252.672,4.211,0.0545,52.59,4636.2
elite_athlete,I9,baseline,253,42577.508,276.211,4.604,0.0596,52.96,4636.2
elite_athlete,I9,baseline,274,42600.883,299.586,4.993,0.0646,54.1,4636.2
elite_athlete,I9,baseline,295,42623.93,322.633,5.377,0.0696,53.72,4636.2
elite_athlete,I9,baseline,316,42647.328,346.031,5.767,0.0746,53.33,4636.2
elite_athlete,I9,baseline,337,42670.75,369.453,6.158,0.0797,53.72,4636.2
elite_athlete,I9,baseline,358,42694.133,392.836,6.547,0.0847,53.72,4636.2
elite_athlete,I9,baseline,379,42717.383,416.086,6.935,0.0897,54.45,4636.2
elite_athlete,I9,baseline,400,42739.781,438.484,7.308,0.0946,50.21,4636.2
elite_athlete,I9,baseline,421,42758.047,456.75,7.612,0.0985,68.57,4636.2
elite_athlete,I9,baseline,442,42780.445,479.148,7.986,0.1034,52.96,4636.2
elite_athlete,I9,baseline,463,42804.617,503.32,8.389,0.1086,51.9,4636.2
elite_athlete,I9,baseline,484,42828.68,527.383,8.79,0.1138,52.96,4636.2
elite_athlete,I9,baseline,505,42852.016,550.719,9.179,0.1188,54.84,4636.2
elite_athlete,I9,baseline,526,42874.875,573.578,9.56,0.1237,54.45,4636.2
elite_athlete,I9,baseline,547,42897.781,596.484,9.941,0.1287,54.1,4636.2
elite_athlete,I9,baseline,568,42920.805,619.508,10.325,0.1336,54.45,4636.2
elite_athlete,I9,baseline,589,42943.711,642.414,10.707,0.1386,54.1,4636.2
elite_athlete,I9,baseline,610,42966.641,665.344,11.089,0.1435,54.84,4636.2
elite_athlete,I9,baseline,631,42989.734,688.437,11.474,0.1485,54.45,4636.2
elite_athlete,I9,baseline,652,43013.0,711.703,11.862,0.1535,54.84,4636.2
elite_athlete,I9,baseline,673,43036.062,734.765,12.246,0.1585,54.84,4636.2
elite_athlete,I9,baseline,694,43059.039,757.742,12.629,0.1634,54.45,4636.2
elite_athlete,I9,baseline,715,43081.945,780.648,13.011,0.1684,54.84,4636.2
elite_athlete,I9,baseline,736,43105.18,803.883,13.398,0.1734,54.1,4636.2
elite_athlete,I9,baseline,757,43128.188,826.891,13.782,0.1784,54.1,4636.2
elite_athlete,I9,baseline,778,43151.078,849.781,14.163,0.1833,54.1,4636.2
elite_athlete,I9,baseline,799,43173.898,872.601,14.543,0.1882,54.84,4636.2
elite_athlete,I9,baseline,820,43196.938,895.641,14.927,0.1932,53.33,4636.2
elite_athlete,I9,baseline,841,43220.242,918.945,15.316,0.1982,54.1,4636.2
elite_athlete,I9,baseline,862,43243.25,941.953,15.699,0.2032,55.25,4636.2
elite_athlete,I9,baseline,883,43265.922,964.625,16.077,0.2081,56.07,4636.2
elite_athlete,I9,baseline,904,43288.938,987.641,16.461,0.213,54.84,4636.2
elite_athlete,I9,baseline,925,43312.031,1010.734,16.846,0.218,54.1,4636.2
elite_athlete,I9,baseline,946,43335.18,1033.883,17.231,0.223,54.45,4636.2
elite_athlete,I9,baseline,967,43358.25,1056.953,17.616,0.228,54.84,4636.2
elite_athlete,I9,baseline,988,43381.375,1080.078,18.001,0.233,54.45,4636.2
elite_athlete,I9,baseline,1009,43404.133,1102.836,18.381,0.2379,55.25,4636.2
elite_athlete,I9,baseline,1030,43427.156,1125.859,18.764,0.2428,54.84,4636.2
elite_athlete,I9,baseline,1051,43449.875,1148.578,19.143,0.2477,54.84,4636.2
elite_athlete,I9,baseline,1072,43472.492,1171.195,19.52,0.2526,55.25,4636.2
elite_athlete,I9,baseline,1093,43495.453,1194.156,19.903,0.2576,55.66,4636.2
elite_athlete,I9,baseline,1114,43518.453,1217.156,20.286,0.2625,54.84,4636.2
elite_athlete,I9,baseline,1135,43541.719,1240.422,20.674,0.2676,54.84,4636.2
elite_athlete,I9,baseline,1156,43564.523,1263.226,21.054,0.2725,54.1,4636.2
elite_athlete,I9,baseline,1177,43587.461,1286.164,21.436,0.2774,54.45,4636.2
elite_athlete,I9,baseline,1198,43610.469,1309.172,21.82,0.2824,54.1,4636.2
elite_athlete,I9,baseline,1219,43633.531,1332.234,22.204,0.2874,54.84,4636.2
elite_athlete,I9,baseline,1240,43656.383,1355.086,22.585,0.2923,53.72,4636.2
elite_athlete,I9,baseline,1261,43679.734,1378.437,22.974,0.2973,54.1,4636.2
elite_athlete,I9,baseline,1282,43702.766,1401.469,23.358,0.3023,54.45,4636.2
elite_athlete,I9,baseline,1303,43725.773,1424.476,23.741,0.3073,54.84,4636.2
elite_athlete,I9,baseline,1324,43748.758,1447.461,24.124,0.3122,54.84,4636.2
elite_athlete,I9,baseline,1345,43771.727,1470.43,24.507,0.3172,53.72,4636.2
elite_athlete,I9,baseline,1366,43794.742,1493.445,24.891,0.3221,55.66,4636.2
elite_athlete,I9,baseline,1387,43817.266,1515.969,25.266,0.327,55.25,4636.2
elite_athlete,I9,baseline,1408,43840.164,1538.867,25.648,0.3319,54.45,4636.2
elite_athlete,I9,baseline,1429,43862.852,1561.555,26.026,0.3368,56.07,4636.2
elite_athlete,I9,baseline,1450,43885.805,1584.508,26.408,0.3418,55.66,4636.2
elite_athlete,I9,baseline,1471,43908.523,1607.226,26.787,0.3467,55.66,4636.2
elite_athlete,I9,baseline,1492,43931.422,1630.125,27.169,0.3516,55.25,4636.2
elite_athlete,I9,baseline,1513,43954.148,1652.851,27.548,0.3565,56.07,4636.2
elite_athlete,I9,baseline,1534,43976.289,1674.992,27.917,0.3613,64.52,4636.2
elite_athlete,I9,baseline,1555,43998.641,1697.344,28.289,0.3661,53.33,4636.2
elite_athlete,I9,baseline,1576,44021.992,1720.695,28.678,0.3711,54.45,4636.2
elite_athlete,I9,baseline,1597,44045.492,1744.195,29.07,0.3762,54.45,4636.2
elite_athlete,I9,baseline,1618,44069.039,1767.742,29.462,0.3813,52.96,4636.2
elite_athlete,I9,baseline,1639,44092.438,1791.141,29.852,0.3863,54.1,4636.2
elite_athlete,I9,baseline,1660,44115.688,1814.391,30.24,0.3914,53.72,4636.2
elite_athlete,I9,baseline,1681,44138.938,1837.641,30.627,0.3964,54.84,4636.2
elite_athlete,I9,baseline,1702,44162.18,1860.883,31.015,0.4014,53.33,4636.2
elite_athlete,I9,baseline,1723,44185.172,1883.875,31.398,0.4063,55.66,4636.2
elite_athlete,I9,baseline,1744,44207.133,1905.836,31.764,0.4111,65.08,4636.2
elite_athlete,I9,baseline,1765,44228.242,1926.945,32.116,0.4156,56.07,4636.2
elite_athlete,I9,baseline,1786,44250.133,1948.836,32.481,0.4204,61.92,4636.2
elite_athlete,I9,baseline,1807,44271.664,1970.367,32.839,0.425,54.1,4636.2
elite_athlete,I9,baseline,1828,44295.398,1994.101,33.235,0.4301,52.26,4636.2
elite_athlete,I9,baseline,1849,44319.359,2018.062,33.634,0.4353,51.9,4636.2
elite_athlete,I9,baseline,1870,44343.258,2041.961,34.033,0.4404,52.96,4636.2
elite_athlete,I9,baseline,1891,44365.922,2064.625,34.41,0.4453,55.66,4636.2
elite_athlete,I9,baseline,1912,44388.0,2086.703,34.778,0.4501,51.9,4636.2
elite_athlete,I9,baseline,1933,44411.953,2110.656,35.178,0.4553,51.19,4636.2
elite_athlete,I9,baseline,1954,44436.047,2134.75,35.579,0.4605,54.1,4636.2
elite_athlete,I9,baseline,1975,44459.664,2158.367,35.973,0.4656,52.26,4636.2
elite_athlete,I9,baseline,1996,44483.086,2181.789,36.363,0.4706,52.96,4636.2
elite_athlete,I9,baseline,2017,44506.453,2205.156,36.753,0.4756,54.45,4636.2
elite_athlete,I9,baseline,2038,44529.742,2228.445,37.141,0.4807,53.72,4636.2
elite_athlete,I9,baseline,2059,44553.109,2251.812,37.53,0.4857,53.72,4636.2
elite_athlete,I9,baseline,2080,44576.828,2275.531,37.926,0.4908,52.59,4636.2
elite_athlete,I9,baseline,2101,44600.406,2299.109,38.318,0.4959,52.96,4636.2
elite_athlete,I9,baseline,2122,44623.977,2322.68,38.711,0.501,54.1,4636.2
elite_athlete,I9,baseline,2143,44647.094,2345.797,39.097,0.506,55.25,4636.2
elite_athlete,I9,baseline,2164,44670.242,2368.945,39.482,0.511,53.33,4636.2
elite_athlete,I9,baseline,2185,44693.617,2392.32,39.872,0.516,55.25,4636.2
elite_athlete,I9,baseline,2206,44716.516,2415.219,40.254,0.521,55.25,4636.2
elite_athlete,I9,baseline,2227,44737.977,2436.68,40.611,0.5256,59.06,4636.2
elite_athlete,I9,baseline,2248,44760.992,2459.695,40.995,0.5305,52.26,4636.2
elite_athlete,I9,baseline,2269,44785.008,2483.711,41.395,0.5357,52.96,4636.2
elite_athlete,I9,baseline,2290,44808.945,2507.648,41.794,0.5409,53.33,4636.2
elite_athlete,I9,baseline,2311,44832.672,2531.375,42.19,0.546,53.72,4636.2
elite_athlete,I9,baseline,2332,44856.461,2555.164,42.586,0.5511,53.33,4636.2
elite_athlete,I9,baseline,2353,44879.977,2578.68,42.978,0.5562,56.07,4636.2
elite_athlete,I9,baseline,2374,44903.258,2601.961,43.366,0.5612,52.96,4636.2
elite_athlete,I9,baseline,2395,44926.883,2625.586,43.76,0.5663,52.96,4636.2
elite_athlete,I9,baseline,2416,44950.562,2649.265,44.154,0.5714,52.59,4636.2
elite_athlete,I9,baseline,2437,44974.148,2672.851,44.548,0.5765,53.72,4636.2
elite_athlete,I9,baseline,2458,44997.383,2696.086,44.935,0.5815,54.84,4636.2
elite_athlete,I9,baseline,2479,45020.633,2719.336,45.322,0.5865,55.25,4636.2
elite_athlete,I9,baseline,2500,45043.805,2742.508,45.708,0.5915,53.33,4636.2
elite_athlete,I9,baseline,2521,45067.086,2765.789,46.096,0.5966,52.26,4636.2
elite_athlete,I9,baseline,2542,45090.531,2789.234,46.487,0.6016,54.45,4636.2
elite_athlete,I9,baseline,2563,45113.633,2812.336,46.872,0.6066,54.45,4636.2
elite_athlete,I9,baseline,2584,45137.008,2835.711,47.262,0.6117,52.96,4636.2
elite_athlete,I9,baseline,2605,45160.57,2859.273,47.655,0.6167,52.26,4636.2
elite_athlete,I9,baseline,2626,45184.117,2882.82,48.047,0.6218,53.33,4636.2
elite_athlete,I9,baseline,2647,45207.367,2906.07,48.434,0.6268,54.84,4636.2
elite_athlete,I9,baseline,2668,45230.797,2929.5,48.825,0.6319,52.96,4636.2
elite_athlete,I9,baseline,2689,45254.352,2953.055,49.218,0.637,53.72,4636.2
elite_athlete,I9,baseline,2710,45277.75,2976.453,49.608,0.642,54.84,4636.2
elite_athlete,I9,baseline,2731,45301.141,2999.844,49.997,0.6471,54.1,4636.2
elite_athlete,I9,baseline,2752,45324.602,3023.305,50.388,0.6521,54.1,4636.2
elite_athlete,I9,baseline,2773,45348.078,3046.781,50.78,0.6572,54.1,4636.2
elite_athlete,I9,baseline,2794,45371.562,3070.265,51.171,0.6622,51.9,4636.2
elite_athlete,I9,baseline,2815,45395.141,3093.844,51.564,0.6673,51.9,4636.2
elite_athlete,I9,baseline,2836,45418.812,3117.515,51.959,0.6724,52.26,4636.2
elite_athlete,I9,baseline,2857,45442.508,3141.211,52.354,0.6775,54.1,4636.2
elite_athlete,I9,baseline,2878,45466.047,3164.75,52.746,0.6826,54.84,4636.2
elite_athlete,I9,baseline,2899,45489.844,3188.547,53.142,0.6878,52.26,4636.2
elite_athlete,I9,baseline,2920,45513.617,3212.32,53.539,0.6929,54.1,4636.2
elite_athlete,I9,baseline,2941,45537.172,3235.875,53.931,0.698,52.96,4636.2
elite_athlete,I9,baseline,2962,45560.219,3258.922,54.315,0.7029,54.45,4636.2
elite_athlete,I9,baseline,2983,45583.398,3282.101,54.702,0.7079,54.1,4636.2
elite_athlete,I9,baseline,3004,45606.75,3305.453,55.091,0.713,52.26,4636.2
elite_athlete,I9,baseline,3025,45630.32,3329.023,55.484,0.7181,53.72,4636.2
elite_athlete,I9,baseline,3046,45653.766,3352.469,55.874,0.7231,54.1,4636.2
elite_athlete,I9,baseline,3067,45677.195,3375.898,56.265,0.7282,54.1,4636.2
elite_athlete,I9,baseline,3088,45700.703,3399.406,56.657,0.7332,53.72,4636.2
elite_athlete,I9,baseline,3109,45724.383,3423.086,57.051,0.7383,52.96,4636.2
elite_athlete,I9,baseline,3130,45747.969,3446.672,57.445,0.7434,54.1,4636.2
elite_athlete,I9,baseline,3151,45771.445,3470.148,57.836,0.7485,54.1,4636.2
elite_athlete,I9,baseline,3172,45794.859,3493.562,58.226,0.7535,53.33,4636.2
elite_athlete,I9,baseline,3193,45818.398,3517.101,58.618,0.7586,54.1,4636.2
elite_athlete,I9,baseline,3214,45841.898,3540.601,59.01,0.7637,54.45,4636.2
elite_athlete,I9,baseline,3235,45865.367,3564.07,59.401,0.7688,54.1,4636.2
elite_athlete,I9,baseline,3256,45888.734,3587.437,59.791,0.7738,51.9,4636.2
elite_athlete,I9,baseline,3277,45912.492,3611.195,60.187,0.7789,52.59,4636.2
elite_athlete,I9,baseline,3298,45935.945,3634.648,60.577,0.784,55.66,4636.2
elite_athlete,I9,baseline,3319,45959.391,3658.094,60.968,0.789,53.33,4636.2
elite_athlete,I9,baseline,3340,45982.641,3681.344,61.356,0.7941,54.45,4636.2
elite_athlete,I9,baseline,3361,46005.93,3704.633,61.744,0.7991,55.25,4636.2
elite_athlete,I9,baseline,3382,46029.336,3728.039,62.134,0.8041,54.45,4636.2
elite_athlete,I9,baseline,3403,46052.711,3751.414,62.524,0.8092,55.25,4636.2
elite_athlete,I9,baseline,3424,46076.164,3774.867,62.914,0.8142,53.33,4636.2
elite_athlete,I9,baseline,3445,46099.68,3798.383,63.306,0.8193,54.45,4636.2
elite_athlete,I9,baseline,3466,46122.891,3821.594,63.693,0.8243,56.87,4636.2
elite_athlete,I9,baseline,3487,46146.062,3844.765,64.079,0.8293,53.33,4636.2
elite_athlete,I9,baseline,3508,46169.031,3867.734,64.462,0.8343,54.84,4636.2
elite_athlete,I9,baseline,3529,46192.383,3891.086,64.851,0.8393,54.1,4636.2
elite_athlete,I9,baseline,3550,46215.32,3914.023,65.234,0.8442,54.45,4636.2
elite_athlete,I9,baseline,3571,46238.297,3937.0,65.617,0.8492,52.59,4636.2
elite_athlete,I9,baseline,3592,46261.633,3960.336,66.006,0.8542,53.72,4636.2
elite_athlete,I9,baseline,3613,46284.961,3983.664,66.394,0.8593,51.55,4636.2
elite_athlete,I9,baseline,3634,46308.508,4007.211,66.787,0.8643,51.9,4636.2
elite_athlete,I9,baseline,3655,46331.891,4030.594,67.177,0.8694,54.45,4636.2
elite_athlete,I9,baseline,3676,46355.281,4053.984,67.566,0.8744,54.1,4636.2
elite_athlete,I9,baseline,3697,46378.969,4077.672,67.961,0.8795,53.72,4636.2
elite_athlete,I9,baseline,3718,46402.375,4101.078,68.351,0.8846,54.45,4636.2
elite_athlete,I9,baseline,3739,46426.031,4124.734,68.746,0.8897,54.1,4636.2
elite_athlete,I9,baseline,3760,46449.336,4148.039,69.134,0.8947,54.1,4636.2
elite_athlete,I9,baseline,3781,46472.469,4171.172,69.52,0.8997,54.84,4636.2
elite_athlete,I9,baseline,3802,46495.523,4194.226,69.904,0.9047,55.66,4636.2
elite_athlete,I9,baseline,3823,46517.047,4215.75,70.263,0.9093,57.31,4636.2
elite_athlete,I9,baseline,3844,46540.203,4238.906,70.648,0.9143,50.21,4636.2
elite_athlete,I9,baseline,3865,46564.961,4263.664,71.061,0.9197,50.21,4636.2
elite_athlete,I9,baseline,3886,46589.398,4288.101,71.468,0.9249,52.59,4636.2
elite_athlete,I9,baseline,3907,46613.578,4312.281,71.871,0.9301,51.55,4636.2
elite_athlete,I9,baseline,3928,46637.547,4336.25,72.271,0.9353,52.26,4636.2
elite_athlete,I9,baseline,3949,46661.039,4359.742,72.662,0.9404,54.1,4636.2
elite_athlete,I9,baseline,3970,46681.492,4380.195,73.003,0.9448,64.52,4636.2
elite_athlete,I9,baseline,3991,46702.492,4401.195,73.353,0.9493,57.31,4636.2
elite_athlete,I9,baseline,4012,46725.414,4424.117,73.735,0.9543,52.96,4636.2
elite_athlete,I9,baseline,4033,46749.961,4448.664,74.144,0.9596,51.55,4636.2
elite_athlete,I9,baseline,4054,46774.258,4472.961,74.549,0.9648,52.96,4636.2
elite_athlete,I9,baseline,4075,46798.383,4497.086,74.951,0.97,51.9,4636.2
elite_athlete,I9,baseline,4096,46821.891,4520.594,75.343,0.9751,53.33,4636.2
elite_athlete,I9,baseline,4117,46844.914,4543.617,75.727,0.98,57.75,4636.2
elite_athlete,I9,baseline,4138,46868.203,4566.906,76.115,0.9851,53.72,4636.2
elite_athlete,I9,baseline,4159,46891.57,4590.273,76.505,0.9901,54.45,4636.2
elite_athlete,I9,baseline,4180,46915.055,4613.758,76.896,0.9952,52.96,4636.2
