responseid,site,condition,is_mindfulness,age,gender_label,country_live,country_birth,english_first_language,eng_level,meditation_naive,duration_in_seconds,progress,finished,stai_total,stai1,stai2,stai3,stai4,stai5,stai6,stai7,stai8,stai9,stai10,stai11,stai12,stai13,stai14,stai15,stai16,stai17,stai18,stai19,stai20,sam_valence,sam_arousal,sam_dominance,ipip1,ipip2,ipip3,ipip4,ipip5,ipip6,ipip7,ipip8,ipip9,ipip10,ipip11,ipip12,ipip13,ipip14,ipip15,ipip16,ipip17,ipip18,ipip19,ipip20,ipip_raw_mean
R_RfODU2Z0XmNaM3T,quee,mindful_breathing,1,18.0,female,Australia,Australia,1,3.0,1,1659,100,1,60.0,2.0,2.0,3.0,3.0,2.0,3.0,4.0,2.0,1.0,2.0,2.0,4.0,3.0,4.0,2.0,2.0,4.0,1.0,2.0,2.0,5.0,3.0,3.0,3.0,4.0,3.0,3.0,5.0,4.0,4.0,5.0,4.0,5.0,3.0,2.0,3.0,2.0,2.0,2.0,3.0,3.0,3.0,3.0,3.3
R_1MWmw1PL5un03D7,loyo,control_book,0,,female,United States,United States,1,3.0,1,2074,100,1,48.0,2.0,2.0,2.0,2.0,2.0,2.0,1.0,2.0,2.0,2.0,2.0,2.0,2.0,1.0,2.0,3.0,2.0,2.0,1.0,2.0,5.0,5.0,5.0,3.0,3.0,3.0,3.0,4.0,3.0,3.0,3.0,4.0,4.0,3.0,3.0,3.0,2.0,3.0,3.0,3.0,3.0,3.0,3.0,3.1
R_wTs4piJ36H9AF33,loyo,mindful_walking,1,,female,United States,United States,1,3.0,1,1667,100,1,49.0,2.0,2.0,2.0,2.0,2.0,2.0,2.0,2.0,2.0,2.0,2.0,2.0,2.0,2.0,3.0,2.0,2.0,2.0,2.0,2.0,5.0,4.0,4.0,3.0,3.0,3.0,3.0,3.0,3.0,3.0,3.0,3.0,3.0,3.0,3.0,3.0,3.0,3.0,3.0,3.0,3.0,3.0,3.0,3.0
R_cCODUT3pUBZtP7H,quee,mindful_breathing,1,18.0,female,Australia,Australia,1,3.0,1,1233,100,1,28.0,4.0,3.0,1.0,1.0,4.0,1.0,1.0,3.0,1.0,3.0,3.0,1.0,1.0,2.0,4.0,3.0,2.0,1.0,4.0,3.0,7.0,5.0,6.0,3.0,3.0,2.0,4.0,4.0,4.0,2.0,4.0,2.0,4.0,3.0,4.0,4.0,3.0,3.0,3.0,3.0,3.0,3.0,4.0,3.25
R_Zei3resrjM48EDv,quee,loving_kindness,1,18.0,female,Australia,Australia,1,3.0,1,1458,100,1,31.0,4.0,3.0,2.0,1.0,3.0,1.0,1.0,4.0,1.0,2.0,1.0,2.0,2.0,1.0,3.0,4.0,1.0,1.0,4.0,4.0,7.0,2.0,6.0,4.0,3.0,4.0,4.0,5.0,5.0,4.0,5.0,5.0,5.0,2.0,2.0,2.0,1.0,2.0,2.0,4.0,1.0,4.0,2.0,3.3
R_TuN7xTMLA9zxh6N,loyo,body_scan,1,,female,United States,United States,1,3.0,1,1124,100,1,50.0,2.0,2.0,2.0,2.0,2.0,2.0,2.0,2.0,2.0,2.0,2.0,2.0,2.0,2.0,2.0,2.0,2.0,2.0,2.0,2.0,4.0,5.0,4.0,3.0,3.0,3.0,3.0,3.0,3.0,3.0,3.0,3.0,3.0,3.0,3.0,3.0,2.0,3.0,3.0,3.0,3.0,3.0,3.0,2.95
R_sMdFFBVyJocxGfL,loyo,control_book,0,,female,United States,United States,1,3.0,1,1139,100,1,50.0,2.0,2.0,2.0,2.0,2.0,2.0,2.0,2.0,2.0,2.0,2.0,2.0,2.0,2.0,2.0,2.0,2.0,2.0,2.0,2.0,4.0,4.0,5.0,3.0,3.0,3.0,3.0,3.0,3.0,3.0,3.0,3.0,3.0,3.0,3.0,3.0,3.0,3.0,3.0,3.0,3.0,3.0,3.0,3.0
R_SJijMuqXPCAEKKl,spri,mindful_breathing,1,,female,999,999,0,3.0,1,1479,100,1,31.0,3.0,4.0,2.0,2.0,3.0,1.0,1.0,3.0,1.0,4.0,3.0,1.0,1.0,1.0,3.0,3.0,2.0,1.0,3.0,3.0,8.0,3.0,7.0,1.0,1.0,2.0,1.0,1.0,2.0,2.0,2.0,3.0,3.0,4.0,4.0,2.0,2.0,4.0,3.0,3.0,3.0,4.0,4.0,2.55
R_3D7466Fmxa1RWMl,quee,control_book,0,19.0,male,Australia,Australia,1,3.0,1,1041,100,1,47.0,3.0,3.0,3.0,2.0,2.0,2.0,3.0,2.0,1.0,2.0,2.0,3.0,1.0,3.0,3.0,3.0,2.0,2.0,3.0,2.0,5.0,6.0,3.0,5.0,4.0,4.0,4.0,5.0,4.0,3.0,5.0,4.0,5.0,4.0,2.0,4.0,3.0,3.0,3.0,2.0,2.0,4.0,5.0,3.75
R_2fr1SRZbINTZqfj,quee,loving_kindness,1,20.0,female,Australia,Germany,0,3.0,1,1115,100,1,54.0,1.0,2.0,2.0,2.0,1.0,2.0,2.0,1.0,2.0,2.0,3.0,3.0,3.0,2.0,1.0,2.0,1.0,2.0,2.0,2.0,5.0,5.0,5.0,3.0,2.0,2.0,4.0,4.0,2.0,4.0,4.0,1.0,2.0,3.0,3.0,3.0,3.0,3.0,3.0,3.0,3.0,4.0,3.0,2.95
R_3Oi5YMdSB6CGXlg,quee,body_scan,1,18.0,female,Australia,Australia,1,3.0,1,1403,100,1,25.0,4.0,4.0,1.0,2.0,4.0,1.0,2.0,3.0,1.0,4.0,3.0,1.0,1.0,1.0,4.0,4.0,2.0,1.0,4.0,4.0,8.0,3.0,9.0,4.0,3.0,4.0,4.0,5.0,4.0,4.0,5.0,4.0,5.0,4.0,3.0,3.0,1.0,3.0,2.0,2.0,4.0,1.0,2.0,3.35
R_vITHqUUDxnG3xXX,quee,control_book,0,20.0,female,Australia,China,0,3.0,1,1382,100,1,26.0,4.0,4.0,1.0,1.0,4.0,1.0,2.0,3.0,1.0,4.0,4.0,3.0,1.0,1.0,4.0,4.0,1.0,1.0,3.0,3.0,6.0,2.0,5.0,2.0,2.0,2.0,4.0,4.0,3.0,4.0,4.0,4.0,4.0,2.0,5.0,3.0,2.0,4.0,4.0,3.0,3.0,3.0,4.0,3.3
R_afmx83s3xPLnPxf,quee,loving_kindness,1,18.0,female,Australia,India,1,2.0,1,1191,100,1,48.0,2.0,2.0,2.0,1.0,2.0,2.0,2.0,2.0,1.0,2.0,2.0,2.0,2.0,2.0,2.0,2.0,2.0,2.0,2.0,2.0,5.0,5.0,6.0,3.0,3.0,3.0,5.0,5.0,4.0,3.0,4.0,4.0,5.0,3.0,3.0,1.0,3.0,3.0,2.0,2.0,2.0,2.0,3.0,3.15
R_VUrPQeJM1cqfIR3,spri,body_scan,1,22.0,female,United States,Puerto Rico,0,3.0,1,1660,100,1,29.0,4.0,2.0,1.0,1.0,3.0,1.0,1.0,4.0,1.0,4.0,3.0,1.0,1.0,1.0,4.0,2.0,1.0,2.0,3.0,3.0,6.0,5.0,9.0,3.0,3.0,3.0,2.0,2.0,4.0,3.0,4.0,4.0,5.0,3.0,2.0,4.0,3.0,3.0,1.0,4.0,4.0,4.0,4.0,3.25
R_3nkMkziF86npwDn,spri,mindful_breathing,1,19.0,female,United States,United States,1,3.0,1,1121,100,1,21.0,4.0,4.0,1.0,1.0,4.0,1.0,1.0,4.0,1.0,4.0,4.0,1.0,1.0,1.0,4.0,4.0,1.0,1.0,3.0,4.0,8.0,7.0,8.0,1.0,1.0,1.0,2.0,1.0,1.0,1.0,2.0,1.0,4.0,5.0,5.0,5.0,4.0,5.0,4.0,4.0,4.0,4.0,5.0,3.0
R_tEBV2qGRmtz13fX,newf,control_book,0,20.0,female,Canada,Canada,1,2.0,1,1275,100,1,38.0,2.0,2.0,1.0,1.0,2.0,1.0,2.0,2.0,1.0,3.0,1.0,1.0,1.0,1.0,3.0,3.0,1.0,1.0,2.0,3.0,6.0,4.0,5.0,3.0,4.0,2.0,3.0,4.0,4.0,2.0,4.0,4.0,4.0,4.0,1.0,2.0,2.0,2.0,2.0,2.0,2.0,2.0,3.0,2.8
R_2PnS8IUM2tDvQ32,quee,mindful_breathing,1,20.0,female,Australia,Australia,1,3.0,1,1392,100,1,38.0,3.0,3.0,1.0,1.0,2.0,1.0,2.0,2.0,1.0,2.0,3.0,3.0,1.0,1.0,2.0,3.0,2.0,1.0,3.0,3.0,6.0,2.0,7.0,2.0,2.0,2.0,3.0,2.0,3.0,1.0,2.0,1.0,4.0,4.0,4.0,4.0,3.0,2.0,4.0,4.0,3.0,4.0,4.0,2.9
R_2EENjEyunGpsIhE,quee,mindful_walking,1,18.0,female,Australia,Hong Kong,0,2.0,1,1381,100,1,45.0,2.0,1.0,1.0,1.0,2.0,1.0,1.0,1.0,1.0,1.0,2.0,1.0,1.0,2.0,2.0,2.0,1.0,2.0,2.0,2.0,5.0,5.0,4.0,3.0,1.0,3.0,4.0,4.0,4.0,2.0,2.0,4.0,2.0,3.0,3.0,2.0,2.0,3.0,3.0,3.0,3.0,4.0,2.0,2.85
R_25H33OU0oNLHbUk,spri,loving_kindness,1,18.0,female,United States,United States,1,3.0,1,15365,100,1,27.0,4.0,4.0,1.0,2.0,4.0,2.0,1.0,4.0,1.0,4.0,3.0,1.0,1.0,2.0,4.0,3.0,1.0,1.0,3.0,3.0,7.0,5.0,5.0,2.0,1.0,2.0,3.0,4.0,2.0,3.0,4.0,3.0,4.0,4.0,4.0,2.0,2.0,3.0,3.0,4.0,3.0,3.0,2.0,2.9
R_POIt0v7LgInO5XP,iowa,body_scan,1,19.0,male,United States,United States,1,3.0,1,1203,100,1,29.0,3.0,3.0,1.0,2.0,3.0,1.0,1.0,4.0,1.0,3.0,3.0,1.0,2.0,1.0,4.0,4.0,1.0,1.0,3.0,3.0,7.0,3.0,5.0,2.0,2.0,2.0,3.0,3.0,4.0,1.0,4.0,4.0,5.0,3.0,4.0,3.0,4.0,3.0,4.0,5.0,3.0,3.0,5.0,3.35
R_3qwCfgWNECOinQ4,spri,mindful_breathing,1,19.0,female,United States,United States,1,3.0,1,1125,100,1,31.0,4.0,4.0,1.0,1.0,3.0,1.0,2.0,3.0,1.0,3.0,3.0,2.0,1.0,1.0,3.0,3.0,1.0,2.0,3.0,3.0,7.0,2.0,7.0,2.0,2.0,2.0,1.0,3.0,2.0,2.0,2.0,2.0,3.0,2.0,4.0,4.0,4.0,4.0,4.0,3.0,4.0,3.0,4.0,2.85
R_249MHtUn5gekAAF,loyo,control_book,0,19.0,male,United States,United States,1,3.0,1,2272,100,1,32.0,3.0,3.0,1.0,1.0,3.0,1.0,1.0,3.0,1.0,3.0,2.0,1.0,1.0,2.0,3.0,3.0,1.0,1.0,3.0,3.0,7.0,4.0,5.0,2.0,1.0,2.0,1.0,4.0,2.0,2.0,4.0,4.0,4.0,2.0,5.0,4.0,4.0,4.0,4.0,5.0,4.0,4.0,5.0,3.35
R_1QAAKoom3yRAEl3,digi,body_scan,1,19.0,male,United States,United States,1,3.0,1,1201,100,1,27.0,4.0,3.0,1.0,1.0,4.0,1.0,1.0,2.0,1.0,3.0,3.0,1.0,1.0,1.0,4.0,4.0,1.0,1.0,2.0,4.0,8.0,1.0,7.0,1.0,1.0,2.0,1.0,2.0,3.0,1.0,2.0,1.0,4.0,2.0,4.0,3.0,4.0,4.0,4.0,1.0,3.0,4.0,5.0,2.6
R_ByUHx4HxMmPQdsB,suny,mindful_walking,1,19.0,female,United States,United States,1,2.0,1,1204,100,1,44.0,2.0,3.0,4.0,2.0,3.0,2.0,2.0,3.0,2.0,3.0,4.0,3.0,2.0,3.0,3.0,3.0,2.0,2.0,3.0,3.0,7.0,6.0,7.0,3.0,1.0,3.0,3.0,3.0,4.0,4.0,4.0,4.0,5.0,2.0,4.0,3.0,2.0,4.0,2.0,3.0,2.0,4.0,3.0,3.15
R_2abicMYNTgnfupL,quee,mindful_breathing,1,18.0,female,Australia,Australia,1,3.0,1,1327,100,1,28.0,4.0,4.0,2.0,1.0,4.0,1.0,2.0,3.0,1.0,3.0,3.0,1.0,1.0,1.0,4.0,3.0,2.0,2.0,4.0,4.0,8.0,3.0,5.0,3.0,3.0,2.0,4.0,3.0,4.0,3.0,4.0,2.0,4.0,4.0,5.0,2.0,5.0,4.0,2.0,3.0,2.0,4.0,3.0,3.3
R_1Ng1mgsBpNi6NU9,quee,body_scan,1,18.0,female,Australia,Australia,1,3.0,1,1254,100,1,31.0,4.0,3.0,2.0,1.0,3.0,1.0,1.0,3.0,2.0,3.0,2.0,1.0,1.0,1.0,3.0,2.0,1.0,1.0,4.0,4.0,7.0,2.0,7.0,5.0,5.0,5.0,5.0,4.0,4.0,5.0,5.0,4.0,4.0,4.0,3.0,1.0,2.0,1.0,2.0,5.0,4.0,5.0,2.0,3.75
R_yI2u9OnRctDuKCB,macq,control_book,0,18.0,female,Australia,United Kingdom,1,3.0,1,1190,100,1,59.0,2.0,2.0,3.0,3.0,1.0,2.0,4.0,1.0,2.0,2.0,2.0,2.0,1.0,4.0,2.0,3.0,3.0,3.0,1.0,2.0,5.0,6.0,3.0,1.0,1.0,1.0,4.0,4.0,4.0,4.0,5.0,5.0,4.0,2.0,5.0,2.0,4.0,5.0,5.0,3.0,2.0,4.0,4.0,3.45
R_3nuec1BS2jyFBLU,macq,body_scan,1,43.0,male,Australia,Australia,1,3.0,1,1273,100,1,32.0,4.0,3.0,2.0,1.0,3.0,1.0,1.0,2.0,1.0,3.0,2.0,1.0,1.0,1.0,3.0,3.0,1.0,1.0,3.0,3.0,8.0,2.0,7.0,2.0,2.0,2.0,3.0,2.0,2.0,2.0,3.0,2.0,2.0,4.0,4.0,4.0,4.0,4.0,4.0,4.0,4.0,4.0,4.0,3.1
R_0CmKwBrnJQqDmmt,macq,control_book,0,18.0,female,Australia,Australia,1,2.0,1,1129,100,1,28.0,4.0,3.0,1.0,1.0,3.0,1.0,3.0,3.0,1.0,4.0,4.0,1.0,1.0,1.0,4.0,3.0,1.0,1.0,3.0,3.0,7.0,2.0,8.0,3.0,2.0,3.0,4.0,4.0,3.0,2.0,4.0,4.0,4.0,3.0,5.0,2.0,5.0,5.0,5.0,4.0,3.0,4.0,5.0,3.7
R_sMOek3MrBL5O2Ah,loyo,loving_kindness,1,18.0,self_describe,United States,United States,1,3.0,1,23265,100,1,25.0,3.0,3.0,1.0,1.0,4.0,2.0,1.0,3.0,1.0,4.0,4.0,1.0,1.0,1.0,4.0,4.0,1.0,1.0,4.0,3.0,7.0,4.0,7.0,2.0,1.0,2.0,4.0,1.0,2.0,1.0,2.0,2.0,3.0,2.0,4.0,5.0,4.0,5.0,4.0,5.0,5.0,5.0,5.0,3.2
R_bm6fvDgtO2xgcox,quee,mindful_breathing,1,25.0,female,Australia,United States,1,3.0,1,1118,100,1,41.0,3.0,2.0,1.0,1.0,3.0,1.0,2.0,3.0,1.0,2.0,2.0,1.0,1.0,2.0,2.0,2.0,1.0,3.0,2.0,2.0,7.0,3.0,5.0,3.0,4.0,4.0,2.0,4.0,4.0,4.0,4.0,4.0,4.0,2.0,2.0,3.0,2.0,2.0,3.0,4.0,2.0,4.0,3.0,3.2
R_2X4c1Ac9gSaiNgu,macq,mindful_walking,1,21.0,male,Australia,Australia,1,3.0,1,1223,100,1,20.0,4.0,4.0,1.0,1.0,4.0,1.0,1.0,4.0,1.0,4.0,4.0,1.0,1.0,1.0,4.0,4.0,1.0,1.0,4.0,4.0,9.0,2.0,6.0,1.0,1.0,1.0,1.0,1.0,1.0,4.0,2.0,1.0,2.0,5.0,4.0,4.0,4.0,4.0,5.0,4.0,4.0,4.0,4.0,2.85
R_3CWqFR7r8mA9gFE,quee,control_book,0,20.0,male,Australia,Australia,1,3.0,1,1146,100,1,35.0,4.0,3.0,2.0,1.0,3.0,1.0,1.0,2.0,1.0,3.0,2.0,1.0,1.0,1.0,2.0,3.0,1.0,2.0,3.0,2.0,5.0,5.0,5.0,4.0,3.0,4.0,2.0,2.0,5.0,3.0,4.0,4.0,5.0,1.0,4.0,4.0,3.0,2.0,2.0,5.0,2.0,4.0,5.0,3.4
R_3NJmQvzfwUzNXQU,quee,body_scan,1,18.0,male,Australia,Australia,1,3.0,1,1287,100,1,28.0,4.0,3.0,2.0,2.0,4.0,1.0,2.0,2.0,1.0,3.0,4.0,1.0,1.0,1.0,4.0,4.0,1.0,2.0,4.0,4.0,7.0,6.0,6.0,2.0,2.0,2.0,3.0,2.0,3.0,3.0,3.0,3.0,3.0,4.0,4.0,4.0,4.0,3.0,4.0,5.0,4.0,4.0,5.0,3.35
R_22FaDI0idTfXQeM,quee,loving_kindness,1,23.0,male,Australia,Hong Kong,0,2.0,1,1467,100,1,30.0,3.0,3.0,1.0,1.0,3.0,1.0,1.0,3.0,1.0,3.0,2.0,1.0,1.0,1.0,4.0,3.0,1.0,1.0,3.0,3.0,7.0,4.0,7.0,2.0,2.0,2.0,2.0,2.0,2.0,2.0,4.0,2.0,4.0,4.0,4.0,5.0,4.0,4.0,4.0,5.0,4.0,4.0,4.0,3.3
R_pMpBcj8XmAzhJ6x,jose,mindful_breathing,1,19.0,female,United States,United States,1,3.0,1,1224,100,1,28.0,4.0,3.0,1.0,2.0,3.0,1.0,1.0,3.0,1.0,4.0,3.0,1.0,1.0,1.0,4.0,3.0,1.0,2.0,4.0,3.0,7.0,1.0,7.0,4.0,3.0,2.0,4.0,4.0,4.0,4.0,4.0,4.0,4.0,4.0,2.0,2.0,2.0,3.0,2.0,3.0,2.0,2.0,2.0,3.05
R_1LvQxXRu3eCWtxA,quee,body_scan,1,18.0,female,Australia,Australia,1,3.0,1,1482,100,1,32.0,3.0,3.0,1.0,1.0,3.0,1.0,2.0,3.0,1.0,4.0,3.0,1.0,1.0,1.0,3.0,2.0,2.0,1.0,3.0,3.0,7.0,3.0,6.0,4.0,2.0,4.0,2.0,4.0,4.0,4.0,5.0,4.0,4.0,2.0,4.0,4.0,3.0,4.0,3.0,5.0,4.0,2.0,5.0,3.65
R_1hBgzOmXZkUimKM,jose,loving_kindness,1,19.0,female,United States,United States,0,3.0,1,1260,100,1,34.0,3.0,2.0,1.0,1.0,3.0,1.0,1.0,2.0,1.0,3.0,3.0,1.0,1.0,1.0,3.0,3.0,1.0,1.0,2.0,2.0,8.0,2.0,7.0,4.0,4.0,3.0,4.0,2.0,4.0,4.0,4.0,4.0,4.0,4.0,4.0,4.0,2.0,3.0,2.0,3.0,2.0,2.0,3.0,3.3
R_2QyqzUPAa1iGq4P,quee,mindful_breathing,1,19.0,female,Australia,Hong Kong,1,2.0,1,1244,100,1,39.0,3.0,2.0,1.0,1.0,2.0,1.0,2.0,3.0,1.0,2.0,2.0,1.0,2.0,1.0,2.0,2.0,1.0,1.0,3.0,2.0,6.0,5.0,6.0,2.0,1.0,2.0,3.0,2.0,3.0,2.0,3.0,2.0,3.0,3.0,4.0,4.0,4.0,4.0,4.0,4.0,4.0,4.0,4.0,3.1
R_3kH4MEh2adDGsrZ,wurz,mindful_walking,1,23.0,male,Germany,Germany,0,2.0,1,3923,100,1,44.0,3.0,2.0,1.0,2.0,2.0,2.0,2.0,2.0,1.0,2.0,3.0,1.0,1.0,2.0,2.0,2.0,1.0,3.0,2.0,2.0,6.0,2.0,5.0,2.0,2.0,2.0,1.0,3.0,4.0,2.0,3.0,2.0,4.0,3.0,2.0,4.0,4.0,3.0,5.0,1.0,2.0,4.0,4.0,2.85
R_3lrjkMb6z35NY26,quee,loving_kindness,1,28.0,female,Australia,New Zealand,1,3.0,1,1120,100,1,37.0,3.0,2.0,1.0,1.0,2.0,1.0,1.0,2.0,1.0,3.0,3.0,1.0,1.0,1.0,2.0,2.0,1.0,1.0,2.0,2.0,7.0,5.0,7.0,2.0,2.0,3.0,4.0,3.0,4.0,2.0,4.0,2.0,4.0,2.0,4.0,3.0,3.0,4.0,3.0,3.0,2.0,4.0,2.0,3.0
R_3FQXjJq0fPYNQrZ,radb,body_scan,1,22.0,female,Germany,Poland,0,2.0,1,1374,100,1,43.0,3.0,3.0,1.0,4.0,3.0,2.0,1.0,2.0,2.0,2.0,3.0,1.0,1.0,2.0,3.0,3.0,2.0,4.0,3.0,2.0,7.0,5.0,7.0,2.0,3.0,2.0,3.0,4.0,4.0,4.0,4.0,4.0,5.0,4.0,4.0,2.0,1.0,4.0,2.0,2.0,2.0,2.0,1.0,2.95
R_3mjGtSFS3srKiBC,radb,control_book,0,19.0,male,Netherlands,Netherlands,1,3.0,1,1391,100,1,20.0,4.0,4.0,1.0,1.0,4.0,1.0,1.0,4.0,1.0,4.0,4.0,1.0,1.0,1.0,4.0,4.0,1.0,1.0,4.0,4.0,9.0,1.0,9.0,2.0,4.0,2.0,1.0,3.0,4.0,2.0,2.0,4.0,5.0,4.0,2.0,5.0,4.0,3.0,2.0,5.0,2.0,4.0,4.0,3.2
R_9RWrjbnMyGYXd4t,spri,mindful_walking,1,19.0,female,United States,United States,1,3.0,1,1351,100,1,31.0,3.0,3.0,1.0,1.0,3.0,1.0,1.0,2.0,1.0,3.0,3.0,1.0,1.0,1.0,3.0,3.0,1.0,1.0,3.0,3.0,7.0,1.0,8.0,3.0,3.0,3.0,2.0,3.0,4.0,2.0,3.0,3.0,4.0,3.0,3.0,3.0,4.0,3.0,3.0,3.0,3.0,3.0,3.0,3.05
R_2VKDeolxf0IvYOH,radb,mindful_breathing,1,21.0,female,Germany,Germany,0,2.0,1,1654,100,1,27.0,4.0,4.0,1.0,1.0,3.0,1.0,1.0,3.0,1.0,4.0,2.0,1.0,1.0,1.0,3.0,4.0,1.0,1.0,3.0,3.0,7.0,4.0,7.0,3.0,4.0,3.0,4.0,2.0,4.0,2.0,3.0,4.0,4.0,4.0,2.0,3.0,2.0,2.0,3.0,3.0,2.0,2.0,3.0,2.95
R_1IiMluywrqUzLty,quee,body_scan,1,18.0,non_binary,Australia,Singapore,1,2.0,1,4826,100,1,59.0,2.0,2.0,3.0,3.0,2.0,1.0,4.0,1.0,2.0,2.0,2.0,2.0,3.0,3.0,2.0,2.0,4.0,3.0,2.0,2.0,7.0,5.0,7.0,4.0,4.0,4.0,5.0,5.0,5.0,4.0,5.0,5.0,5.0,2.0,2.0,2.0,2.0,3.0,3.0,2.0,3.0,3.0,3.0,3.55
R_12shVmJTVDmf7tY,spri,mindful_breathing,1,18.0,male,United States,United States,1,2.0,1,1161,100,1,36.0,2.0,2.0,1.0,1.0,3.0,1.0,1.0,3.0,1.0,3.0,2.0,1.0,1.0,1.0,2.0,3.0,1.0,1.0,2.0,2.0,7.0,2.0,8.0,1.0,1.0,1.0,1.0,1.0,3.0,1.0,4.0,4.0,4.0,5.0,4.0,4.0,4.0,4.0,4.0,5.0,4.0,4.0,5.0,3.2
R_2VdPXlDFDtsvFWU,seeb,control_book,0,22.0,female,Austria,Austria,0,2.0,1,1971,100,1,47.0,4.0,3.0,3.0,3.0,3.0,4.0,2.0,2.0,1.0,3.0,3.0,1.0,3.0,2.0,3.0,2.0,2.0,4.0,3.0,2.0,6.0,5.0,8.0,1.0,1.0,1.0,1.0,1.0,2.0,1.0,2.0,3.0,4.0,5.0,5.0,4.0,4.0,4.0,4.0,4.0,4.0,4.0,4.0,2.95
R_22QzH6wV5wby2YC,radb,mindful_walking,1,19.0,prefer_not_say,Netherlands,Netherlands,0,2.0,1,1179,100,1,40.0,3.0,3.0,1.0,1.0,3.0,1.0,1.0,3.0,1.0,2.0,1.0,2.0,2.0,1.0,2.0,2.0,1.0,2.0,2.0,2.0,8.0,3.0,5.0,4.0,4.0,4.0,2.0,5.0,5.0,3.0,4.0,5.0,4.0,3.0,4.0,3.0,3.0,3.0,2.0,4.0,2.0,2.0,4.0,3.5
R_9yNjoEIjPN9CiaZ,radb,loving_kindness,1,20.0,female,Netherlands,Netherlands,0,2.0,1,1390,100,1,40.0,3.0,2.0,1.0,1.0,2.0,1.0,1.0,2.0,1.0,2.0,2.0,1.0,1.0,1.0,2.0,2.0,1.0,2.0,2.0,2.0,5.0,3.0,6.0,5.0,4.0,5.0,3.0,4.0,5.0,4.0,5.0,5.0,5.0,1.0,3.0,3.0,3.0,2.0,3.0,4.0,4.0,4.0,5.0,3.85
R_1Izz1eY34b5cRls,radb,control_book,0,20.0,male,Netherlands,Netherlands,0,2.0,1,1273,100,1,42.0,3.0,3.0,1.0,1.0,3.0,2.0,3.0,3.0,1.0,3.0,3.0,2.0,2.0,3.0,3.0,2.0,2.0,2.0,2.0,2.0,4.0,3.0,7.0,3.0,3.0,2.0,2.0,2.0,4.0,3.0,2.0,4.0,2.0,3.0,4.0,3.0,4.0,3.0,4.0,3.0,3.0,4.0,3.0,3.05
R_2SlyhIU4YZQrEiF,cali,loving_kindness,1,20.0,self_describe,United States,United States,1,3.0,1,1353,100,1,43.0,3.0,3.0,2.0,3.0,3.0,1.0,3.0,2.0,1.0,3.0,2.0,3.0,1.0,1.0,2.0,3.0,3.0,1.0,3.0,2.0,7.0,6.0,6.0,4.0,4.0,4.0,4.0,4.0,5.0,2.0,5.0,4.0,5.0,2.0,2.0,2.0,4.0,2.0,3.0,4.0,4.0,2.0,4.0,3.5
R_1ITAG1ofADSxU9N,cali,mindful_breathing,1,21.0,female,United States,Turkey,0,2.0,1,1228,100,1,37.0,3.0,2.0,1.0,1.0,3.0,1.0,2.0,2.0,1.0,3.0,2.0,1.0,1.0,1.0,3.0,2.0,2.0,1.0,2.0,3.0,7.0,3.0,5.0,5.0,4.0,4.0,4.0,4.0,5.0,4.0,5.0,4.0,5.0,2.0,2.0,2.0,2.0,2.0,2.0,2.0,2.0,2.0,2.0,3.2
R_400EMPKQzYtFC8x,cali,mindful_walking,1,19.0,female,United States,United States,1,3.0,1,1211,100,1,29.0,4.0,3.0,1.0,1.0,3.0,2.0,1.0,3.0,1.0,3.0,3.0,1.0,1.0,2.0,4.0,3.0,1.0,1.0,3.0,4.0,9.0,2.0,8.0,4.0,2.0,3.0,5.0,2.0,4.0,2.0,5.0,2.0,5.0,4.0,4.0,1.0,2.0,3.0,3.0,3.0,2.0,2.0,3.0,3.05
R_3LdLrHIyKWExJ25,cali,body_scan,1,28.0,female,United States,United States,1,2.0,1,1186,100,1,35.0,3.0,2.0,1.0,1.0,3.0,1.0,1.0,2.0,1.0,3.0,2.0,1.0,1.0,1.0,3.0,2.0,1.0,1.0,3.0,2.0,6.0,3.0,6.0,3.0,3.0,2.0,4.0,2.0,4.0,1.0,4.0,4.0,4.0,2.0,2.0,1.0,2.0,1.0,1.0,1.0,2.0,2.0,4.0,2.45
R_2QWfj3I5rY7x0UZ,spri,loving_kindness,1,18.0,male,United States,Japan,1,3.0,1,6611,100,1,27.0,4.0,4.0,1.0,1.0,3.0,2.0,1.0,3.0,1.0,4.0,3.0,1.0,1.0,1.0,4.0,3.0,1.0,1.0,3.0,3.0,7.0,5.0,6.0,3.0,1.0,2.0,3.0,1.0,2.0,1.0,3.0,2.0,2.0,3.0,4.0,4.0,4.0,4.0,4.0,4.0,4.0,4.0,4.0,2.95
R_2QfbR9uBYDspsFV,radb,mindful_walking,1,24.0,female,Netherlands,Netherlands,0,2.0,1,1273,100,1,40.0,2.0,2.0,1.0,2.0,3.0,1.0,2.0,3.0,1.0,3.0,2.0,2.0,2.0,1.0,2.0,2.0,2.0,1.0,3.0,3.0,7.0,6.0,4.0,4.0,3.0,3.0,2.0,4.0,5.0,4.0,4.0,5.0,5.0,2.0,3.0,3.0,3.0,3.0,1.0,5.0,4.0,2.0,4.0,3.45
R_2UWmLCTsU7eWBjr,spri,body_scan,1,19.0,female,United States,United States,1,3.0,1,1456,100,1,43.0,3.0,4.0,3.0,2.0,3.0,2.0,1.0,3.0,1.0,3.0,2.0,3.0,3.0,3.0,3.0,3.0,3.0,2.0,3.0,3.0,6.0,4.0,3.0,4.0,3.0,2.0,5.0,4.0,3.0,4.0,5.0,4.0,5.0,3.0,4.0,2.0,2.0,4.0,3.0,3.0,2.0,2.0,2.0,3.3
R_56caU0AMJaj6ddn,spri,mindful_breathing,1,18.0,female,United States,United States,1,3.0,1,1679,100,1,42.0,2.0,3.0,1.0,1.0,2.0,2.0,2.0,2.0,1.0,2.0,3.0,2.0,2.0,2.0,2.0,3.0,2.0,2.0,3.0,3.0,6.0,4.0,3.0,2.0,2.0,3.0,2.0,2.0,3.0,1.0,2.0,3.0,3.0,4.0,4.0,3.0,3.0,4.0,4.0,2.0,3.0,4.0,4.0,2.9
R_3fVpJtax5pTacV5,witt,mindful_breathing,1,19.0,male,United States,United States,1,3.0,1,1569,100,1,32.0,3.0,3.0,2.0,1.0,3.0,1.0,2.0,4.0,1.0,4.0,4.0,2.0,2.0,2.0,3.0,3.0,2.0,1.0,4.0,3.0,7.0,7.0,9.0,2.0,1.0,1.0,1.0,1.0,2.0,1.0,3.0,3.0,3.0,4.0,5.0,3.0,4.0,5.0,5.0,4.0,4.0,5.0,5.0,3.1
R_10uUDuu2KzCgW1y,cali,mindful_walking,1,18.0,female,United States,United States,1,3.0,1,1186,100,1,32.0,3.0,3.0,2.0,1.0,4.0,2.0,1.0,3.0,1.0,4.0,2.0,2.0,1.0,2.0,4.0,4.0,2.0,1.0,3.0,3.0,8.0,2.0,7.0,2.0,3.0,2.0,4.0,4.0,4.0,3.0,4.0,4.0,5.0,3.0,4.0,3.0,3.0,4.0,4.0,2.0,3.0,3.0,4.0,3.4
R_25sjB29XOLKEZn2,digi,control_book,0,23.0,male,United States,United States,1,3.0,1,1332,100,1,29.0,4.0,2.0,1.0,1.0,4.0,1.0,1.0,3.0,1.0,4.0,3.0,1.0,1.0,1.0,3.0,3.0,2.0,1.0,3.0,3.0,7.0,2.0,5.0,3.0,4.0,2.0,5.0,2.0,5.0,2.0,4.0,4.0,5.0,2.0,4.0,1.0,1.0,4.0,3.0,1.0,1.0,4.0,4.0,3.05
R_12yxNjngCrAh5Qm,suny,body_scan,1,22.0,male,United States,United States,1,3.0,1,1135,100,1,31.0,4.0,3.0,1.0,2.0,3.0,1.0,1.0,2.0,1.0,3.0,3.0,1.0,1.0,2.0,4.0,3.0,1.0,1.0,3.0,3.0,7.0,2.0,5.0,3.0,2.0,2.0,3.0,3.0,4.0,3.0,4.0,4.0,4.0,2.0,2.0,2.0,3.0,3.0,3.0,3.0,3.0,4.0,4.0,3.05
R_2CDjEYXLyi2jyas,suny,control_book,0,18.0,female,United States,United States,1,3.0,1,1109,100,1,42.0,3.0,3.0,2.0,2.0,3.0,1.0,3.0,2.0,1.0,3.0,3.0,2.0,3.0,3.0,3.0,2.0,2.0,1.0,3.0,3.0,5.0,1.0,3.0,3.0,2.0,3.0,3.0,4.0,3.0,1.0,4.0,4.0,4.0,3.0,4.0,3.0,3.0,4.0,4.0,4.0,4.0,5.0,4.0,3.45
R_25vh4TexxYvaZOd,cali,loving_kindness,1,68.0,female,United States,United States,1,3.0,1,1667,100,1,23.0,4.0,3.0,1.0,1.0,4.0,1.0,1.0,3.0,1.0,4.0,3.0,1.0,1.0,1.0,4.0,4.0,1.0,1.0,4.0,4.0,9.0,5.0,6.0,2.0,1.0,2.0,1.0,1.0,1.0,4.0,1.0,2.0,4.0,4.0,5.0,5.0,5.0,4.0,4.0,5.0,4.0,5.0,5.0,3.25
R_2dsZl09XAmoLaI2,suny,body_scan,1,22.0,male,United States,United States,1,3.0,1,1095,100,1,31.0,4.0,2.0,1.0,1.0,4.0,1.0,1.0,3.0,1.0,3.0,2.0,1.0,1.0,2.0,3.0,3.0,1.0,1.0,3.0,3.0,7.0,3.0,5.0,3.0,2.0,2.0,4.0,2.0,3.0,2.0,3.0,3.0,4.0,2.0,2.0,3.0,3.0,2.0,2.0,3.0,2.0,3.0,4.0,2.7
R_bQJrRBVCzyxT6et,radb,mindful_walking,1,19.0,female,Netherlands,Germany,0,2.0,1,1416,100,1,24.0,4.0,4.0,2.0,2.0,4.0,1.0,1.0,4.0,1.0,4.0,4.0,1.0,1.0,3.0,4.0,4.0,1.0,1.0,4.0,4.0,7.0,6.0,6.0,3.0,1.0,3.0,3.0,1.0,3.0,2.0,3.0,1.0,3.0,3.0,4.0,3.0,3.0,4.0,4.0,5.0,3.0,3.0,4.0,2.95
R_sIokJ1VCEK3cXD3,suny,mindful_breathing,1,18.0,female,United States,United States,1,3.0,1,1152,100,1,26.0,4.0,4.0,2.0,2.0,3.0,1.0,1.0,4.0,1.0,4.0,3.0,1.0,2.0,1.0,4.0,4.0,1.0,2.0,4.0,4.0,8.0,5.0,8.0,4.0,4.0,4.0,5.0,5.0,5.0,4.0,5.0,5.0,4.0,2.0,4.0,4.0,2.0,4.0,2.0,2.0,2.0,4.0,3.0,3.7
R_2Vqq6jiqfpfebOh,radb,control_book,0,23.0,female,Netherlands,Netherlands,0,2.0,1,1245,100,1,36.0,4.0,3.0,2.0,1.0,2.0,2.0,2.0,3.0,1.0,4.0,2.0,1.0,2.0,3.0,3.0,3.0,2.0,1.0,3.0,4.0,6.0,4.0,7.0,4.0,4.0,4.0,4.0,4.0,4.0,5.0,4.0,2.0,4.0,4.0,4.0,2.0,2.0,4.0,4.0,4.0,2.0,4.0,4.0,3.65
R_3Hii4oUqcDLOJhe,jose,mindful_walking,1,19.0,female,United States,China,0,2.0,1,1331,100,1,33.0,3.0,3.0,1.0,1.0,3.0,1.0,1.0,3.0,1.0,3.0,2.0,1.0,1.0,1.0,4.0,2.0,1.0,1.0,3.0,1.0,6.0,3.0,6.0,4.0,3.0,2.0,4.0,2.0,4.0,2.0,3.0,5.0,4.0,2.0,4.0,4.0,3.0,2.0,4.0,4.0,2.0,4.0,2.0,3.2
R_DudQramwHrytkDn,digi,loving_kindness,1,18.0,self_describe,United States,United States,1,3.0,1,2467,100,1,51.0,2.0,1.0,2.0,2.0,2.0,2.0,1.0,1.0,1.0,2.0,1.0,1.0,1.0,4.0,3.0,2.0,1.0,3.0,2.0,1.0,5.0,3.0,4.0,3.0,4.0,3.0,3.0,4.0,5.0,3.0,4.0,4.0,5.0,3.0,2.0,2.0,2.0,2.0,1.0,3.0,2.0,1.0,3.0,2.95
R_Wrf2PBZMsZ594oF,suny,body_scan,1,19.0,male,United States,United States,1,3.0,1,1140,100,1,30.0,2.0,3.0,1.0,1.0,3.0,1.0,1.0,2.0,1.0,3.0,4.0,1.0,1.0,1.0,4.0,3.0,1.0,1.0,3.0,3.0,7.0,5.0,9.0,2.0,2.0,1.0,2.0,2.0,1.0,2.0,4.0,4.0,2.0,2.0,5.0,3.0,2.0,5.0,5.0,3.0,4.0,5.0,5.0,3.05
R_2WC5uDTC20pbaBD,cali,mindful_breathing,1,19.0,female,United States,United States,1,3.0,1,1567,100,1,27.0,4.0,3.0,1.0,1.0,4.0,1.0,2.0,3.0,1.0,4.0,3.0,2.0,1.0,2.0,4.0,4.0,2.0,1.0,4.0,4.0,8.0,3.0,9.0,1.0,2.0,1.0,1.0,1.0,2.0,2.0,2.0,1.0,4.0,4.0,4.0,5.0,4.0,4.0,5.0,3.0,3.0,4.0,5.0,2.9
R_3CH0FQDzT6ddZ40,cali,loving_kindness,1,44.0,female,United States,United States,1,3.0,1,1158,100,1,38.0,2.0,3.0,2.0,1.0,3.0,1.0,1.0,1.0,1.0,3.0,2.0,1.0,2.0,1.0,2.0,2.0,1.0,1.0,3.0,3.0,8.0,2.0,5.0,1.0,5.0,2.0,1.0,2.0,5.0,2.0,2.0,2.0,2.0,4.0,1.0,4.0,4.0,1.0,2.0,4.0,4.0,4.0,4.0,2.8
R_10N2d9e2aoLTiDM,radb,mindful_breathing,1,20.0,female,Netherlands,Germany,0,2.0,1,1412,100,1,41.0,2.0,2.0,2.0,2.0,2.0,1.0,1.0,3.0,1.0,3.0,2.0,1.0,1.0,4.0,3.0,3.0,1.0,2.0,2.0,3.0,7.0,3.0,6.0,1.0,1.0,3.0,2.0,1.0,2.0,2.0,2.0,1.0,2.0,4.0,4.0,2.0,2.0,4.0,4.0,3.0,4.0,4.0,3.0,2.55
R_eIZcJJnW2JLOEiR,iowa,control_book,0,19.0,female,United States,United States,1,3.0,1,2395,100,1,35.0,4.0,2.0,2.0,1.0,4.0,1.0,1.0,2.0,1.0,3.0,3.0,1.0,2.0,3.0,3.0,3.0,1.0,2.0,3.0,3.0,8.0,5.0,7.0,3.0,2.0,3.0,5.0,2.0,4.0,4.0,2.0,3.0,5.0,2.0,3.0,2.0,3.0,2.0,4.0,5.0,2.0,2.0,4.0,3.1
R_DHs44BdplEdssyl,spri,mindful_breathing,1,19.0,male,United States,United States,1,3.0,1,1089,100,1,30.0,4.0,2.0,1.0,2.0,4.0,1.0,1.0,4.0,1.0,4.0,3.0,1.0,1.0,4.0,4.0,3.0,1.0,1.0,2.0,4.0,8.0,2.0,5.0,1.0,1.0,1.0,1.0,2.0,2.0,2.0,2.0,1.0,4.0,5.0,3.0,2.0,3.0,2.0,4.0,3.0,4.0,2.0,5.0,2.5
R_12LaKx5hAFBKvWs,radb,mindful_walking,1,25.0,female,Netherlands,Germany,0,2.0,1,1318,100,1,66.0,1.0,2.0,3.0,3.0,1.0,3.0,4.0,1.0,2.0,2.0,1.0,3.0,3.0,3.0,1.0,2.0,4.0,1.0,1.0,1.0,3.0,7.0,1.0,5.0,3.0,5.0,4.0,5.0,5.0,5.0,5.0,5.0,5.0,1.0,3.0,2.0,4.0,3.0,2.0,3.0,2.0,1.0,2.0,3.5
R_10w2TPYkWEF9bkV,idah,body_scan,1,19.0,female,United States,United Kingdom,1,3.0,1,1222,100,1,30.0,3.0,3.0,1.0,1.0,3.0,1.0,1.0,3.0,1.0,3.0,3.0,1.0,1.0,1.0,3.0,3.0,1.0,1.0,3.0,3.0,8.0,2.0,7.0,3.0,2.0,2.0,3.0,3.0,4.0,2.0,2.0,4.0,4.0,2.0,4.0,3.0,4.0,4.0,3.0,2.0,4.0,2.0,3.0,3.0
R_Wqa5pDduz81mXPb,radb,control_book,0,21.0,female,Netherlands,Germany,0,2.0,1,1576,100,1,26.0,4.0,4.0,1.0,1.0,4.0,1.0,1.0,1.0,1.0,4.0,2.0,1.0,1.0,1.0,4.0,4.0,1.0,2.0,4.0,4.0,7.0,4.0,5.0,4.0,4.0,4.0,3.0,5.0,5.0,4.0,4.0,4.0,5.0,2.0,2.0,2.0,1.0,1.0,2.0,4.0,2.0,2.0,2.0,3.1
R_9XnT8yVJ22REvSh,gold,mindful_breathing,1,39.0,male,United Kingdom,Romania,0,2.0,1,8496,100,1,24.0,4.0,4.0,1.0,2.0,3.0,1.0,1.0,4.0,1.0,4.0,3.0,1.0,1.0,1.0,4.0,3.0,1.0,1.0,4.0,4.0,7.0,2.0,5.0,4.0,4.0,4.0,2.0,2.0,2.0,4.0,4.0,2.0,4.0,2.0,2.0,2.0,2.0,2.0,2.0,2.0,2.0,2.0,2.0,2.6
R_10Hj4Fmrf51kOac,cali,control_book,0,18.0,female,United States,Bolivia,0,2.0,1,1916,100,1,33.0,3.0,4.0,1.0,1.0,3.0,1.0,3.0,3.0,1.0,2.0,3.0,1.0,1.0,1.0,4.0,3.0,1.0,2.0,3.0,2.0,7.0,4.0,6.0,5.0,3.0,4.0,4.0,2.0,5.0,4.0,4.0,5.0,5.0,2.0,2.0,2.0,3.0,3.0,3.0,2.0,1.0,3.0,5.0,3.35
R_dhbDcdaFK5K0qfD,gold,mindful_walking,1,34.0,female,United Kingdom,,,2.0,1,1427,100,1,43.0,2.0,2.0,2.0,2.0,2.0,1.0,1.0,2.0,1.0,2.0,2.0,2.0,1.0,1.0,2.0,2.0,2.0,1.0,2.0,3.0,5.0,3.0,5.0,2.0,2.0,2.0,2.0,2.0,2.0,3.0,3.0,3.0,3.0,3.0,5.0,4.0,3.0,4.0,4.0,4.0,4.0,4.0,4.0,3.15
R_2YsmNQ7nIKPbtaX,suny,loving_kindness,1,20.0,male,United States,United States,1,3.0,1,1174,100,1,28.0,3.0,3.0,1.0,1.0,4.0,1.0,1.0,3.0,1.0,3.0,3.0,1.0,1.0,1.0,3.0,4.0,1.0,1.0,3.0,3.0,8.0,2.0,9.0,2.0,2.0,2.0,2.0,2.0,3.0,1.0,2.0,2.0,3.0,4.0,4.0,2.0,2.0,4.0,2.0,4.0,3.0,4.0,3.0,2.65
R_3EzF3TGaJY6BD0v,cali,body_scan,1,21.0,female,United States,United States,1,2.0,1,2396,100,1,34.0,3.0,2.0,1.0,1.0,3.0,1.0,1.0,3.0,1.0,3.0,3.0,1.0,1.0,1.0,2.0,2.0,1.0,1.0,3.0,2.0,7.0,3.0,6.0,3.0,2.0,2.0,3.0,3.0,4.0,1.0,4.0,3.0,5.0,2.0,2.0,4.0,3.0,2.0,3.0,3.0,4.0,4.0,4.0,3.05
R_A6utCkyHPKk8bUR,cali,control_book,0,23.0,female,United States,United States,1,2.0,1,1756,100,1,31.0,4.0,3.0,1.0,1.0,4.0,1.0,2.0,2.0,2.0,4.0,3.0,1.0,1.0,2.0,4.0,4.0,2.0,2.0,3.0,3.0,6.0,2.0,5.0,3.0,3.0,4.0,3.0,4.0,4.0,3.0,3.0,4.0,3.0,3.0,3.0,3.0,3.0,3.0,4.0,4.0,2.0,4.0,4.0,3.35
R_33DAaiUGagUTJ4y,cali,mindful_breathing,1,30.0,male,United States,United States,1,3.0,1,1135,100,1,20.0,4.0,4.0,1.0,1.0,4.0,1.0,1.0,4.0,1.0,4.0,4.0,1.0,1.0,1.0,4.0,4.0,1.0,1.0,4.0,4.0,9.0,5.0,9.0,5.0,1.0,5.0,1.0,1.0,1.0,1.0,1.0,1.0,1.0,1.0,5.0,5.0,3.0,5.0,5.0,5.0,5.0,5.0,5.0,3.1
R_22ysV40aAmllmni,macq,body_scan,1,24.0,male,Australia,Australia,1,3.0,1,5089,100,1,45.0,2.0,2.0,1.0,3.0,3.0,1.0,2.0,1.0,1.0,2.0,2.0,3.0,1.0,1.0,2.0,2.0,3.0,1.0,3.0,3.0,7.0,5.0,7.0,4.0,2.0,3.0,5.0,4.0,4.0,4.0,4.0,4.0,4.0,4.0,3.0,3.0,3.0,4.0,3.0,4.0,2.0,2.0,3.0,3.45
R_27pKIFmAMrY9CqP,suny,mindful_walking,1,19.0,female,United States,United States,1,3.0,1,1440,100,1,42.0,2.0,2.0,2.0,1.0,3.0,1.0,1.0,1.0,1.0,3.0,1.0,1.0,2.0,1.0,2.0,2.0,1.0,2.0,3.0,2.0,7.0,3.0,5.0,2.0,2.0,2.0,1.0,5.0,4.0,2.0,5.0,4.0,5.0,4.0,4.0,2.0,2.0,4.0,2.0,4.0,2.0,2.0,4.0,3.1
R_3NRlGoHCXha0aPq,cali,loving_kindness,1,,male,United States,United States,1,3.0,1,1480,100,1,33.0,3.0,2.0,1.0,1.0,3.0,1.0,1.0,2.0,1.0,2.0,3.0,1.0,1.0,1.0,3.0,3.0,1.0,1.0,3.0,3.0,6.0,4.0,9.0,2.0,1.0,1.0,2.0,1.0,2.0,1.0,1.0,1.0,2.0,2.0,4.0,3.0,4.0,4.0,4.0,3.0,3.0,4.0,4.0,2.45
R_QoEqXH25kC5sAE1,idah,loving_kindness,1,18.0,female,United States,United States,0,3.0,1,8233,100,1,35.0,2.0,3.0,1.0,1.0,3.0,1.0,1.0,2.0,1.0,3.0,3.0,1.0,1.0,1.0,2.0,3.0,1.0,1.0,2.0,2.0,7.0,3.0,6.0,2.0,2.0,2.0,3.0,2.0,2.0,2.0,4.0,2.0,3.0,4.0,5.0,4.0,4.0,5.0,4.0,4.0,4.0,4.0,4.0,3.3
R_2rNS1i3uRrBAt6C,witt,mindful_breathing,1,18.0,female,U. S.,United States,1,3.0,1,1169,100,1,39.0,3.0,2.0,2.0,4.0,4.0,1.0,2.0,2.0,1.0,4.0,3.0,1.0,1.0,2.0,2.0,2.0,1.0,2.0,3.0,3.0,7.0,5.0,6.0,3.0,2.0,3.0,4.0,2.0,4.0,3.0,3.0,3.0,4.0,4.0,5.0,4.0,5.0,5.0,4.0,4.0,4.0,5.0,5.0,3.8
R_11jay042UqN2u7I,idah,mindful_breathing,1,18.0,female,The United States,The United State,1,3.0,1,1791,100,1,38.0,3.0,2.0,2.0,1.0,3.0,1.0,2.0,3.0,1.0,3.0,2.0,1.0,2.0,3.0,3.0,3.0,1.0,1.0,2.0,3.0,8.0,3.0,4.0,3.0,2.0,3.0,3.0,3.0,2.0,3.0,4.0,4.0,4.0,3.0,4.0,3.0,2.0,4.0,4.0,3.0,3.0,4.0,4.0,3.25
R_3eaxSpPziLKAg0v,idah,body_scan,1,24.0,male,United States,United States,1,3.0,1,1804,100,1,35.0,2.0,3.0,2.0,1.0,3.0,1.0,2.0,3.0,1.0,3.0,3.0,2.0,1.0,1.0,3.0,3.0,2.0,1.0,3.0,3.0,7.0,5.0,4.0,2.0,4.0,2.0,1.0,2.0,1.0,2.0,2.0,1.0,1.0,4.0,3.0,4.0,3.0,4.0,5.0,5.0,4.0,4.0,2.0,2.8
R_bKO2XnGrWsZAnER,cali,control_book,0,26.0,male,United States,United States,1,3.0,1,1181,100,1,43.0,3.0,3.0,2.0,4.0,2.0,1.0,2.0,2.0,1.0,2.0,2.0,1.0,1.0,1.0,2.0,3.0,2.0,2.0,2.0,3.0,6.0,3.0,3.0,3.0,4.0,3.0,1.0,2.0,4.0,2.0,4.0,4.0,4.0,3.0,3.0,3.0,3.0,4.0,3.0,3.0,4.0,4.0,5.0,3.3
R_1rw4MPEkCaEQarY,cali,mindful_walking,1,,female,United States,United States,1,3.0,1,2394,100,1,24.0,4.0,3.0,1.0,1.0,4.0,1.0,2.0,3.0,1.0,4.0,4.0,1.0,1.0,1.0,4.0,4.0,1.0,1.0,4.0,3.0,9.0,4.0,9.0,1.0,1.0,2.0,3.0,1.0,3.0,2.0,4.0,4.0,5.0,4.0,5.0,2.0,2.0,4.0,3.0,2.0,2.0,5.0,3.0,2.9
R_1hRyvrNrC7ln1db,quee,body_scan,1,24.0,female,Australia,Australia,1,3.0,1,1391,100,1,36.0,2.0,3.0,1.0,1.0,3.0,1.0,1.0,3.0,1.0,2.0,3.0,2.0,2.0,2.0,3.0,3.0,1.0,1.0,2.0,3.0,7.0,6.0,4.0,2.0,2.0,2.0,3.0,2.0,4.0,2.0,4.0,2.0,4.0,2.0,4.0,2.0,3.0,2.0,4.0,5.0,2.0,3.0,4.0,2.9
R_1dzqSU2AjLJ5lkM,quee,loving_kindness,1,20.0,female,Australia,Malaysia,1,3.0,1,1243,100,1,28.0,4.0,4.0,1.0,1.0,4.0,1.0,1.0,3.0,1.0,4.0,2.0,1.0,2.0,1.0,4.0,3.0,1.0,2.0,3.0,3.0,8.0,2.0,8.0,4.0,3.0,2.0,2.0,5.0,5.0,1.0,4.0,1.0,4.0,1.0,4.0,2.0,2.0,4.0,4.0,2.0,2.0,4.0,4.0,3.0
R_2dW4qUiNofSrKiA,iowa,mindful_walking,1,20.0,male,United States,United States,1,3.0,1,1308,100,1,43.0,3.0,2.0,2.0,2.0,3.0,2.0,3.0,2.0,1.0,3.0,2.0,2.0,1.0,2.0,3.0,3.0,2.0,2.0,2.0,3.0,5.0,6.0,5.0,3.0,4.0,3.0,3.0,4.0,4.0,3.0,5.0,5.0,4.0,3.0,4.0,2.0,3.0,3.0,4.0,3.0,2.0,2.0,3.0,3.35
R_WrDSDQfItHIWxpf,cali,body_scan,1,37.0,female,United States,United States,1,3.0,1,1274,100,1,42.0,2.0,3.0,2.0,3.0,2.0,2.0,2.0,2.0,1.0,3.0,3.0,1.0,1.0,2.0,2.0,3.0,1.0,1.0,3.0,1.0,4.0,3.0,7.0,1.0,1.0,1.0,1.0,1.0,4.0,1.0,1.0,1.0,1.0,3.0,5.0,4.0,4.0,4.0,3.0,4.0,5.0,5.0,4.0,2.7
R_PtWD3T0zvaOzN6N,loyo,control_book,0,18.0,female,United States,Philippines,0,3.0,1,2860,100,1,50.0,2.0,2.0,2.0,1.0,1.0,1.0,2.0,2.0,1.0,1.0,2.0,2.0,3.0,3.0,2.0,3.0,2.0,2.0,2.0,2.0,5.0,6.0,5.0,4.0,2.0,2.0,2.0,2.0,5.0,5.0,4.0,2.0,5.0,3.0,4.0,2.0,2.0,4.0,4.0,3.0,4.0,2.0,4.0,3.25
R_DG0wiq0R60Nyzst,suny,loving_kindness,1,21.0,male,United States,United States,1,3.0,1,1603,100,1,23.0,4.0,4.0,1.0,1.0,4.0,1.0,1.0,4.0,1.0,4.0,3.0,1.0,1.0,2.0,4.0,4.0,1.0,1.0,4.0,3.0,8.0,3.0,5.0,2.0,2.0,1.0,3.0,2.0,3.0,2.0,1.0,2.0,4.0,3.0,4.0,3.0,4.0,5.0,3.0,3.0,4.0,4.0,4.0,2.95
R_An8LISNaapKqinD,quee,mindful_breathing,1,19.0,female,Australia,Hong Kong Sar,0,2.0,1,1888,100,1,24.0,3.0,4.0,1.0,1.0,4.0,1.0,2.0,3.0,1.0,4.0,4.0,1.0,1.0,1.0,4.0,3.0,1.0,1.0,4.0,4.0,9.0,5.0,8.0,2.0,2.0,2.0,3.0,4.0,4.0,4.0,4.0,3.0,4.0,4.0,4.0,4.0,2.0,4.0,2.0,5.0,2.0,4.0,2.0,3.25
R_2CkYCw8Cs2opsEj,idah,control_book,0,19.0,female,United States,United States,1,3.0,1,1808,100,1,46.0,3.0,3.0,1.0,1.0,2.0,2.0,4.0,1.0,1.0,2.0,1.0,1.0,1.0,1.0,2.0,1.0,2.0,1.0,2.0,2.0,5.0,1.0,1.0,3.0,4.0,2.0,3.0,2.0,2.0,3.0,3.0,4.0,4.0,3.0,2.0,4.0,3.0,1.0,4.0,2.0,4.0,4.0,4.0,3.05
R_XozktcJACR1BS3n,quee,loving_kindness,1,19.0,male,Australia,Hong Kong,0,2.0,1,1343,100,1,28.0,4.0,3.0,1.0,1.0,3.0,1.0,1.0,3.0,1.0,3.0,3.0,1.0,1.0,1.0,3.0,3.0,1.0,1.0,3.0,4.0,6.0,3.0,5.0,2.0,2.0,2.0,1.0,2.0,2.0,2.0,2.0,2.0,2.0,4.0,4.0,5.0,4.0,4.0,4.0,5.0,4.0,4.0,4.0,3.05
R_3s6SGdenoF75PQH,quee,mindful_breathing,1,21.0,female,Australia,United Kingdom,0,3.0,1,1517,100,1,40.0,2.0,3.0,1.0,3.0,2.0,1.0,2.0,4.0,1.0,2.0,3.0,2.0,3.0,2.0,2.0,4.0,2.0,1.0,3.0,3.0,7.0,3.0,5.0,3.0,1.0,3.0,3.0,2.0,3.0,2.0,2.0,3.0,2.0,3.0,4.0,2.0,3.0,3.0,3.0,2.0,1.0,3.0,2.0,2.5
R_1IcHBCGooqRq5cR,jose,body_scan,1,21.0,prefer_not_say,United States,United States,1,3.0,1,1626,100,1,33.0,3.0,3.0,1.0,1.0,3.0,1.0,1.0,3.0,1.0,3.0,3.0,1.0,2.0,2.0,3.0,3.0,2.0,1.0,3.0,3.0,7.0,2.0,5.0,3.0,2.0,2.0,3.0,3.0,3.0,3.0,4.0,2.0,4.0,4.0,4.0,2.0,3.0,4.0,4.0,2.0,3.0,3.0,3.0,3.05
R_3iCNxoKJzNvarWN,quee,body_scan,1,18.0,female,Australia,Australia,0,3.0,1,1626,100,1,38.0,3.0,4.0,2.0,1.0,3.0,1.0,3.0,2.0,1.0,4.0,1.0,1.0,1.0,1.0,3.0,3.0,3.0,2.0,2.0,3.0,7.0,2.0,6.0,5.0,5.0,5.0,5.0,4.0,5.0,4.0,5.0,5.0,5.0,1.0,2.0,2.0,3.0,1.0,1.0,4.0,2.0,3.0,3.0,3.5
R_3nlp1kg8llmUTBS,gold,loving_kindness,1,20.0,female,United Kingdom,United Kingdom,1,3.0,1,1282,100,1,26.0,4.0,3.0,1.0,1.0,3.0,1.0,1.0,3.0,1.0,4.0,3.0,1.0,1.0,1.0,4.0,3.0,1.0,1.0,3.0,4.0,7.0,6.0,7.0,2.0,2.0,2.0,2.0,2.0,3.0,1.0,3.0,1.0,3.0,4.0,4.0,4.0,2.0,4.0,4.0,4.0,4.0,4.0,2.0,2.85
R_2WU7RIwnqh0fbKR,seeb,mindful_walking,1,,male,Austria,Austria,0,2.0,1,46072,100,1,27.0,3.0,4.0,2.0,1.0,4.0,1.0,1.0,3.0,1.0,3.0,4.0,1.0,1.0,2.0,3.0,3.0,1.0,1.0,4.0,4.0,7.0,2.0,6.0,2.0,2.0,1.0,2.0,1.0,3.0,2.0,2.0,2.0,3.0,3.0,4.0,4.0,4.0,4.0,4.0,3.0,4.0,4.0,4.0,2.9
R_27NVxt4oYKrFXK3,radb,mindful_walking,1,19.0,female,Germany,Germany,0,2.0,1,1378,100,1,25.0,4.0,3.0,1.0,1.0,4.0,1.0,1.0,3.0,1.0,3.0,3.0,1.0,1.0,1.0,4.0,3.0,1.0,1.0,4.0,4.0,7.0,3.0,7.0,4.0,2.0,4.0,4.0,4.0,5.0,5.0,4.0,4.0,5.0,2.0,4.0,2.0,2.0,4.0,2.0,2.0,2.0,2.0,2.0,3.25
R_O1i26enBdoHaKeR,wurz,control_book,0,18.0,female,Germany,Germany,0,2.0,1,1496,100,1,41.0,3.0,3.0,3.0,2.0,3.0,2.0,3.0,3.0,1.0,3.0,3.0,3.0,2.0,1.0,3.0,3.0,1.0,3.0,3.0,3.0,7.0,5.0,6.0,1.0,1.0,1.0,2.0,2.0,2.0,2.0,2.0,1.0,2.0,4.0,4.0,2.0,4.0,4.0,4.0,4.0,4.0,4.0,2.0,2.6
R_1otFIW0IVV6WjKf,radb,mindful_breathing,1,19.0,female,Netherlands,Netherlands,0,2.0,1,1262,100,1,26.0,4.0,3.0,1.0,1.0,3.0,1.0,1.0,3.0,1.0,4.0,3.0,1.0,1.0,2.0,3.0,4.0,1.0,1.0,4.0,4.0,8.0,5.0,7.0,2.0,2.0,2.0,3.0,1.0,2.0,2.0,4.0,3.0,4.0,4.0,5.0,2.0,2.0,4.0,3.0,5.0,4.0,4.0,5.0,3.15
R_1MNK1JdLsTm9nXj,wurz,loving_kindness,1,21.0,male,Germany,Germany,0,2.0,1,1253,100,1,24.0,4.0,4.0,1.0,1.0,4.0,1.0,1.0,3.0,1.0,4.0,3.0,1.0,1.0,1.0,4.0,4.0,1.0,1.0,2.0,4.0,8.0,2.0,7.0,1.0,1.0,1.0,1.0,1.0,2.0,1.0,2.0,2.0,2.0,2.0,5.0,4.0,2.0,5.0,4.0,4.0,4.0,4.0,5.0,2.65
R_31bdEyaEePlgasB,cali,mindful_breathing,1,22.0,female,United States,United States,1,3.0,1,1266,100,1,27.0,4.0,3.0,1.0,1.0,3.0,1.0,1.0,3.0,1.0,4.0,3.0,1.0,1.0,2.0,4.0,4.0,1.0,1.0,3.0,3.0,8.0,1.0,7.0,1.0,1.0,1.0,1.0,2.0,4.0,1.0,4.0,5.0,4.0,1.0,5.0,2.0,1.0,4.0,2.0,1.0,4.0,4.0,4.0,2.6
R_3FQForvLLeguEh2,newf,mindful_walking,1,21.0,female,Canada,Canada,1,3.0,1,1823,100,1,42.0,3.0,3.0,2.0,2.0,3.0,1.0,2.0,2.0,1.0,2.0,3.0,2.0,1.0,2.0,2.0,2.0,2.0,1.0,2.0,2.0,7.0,2.0,5.0,2.0,3.0,4.0,2.0,3.0,2.0,2.0,3.0,2.0,4.0,2.0,4.0,2.0,2.0,4.0,2.0,4.0,2.0,3.0,3.0,2.75
R_egENQD2Xjo7opxv,radb,body_scan,1,19.0,female,Netherlands,Germany,0,2.0,1,1420,100,1,41.0,3.0,4.0,2.0,2.0,2.0,2.0,2.0,3.0,2.0,3.0,3.0,3.0,2.0,2.0,3.0,3.0,2.0,2.0,3.0,3.0,6.0,2.0,6.0,2.0,3.0,2.0,2.0,4.0,4.0,2.0,4.0,4.0,4.0,3.0,3.0,2.0,2.0,2.0,2.0,2.0,4.0,4.0,2.0,2.85
R_2VQPbtC5CrD1Rds,lime,mindful_walking,1,18.0,female,Ireland,Ireland,1,3.0,1,1572,100,1,45.0,3.0,3.0,2.0,2.0,2.0,2.0,2.0,2.0,1.0,2.0,2.0,1.0,1.0,2.0,2.0,2.0,2.0,2.0,2.0,2.0,5.0,3.0,4.0,2.0,2.0,3.0,3.0,3.0,4.0,2.0,3.0,3.0,4.0,3.0,4.0,3.0,4.0,4.0,4.0,2.0,4.0,4.0,4.0,3.25
R_1l3vFklGsBfsjX8,spri,body_scan,1,18.0,female,United States,United States,1,3.0,1,69314,100,1,32.0,4.0,3.0,1.0,1.0,4.0,1.0,2.0,3.0,1.0,3.0,3.0,1.0,2.0,2.0,3.0,3.0,1.0,2.0,3.0,3.0,7.0,4.0,6.0,2.0,2.0,2.0,2.0,2.0,3.0,2.0,4.0,3.0,4.0,3.0,4.0,3.0,5.0,4.0,4.0,3.0,3.0,4.0,3.0,3.1
R_3PuUKguV4QMGlsx,gold,control_book,0,18.0,female,United Kingdom,United Kingdom,1,3.0,1,1190,100,1,29.0,4.0,2.0,1.0,1.0,4.0,1.0,2.0,3.0,1.0,3.0,3.0,1.0,1.0,2.0,4.0,4.0,2.0,1.0,3.0,4.0,8.0,3.0,5.0,4.0,2.0,3.0,2.0,4.0,4.0,4.0,2.0,2.0,2.0,4.0,4.0,4.0,2.0,4.0,5.0,5.0,5.0,5.0,4.0,3.55
R_3ENq8Lr4BF1MALG,idah,body_scan,1,49.0,female,United States,United States,1,3.0,1,1326,100,1,27.0,3.0,4.0,1.0,1.0,3.0,1.0,1.0,4.0,1.0,3.0,3.0,1.0,1.0,1.0,3.0,3.0,1.0,1.0,4.0,3.0,7.0,3.0,8.0,2.0,1.0,2.0,2.0,2.0,4.0,1.0,2.0,1.0,4.0,2.0,4.0,1.0,2.0,4.0,2.0,2.0,2.0,4.0,5.0,2.45
R_cAQ4Sx4MDqfMiC5,cali,mindful_breathing,1,19.0,female,United States,United States,1,2.0,1,1207,100,1,38.0,3.0,4.0,1.0,1.0,3.0,2.0,1.0,2.0,1.0,3.0,3.0,2.0,2.0,4.0,3.0,3.0,1.0,1.0,2.0,2.0,6.0,4.0,6.0,3.0,3.0,4.0,4.0,2.0,4.0,4.0,5.0,2.0,4.0,3.0,3.0,2.0,4.0,3.0,4.0,5.0,4.0,3.0,2.0,3.4
R_sjydUlgdoXnNbSF,radb,loving_kindness,1,18.0,male,Netherlands,Germany,0,2.0,1,1080,100,1,24.0,4.0,4.0,1.0,1.0,3.0,1.0,1.0,4.0,1.0,4.0,3.0,1.0,1.0,1.0,3.0,4.0,1.0,1.0,3.0,4.0,9.0,2.0,8.0,1.0,1.0,1.0,3.0,1.0,4.0,1.0,3.0,1.0,5.0,5.0,5.0,5.0,5.0,5.0,5.0,5.0,2.0,5.0,5.0,3.4
R_3qBRdq98GGS4dzX,wurz,body_scan,1,19.0,female,Germany,Germany,0,2.0,1,1414,100,1,31.0,4.0,3.0,1.0,2.0,3.0,1.0,2.0,3.0,1.0,3.0,3.0,1.0,1.0,2.0,4.0,3.0,1.0,1.0,3.0,3.0,7.0,3.0,5.0,3.0,3.0,3.0,3.0,2.0,4.0,2.0,3.0,2.0,4.0,3.0,3.0,4.0,4.0,2.0,4.0,4.0,4.0,3.0,4.0,3.2
R_1pmzeUiBa18Nszy,radb,control_book,0,21.0,female,Germany,Germany,0,2.0,1,1625,100,1,40.0,3.0,3.0,2.0,2.0,3.0,1.0,2.0,2.0,1.0,3.0,2.0,1.0,1.0,2.0,3.0,2.0,2.0,3.0,3.0,3.0,7.0,6.0,4.0,4.0,5.0,3.0,2.0,4.0,4.0,4.0,4.0,4.0,4.0,2.0,2.0,2.0,2.0,2.0,3.0,2.0,2.0,2.0,3.0,3.0
R_3nMgK2x8NsmpZHC,idah,mindful_walking,1,24.0,female,United States,United States,1,3.0,1,1266,100,1,29.0,4.0,3.0,1.0,1.0,3.0,1.0,1.0,3.0,1.0,3.0,2.0,1.0,1.0,1.0,4.0,4.0,1.0,1.0,2.0,3.0,7.0,3.0,7.0,2.0,3.0,2.0,2.0,2.0,2.0,1.0,2.0,3.0,4.0,4.0,3.0,2.0,4.0,3.0,5.0,2.0,3.0,4.0,5.0,2.9
R_3hoanwfhKiX2VG9,idah,mindful_breathing,1,19.0,female,United States,United States,1,3.0,1,1320,100,1,29.0,3.0,3.0,1.0,1.0,3.0,1.0,2.0,3.0,1.0,4.0,3.0,1.0,1.0,2.0,3.0,4.0,2.0,1.0,4.0,4.0,8.0,3.0,7.0,2.0,4.0,2.0,1.0,4.0,4.0,1.0,4.0,4.0,5.0,3.0,4.0,3.0,4.0,3.0,2.0,4.0,3.0,4.0,5.0,3.3
R_1hFOkh3kI7ecEHW,idah,loving_kindness,1,19.0,male,United States,United States,1,3.0,1,1489,100,1,35.0,3.0,2.0,1.0,2.0,3.0,1.0,1.0,2.0,1.0,4.0,3.0,1.0,1.0,3.0,4.0,3.0,1.0,2.0,2.0,3.0,5.0,5.0,5.0,3.0,4.0,3.0,4.0,3.0,5.0,3.0,4.0,4.0,4.0,3.0,5.0,2.0,2.0,2.0,5.0,4.0,2.0,2.0,4.0,3.4
R_2atLqKOQQrUQC46,illi,body_scan,1,19.0,male,United States,United States,1,2.0,1,1352,100,1,20.0,4.0,4.0,1.0,1.0,4.0,1.0,1.0,4.0,1.0,4.0,4.0,1.0,1.0,1.0,4.0,4.0,1.0,1.0,4.0,4.0,8.0,5.0,8.0,1.0,1.0,1.0,1.0,1.0,1.0,1.0,1.0,1.0,2.0,5.0,5.0,5.0,5.0,5.0,5.0,4.0,5.0,5.0,5.0,3.0
R_3Mlo5ntL3SKJCwN,illi,mindful_walking,1,18.0,male,United States,United States,1,2.0,1,2393,100,1,39.0,2.0,2.0,1.0,1.0,2.0,1.0,1.0,2.0,1.0,2.0,2.0,1.0,1.0,1.0,2.0,2.0,1.0,1.0,2.0,3.0,7.0,2.0,9.0,2.0,2.0,2.0,2.0,1.0,2.0,2.0,2.0,2.0,2.0,4.0,4.0,3.0,3.0,4.0,4.0,3.0,3.0,4.0,4.0,2.75
R_2VI3pT2OFG5ik91,idah,control_book,0,21.0,female,United States,Idaho Falls,1,3.0,1,1316,100,1,46.0,2.0,2.0,1.0,3.0,2.0,1.0,1.0,2.0,1.0,2.0,1.0,1.0,3.0,1.0,3.0,2.0,1.0,3.0,2.0,2.0,5.0,3.0,3.0,3.0,3.0,3.0,4.0,4.0,4.0,3.0,4.0,3.0,4.0,3.0,3.0,2.0,2.0,3.0,3.0,2.0,2.0,4.0,4.0,3.15
R_zUS7jjYMVb7gB4l,suny,mindful_walking,1,18.0,female,United States,United States,1,3.0,1,1341,100,1,26.0,4.0,4.0,1.0,1.0,3.0,1.0,1.0,4.0,1.0,3.0,3.0,1.0,1.0,1.0,3.0,3.0,1.0,1.0,3.0,4.0,8.0,4.0,7.0,4.0,2.0,4.0,3.0,4.0,5.0,3.0,5.0,5.0,5.0,3.0,4.0,4.0,2.0,2.0,3.0,4.0,3.0,2.0,3.0,3.5
R_25BDsUDVfs1YgEl,macq,loving_kindness,1,18.0,female,Australia,Australia,1,3.0,1,1432,100,1,49.0,2.0,2.0,2.0,2.0,2.0,2.0,4.0,2.0,1.0,2.0,2.0,2.0,1.0,2.0,3.0,2.0,3.0,1.0,2.0,2.0,4.0,5.0,4.0,4.0,2.0,4.0,2.0,4.0,4.0,2.0,4.0,2.0,4.0,2.0,3.0,1.0,4.0,2.0,2.0,2.0,2.0,4.0,4.0,2.9
R_2RVoDpkIUjmQaJQ,quee,control_book,0,20.0,female,Australia,Australia,1,3.0,1,1301,100,1,39.0,3.0,3.0,2.0,2.0,3.0,1.0,2.0,4.0,1.0,2.0,3.0,2.0,2.0,2.0,3.0,3.0,2.0,2.0,3.0,2.0,7.0,5.0,7.0,2.0,3.0,2.0,4.0,5.0,4.0,2.0,5.0,2.0,5.0,2.0,3.0,1.0,1.0,3.0,4.0,1.0,2.0,3.0,2.0,2.8
R_XHVDhUTycXeSOo9,iowa,mindful_breathing,1,18.0,female,United States,United States,1,3.0,1,1230,100,1,35.0,2.0,2.0,1.0,1.0,3.0,1.0,2.0,2.0,1.0,4.0,4.0,1.0,1.0,2.0,2.0,3.0,1.0,1.0,3.0,2.0,7.0,4.0,7.0,2.0,1.0,4.0,2.0,2.0,4.0,2.0,4.0,5.0,4.0,3.0,4.0,2.0,2.0,3.0,2.0,2.0,2.0,4.0,4.0,2.9
R_2wsnp9ee2NJd283,jose,body_scan,1,18.0,male,San Jose,California,1,3.0,1,2723,100,1,34.0,4.0,1.0,1.0,1.0,4.0,1.0,1.0,4.0,1.0,4.0,3.0,2.0,1.0,3.0,4.0,1.0,1.0,1.0,3.0,1.0,8.0,1.0,7.0,3.0,4.0,2.0,1.0,3.0,3.0,1.0,2.0,3.0,1.0,3.0,3.0,3.0,3.0,4.0,4.0,3.0,1.0,3.0,3.0,2.65
R_Q9PcFjZ3s3xqDa9,quee,mindful_walking,1,19.0,female,Australia,United States,1,3.0,1,1417,100,1,33.0,3.0,4.0,1.0,1.0,3.0,1.0,1.0,4.0,2.0,3.0,2.0,2.0,2.0,2.0,4.0,3.0,1.0,1.0,2.0,3.0,7.0,3.0,5.0,3.0,4.0,3.0,3.0,4.0,4.0,2.0,5.0,2.0,4.0,4.0,4.0,2.0,4.0,3.0,4.0,2.0,4.0,4.0,4.0,3.45
R_0xeWxofU3D2lmw1,cali,control_book,0,19.0,female,United States,United States,1,3.0,1,1448,100,1,28.0,4.0,3.0,1.0,1.0,4.0,1.0,1.0,3.0,1.0,4.0,2.0,1.0,1.0,2.0,3.0,3.0,1.0,1.0,4.0,3.0,6.0,3.0,5.0,4.0,2.0,4.0,3.0,1.0,3.0,1.0,1.0,1.0,2.0,2.0,4.0,2.0,4.0,2.0,4.0,4.0,4.0,5.0,4.0,2.85
R_8qXh9TqOef69G4p,quee,loving_kindness,1,20.0,female,Australia,Australia,1,3.0,1,1377,100,1,49.0,2.0,1.0,2.0,1.0,2.0,1.0,1.0,2.0,2.0,2.0,1.0,2.0,3.0,3.0,2.0,2.0,1.0,1.0,2.0,2.0,5.0,4.0,4.0,3.0,3.0,2.0,2.0,4.0,3.0,3.0,4.0,4.0,5.0,2.0,3.0,2.0,4.0,3.0,3.0,4.0,2.0,1.0,4.0,3.05
R_ZrWtF4UucenSDo5,quee,control_book,0,18.0,female,Australia,Australia,1,3.0,1,1167,100,1,37.0,2.0,3.0,3.0,1.0,3.0,1.0,1.0,3.0,1.0,3.0,3.0,2.0,1.0,1.0,3.0,3.0,2.0,3.0,3.0,3.0,7.0,5.0,8.0,2.0,1.0,1.0,2.0,3.0,3.0,2.0,4.0,5.0,5.0,5.0,5.0,4.0,4.0,4.0,2.0,3.0,4.0,4.0,5.0,3.4
R_AodOJNrpfc31M3f,quee,loving_kindness,1,19.0,female,Hong Kong,Hong Kong,0,2.0,1,2306,100,1,39.0,3.0,2.0,2.0,2.0,2.0,1.0,2.0,3.0,1.0,3.0,2.0,1.0,2.0,2.0,3.0,3.0,2.0,1.0,3.0,3.0,5.0,2.0,4.0,4.0,2.0,4.0,4.0,4.0,4.0,2.0,4.0,4.0,4.0,1.0,3.0,2.0,4.0,2.0,2.0,4.0,4.0,1.0,5.0,3.2
R_rlMcmSmbN1rMIox,quee,mindful_walking,1,19.0,female,Australia,Malaysia,1,3.0,1,1389,100,1,33.0,4.0,3.0,1.0,1.0,3.0,1.0,1.0,1.0,1.0,3.0,2.0,1.0,1.0,1.0,4.0,2.0,1.0,1.0,3.0,2.0,7.0,3.0,7.0,3.0,4.0,3.0,2.0,2.0,5.0,2.0,4.0,4.0,4.0,3.0,3.0,4.0,4.0,2.0,4.0,4.0,2.0,4.0,4.0,3.35
R_240jBvmkCYNjPmY,illi,mindful_breathing,1,18.0,male,United States,United States,1,3.0,1,1434,100,1,35.0,3.0,3.0,2.0,2.0,3.0,1.0,1.0,2.0,1.0,2.0,4.0,1.0,1.0,1.0,3.0,2.0,1.0,1.0,3.0,2.0,5.0,3.0,8.0,1.0,1.0,2.0,1.0,3.0,3.0,2.0,2.0,4.0,3.0,4.0,4.0,4.0,4.0,4.0,4.0,3.0,5.0,5.0,3.0,3.1
R_AuKMWi1qLJrWTU5,quee,body_scan,1,18.0,female,Australia,United States,1,3.0,1,1079,100,1,40.0,2.0,3.0,1.0,2.0,3.0,1.0,2.0,4.0,3.0,4.0,2.0,2.0,1.0,2.0,3.0,2.0,2.0,3.0,3.0,3.0,7.0,5.0,9.0,2.0,4.0,3.0,2.0,4.0,4.0,2.0,3.0,4.0,4.0,2.0,3.0,3.0,4.0,2.0,3.0,2.0,2.0,3.0,4.0,3.0
R_1gGXyHoOhjB9mUc,quee,loving_kindness,1,20.0,female,Australia,Australia,1,3.0,1,1224,100,1,32.0,4.0,3.0,1.0,1.0,2.0,1.0,1.0,2.0,1.0,4.0,2.0,1.0,1.0,2.0,4.0,3.0,1.0,1.0,2.0,3.0,8.0,6.0,7.0,4.0,4.0,5.0,3.0,2.0,4.0,3.0,4.0,2.0,4.0,1.0,3.0,2.0,2.0,2.0,3.0,4.0,2.0,4.0,3.0,3.05
R_1lbEFOEuFhw6hM8,radb,control_book,0,19.0,female,Netherlands,Netherlands,0,2.0,1,1413,100,1,33.0,3.0,4.0,1.0,1.0,3.0,1.0,1.0,2.0,1.0,3.0,2.0,1.0,1.0,1.0,3.0,3.0,1.0,3.0,3.0,3.0,6.0,2.0,5.0,1.0,1.0,1.0,2.0,2.0,2.0,4.0,2.0,2.0,3.0,5.0,2.0,2.0,2.0,5.0,4.0,5.0,2.0,4.0,4.0,2.75
R_cBd9nNgyPm9u4YV,radb,body_scan,1,19.0,female,Netherlands,Netherlands,0,2.0,1,1474,100,1,42.0,3.0,3.0,2.0,3.0,3.0,1.0,2.0,3.0,2.0,3.0,2.0,2.0,2.0,3.0,4.0,3.0,2.0,2.0,2.0,3.0,7.0,5.0,7.0,3.0,3.0,4.0,2.0,4.0,5.0,2.0,4.0,4.0,5.0,3.0,3.0,4.0,2.0,3.0,2.0,4.0,4.0,4.0,4.0,3.45
R_1hywG9X3sbuZh4J,radb,loving_kindness,1,19.0,female,Netherlands,Germany,1,3.0,1,1156,100,1,35.0,3.0,3.0,1.0,2.0,3.0,1.0,2.0,3.0,1.0,3.0,4.0,2.0,1.0,2.0,3.0,3.0,2.0,2.0,3.0,3.0,7.0,5.0,6.0,2.0,1.0,2.0,2.0,2.0,2.0,3.0,3.0,3.0,3.0,4.0,4.0,4.0,4.0,4.0,4.0,4.0,3.0,4.0,4.0,3.1
R_3NCkzZ8PiVGgV5c,gold,mindful_walking,1,19.0,female,United Kingdom,Afghanistan,0,3.0,1,1200,100,1,33.0,3.0,3.0,1.0,1.0,3.0,1.0,2.0,3.0,1.0,3.0,3.0,2.0,1.0,1.0,3.0,3.0,1.0,1.0,2.0,3.0,6.0,4.0,7.0,3.0,3.0,3.0,3.0,4.0,4.0,3.0,4.0,4.0,4.0,3.0,3.0,2.0,3.0,3.0,3.0,2.0,3.0,3.0,2.0,3.1
R_1Que1M1rHM8mpGr,lime,control_book,0,19.0,female,Ireland,France,0,2.0,1,1288,100,1,32.0,4.0,4.0,1.0,1.0,3.0,1.0,2.0,2.0,1.0,3.0,2.0,1.0,1.0,2.0,4.0,3.0,1.0,3.0,4.0,3.0,7.0,1.0,7.0,2.0,2.0,2.0,4.0,2.0,4.0,3.0,3.0,3.0,4.0,3.0,4.0,2.0,2.0,2.0,4.0,4.0,3.0,4.0,4.0,3.05
R_Oj8qwNVQXyt4OLn,seeb,mindful_breathing,1,28.0,male,Germany,Germany,0,2.0,1,1917,100,1,24.0,4.0,4.0,1.0,1.0,4.0,1.0,2.0,4.0,1.0,4.0,3.0,2.0,1.0,1.0,4.0,4.0,2.0,1.0,4.0,4.0,7.0,3.0,8.0,2.0,1.0,1.0,2.0,2.0,4.0,4.0,5.0,4.0,3.0,3.0,4.0,3.0,2.0,3.0,2.0,2.0,3.0,2.0,2.0,2.7
R_1nUCNntCZ0nmCDB,gold,body_scan,1,20.0,female,United Kingdom,United Kingdom,1,3.0,1,2490,100,1,33.0,3.0,2.0,1.0,1.0,3.0,1.0,1.0,3.0,1.0,3.0,2.0,1.0,1.0,1.0,3.0,2.0,1.0,1.0,3.0,3.0,7.0,5.0,7.0,2.0,3.0,2.0,3.0,4.0,4.0,3.0,5.0,4.0,5.0,2.0,3.0,3.0,4.0,3.0,5.0,3.0,2.0,4.0,4.0,3.4
R_3rSwr8UQSxm4aOh,cali,control_book,0,20.0,female,United States,United States,1,2.0,1,1498,100,1,62.0,1.0,2.0,3.0,2.0,1.0,2.0,3.0,1.0,2.0,1.0,1.0,4.0,1.0,2.0,1.0,2.0,3.0,3.0,1.0,2.0,4.0,4.0,3.0,4.0,5.0,4.0,5.0,3.0,4.0,2.0,3.0,4.0,4.0,4.0,2.0,2.0,2.0,1.0,3.0,4.0,4.0,2.0,2.0,3.2
R_eeOUbI0AXx8YbsZ,digi,body_scan,1,21.0,male,United States,United States,1,3.0,1,52572,100,1,39.0,3.0,2.0,1.0,1.0,2.0,1.0,2.0,2.0,1.0,2.0,2.0,2.0,1.0,1.0,3.0,2.0,1.0,2.0,3.0,3.0,6.0,5.0,5.0,4.0,2.0,3.0,1.0,2.0,5.0,1.0,4.0,3.0,4.0,2.0,3.0,3.0,3.0,2.0,2.0,4.0,4.0,1.0,4.0,2.85
R_2VORkqeDvoKERim,spri,mindful_walking,1,18.0,female,United States,United States,1,3.0,1,98901,100,1,41.0,2.0,2.0,1.0,1.0,2.0,1.0,1.0,2.0,1.0,2.0,2.0,1.0,2.0,1.0,2.0,2.0,1.0,2.0,2.0,3.0,6.0,3.0,4.0,1.0,2.0,2.0,4.0,2.0,2.0,1.0,2.0,2.0,4.0,4.0,4.0,2.0,2.0,4.0,4.0,2.0,2.0,4.0,3.0,2.65
R_1hEknS0ezTYyy6L,illi,mindful_breathing,1,18.0,male,United States,United States,1,3.0,1,1373,100,1,33.0,3.0,3.0,1.0,1.0,1.0,1.0,1.0,3.0,1.0,3.0,3.0,1.0,2.0,1.0,3.0,3.0,1.0,1.0,3.0,3.0,7.0,1.0,7.0,3.0,3.0,3.0,3.0,3.0,4.0,3.0,3.0,4.0,3.0,1.0,4.0,3.0,4.0,5.0,5.0,2.0,3.0,2.0,5.0,3.3
R_2QyrCqC91A36ldi,illi,loving_kindness,1,19.0,female,United States,United States,1,3.0,1,1571,100,1,50.0,1.0,1.0,1.0,1.0,1.0,1.0,1.0,1.0,1.0,1.0,1.0,1.0,1.0,1.0,1.0,1.0,1.0,1.0,1.0,1.0,6.0,2.0,6.0,1.0,1.0,1.0,1.0,1.0,1.0,1.0,1.0,1.0,3.0,4.0,5.0,4.0,3.0,5.0,4.0,4.0,4.0,4.0,5.0,2.7
R_2qa6rAP2yswKwzF,loyo,control_book,0,19.0,female,United States,United States,1,3.0,1,1315,100,1,38.0,3.0,2.0,2.0,1.0,3.0,1.0,2.0,2.0,1.0,4.0,1.0,1.0,1.0,2.0,3.0,2.0,1.0,1.0,3.0,2.0,7.0,5.0,8.0,3.0,2.0,1.0,2.0,2.0,4.0,1.0,4.0,2.0,4.0,2.0,5.0,2.0,4.0,4.0,4.0,2.0,5.0,4.0,5.0,3.1
R_1FRtSwA5NeEcNsn,spri,mindful_walking,1,18.0,female,United States,United States,1,2.0,1,1265,100,1,59.0,2.0,2.0,3.0,4.0,2.0,1.0,4.0,2.0,3.0,2.0,3.0,3.0,4.0,3.0,1.0,2.0,3.0,2.0,2.0,3.0,7.0,5.0,6.0,4.0,2.0,2.0,4.0,2.0,4.0,1.0,2.0,4.0,5.0,2.0,4.0,2.0,2.0,4.0,2.0,2.0,2.0,5.0,2.0,2.85
R_1Qudst3Uh4C8ENr,spri,mindful_breathing,1,19.0,prefer_not_say,,,1,3.0,1,2226,100,1,23.0,4.0,4.0,1.0,1.0,4.0,1.0,1.0,1.0,1.0,4.0,4.0,1.0,1.0,1.0,4.0,4.0,1.0,1.0,4.0,4.0,9.0,1.0,9.0,3.0,3.0,3.0,3.0,3.0,3.0,3.0,3.0,3.0,3.0,3.0,3.0,3.0,3.0,3.0,3.0,3.0,3.0,3.0,3.0,3.0
R_1FkC57VrbIt0Ehr,idah,loving_kindness,1,18.0,female,United States,United States,1,3.0,1,1207,100,1,35.0,2.0,2.0,1.0,1.0,2.0,1.0,1.0,2.0,1.0,4.0,3.0,1.0,1.0,1.0,2.0,2.0,1.0,1.0,3.0,3.0,6.0,4.0,4.0,4.0,3.0,3.0,3.0,3.0,3.0,1.0,4.0,2.0,4.0,2.0,4.0,1.0,2.0,3.0,4.0,2.0,2.0,2.0,2.0,2.7
R_2ymdA6p90v9pWaE,idah,body_scan,1,36.0,female,United States,United States,1,3.0,1,1536,100,1,30.0,4.0,2.0,1.0,1.0,4.0,1.0,1.0,3.0,1.0,4.0,2.0,1.0,1.0,2.0,4.0,2.0,1.0,1.0,3.0,3.0,6.0,4.0,6.0,5.0,5.0,4.0,4.0,4.0,5.0,4.0,5.0,5.0,5.0,1.0,1.0,4.0,2.0,1.0,2.0,4.0,4.0,4.0,5.0,3.7
R_5irWgJq8Mg86UWR,idah,mindful_walking,1,19.0,female,United States,United States,1,3.0,1,1409,100,1,25.0,4.0,3.0,1.0,1.0,3.0,1.0,1.0,4.0,1.0,4.0,3.0,2.0,1.0,1.0,4.0,4.0,1.0,1.0,3.0,4.0,8.0,1.0,7.0,1.0,1.0,1.0,2.0,2.0,2.0,2.0,4.0,2.0,4.0,5.0,5.0,2.0,4.0,4.0,3.0,4.0,4.0,4.0,4.0,3.0
R_wKSAuKKE0tgr2EN,idah,body_scan,1,36.0,female,United States,United States,1,3.0,1,1591,100,1,34.0,3.0,3.0,1.0,1.0,3.0,1.0,2.0,3.0,1.0,3.0,2.0,1.0,1.0,2.0,3.0,3.0,2.0,1.0,3.0,3.0,6.0,3.0,6.0,5.0,4.0,5.0,4.0,4.0,5.0,4.0,5.0,5.0,5.0,1.0,2.0,4.0,4.0,2.0,2.0,4.0,4.0,4.0,4.0,3.85
R_2qraPl81vuKKu40,illi,loving_kindness,1,18.0,female,United States,United States,1,3.0,1,1349,100,1,24.0,4.0,4.0,1.0,1.0,4.0,1.0,2.0,4.0,1.0,4.0,3.0,1.0,1.0,2.0,3.0,4.0,1.0,1.0,4.0,4.0,7.0,3.0,8.0,3.0,2.0,1.0,2.0,2.0,3.0,1.0,3.0,4.0,4.0,4.0,5.0,2.0,2.0,4.0,5.0,4.0,2.0,4.0,4.0,3.05
R_2cnI3WXcXmFDvgM,witt,mindful_breathing,1,18.0,female,United States,United States,1,3.0,1,1193,100,1,37.0,3.0,2.0,1.0,1.0,3.0,2.0,2.0,2.0,1.0,3.0,2.0,1.0,1.0,2.0,3.0,3.0,1.0,1.0,2.0,3.0,7.0,3.0,4.0,5.0,4.0,4.0,3.0,3.0,5.0,3.0,4.0,4.0,5.0,2.0,2.0,3.0,2.0,2.0,3.0,3.0,3.0,3.0,4.0,3.35
R_2374VZ3R1pV5f7f,loyo,control_book,0,19.0,male,United States,United States,1,3.0,1,199716,100,1,44.0,2.0,3.0,1.0,2.0,2.0,1.0,2.0,3.0,2.0,2.0,3.0,2.0,1.0,2.0,2.0,3.0,2.0,3.0,2.0,2.0,6.0,4.0,6.0,3.0,2.0,2.0,2.0,2.0,3.0,2.0,3.0,2.0,4.0,3.0,4.0,4.0,3.0,3.0,4.0,3.0,3.0,4.0,4.0,3.0
R_1H2iTiRV7Iq1y1x,idah,mindful_breathing,1,20.0,female,United States,United States,1,3.0,1,1204,100,1,42.0,3.0,2.0,1.0,1.0,4.0,1.0,3.0,2.0,1.0,3.0,2.0,3.0,3.0,2.0,3.0,3.0,3.0,1.0,2.0,3.0,7.0,3.0,8.0,2.0,3.0,2.0,2.0,3.0,4.0,2.0,2.0,4.0,4.0,4.0,4.0,4.0,4.0,4.0,4.0,4.0,4.0,3.0,4.0,3.35
R_3CIAhMw8gdpwgVE,quee,mindful_walking,1,19.0,female,Australia,Australia,1,3.0,1,1533,100,1,23.0,4.0,4.0,1.0,2.0,4.0,1.0,1.0,3.0,1.0,4.0,3.0,1.0,1.0,1.0,4.0,4.0,1.0,1.0,4.0,4.0,9.0,1.0,8.0,1.0,2.0,1.0,1.0,1.0,3.0,1.0,4.0,2.0,4.0,5.0,4.0,2.0,5.0,4.0,4.0,4.0,4.0,5.0,5.0,3.1
R_20ORr1ECiLtUwum,spri,body_scan,1,20.0,female,United States,United States,1,3.0,1,1241,100,1,41.0,3.0,3.0,3.0,1.0,1.0,2.0,1.0,2.0,1.0,3.0,4.0,4.0,1.0,1.0,2.0,3.0,2.0,1.0,3.0,2.0,5.0,7.0,5.0,3.0,1.0,2.0,2.0,3.0,4.0,4.0,4.0,2.0,5.0,3.0,4.0,2.0,3.0,4.0,3.0,3.0,3.0,3.0,2.0,3.0
R_1NmNRv8crmqMr9y,idah,loving_kindness,1,19.0,male,United States,United States,1,3.0,1,2015,100,1,28.0,4.0,3.0,1.0,1.0,2.0,2.0,2.0,3.0,1.0,4.0,4.0,1.0,1.0,1.0,4.0,4.0,2.0,1.0,4.0,3.0,8.0,2.0,7.0,4.0,4.0,4.0,2.0,2.0,4.0,2.0,4.0,4.0,4.0,2.0,2.0,3.0,3.0,2.0,4.0,3.0,3.0,3.0,4.0,3.15
R_Uo4kUQ9LNlIhTC9,idah,mindful_walking,1,18.0,female,United States,United States,1,3.0,1,1268,100,1,37.0,3.0,3.0,2.0,1.0,3.0,1.0,2.0,3.0,2.0,3.0,2.0,2.0,1.0,1.0,3.0,3.0,2.0,2.0,3.0,3.0,7.0,5.0,6.0,4.0,4.0,3.0,2.0,4.0,4.0,2.0,4.0,4.0,5.0,2.0,3.0,3.0,3.0,3.0,3.0,4.0,4.0,3.0,4.0,3.4
R_3GxmavoB911AN9g,iowa,body_scan,1,20.0,male,United States,United States,1,2.0,1,1220,100,1,33.0,3.0,3.0,1.0,1.0,3.0,1.0,2.0,3.0,1.0,3.0,3.0,2.0,1.0,1.0,3.0,3.0,1.0,2.0,3.0,3.0,7.0,8.0,9.0,3.0,2.0,2.0,3.0,2.0,2.0,1.0,5.0,4.0,4.0,3.0,3.0,2.0,3.0,3.0,2.0,4.0,3.0,4.0,3.0,2.9
R_25BgTQJhe89afZ6,quee,control_book,0,21.0,female,Australia,Singapore,1,3.0,1,1706,100,1,33.0,4.0,3.0,1.0,1.0,3.0,1.0,1.0,3.0,1.0,3.0,2.0,1.0,1.0,1.0,3.0,2.0,1.0,2.0,2.0,3.0,7.0,6.0,7.0,2.0,2.0,1.0,2.0,4.0,4.0,2.0,4.0,1.0,4.0,5.0,4.0,4.0,4.0,3.0,4.0,4.0,3.0,4.0,5.0,3.3
R_8dkxz0PVIgrobo5,macq,mindful_breathing,1,56.0,female,Australia,United Kingdom,1,3.0,1,1430,100,1,24.0,4.0,4.0,1.0,1.0,4.0,1.0,1.0,3.0,1.0,4.0,3.0,1.0,1.0,1.0,4.0,3.0,1.0,1.0,4.0,3.0,7.0,2.0,7.0,2.0,2.0,2.0,2.0,1.0,2.0,2.0,2.0,2.0,2.0,4.0,4.0,4.0,4.0,3.0,4.0,4.0,4.0,4.0,5.0,2.95
R_3O06t0xEJ3QYOAA,lime,control_book,0,18.0,female,Ireland,Ireland,1,3.0,1,1251,100,1,26.0,4.0,3.0,1.0,1.0,3.0,1.0,1.0,4.0,1.0,4.0,1.0,1.0,1.0,1.0,4.0,4.0,1.0,1.0,3.0,4.0,7.0,2.0,4.0,4.0,5.0,4.0,4.0,4.0,5.0,4.0,5.0,4.0,5.0,1.0,4.0,2.0,2.0,1.0,3.0,4.0,2.0,1.0,4.0,3.4
R_31tuFJANqjVPJt6,quee,mindful_walking,1,18.0,female,Australia,Australia,1,3.0,1,1364,100,1,45.0,2.0,3.0,1.0,2.0,2.0,1.0,3.0,3.0,1.0,2.0,2.0,2.0,2.0,3.0,2.0,3.0,2.0,1.0,2.0,2.0,7.0,5.0,7.0,2.0,2.0,2.0,2.0,4.0,4.0,3.0,4.0,2.0,4.0,4.0,4.0,2.0,2.0,3.0,2.0,3.0,2.0,2.0,3.0,2.8
R_vuJrNygNla8sh4l,quee,mindful_breathing,1,,prefer_not_say,Australia,United Kingdom,1,3.0,1,1157,100,1,77.0,1.0,1.0,4.0,1.0,1.0,4.0,4.0,1.0,4.0,1.0,1.0,4.0,4.0,4.0,1.0,1.0,4.0,4.0,1.0,1.0,1.0,1.0,2.0,2.0,2.0,2.0,2.0,2.0,4.0,2.0,4.0,4.0,4.0,3.0,3.0,4.0,4.0,2.0,2.0,3.0,3.0,4.0,1.0,2.85
R_1o6ZhHjJOG7Um9M,radb,loving_kindness,1,28.0,female,Netherlands,Germany,0,2.0,1,1469,100,1,32.0,3.0,3.0,1.0,1.0,3.0,1.0,1.0,3.0,1.0,3.0,2.0,1.0,1.0,1.0,3.0,3.0,1.0,1.0,2.0,3.0,8.0,3.0,7.0,4.0,4.0,4.0,4.0,4.0,4.0,4.0,4.0,4.0,5.0,2.0,3.0,2.0,2.0,2.0,2.0,2.0,2.0,2.0,2.0,3.1
R_2rC6ii8jJ2yUH3q,quee,mindful_breathing,1,20.0,female,Australia,Zimbabwe,1,3.0,1,1342,100,1,24.0,4.0,3.0,1.0,1.0,4.0,1.0,1.0,4.0,1.0,4.0,3.0,1.0,1.0,1.0,4.0,3.0,1.0,1.0,4.0,3.0,7.0,3.0,9.0,2.0,1.0,1.0,1.0,3.0,3.0,1.0,4.0,1.0,4.0,5.0,4.0,5.0,4.0,4.0,4.0,5.0,4.0,2.0,5.0,3.15
R_12feiLVm6mUf7VX,macq,control_book,0,18.0,female,Australia,Australia,1,3.0,1,1176,100,1,64.0,2.0,1.0,4.0,3.0,2.0,3.0,3.0,2.0,2.0,2.0,1.0,3.0,3.0,3.0,2.0,2.0,4.0,3.0,2.0,1.0,3.0,8.0,3.0,4.0,4.0,4.0,5.0,5.0,5.0,5.0,5.0,4.0,5.0,5.0,2.0,1.0,1.0,3.0,1.0,5.0,1.0,1.0,2.0,3.4
R_1mxigmm7RqdB7YF,wurz,loving_kindness,1,18.0,female,Germany,Germany,0,2.0,1,1445,100,1,27.0,4.0,4.0,1.0,1.0,4.0,1.0,2.0,4.0,1.0,4.0,4.0,4.0,1.0,3.0,4.0,4.0,2.0,1.0,4.0,4.0,8.0,4.0,6.0,4.0,1.0,2.0,4.0,3.0,2.0,2.0,3.0,1.0,2.0,2.0,4.0,4.0,3.0,5.0,4.0,2.0,2.0,2.0,2.0,2.7
R_3KDrTNQLy7R2RN4,suny,mindful_breathing,1,18.0,female,United States America,United States America,1,3.0,1,1321,100,1,51.0,3.0,3.0,3.0,3.0,2.0,2.0,3.0,3.0,3.0,3.0,2.0,3.0,3.0,3.0,3.0,3.0,3.0,2.0,2.0,3.0,6.0,7.0,6.0,1.0,2.0,3.0,3.0,2.0,4.0,4.0,1.0,3.0,2.0,4.0,3.0,4.0,4.0,4.0,3.0,3.0,2.0,1.0,4.0,2.85
R_1n0ce1NjPMkE42V,quee,control_book,0,18.0,male,Australia,Australia,1,3.0,1,1524,100,1,50.0,2.0,2.0,2.0,3.0,2.0,1.0,3.0,2.0,1.0,3.0,2.0,3.0,1.0,3.0,2.0,2.0,1.0,3.0,2.0,2.0,4.0,4.0,5.0,1.0,1.0,1.0,1.0,2.0,3.0,2.0,3.0,2.0,3.0,5.0,5.0,4.0,5.0,4.0,5.0,5.0,5.0,4.0,4.0,3.25
R_2fpx5I91FeDuYvQ,radb,mindful_walking,1,21.0,female,Netherlands,Bulgaria,0,2.0,1,1308,100,1,31.0,3.0,3.0,1.0,1.0,3.0,1.0,1.0,3.0,1.0,4.0,3.0,1.0,1.0,3.0,3.0,3.0,1.0,1.0,3.0,3.0,9.0,3.0,8.0,3.0,2.0,2.0,3.0,3.0,3.0,2.0,3.0,3.0,4.0,3.0,4.0,3.0,3.0,4.0,4.0,2.0,3.0,3.0,3.0,3.0
R_1jGKyQoX0AzBjbN,indi,body_scan,1,19.0,female,United States,United States,1,2.0,1,1155,100,1,33.0,4.0,2.0,2.0,2.0,3.0,1.0,1.0,4.0,1.0,4.0,1.0,1.0,1.0,3.0,4.0,2.0,2.0,1.0,4.0,4.0,8.0,2.0,9.0,3.0,1.0,3.0,5.0,5.0,3.0,3.0,3.0,5.0,3.0,5.0,4.0,1.0,4.0,4.0,4.0,3.0,1.0,4.0,3.0,3.35
R_9ZcO5i4JrmB4Etr,quee,mindful_breathing,1,25.0,male,Australia,Hong Kong,0,2.0,1,1153,100,1,40.0,2.0,4.0,1.0,1.0,3.0,1.0,2.0,2.0,1.0,3.0,1.0,1.0,1.0,1.0,2.0,1.0,1.0,1.0,2.0,1.0,5.0,5.0,5.0,3.0,3.0,3.0,3.0,2.0,3.0,3.0,3.0,3.0,3.0,3.0,3.0,3.0,3.0,3.0,3.0,3.0,3.0,3.0,3.0,2.95
R_z83uIrUdPviuTJv,lime,mindful_walking,1,19.0,female,Ireland,Ireland,1,3.0,1,3219,100,1,39.0,3.0,2.0,2.0,1.0,2.0,1.0,3.0,2.0,1.0,3.0,2.0,1.0,1.0,3.0,4.0,3.0,2.0,1.0,3.0,3.0,6.0,7.0,3.0,4.0,2.0,4.0,1.0,3.0,4.0,4.0,4.0,3.0,4.0,2.0,4.0,5.0,3.0,4.0,4.0,5.0,3.0,2.0,5.0,3.5
R_cZMNK3VdR84Sb3X,suny,loving_kindness,1,20.0,male,United States,United States,1,3.0,1,1300,100,1,24.0,4.0,3.0,1.0,1.0,2.0,1.0,1.0,4.0,1.0,4.0,4.0,1.0,1.0,1.0,4.0,4.0,1.0,1.0,3.0,4.0,9.0,1.0,7.0,1.0,1.0,1.0,1.0,1.0,2.0,2.0,1.0,1.0,2.0,3.0,5.0,3.0,4.0,5.0,5.0,3.0,5.0,5.0,4.0,2.75
R_1jdCcaCaQvro8pa,spri,body_scan,1,19.0,female,United States,United States,1,2.0,1,3391,100,1,28.0,3.0,3.0,1.0,1.0,3.0,1.0,2.0,3.0,1.0,4.0,4.0,1.0,1.0,1.0,4.0,4.0,1.0,1.0,3.0,2.0,7.0,8.0,7.0,2.0,3.0,3.0,4.0,3.0,4.0,3.0,4.0,3.0,4.0,2.0,5.0,2.0,4.0,3.0,3.0,2.0,2.0,4.0,2.0,3.1
R_1ml95YxP5ZZOjdY,radb,body_scan,1,29.0,self_describe,Italy,Belarus,0,2.0,1,1456,100,1,49.0,3.0,3.0,2.0,2.0,3.0,3.0,2.0,3.0,2.0,2.0,2.0,2.0,3.0,2.0,2.0,2.0,2.0,3.0,2.0,2.0,6.0,6.0,6.0,3.0,3.0,3.0,2.0,2.0,4.0,3.0,2.0,3.0,3.0,3.0,3.0,4.0,4.0,2.0,2.0,2.0,4.0,4.0,3.0,2.95
R_2du4DECLLgbut6K,cali,control_book,0,52.0,female,United States,United States,1,3.0,1,1893,100,1,33.0,4.0,3.0,1.0,2.0,3.0,1.0,2.0,3.0,1.0,3.0,3.0,1.0,1.0,1.0,3.0,2.0,1.0,1.0,3.0,2.0,5.0,5.0,6.0,3.0,2.0,3.0,4.0,2.0,2.0,2.0,2.0,2.0,2.0,3.0,4.0,3.0,4.0,4.0,4.0,2.0,4.0,4.0,4.0,3.0
R_55NrnvNnu9522SR,spri,mindful_breathing,1,18.0,female,United States,United States,1,2.0,1,1467,100,1,35.0,4.0,3.0,2.0,2.0,3.0,1.0,2.0,2.0,1.0,3.0,2.0,1.0,1.0,2.0,3.0,3.0,1.0,1.0,3.0,3.0,6.0,4.0,6.0,2.0,2.0,2.0,4.0,4.0,4.0,1.0,4.0,4.0,4.0,3.0,4.0,2.0,3.0,4.0,4.0,2.0,3.0,3.0,2.0,3.05
R_24f7OGS7cjGZ0XC,idah,mindful_walking,1,20.0,female,United States,United States,1,3.0,1,1220,100,1,34.0,2.0,3.0,2.0,2.0,2.0,1.0,2.0,4.0,1.0,3.0,4.0,1.0,1.0,1.0,2.0,4.0,1.0,1.0,3.0,2.0,8.0,4.0,7.0,3.0,2.0,3.0,3.0,4.0,4.0,3.0,3.0,4.0,5.0,3.0,4.0,2.0,2.0,4.0,2.0,2.0,2.0,2.0,3.0,3.0
R_pAUQbIP0B1GK00x,spri,body_scan,1,18.0,female,United States,United States,1,3.0,1,1259,100,1,22.0,4.0,4.0,1.0,1.0,4.0,1.0,1.0,4.0,1.0,3.0,3.0,1.0,1.0,1.0,4.0,4.0,1.0,1.0,4.0,4.0,9.0,1.0,9.0,1.0,2.0,1.0,2.0,4.0,4.0,1.0,2.0,4.0,4.0,5.0,4.0,4.0,4.0,4.0,5.0,4.0,5.0,4.0,5.0,3.45
R_pfNg4OISdVBfiSt,newf,loving_kindness,1,21.0,female,Canada,Canada,1,3.0,1,1323,100,1,20.0,4.0,4.0,1.0,1.0,4.0,1.0,1.0,4.0,1.0,4.0,4.0,1.0,1.0,1.0,4.0,4.0,1.0,1.0,4.0,4.0,8.0,1.0,8.0,2.0,1.0,2.0,2.0,2.0,2.0,1.0,2.0,2.0,4.0,4.0,4.0,2.0,4.0,4.0,3.0,3.0,4.0,5.0,5.0,2.9
R_2ro6hAw3VvMBbd4,radb,control_book,0,19.0,female,Netherlands,Netherlands,0,2.0,1,10045,100,1,34.0,3.0,3.0,1.0,3.0,3.0,1.0,1.0,4.0,2.0,3.0,2.0,1.0,1.0,4.0,4.0,4.0,1.0,2.0,3.0,4.0,8.0,3.0,5.0,2.0,2.0,2.0,3.0,3.0,3.0,2.0,4.0,3.0,5.0,3.0,4.0,4.0,1.0,3.0,4.0,5.0,4.0,3.0,3.0,3.15
R_302Ay77uI7PGGBt,spri,mindful_walking,1,21.0,male,United States,United States,1,3.0,1,1055,100,1,43.0,3.0,3.0,3.0,2.0,2.0,1.0,3.0,3.0,1.0,2.0,2.0,2.0,2.0,2.0,3.0,3.0,3.0,1.0,3.0,3.0,7.0,7.0,7.0,2.0,3.0,3.0,3.0,3.0,4.0,2.0,3.0,4.0,4.0,3.0,4.0,3.0,2.0,3.0,4.0,3.0,4.0,3.0,3.0,3.15
R_T5BCnfFR76AFk6R,indi,control_book,0,19.0,female,United States,United States,1,3.0,1,1413,100,1,36.0,3.0,3.0,1.0,1.0,2.0,1.0,1.0,2.0,1.0,3.0,2.0,1.0,1.0,2.0,3.0,3.0,1.0,2.0,2.0,3.0,7.0,1.0,6.0,2.0,1.0,2.0,3.0,2.0,2.0,2.0,2.0,2.0,4.0,4.0,4.0,3.0,4.0,4.0,4.0,4.0,4.0,4.0,4.0,3.05
R_86dOHYyCpevsIWB,witt,loving_kindness,1,19.0,female,United States,United States,1,3.0,1,1233,100,1,36.0,3.0,3.0,1.0,1.0,3.0,1.0,2.0,3.0,1.0,3.0,2.0,1.0,2.0,2.0,3.0,3.0,2.0,1.0,3.0,2.0,6.0,4.0,5.0,4.0,5.0,3.0,4.0,5.0,4.0,2.0,5.0,4.0,5.0,3.0,2.0,3.0,2.0,2.0,2.0,3.0,3.0,2.0,3.0,3.3
R_1q3CHWTT8txd7H0,cali,mindful_breathing,1,,female,United States,Jamaica,1,2.0,1,1719,100,1,33.0,4.0,3.0,1.0,1.0,3.0,1.0,2.0,3.0,1.0,4.0,3.0,1.0,1.0,3.0,4.0,3.0,1.0,3.0,2.0,3.0,8.0,7.0,4.0,3.0,1.0,3.0,4.0,2.0,4.0,1.0,1.0,4.0,4.0,3.0,5.0,3.0,1.0,5.0,5.0,3.0,5.0,3.0,5.0,3.25
R_Rt8z9iR8qQjK3vz,suny,mindful_walking,1,19.0,female,United States,United States,1,3.0,1,1347,100,1,27.0,4.0,3.0,1.0,1.0,4.0,1.0,1.0,4.0,1.0,3.0,2.0,1.0,2.0,1.0,4.0,4.0,1.0,2.0,3.0,4.0,8.0,3.0,6.0,1.0,3.0,1.0,3.0,1.0,2.0,1.0,3.0,1.0,4.0,5.0,4.0,1.0,2.0,3.0,4.0,2.0,2.0,4.0,3.0,2.5
R_6sU0ENuCxkzvZqV,suny,control_book,0,19.0,female,United States,United States,1,3.0,1,1192,100,1,53.0,3.0,2.0,2.0,2.0,2.0,2.0,4.0,2.0,2.0,3.0,2.0,3.0,3.0,4.0,2.0,2.0,3.0,2.0,3.0,3.0,6.0,5.0,8.0,2.0,3.0,1.0,2.0,2.0,2.0,1.0,4.0,4.0,5.0,1.0,4.0,2.0,4.0,3.0,4.0,1.0,2.0,4.0,4.0,2.75
R_sFh1Q6wmqZrqead,gold,mindful_breathing,1,24.0,male,United Kingdom,Lithunia,1,3.0,1,1344,100,1,30.0,4.0,4.0,1.0,1.0,4.0,1.0,4.0,3.0,1.0,3.0,2.0,1.0,1.0,1.0,3.0,4.0,1.0,1.0,3.0,3.0,7.0,5.0,5.0,4.0,2.0,2.0,4.0,3.0,4.0,4.0,4.0,4.0,4.0,3.0,4.0,2.0,3.0,3.0,2.0,2.0,2.0,2.0,2.0,3.0
R_upGudiomaygb3TH,idah,body_scan,1,28.0,female,United States,United States,1,3.0,1,2404,100,1,32.0,4.0,2.0,1.0,1.0,4.0,1.0,1.0,2.0,1.0,3.0,2.0,1.0,1.0,2.0,4.0,2.0,1.0,1.0,4.0,2.0,7.0,3.0,7.0,3.0,3.0,4.0,2.0,4.0,4.0,2.0,4.0,4.0,5.0,2.0,3.0,2.0,4.0,3.0,2.0,2.0,2.0,3.0,4.0,3.1
R_2cttf1bqivPGVDn,suny,body_scan,1,19.0,male,United States,United States,1,3.0,1,1189,100,1,35.0,2.0,3.0,1.0,1.0,3.0,1.0,3.0,3.0,1.0,3.0,3.0,1.0,1.0,3.0,3.0,3.0,1.0,1.0,3.0,3.0,6.0,4.0,4.0,3.0,1.0,3.0,2.0,4.0,4.0,1.0,4.0,5.0,5.0,3.0,4.0,3.0,3.0,4.0,3.0,3.0,3.0,2.0,3.0,3.15
R_1qaYc7nvt602RbQ,idah,control_book,0,20.0,male,The United States,Singapore,1,3.0,1,1251,100,1,55.0,2.0,2.0,3.0,3.0,2.0,2.0,3.0,2.0,3.0,2.0,3.0,2.0,2.0,3.0,2.0,2.0,2.0,3.0,2.0,2.0,6.0,4.0,5.0,3.0,1.0,3.0,4.0,4.0,4.0,4.0,4.0,2.0,2.0,3.0,4.0,2.0,3.0,3.0,2.0,4.0,4.0,3.0,5.0,3.2
R_1Oq7udk3VjFPXHC,indi,mindful_walking,1,19.0,female,United States,United States,1,3.0,1,1165,100,1,31.0,3.0,3.0,1.0,1.0,3.0,1.0,2.0,3.0,1.0,3.0,3.0,1.0,1.0,1.0,3.0,3.0,1.0,1.0,3.0,3.0,9.0,3.0,5.0,2.0,1.0,3.0,4.0,3.0,4.0,2.0,4.0,4.0,4.0,3.0,4.0,4.0,4.0,4.0,4.0,4.0,2.0,4.0,5.0,3.45
R_9zzHIlaOvQhVOWl,idah,mindful_breathing,1,19.0,female,United States,United State,1,3.0,1,1306,100,1,32.0,3.0,3.0,1.0,2.0,4.0,1.0,1.0,2.0,1.0,4.0,4.0,1.0,1.0,2.0,3.0,2.0,2.0,2.0,3.0,4.0,8.0,4.0,6.0,1.0,2.0,1.0,1.0,2.0,4.0,2.0,3.0,2.0,2.0,5.0,4.0,4.0,4.0,4.0,4.0,4.0,2.0,4.0,4.0,2.95
R_3FR8VIErH9uvhcI,macq,loving_kindness,1,34.0,female,Australia,Australia,1,3.0,1,1219,100,1,30.0,4.0,2.0,1.0,2.0,4.0,1.0,1.0,3.0,1.0,3.0,3.0,1.0,1.0,1.0,3.0,3.0,1.0,1.0,3.0,3.0,7.0,2.0,8.0,2.0,2.0,2.0,4.0,4.0,2.0,1.0,5.0,3.0,4.0,2.0,4.0,4.0,4.0,5.0,4.0,4.0,4.0,4.0,4.0,3.4
R_3rIcCOom7sCMZbT,macq,loving_kindness,1,18.0,female,Australia,Australia,1,3.0,1,1371,100,1,40.0,3.0,3.0,2.0,1.0,2.0,1.0,2.0,3.0,1.0,3.0,2.0,1.0,2.0,1.0,2.0,2.0,2.0,1.0,2.0,2.0,6.0,4.0,5.0,2.0,1.0,2.0,4.0,3.0,4.0,4.0,4.0,3.0,4.0,2.0,4.0,2.0,2.0,4.0,3.0,3.0,2.0,3.0,4.0,3.0
R_3HH6RElfgU7GQHY,macq,mindful_breathing,1,,female,Australia,Australia,1,3.0,1,1287,100,1,36.0,3.0,2.0,1.0,1.0,3.0,1.0,2.0,3.0,1.0,3.0,2.0,1.0,1.0,1.0,2.0,2.0,1.0,1.0,3.0,2.0,6.0,3.0,7.0,2.0,5.0,4.0,4.0,4.0,4.0,3.0,4.0,3.0,4.0,3.0,1.0,2.0,2.0,2.0,3.0,3.0,3.0,2.0,2.0,3.0
R_1jDJ4dKo1dbimy4,macq,body_scan,1,,female,Australia,Australia,1,3.0,1,1330,100,1,34.0,4.0,3.0,1.0,3.0,3.0,3.0,2.0,3.0,1.0,4.0,4.0,1.0,1.0,2.0,3.0,3.0,2.0,1.0,3.0,3.0,7.0,5.0,8.0,2.0,1.0,2.0,1.0,2.0,2.0,1.0,4.0,3.0,3.0,3.0,4.0,3.0,2.0,4.0,4.0,3.0,2.0,4.0,3.0,2.65
R_5mUxGMWkUjK5Mm5,macq,mindful_walking,1,19.0,female,Australia,Australia,1,3.0,1,2299,100,1,34.0,4.0,3.0,1.0,1.0,3.0,1.0,3.0,3.0,1.0,3.0,2.0,2.0,2.0,2.0,4.0,4.0,1.0,1.0,2.0,3.0,7.0,5.0,6.0,3.0,4.0,2.0,4.0,3.0,3.0,3.0,4.0,2.0,5.0,4.0,3.0,4.0,3.0,2.0,4.0,3.0,4.0,3.0,1.0,3.2
R_1rrATeQP5cjhXoE,macq,body_scan,1,18.0,female,Australia,Australia,1,3.0,1,1222,100,1,31.0,3.0,3.0,1.0,1.0,3.0,1.0,1.0,3.0,1.0,3.0,3.0,1.0,1.0,1.0,3.0,3.0,2.0,1.0,3.0,3.0,7.0,5.0,7.0,2.0,2.0,2.0,3.0,2.0,2.0,2.0,4.0,4.0,4.0,3.0,4.0,2.0,3.0,4.0,4.0,3.0,3.0,4.0,2.0,2.95
R_3HM4g0FeL7Ml9Vd,macq,control_book,0,18.0,male,Australia,Australia,0,3.0,1,1853,100,1,36.0,3.0,2.0,1.0,1.0,2.0,1.0,1.0,3.0,1.0,3.0,3.0,1.0,1.0,1.0,2.0,2.0,1.0,1.0,1.0,3.0,7.0,2.0,5.0,1.0,1.0,1.0,1.0,1.0,1.0,1.0,1.0,1.0,2.0,1.0,5.0,4.0,5.0,5.0,4.0,1.0,5.0,5.0,4.0,2.5
R_1mfJaFWvO3NOk2W,macq,mindful_walking,1,49.0,female,Australia,Vietnam,0,2.0,1,2188,100,1,31.0,3.0,3.0,2.0,1.0,3.0,1.0,1.0,3.0,1.0,3.0,3.0,1.0,1.0,1.0,3.0,2.0,1.0,1.0,3.0,4.0,8.0,5.0,8.0,2.0,2.0,2.0,2.0,4.0,2.0,4.0,2.0,4.0,4.0,4.0,4.0,2.0,4.0,4.0,2.0,4.0,3.0,4.0,2.0,3.05
R_0eprDgQG9SRuVQl,macq,loving_kindness,1,18.0,female,Australia,South Africa,0,3.0,1,1368,100,1,26.0,4.0,4.0,1.0,1.0,4.0,1.0,1.0,4.0,2.0,3.0,3.0,1.0,1.0,1.0,3.0,4.0,2.0,1.0,4.0,3.0,8.0,2.0,3.0,2.0,2.0,2.0,2.0,4.0,5.0,2.0,4.0,4.0,4.0,4.0,4.0,4.0,2.0,4.0,2.0,4.0,4.0,4.0,4.0,3.35
R_290ulxvY8AnYZqx,macq,control_book,0,18.0,female,Australia,Australia,1,3.0,1,1350,100,1,49.0,2.0,2.0,3.0,2.0,1.0,1.0,1.0,1.0,1.0,2.0,3.0,1.0,1.0,1.0,2.0,2.0,3.0,4.0,2.0,2.0,5.0,7.0,5.0,4.0,2.0,2.0,3.0,4.0,4.0,4.0,5.0,3.0,4.0,2.0,4.0,3.0,3.0,4.0,4.0,4.0,3.0,3.0,3.0,3.4
R_24c4MLHI0JxkqAu,witt,loving_kindness,1,18.0,female,United States,United States,1,3.0,1,1165,100,1,47.0,2.0,2.0,2.0,1.0,2.0,1.0,2.0,2.0,1.0,3.0,2.0,2.0,1.0,3.0,2.0,2.0,2.0,3.0,2.0,2.0,6.0,4.0,5.0,1.0,2.0,2.0,3.0,4.0,4.0,2.0,5.0,4.0,5.0,4.0,2.0,1.0,3.0,2.0,1.0,2.0,2.0,3.0,3.0,2.75
R_300GOdL4vyIbpy2,macq,mindful_walking,1,19.0,female,Australia,Australia,1,3.0,1,1188,100,1,31.0,3.0,3.0,1.0,1.0,3.0,1.0,1.0,3.0,1.0,3.0,2.0,1.0,1.0,1.0,3.0,3.0,1.0,1.0,3.0,3.0,8.0,2.0,7.0,2.0,2.0,2.0,1.0,4.0,4.0,4.0,4.0,2.0,4.0,4.0,2.0,2.0,2.0,3.0,2.0,4.0,2.0,3.0,5.0,2.9
R_2B8JCH00a1jUpFC,loyo,mindful_breathing,1,18.0,male,United States,United States,1,3.0,1,1374,100,1,23.0,4.0,4.0,1.0,1.0,4.0,1.0,1.0,3.0,1.0,3.0,4.0,1.0,1.0,1.0,4.0,4.0,1.0,2.0,4.0,4.0,8.0,3.0,9.0,2.0,1.0,2.0,1.0,2.0,2.0,4.0,4.0,4.0,4.0,3.0,4.0,2.0,2.0,4.0,4.0,5.0,4.0,4.0,5.0,3.15
R_3MJyrxsxf44R36c,spri,loving_kindness,1,19.0,female,United States,United States,1,3.0,1,1332,100,1,42.0,3.0,3.0,1.0,1.0,2.0,1.0,2.0,2.0,1.0,2.0,2.0,1.0,2.0,2.0,3.0,2.0,2.0,3.0,3.0,2.0,6.0,3.0,5.0,4.0,4.0,3.0,3.0,3.0,5.0,3.0,3.0,3.0,4.0,4.0,2.0,4.0,4.0,2.0,3.0,3.0,2.0,4.0,4.0,3.35
R_1H11N6c5T1efNyX,macq,mindful_breathing,1,21.0,male,Australia,India,0,3.0,1,1358,100,1,21.0,4.0,4.0,1.0,1.0,4.0,1.0,1.0,3.0,1.0,4.0,4.0,1.0,1.0,1.0,4.0,4.0,1.0,1.0,4.0,4.0,8.0,1.0,9.0,1.0,1.0,1.0,2.0,2.0,3.0,2.0,2.0,3.0,4.0,3.0,4.0,5.0,2.0,4.0,4.0,3.0,5.0,5.0,4.0,3.0
R_20YWFT5pu2UgLUP,macq,mindful_walking,1,19.0,female,Australia,Australia,1,2.0,1,1455,100,1,36.0,3.0,3.0,2.0,1.0,3.0,1.0,1.0,3.0,1.0,3.0,2.0,1.0,1.0,2.0,3.0,3.0,2.0,2.0,2.0,3.0,7.0,3.0,7.0,2.0,2.0,2.0,3.0,4.0,2.0,2.0,4.0,3.0,4.0,2.0,3.0,3.0,3.0,3.0,3.0,2.0,3.0,3.0,4.0,2.85
R_3DqJfv25gudUf4P,macq,body_scan,1,19.0,female,Australia,Australia,1,3.0,1,1655,100,1,26.0,4.0,3.0,2.0,1.0,4.0,1.0,1.0,3.0,1.0,4.0,3.0,1.0,1.0,2.0,4.0,4.0,1.0,1.0,3.0,4.0,8.0,2.0,7.0,2.0,1.0,2.0,2.0,2.0,3.0,3.0,3.0,3.0,4.0,4.0,5.0,4.0,3.0,4.0,4.0,4.0,4.0,4.0,4.0,3.25
R_3e3KHbCnOMmfTZx,conn,body_scan,1,18.0,female,United States,United States,1,3.0,1,1213,100,1,20.0,4.0,4.0,1.0,1.0,4.0,1.0,1.0,4.0,1.0,4.0,4.0,1.0,1.0,1.0,4.0,4.0,1.0,1.0,4.0,4.0,9.0,8.0,9.0,1.0,1.0,1.0,1.0,3.0,1.0,2.0,3.0,1.0,3.0,5.0,5.0,5.0,4.0,5.0,4.0,5.0,4.0,2.0,1.0,2.85
R_3smt3AJav3bMgV4,illi,control_book,0,18.0,female,United States,United States,1,3.0,1,1155,100,1,43.0,2.0,2.0,2.0,1.0,2.0,2.0,1.0,2.0,1.0,2.0,2.0,1.0,1.0,2.0,2.0,2.0,2.0,2.0,3.0,3.0,6.0,6.0,4.0,2.0,3.0,2.0,3.0,2.0,2.0,4.0,3.0,3.0,4.0,3.0,4.0,3.0,4.0,4.0,2.0,2.0,4.0,2.0,4.0,3.0
R_2wM0V8nPLAt7JcX,macq,mindful_walking,1,19.0,female,Australia,Vietnam,0,2.0,1,2354,100,1,36.0,3.0,2.0,1.0,1.0,1.0,1.0,1.0,2.0,1.0,3.0,3.0,2.0,1.0,1.0,3.0,3.0,1.0,1.0,2.0,3.0,7.0,5.0,6.0,2.0,2.0,2.0,4.0,2.0,3.0,2.0,2.0,4.0,3.0,2.0,3.0,4.0,4.0,3.0,4.0,4.0,3.0,4.0,1.0,2.9
R_PA4JAu09A7f64RH,spri,loving_kindness,1,19.0,female,United States,United States,1,3.0,1,1515,100,1,37.0,4.0,2.0,1.0,3.0,3.0,1.0,3.0,4.0,1.0,4.0,3.0,2.0,1.0,3.0,4.0,3.0,3.0,1.0,3.0,2.0,6.0,4.0,6.0,4.0,2.0,4.0,4.0,2.0,4.0,4.0,4.0,5.0,5.0,4.0,5.0,3.0,4.0,2.0,4.0,4.0,3.0,4.0,5.0,3.8
R_2tJyb0mxFMBuTzA,quee,mindful_breathing,1,21.0,female,Australia,Hong Kong,0,2.0,1,1171,100,1,47.0,2.0,2.0,1.0,2.0,2.0,1.0,2.0,2.0,1.0,2.0,2.0,1.0,3.0,2.0,2.0,1.0,1.0,2.0,2.0,2.0,7.0,6.0,2.0,4.0,4.0,4.0,5.0,4.0,4.0,3.0,4.0,5.0,4.0,4.0,5.0,3.0,3.0,3.0,4.0,5.0,4.0,3.0,3.0,3.9
R_3QR7OOcnMvE1qPH,quee,control_book,0,19.0,female,Australia,Australia,1,3.0,1,1284,100,1,28.0,3.0,3.0,1.0,1.0,4.0,1.0,1.0,2.0,1.0,4.0,3.0,1.0,1.0,1.0,4.0,3.0,1.0,2.0,3.0,4.0,7.0,3.0,7.0,4.0,4.0,4.0,5.0,4.0,4.0,1.0,5.0,2.0,2.0,2.0,2.0,2.0,2.0,2.0,2.0,4.0,2.0,3.0,4.0,3.0
R_1KfITI945LZEqmn,macq,body_scan,1,18.0,female,Australia,Australia,1,3.0,1,1178,100,1,46.0,3.0,2.0,1.0,2.0,2.0,1.0,4.0,3.0,2.0,2.0,1.0,3.0,1.0,3.0,2.0,4.0,1.0,2.0,2.0,3.0,6.0,6.0,5.0,3.0,3.0,3.0,3.0,4.0,4.0,4.0,4.0,3.0,5.0,3.0,4.0,2.0,3.0,2.0,4.0,3.0,2.0,3.0,2.0,3.2
R_UZ5A7itTXBS5mKt,macq,loving_kindness,1,37.0,male,Australia,Australia,1,3.0,1,1100,100,1,31.0,3.0,3.0,1.0,1.0,3.0,1.0,1.0,3.0,1.0,3.0,1.0,1.0,1.0,1.0,3.0,3.0,1.0,1.0,3.0,4.0,7.0,2.0,8.0,3.0,1.0,3.0,3.0,2.0,3.0,2.0,3.0,3.0,4.0,3.0,4.0,3.0,3.0,4.0,4.0,3.0,2.0,5.0,4.0,3.1
R_2Va00o3b0eCImsK,idah,mindful_walking,1,44.0,female,United States,United States,1,3.0,1,1372,100,1,24.0,4.0,4.0,1.0,1.0,4.0,1.0,1.0,4.0,1.0,4.0,3.0,1.0,1.0,1.0,4.0,1.0,1.0,1.0,4.0,4.0,9.0,1.0,7.0,2.0,2.0,2.0,2.0,2.0,2.0,2.0,3.0,2.0,2.0,4.0,4.0,3.0,3.0,5.0,2.0,4.0,2.0,4.0,4.0,2.8
R_1F2L5cNaQKXAfE7,idah,mindful_breathing,1,44.0,female,United States,United States,1,3.0,1,1258,100,1,20.0,4.0,4.0,1.0,1.0,4.0,1.0,1.0,4.0,1.0,4.0,4.0,1.0,1.0,1.0,4.0,4.0,1.0,1.0,4.0,4.0,9.0,1.0,7.0,2.0,2.0,2.0,3.0,2.0,2.0,2.0,2.0,2.0,3.0,4.0,4.0,3.0,2.0,4.0,3.0,2.0,3.0,4.0,2.0,2.65
R_3EgN3Gt2rfMncqf,idah,control_book,0,19.0,female,United States,United States,1,3.0,1,1360,100,1,23.0,4.0,4.0,1.0,2.0,4.0,1.0,1.0,4.0,1.0,4.0,4.0,1.0,1.0,3.0,4.0,4.0,1.0,1.0,4.0,4.0,7.0,4.0,6.0,2.0,1.0,2.0,2.0,4.0,2.0,1.0,4.0,1.0,4.0,4.0,4.0,4.0,5.0,4.0,4.0,5.0,5.0,4.0,3.0,3.25
R_27HEAcEFBBf4aDV,suny,body_scan,1,19.0,female,United States,United States,1,3.0,1,268691,100,1,32.0,3.0,3.0,1.0,1.0,3.0,1.0,2.0,3.0,1.0,3.0,2.0,1.0,1.0,1.0,4.0,3.0,1.0,2.0,3.0,3.0,7.0,3.0,5.0,2.0,4.0,2.0,2.0,5.0,4.0,4.0,5.0,4.0,5.0,4.0,4.0,4.0,2.0,4.0,2.0,4.0,2.0,2.0,4.0,3.45
R_3Pui92OZ66z0hhY,macq,mindful_breathing,1,21.0,female,Australia,Australia,1,3.0,1,1163,100,1,21.0,4.0,4.0,1.0,1.0,4.0,1.0,1.0,4.0,1.0,4.0,3.0,1.0,1.0,1.0,4.0,4.0,1.0,1.0,4.0,4.0,9.0,2.0,7.0,1.0,3.0,1.0,2.0,2.0,2.0,1.0,2.0,1.0,1.0,4.0,4.0,5.0,4.0,3.0,4.0,5.0,4.0,4.0,5.0,2.9
R_ehyjYEf6B6eeYLL,macq,body_scan,1,18.0,female,Australia,Australia,1,3.0,1,1301,100,1,27.0,4.0,2.0,1.0,1.0,4.0,1.0,1.0,2.0,1.0,4.0,1.0,1.0,1.0,1.0,4.0,4.0,1.0,1.0,4.0,4.0,7.0,4.0,4.0,2.0,4.0,2.0,1.0,2.0,3.0,1.0,5.0,3.0,5.0,4.0,3.0,5.0,3.0,3.0,2.0,5.0,5.0,4.0,5.0,3.35
R_21zlpOq3dCBmyNw,radb,mindful_breathing,1,18.0,male,Nederland,Nederland,0,2.0,1,1257,100,1,37.0,3.0,2.0,2.0,1.0,3.0,1.0,2.0,2.0,1.0,3.0,2.0,1.0,1.0,1.0,2.0,3.0,2.0,1.0,3.0,3.0,7.0,3.0,6.0,2.0,3.0,3.0,2.0,5.0,4.0,3.0,5.0,4.0,4.0,4.0,3.0,4.0,2.0,3.0,2.0,4.0,4.0,2.0,4.0,3.35
R_2tgunanG7e755ya,radb,loving_kindness,1,23.0,male,Germany,Germany,0,2.0,1,1443,100,1,22.0,4.0,4.0,2.0,2.0,4.0,1.0,1.0,4.0,1.0,4.0,4.0,1.0,1.0,1.0,4.0,4.0,1.0,1.0,4.0,4.0,9.0,5.0,7.0,2.0,1.0,2.0,2.0,1.0,4.0,2.0,2.0,1.0,2.0,3.0,4.0,5.0,5.0,5.0,4.0,5.0,2.0,4.0,2.0,2.9
R_6gmjv8keYzDkECJ,quee,mindful_breathing,1,18.0,male,Australia,South Korea,0,3.0,1,2381,100,1,26.0,4.0,4.0,1.0,1.0,1.0,1.0,2.0,4.0,1.0,4.0,4.0,1.0,2.0,2.0,4.0,4.0,1.0,1.0,4.0,4.0,7.0,3.0,6.0,2.0,2.0,1.0,1.0,3.0,3.0,2.0,2.0,3.0,1.0,3.0,4.0,3.0,4.0,4.0,5.0,2.0,4.0,5.0,4.0,2.9
R_2TABGL1pVs1ED3I,quee,body_scan,1,18.0,female,Australia,Australia,1,3.0,1,1128,100,1,35.0,4.0,3.0,2.0,1.0,3.0,2.0,2.0,2.0,1.0,3.0,3.0,1.0,1.0,2.0,4.0,3.0,2.0,2.0,3.0,3.0,8.0,2.0,6.0,3.0,3.0,2.0,3.0,3.0,2.0,3.0,3.0,3.0,3.0,3.0,3.0,4.0,4.0,3.0,4.0,3.0,4.0,4.0,4.0,3.2
R_3Jw7L9QZGOLEPTR,quee,control_book,0,19.0,female,Australia,Indonesia,1,3.0,1,1176,100,1,41.0,2.0,2.0,1.0,1.0,2.0,1.0,1.0,2.0,1.0,3.0,2.0,1.0,1.0,1.0,3.0,3.0,1.0,4.0,1.0,2.0,5.0,1.0,7.0,4.0,3.0,3.0,3.0,4.0,4.0,5.0,4.0,4.0,3.0,4.0,4.0,2.0,2.0,3.0,4.0,4.0,4.0,3.0,2.0,3.45
R_afxuWe6xzIQxitH,wurz,mindful_walking,1,19.0,female,Germany,Germany,0,2.0,1,1824,100,1,32.0,3.0,3.0,1.0,1.0,3.0,1.0,2.0,4.0,1.0,3.0,3.0,2.0,1.0,2.0,4.0,3.0,1.0,2.0,3.0,3.0,7.0,6.0,8.0,4.0,1.0,3.0,5.0,2.0,4.0,3.0,2.0,2.0,2.0,2.0,4.0,3.0,2.0,4.0,3.0,5.0,4.0,4.0,4.0,3.15
R_AGvJma0QKnNwrCx,quee,loving_kindness,1,18.0,female,Australia,Australia,1,3.0,1,1147,100,1,35.0,3.0,2.0,1.0,1.0,2.0,1.0,1.0,3.0,2.0,4.0,2.0,1.0,1.0,1.0,3.0,3.0,2.0,1.0,2.0,3.0,1.0,3.0,2.0,2.0,4.0,4.0,3.0,5.0,4.0,3.0,5.0,5.0,5.0,3.0,4.0,3.0,4.0,4.0,4.0,3.0,2.0,2.0,4.0,3.65
R_1dagDiMwrHnHza1,macq,control_book,0,17.0,male,Australia,Australia,1,3.0,1,1246,100,1,29.0,4.0,4.0,2.0,1.0,3.0,1.0,1.0,3.0,1.0,4.0,2.0,1.0,2.0,2.0,4.0,4.0,1.0,2.0,4.0,3.0,7.0,4.0,7.0,3.0,3.0,3.0,3.0,1.0,3.0,1.0,2.0,2.0,4.0,3.0,4.0,5.0,5.0,4.0,3.0,5.0,5.0,3.0,5.0,3.35
R_3ktTWwLA0ScDR7P,radb,mindful_walking,1,22.0,female,Netherlands,Germany,0,2.0,1,1479,100,1,25.0,4.0,3.0,1.0,1.0,4.0,1.0,1.0,4.0,1.0,4.0,3.0,1.0,1.0,2.0,4.0,3.0,1.0,1.0,3.0,4.0,8.0,3.0,8.0,2.0,2.0,2.0,4.0,2.0,4.0,2.0,3.0,4.0,2.0,4.0,4.0,2.0,4.0,4.0,4.0,4.0,2.0,4.0,4.0,3.15
R_2xQxRXqzTCja2z2,radb,body_scan,1,23.0,female,Netherlands,Switzerland,0,2.0,1,1377,100,1,30.0,4.0,3.0,1.0,2.0,2.0,1.0,1.0,3.0,1.0,4.0,3.0,1.0,1.0,1.0,4.0,2.0,1.0,1.0,2.0,4.0,8.0,4.0,7.0,3.0,2.0,2.0,4.0,3.0,3.0,3.0,4.0,3.0,4.0,5.0,3.0,3.0,3.0,3.0,4.0,5.0,4.0,3.0,5.0,3.45
R_3M0rmQ8abGhfUZL,seeb,mindful_breathing,1,22.0,female,Austria,Austria,0,2.0,1,1330,100,1,20.0,4.0,4.0,1.0,1.0,4.0,1.0,1.0,4.0,1.0,4.0,4.0,1.0,1.0,1.0,4.0,4.0,1.0,1.0,4.0,4.0,9.0,2.0,7.0,1.0,1.0,1.0,3.0,1.0,4.0,2.0,3.0,1.0,3.0,3.0,5.0,1.0,3.0,5.0,5.0,4.0,4.0,4.0,1.0,2.75
R_1j7FCUxi001HxO0,radb,loving_kindness,1,21.0,female,Netherlands,Germany,0,2.0,1,1206,100,1,29.0,4.0,4.0,1.0,1.0,3.0,1.0,1.0,4.0,2.0,3.0,3.0,1.0,1.0,3.0,3.0,4.0,1.0,1.0,2.0,4.0,7.0,5.0,6.0,2.0,2.0,2.0,3.0,2.0,4.0,4.0,4.0,4.0,4.0,4.0,3.0,3.0,2.0,4.0,2.0,4.0,2.0,2.0,4.0,3.05
R_2pXedaBo4Ey0p8d,newf,loving_kindness,1,19.0,female,Canada,Canada,1,3.0,1,1114,100,1,22.0,4.0,3.0,1.0,1.0,4.0,1.0,1.0,3.0,1.0,4.0,4.0,1.0,1.0,1.0,4.0,4.0,1.0,1.0,4.0,4.0,9.0,1.0,9.0,2.0,1.0,2.0,2.0,1.0,4.0,4.0,2.0,4.0,4.0,2.0,4.0,2.0,2.0,5.0,4.0,4.0,2.0,4.0,5.0,3.0
R_5hIBMg0Azp4Bha9,radb,body_scan,1,18.0,female,Netherlands,Netherlands,0,2.0,1,1198,100,1,37.0,3.0,2.0,1.0,1.0,2.0,2.0,2.0,3.0,1.0,3.0,3.0,1.0,2.0,1.0,2.0,3.0,2.0,1.0,3.0,3.0,6.0,3.0,7.0,3.0,2.0,3.0,4.0,4.0,4.0,3.0,5.0,4.0,5.0,3.0,4.0,2.0,2.0,3.0,2.0,2.0,2.0,2.0,4.0,3.15
R_22rEsLBLFJ7V5UC,radb,mindful_walking,1,21.0,male,Netherlands,Netherlands,0,2.0,1,1333,100,1,24.0,3.0,4.0,1.0,1.0,4.0,1.0,2.0,4.0,1.0,4.0,3.0,1.0,1.0,1.0,4.0,4.0,2.0,1.0,4.0,4.0,7.0,2.0,6.0,2.0,1.0,2.0,2.0,2.0,4.0,2.0,2.0,3.0,3.0,4.0,5.0,3.0,3.0,4.0,4.0,5.0,4.0,5.0,5.0,3.25
R_RJpWC8JUxLX1Zmx,wurz,mindful_breathing,1,19.0,female,Germany,Germany,0,2.0,1,4087,100,1,24.0,4.0,4.0,1.0,1.0,3.0,1.0,1.0,4.0,1.0,4.0,3.0,1.0,2.0,1.0,4.0,4.0,1.0,1.0,3.0,4.0,8.0,5.0,6.0,3.0,2.0,2.0,2.0,2.0,2.0,2.0,2.0,1.0,2.0,4.0,4.0,4.0,2.0,4.0,2.0,4.0,4.0,4.0,4.0,2.8
R_1AhNunVx6nZBjdT,gold,control_book,0,23.0,female,United Kingdom,Bangladesh,0,2.0,1,1460,100,1,29.0,3.0,3.0,1.0,1.0,4.0,1.0,1.0,3.0,1.0,3.0,3.0,1.0,1.0,1.0,3.0,2.0,1.0,1.0,4.0,3.0,7.0,4.0,7.0,4.0,5.0,3.0,4.0,5.0,4.0,5.0,5.0,5.0,4.0,2.0,3.0,2.0,2.0,2.0,2.0,4.0,2.0,2.0,2.0,3.35
R_3rzskV1XxlNbwxr,cali,loving_kindness,1,18.0,male,United States,United States,1,3.0,1,1218,100,1,43.0,3.0,2.0,1.0,2.0,2.0,1.0,2.0,2.0,1.0,3.0,3.0,1.0,4.0,2.0,3.0,2.0,1.0,3.0,3.0,2.0,6.0,4.0,6.0,3.0,2.0,2.0,2.0,2.0,4.0,2.0,3.0,3.0,4.0,3.0,3.0,1.0,5.0,3.0,4.0,4.0,3.0,4.0,5.0,3.1
R_31BEAwcwBdav8bB,illi,control_book,0,18.0,male,United States,United States,1,3.0,1,25805,100,1,45.0,2.0,2.0,2.0,2.0,2.0,1.0,1.0,1.0,1.0,3.0,2.0,1.0,1.0,1.0,2.0,1.0,2.0,1.0,1.0,2.0,5.0,3.0,5.0,3.0,3.0,3.0,2.0,2.0,4.0,1.0,3.0,3.0,4.0,3.0,2.0,4.0,4.0,3.0,4.0,2.0,4.0,3.0,3.0,3.0
R_rjBx59xUhIP7v0Z,radb,body_scan,1,19.0,female,Netherlands,Croatia,0,2.0,1,1436,100,1,38.0,3.0,2.0,2.0,1.0,2.0,1.0,2.0,3.0,1.0,3.0,2.0,1.0,1.0,1.0,2.0,3.0,2.0,1.0,2.0,3.0,4.0,5.0,7.0,3.0,4.0,3.0,2.0,4.0,5.0,2.0,4.0,4.0,4.0,3.0,3.0,2.0,2.0,3.0,3.0,4.0,2.0,3.0,2.0,3.1
R_2PbPIT7Aky3JFSg,idah,control_book,0,19.0,female,United States,United States,1,3.0,1,1282,100,1,32.0,3.0,3.0,1.0,1.0,3.0,1.0,1.0,3.0,1.0,3.0,2.0,1.0,1.0,1.0,3.0,3.0,1.0,2.0,3.0,3.0,7.0,4.0,6.0,2.0,1.0,1.0,4.0,3.0,4.0,3.0,5.0,2.0,4.0,4.0,5.0,4.0,2.0,4.0,4.0,5.0,2.0,4.0,2.0,3.25
R_3iPR65jRIpCgJrR,suny,mindful_walking,1,19.0,male,United States,United States,1,3.0,1,1610,100,1,24.0,4.0,4.0,1.0,1.0,4.0,1.0,4.0,4.0,1.0,4.0,4.0,1.0,1.0,1.0,4.0,3.0,1.0,1.0,4.0,4.0,8.0,3.0,7.0,1.0,1.0,1.0,2.0,1.0,1.0,1.0,2.0,1.0,2.0,1.0,1.0,5.0,1.0,1.0,1.0,1.0,5.0,2.0,2.0,1.65
R_3Le7flP7Y0uVuEZ,hous,loving_kindness,1,,male,United States,United States,0,2.0,1,1143,100,1,45.0,2.0,3.0,2.0,3.0,3.0,2.0,3.0,2.0,2.0,3.0,2.0,2.0,1.0,1.0,3.0,3.0,3.0,3.0,3.0,3.0,6.0,6.0,7.0,4.0,4.0,3.0,4.0,3.0,4.0,3.0,2.0,4.0,4.0,3.0,5.0,2.0,2.0,4.0,3.0,4.0,3.0,4.0,4.0,3.45
R_1ergP9oPjALljYh,idah,mindful_breathing,1,38.0,female,United States,United States,1,2.0,1,1292,100,1,25.0,3.0,3.0,1.0,1.0,4.0,1.0,1.0,3.0,1.0,4.0,3.0,1.0,1.0,1.0,4.0,3.0,1.0,1.0,4.0,4.0,9.0,1.0,7.0,2.0,1.0,2.0,1.0,1.0,2.0,1.0,2.0,1.0,3.0,3.0,4.0,4.0,2.0,4.0,4.0,4.0,3.0,3.0,4.0,2.55
R_2Sv2nQXTf8BQBJw,radb,body_scan,1,18.0,female,Nederland,Nederland,0,2.0,1,1268,100,1,26.0,4.0,2.0,1.0,1.0,4.0,1.0,1.0,4.0,1.0,4.0,2.0,1.0,2.0,1.0,4.0,4.0,1.0,1.0,3.0,4.0,7.0,3.0,7.0,2.0,4.0,3.0,3.0,3.0,4.0,3.0,3.0,2.0,4.0,3.0,2.0,3.0,2.0,2.0,2.0,4.0,2.0,2.0,4.0,2.85
R_2SDAQ9Dg9uey0ZF,suny,control_book,0,21.0,female,United States,United States,1,3.0,1,1140,100,1,32.0,3.0,3.0,1.0,1.0,3.0,1.0,1.0,2.0,1.0,3.0,2.0,1.0,1.0,1.0,3.0,3.0,1.0,1.0,3.0,3.0,7.0,2.0,7.0,3.0,2.0,2.0,2.0,1.0,5.0,2.0,2.0,1.0,5.0,1.0,4.0,2.0,2.0,4.0,2.0,2.0,4.0,4.0,2.0,2.6
R_2SqmWU6wNLASoZW,idah,mindful_walking,1,20.0,female,United States,United States,1,3.0,1,1752,100,1,31.0,3.0,2.0,1.0,1.0,3.0,1.0,1.0,2.0,1.0,3.0,2.0,1.0,1.0,1.0,3.0,4.0,1.0,1.0,3.0,4.0,5.0,5.0,3.0,4.0,4.0,5.0,3.0,5.0,5.0,3.0,5.0,5.0,5.0,4.0,2.0,1.0,3.0,2.0,2.0,2.0,1.0,1.0,1.0,3.15
R_vlv8vaBBDSZDHjj,olaf,control_book,0,,female,United States,United States,1,3.0,1,1462,100,1,37.0,3.0,2.0,1.0,1.0,3.0,1.0,1.0,2.0,1.0,2.0,1.0,1.0,1.0,1.0,4.0,2.0,1.0,1.0,2.0,2.0,6.0,3.0,3.0,3.0,3.0,3.0,2.0,4.0,4.0,3.0,2.0,3.0,4.0,3.0,3.0,4.0,5.0,3.0,2.0,4.0,4.0,2.0,4.0,3.25
R_1iqAFLfFqkUYmHj,loyo,mindful_breathing,1,18.0,female,United States,Korea,1,3.0,1,1172,100,1,46.0,3.0,3.0,1.0,3.0,2.0,1.0,3.0,3.0,2.0,3.0,3.0,3.0,3.0,2.0,3.0,3.0,3.0,3.0,2.0,3.0,5.0,3.0,3.0,5.0,4.0,4.0,4.0,3.0,5.0,4.0,5.0,4.0,4.0,2.0,3.0,4.0,2.0,2.0,4.0,4.0,2.0,4.0,4.0,3.65
R_25MEpKrcXrVoR8O,spri,mindful_breathing,1,22.0,female,United States,United States,1,3.0,1,2655,100,1,36.0,3.0,3.0,3.0,1.0,3.0,1.0,3.0,3.0,1.0,3.0,3.0,1.0,1.0,1.0,3.0,3.0,1.0,3.0,3.0,3.0,7.0,3.0,5.0,2.0,3.0,2.0,4.0,5.0,4.0,3.0,4.0,2.0,4.0,3.0,3.0,4.0,4.0,3.0,3.0,4.0,5.0,1.0,4.0,3.35
R_1o6bMgJ5yDKhNVs,spri,loving_kindness,1,20.0,male,United States,United States,1,3.0,1,363681,100,1,33.0,3.0,2.0,1.0,1.0,3.0,1.0,2.0,3.0,1.0,3.0,3.0,1.0,1.0,1.0,3.0,3.0,1.0,2.0,3.0,3.0,7.0,2.0,8.0,2.0,2.0,2.0,2.0,2.0,4.0,2.0,3.0,3.0,4.0,4.0,5.0,4.0,3.0,4.0,3.0,4.0,4.0,4.0,4.0,3.25
R_p6lkYZZ91oE0nwl,spri,body_scan,1,20.0,male,United States,United States,1,3.0,1,1505,100,1,33.0,4.0,3.0,1.0,1.0,3.0,1.0,1.0,2.0,1.0,3.0,1.0,1.0,1.0,1.0,4.0,2.0,1.0,2.0,3.0,3.0,6.0,1.0,9.0,3.0,3.0,3.0,4.0,2.0,3.0,3.0,3.0,4.0,3.0,3.0,2.0,2.0,2.0,1.0,3.0,3.0,2.0,3.0,3.0,2.75
R_2Ybr822OP0UODTB,illi,mindful_walking,1,18.0,male,United States,United States,1,2.0,1,1540,100,1,29.0,3.0,4.0,1.0,1.0,3.0,1.0,1.0,3.0,1.0,3.0,3.0,1.0,1.0,1.0,3.0,3.0,1.0,1.0,3.0,3.0,9.0,3.0,9.0,4.0,4.0,4.0,4.0,4.0,5.0,3.0,5.0,4.0,5.0,4.0,4.0,2.0,1.0,2.0,3.0,3.0,2.0,1.0,2.0,3.3
R_3CTRL1EYzkvfas3,lime,mindful_breathing,1,47.0,male,Ireland,Ireland,1,2.0,1,1308,100,1,36.0,3.0,2.0,1.0,1.0,3.0,1.0,3.0,3.0,2.0,3.0,3.0,1.0,1.0,1.0,3.0,2.0,2.0,1.0,3.0,3.0,5.0,3.0,7.0,4.0,3.0,3.0,3.0,2.0,3.0,2.0,2.0,2.0,4.0,3.0,3.0,3.0,2.0,4.0,3.0,4.0,2.0,5.0,4.0,3.05
R_1kH3EploOjiGl9f,radb,loving_kindness,1,18.0,female,Netherlands,Netherlands,0,2.0,1,1224,100,1,40.0,2.0,2.0,2.0,1.0,3.0,1.0,2.0,2.0,1.0,3.0,2.0,1.0,1.0,1.0,3.0,2.0,2.0,2.0,3.0,2.0,7.0,4.0,6.0,4.0,4.0,3.0,4.0,3.0,5.0,4.0,5.0,3.0,4.0,2.0,4.0,2.0,2.0,3.0,2.0,3.0,2.0,3.0,4.0,3.3
R_cIR0fjepXSedCoh,idah,body_scan,1,19.0,male,United States,United States,1,3.0,1,1252,100,1,30.0,4.0,3.0,1.0,2.0,3.0,1.0,2.0,3.0,1.0,3.0,2.0,1.0,1.0,1.0,3.0,4.0,1.0,1.0,4.0,3.0,7.0,4.0,5.0,1.0,3.0,2.0,1.0,3.0,4.0,2.0,3.0,2.0,4.0,5.0,4.0,2.0,3.0,2.0,4.0,4.0,3.0,4.0,5.0,3.05
R_3gTxEsdCD7V76Xx,gold,mindful_walking,1,20.0,female,United Kingdom,Iraq,1,2.0,1,1554,100,1,41.0,3.0,3.0,2.0,2.0,2.0,1.0,2.0,2.0,1.0,3.0,2.0,2.0,1.0,1.0,2.0,3.0,2.0,1.0,2.0,2.0,6.0,5.0,6.0,3.0,2.0,3.0,4.0,2.0,4.0,2.0,4.0,4.0,5.0,3.0,4.0,2.0,3.0,3.0,2.0,4.0,2.0,3.0,3.0,3.1
R_2dyfW39IBsAzD79,radb,control_book,0,22.0,female,Netherlands,Netherlands,0,2.0,1,1411,100,1,51.0,1.0,1.0,1.0,1.0,1.0,1.0,2.0,1.0,1.0,2.0,1.0,1.0,1.0,1.0,2.0,1.0,2.0,3.0,2.0,1.0,5.0,3.0,2.0,5.0,4.0,4.0,4.0,2.0,5.0,4.0,4.0,5.0,5.0,1.0,1.0,2.0,4.0,1.0,1.0,4.0,2.0,5.0,1.0,3.2
R_1rDQ93HktrxCDSh,idah,loving_kindness,1,25.0,male,United States,United States,1,3.0,1,1629,100,1,29.0,4.0,3.0,1.0,1.0,3.0,1.0,1.0,3.0,1.0,3.0,3.0,1.0,1.0,1.0,3.0,3.0,1.0,1.0,3.0,3.0,5.0,2.0,8.0,4.0,3.0,4.0,3.0,2.0,3.0,1.0,3.0,3.0,4.0,2.0,3.0,4.0,4.0,3.0,4.0,4.0,4.0,4.0,4.0,3.3
R_vuCj6iSQOYavytX,lime,mindful_walking,1,19.0,female,Ireland,Ireland,1,3.0,1,28957,100,1,29.0,4.0,3.0,1.0,1.0,4.0,1.0,1.0,3.0,1.0,3.0,2.0,2.0,1.0,2.0,3.0,4.0,1.0,1.0,3.0,4.0,8.0,3.0,6.0,4.0,5.0,4.0,4.0,4.0,4.0,3.0,4.0,3.0,5.0,1.0,1.0,2.0,2.0,1.0,2.0,4.0,2.0,4.0,4.0,3.15
R_12FjTEAKe2rGA9I,idah,control_book,0,19.0,female,United States,United States,1,3.0,1,1667,100,1,37.0,3.0,3.0,1.0,1.0,2.0,1.0,2.0,2.0,1.0,3.0,3.0,1.0,1.0,3.0,3.0,2.0,2.0,2.0,4.0,3.0,7.0,4.0,6.0,3.0,3.0,3.0,2.0,2.0,4.0,2.0,4.0,4.0,5.0,3.0,3.0,3.0,3.0,4.0,1.0,4.0,4.0,3.0,4.0,3.2
R_XS0S5ZUEQxIom0V,idah,body_scan,1,20.0,female,United States,United States,1,3.0,1,1438,100,1,49.0,3.0,1.0,1.0,3.0,2.0,1.0,1.0,2.0,1.0,2.0,2.0,1.0,3.0,3.0,2.0,1.0,1.0,3.0,2.0,2.0,6.0,3.0,5.0,2.0,2.0,2.0,2.0,4.0,4.0,1.0,4.0,4.0,4.0,4.0,3.0,2.0,2.0,4.0,4.0,4.0,2.0,4.0,5.0,3.15
R_2anTRYpQSC5D8zf,suny,control_book,0,20.0,male,United States,United States,1,2.0,1,1514,100,1,34.0,3.0,3.0,1.0,2.0,3.0,1.0,1.0,2.0,1.0,4.0,2.0,1.0,3.0,2.0,3.0,3.0,1.0,1.0,4.0,3.0,8.0,4.0,8.0,1.0,2.0,1.0,4.0,2.0,3.0,1.0,2.0,4.0,2.0,1.0,4.0,4.0,4.0,4.0,4.0,3.0,5.0,2.0,4.0,2.85
R_1FzifavNrt50AUL,indi,body_scan,1,20.0,male,United States,United States,1,3.0,1,1277,100,1,23.0,4.0,1.0,1.0,1.0,4.0,1.0,1.0,4.0,1.0,4.0,4.0,1.0,1.0,1.0,4.0,4.0,1.0,1.0,4.0,4.0,9.0,1.0,9.0,4.0,2.0,4.0,3.0,1.0,3.0,1.0,3.0,3.0,4.0,2.0,4.0,5.0,5.0,3.0,4.0,4.0,5.0,3.0,5.0,3.4
R_p00g517RibA1IwF,idah,mindful_breathing,1,21.0,female,United States,United States,1,3.0,1,100626,100,1,38.0,3.0,2.0,1.0,1.0,2.0,1.0,2.0,3.0,1.0,3.0,3.0,1.0,2.0,1.0,3.0,3.0,3.0,2.0,2.0,3.0,7.0,4.0,5.0,4.0,4.0,2.0,5.0,4.0,4.0,2.0,5.0,4.0,4.0,2.0,2.0,2.0,1.0,2.0,2.0,2.0,2.0,2.0,1.0,2.8
R_3JxwP0mWuarzUfM,radb,loving_kindness,1,22.0,female,Netherlands,Germany,0,2.0,1,2030,100,1,37.0,3.0,3.0,1.0,2.0,2.0,1.0,2.0,2.0,1.0,3.0,3.0,1.0,1.0,2.0,3.0,2.0,1.0,1.0,2.0,3.0,6.0,5.0,6.0,2.0,2.0,2.0,2.0,2.0,2.0,2.0,2.0,2.0,3.0,3.0,4.0,4.0,4.0,4.0,4.0,4.0,4.0,4.0,4.0,3.0
R_21iXJg8n6io9ZRy,gold,mindful_breathing,1,24.0,male,United Kingdom,Lithuania,1,3.0,1,1279,100,1,25.0,4.0,3.0,1.0,1.0,4.0,1.0,1.0,3.0,1.0,3.0,3.0,1.0,1.0,1.0,4.0,4.0,1.0,1.0,3.0,4.0,7.0,5.0,5.0,3.0,2.0,3.0,4.0,3.0,3.0,4.0,4.0,4.0,5.0,4.0,4.0,4.0,3.0,4.0,3.0,2.0,2.0,3.0,3.0,3.35
R_1EYFU0qA70dO0R6,radb,control_book,0,24.0,female,Netherlands,Germany,0,3.0,1,1074,100,1,30.0,3.0,3.0,1.0,1.0,3.0,1.0,1.0,3.0,1.0,3.0,2.0,1.0,1.0,1.0,3.0,4.0,1.0,1.0,3.0,3.0,8.0,5.0,6.0,2.0,2.0,2.0,1.0,1.0,2.0,1.0,2.0,2.0,2.0,4.0,4.0,2.0,4.0,3.0,4.0,3.0,4.0,4.0,4.0,2.65
R_1QAaRhuxP7Gbwqm,witt,loving_kindness,1,19.0,prefer_not_say,United States,United States,1,3.0,1,2557,100,1,34.0,4.0,2.0,1.0,1.0,3.0,1.0,1.0,3.0,1.0,2.0,3.0,1.0,1.0,2.0,4.0,1.0,1.0,1.0,2.0,3.0,5.0,4.0,5.0,2.0,1.0,2.0,2.0,2.0,3.0,2.0,3.0,2.0,3.0,1.0,4.0,2.0,3.0,4.0,3.0,3.0,2.0,4.0,3.0,2.55
R_1kM51cd7CT3yMbW,loyo,mindful_walking,1,,female,United States,United States,1,3.0,1,13363,100,1,30.0,4.0,3.0,1.0,1.0,3.0,1.0,1.0,2.0,1.0,4.0,3.0,1.0,1.0,1.0,4.0,2.0,1.0,1.0,2.0,3.0,7.0,2.0,5.0,4.0,3.0,4.0,4.0,4.0,5.0,4.0,5.0,4.0,4.0,2.0,3.0,2.0,2.0,2.0,2.0,2.0,2.0,4.0,4.0,3.3
R_1hEy2HgftYuvVeG,idah,body_scan,1,21.0,female,United States,Philippines,1,3.0,1,2173,100,1,32.0,3.0,3.0,1.0,2.0,3.0,1.0,2.0,3.0,1.0,3.0,3.0,1.0,1.0,1.0,3.0,3.0,1.0,1.0,3.0,3.0,7.0,6.0,6.0,3.0,2.0,3.0,4.0,2.0,4.0,2.0,4.0,3.0,4.0,4.0,4.0,3.0,4.0,4.0,4.0,3.0,3.0,4.0,4.0,3.4
R_2YJ5CzQ9Sls2AqG,glen,mindful_walking,1,,female,United States,United States,1,3.0,1,1837,100,1,39.0,3.0,2.0,1.0,1.0,2.0,1.0,2.0,2.0,1.0,3.0,3.0,1.0,1.0,2.0,3.0,2.0,2.0,1.0,2.0,2.0,7.0,4.0,7.0,3.0,3.0,4.0,3.0,4.0,4.0,3.0,2.0,4.0,4.0,3.0,4.0,4.0,2.0,3.0,2.0,3.0,2.0,4.0,3.0,3.2
R_3EswgMMb44Z8nMe,idah,mindful_breathing,1,18.0,female,United States,United States,1,3.0,1,1289,100,1,27.0,4.0,3.0,1.0,1.0,4.0,1.0,1.0,3.0,1.0,3.0,3.0,1.0,1.0,1.0,4.0,3.0,1.0,1.0,3.0,3.0,8.0,2.0,8.0,3.0,2.0,3.0,2.0,4.0,5.0,2.0,5.0,4.0,5.0,2.0,4.0,3.0,3.0,3.0,3.0,4.0,4.0,4.0,2.0,3.35
R_2uHTovCcxv3CPBK,jose,loving_kindness,1,20.0,male,United States,United States,1,3.0,1,1169,100,1,31.0,2.0,4.0,1.0,2.0,3.0,1.0,1.0,3.0,1.0,4.0,2.0,1.0,1.0,1.0,4.0,2.0,1.0,1.0,3.0,3.0,7.0,3.0,7.0,3.0,4.0,2.0,2.0,2.0,4.0,2.0,4.0,4.0,4.0,3.0,4.0,3.0,2.0,4.0,3.0,3.0,4.0,4.0,4.0,3.25
R_2sQDAWGsLnUop2X,loyo,mindful_walking,1,19.0,male,United States,United States,1,3.0,1,1104,100,1,20.0,4.0,4.0,1.0,1.0,4.0,1.0,1.0,4.0,1.0,4.0,4.0,1.0,1.0,1.0,4.0,4.0,1.0,1.0,4.0,4.0,8.0,2.0,9.0,1.0,1.0,1.0,1.0,1.0,1.0,2.0,1.0,2.0,3.0,5.0,5.0,5.0,5.0,5.0,5.0,3.0,5.0,4.0,5.0,3.05
R_Urn9Xfs0mj64sUh,hous,control_book,0,20.0,female,United States,United States,1,3.0,1,1069,100,1,51.0,2.0,2.0,2.0,2.0,1.0,1.0,2.0,1.0,2.0,2.0,2.0,2.0,1.0,2.0,1.0,2.0,2.0,2.0,2.0,2.0,6.0,4.0,5.0,4.0,3.0,5.0,4.0,4.0,4.0,1.0,4.0,4.0,4.0,1.0,3.0,1.0,1.0,3.0,1.0,1.0,1.0,2.0,1.0,2.6
R_8Ju5QX0YMShDXLb,indi,body_scan,1,19.0,female,The United States Of America,The United States Of America,1,3.0,1,1371,100,1,30.0,4.0,3.0,1.0,1.0,3.0,1.0,2.0,3.0,1.0,3.0,2.0,1.0,2.0,1.0,4.0,4.0,1.0,1.0,3.0,3.0,5.0,5.0,4.0,3.0,4.0,3.0,4.0,5.0,5.0,3.0,5.0,4.0,5.0,3.0,2.0,3.0,3.0,2.0,2.0,2.0,3.0,1.0,4.0,3.3
R_1OIG9GgpN4pf7Vu,illi,control_book,0,19.0,female,United States,United States,1,2.0,1,1378,100,1,40.0,3.0,3.0,1.0,1.0,3.0,1.0,3.0,2.0,1.0,2.0,2.0,1.0,1.0,2.0,3.0,1.0,1.0,3.0,3.0,3.0,9.0,8.0,6.0,4.0,3.0,3.0,5.0,5.0,5.0,3.0,5.0,5.0,5.0,3.0,2.0,1.0,1.0,3.0,1.0,1.0,1.0,1.0,1.0,2.9
R_wRBaQ3W16ntvUaJ,iowa,mindful_walking,1,19.0,male,United States,United States,1,3.0,1,1406,100,1,30.0,4.0,3.0,1.0,1.0,4.0,1.0,2.0,2.0,1.0,3.0,3.0,2.0,2.0,1.0,4.0,3.0,1.0,1.0,3.0,4.0,7.0,2.0,7.0,2.0,1.0,2.0,1.0,1.0,2.0,2.0,1.0,2.0,2.0,2.0,5.0,4.0,2.0,4.0,5.0,5.0,4.0,4.0,4.0,2.75
R_3M6el34CQ1lf6Ky,gold,body_scan,1,21.0,male,United Kingdom,Albania,0,2.0,1,297939,100,1,49.0,3.0,3.0,2.0,3.0,2.0,2.0,3.0,2.0,3.0,3.0,2.0,2.0,2.0,2.0,3.0,2.0,3.0,3.0,3.0,3.0,4.0,5.0,2.0,5.0,3.0,4.0,5.0,4.0,5.0,2.0,5.0,5.0,5.0,4.0,3.0,3.0,2.0,2.0,2.0,3.0,3.0,4.0,5.0,3.7
R_1omYgD3TjMzfYQ1,idah,loving_kindness,1,21.0,male,United States,United States,1,3.0,1,1175,100,1,30.0,3.0,3.0,1.0,1.0,3.0,1.0,1.0,2.0,1.0,3.0,3.0,1.0,1.0,1.0,4.0,3.0,1.0,1.0,3.0,3.0,7.0,2.0,7.0,2.0,3.0,2.0,1.0,1.0,3.0,2.0,2.0,3.0,4.0,3.0,4.0,4.0,3.0,4.0,4.0,3.0,4.0,4.0,4.0,3.0
R_3PaYXDTwyDMGQMA,idah,control_book,0,20.0,female,United States,United States,1,2.0,1,1557,100,1,58.0,2.0,2.0,2.0,1.0,1.0,2.0,3.0,1.0,1.0,2.0,1.0,3.0,1.0,4.0,1.0,1.0,2.0,3.0,1.0,2.0,4.0,6.0,5.0,4.0,5.0,4.0,4.0,3.0,5.0,4.0,4.0,5.0,5.0,3.0,1.0,1.0,2.0,1.0,2.0,3.0,3.0,2.0,2.0,3.15
R_1LT3AB353IXtqlN,quee,body_scan,1,19.0,male,Australia,Australia,1,3.0,1,1282,100,1,24.0,4.0,4.0,1.0,1.0,4.0,1.0,1.0,4.0,1.0,3.0,3.0,1.0,1.0,1.0,4.0,3.0,1.0,1.0,3.0,4.0,8.0,2.0,7.0,1.0,1.0,1.0,1.0,1.0,2.0,2.0,2.0,1.0,3.0,3.0,4.0,5.0,4.0,4.0,4.0,2.0,4.0,4.0,4.0,2.65
R_9AKcKwfGkzJ8ZGx,idah,mindful_walking,1,27.0,male,United Statws,United States,1,3.0,1,1671,100,1,40.0,3.0,3.0,2.0,1.0,3.0,1.0,2.0,2.0,1.0,3.0,1.0,2.0,1.0,1.0,2.0,2.0,2.0,1.0,3.0,2.0,6.0,3.0,6.0,1.0,2.0,2.0,2.0,2.0,5.0,1.0,4.0,4.0,4.0,5.0,4.0,5.0,4.0,4.0,2.0,4.0,2.0,4.0,4.0,3.25
R_5uyhuqV20eDWIEN,macq,mindful_walking,1,,female,Australia,Australia,1,3.0,1,1220,100,1,48.0,2.0,2.0,2.0,2.0,1.0,1.0,2.0,2.0,1.0,2.0,2.0,2.0,2.0,3.0,2.0,2.0,1.0,1.0,2.0,2.0,6.0,3.0,5.0,2.0,2.0,2.0,4.0,4.0,3.0,2.0,5.0,2.0,4.0,2.0,4.0,4.0,3.0,4.0,2.0,3.0,3.0,3.0,4.0,3.1
R_1ghAa4MRaXRWIxT,radb,body_scan,1,18.0,female,Netherlands,Netherlands,0,2.0,1,1440,100,1,41.0,3.0,3.0,2.0,2.0,3.0,2.0,1.0,3.0,1.0,3.0,2.0,2.0,2.0,2.0,3.0,2.0,2.0,2.0,2.0,3.0,6.0,5.0,5.0,3.0,3.0,3.0,2.0,4.0,4.0,2.0,4.0,3.0,4.0,3.0,4.0,2.0,2.0,3.0,3.0,5.0,4.0,2.0,4.0,3.2
R_3CUiPeq8axwuUVO,radb,mindful_breathing,1,18.0,female,Netherlands,Netherlands,0,2.0,1,1213,100,1,25.0,4.0,4.0,1.0,1.0,4.0,1.0,1.0,3.0,1.0,3.0,3.0,1.0,1.0,1.0,4.0,4.0,2.0,1.0,4.0,3.0,7.0,3.0,7.0,2.0,1.0,1.0,1.0,3.0,2.0,4.0,3.0,2.0,4.0,4.0,4.0,4.0,3.0,5.0,4.0,4.0,4.0,3.0,4.0,3.1
R_9Ge6SRc1kBZcITv,macq,control_book,0,25.0,female,Australia,Australia,1,3.0,1,1330,100,1,38.0,2.0,2.0,1.0,1.0,2.0,1.0,1.0,3.0,1.0,3.0,2.0,1.0,1.0,1.0,2.0,3.0,1.0,2.0,2.0,2.0,6.0,2.0,4.0,2.0,4.0,2.0,2.0,1.0,2.0,2.0,2.0,2.0,4.0,3.0,3.0,3.0,2.0,3.0,3.0,3.0,4.0,4.0,5.0,2.8
R_27kUZu6Zi7ibFby,spri,control_book,0,21.0,female,United States,United States,1,3.0,1,53395,100,1,36.0,3.0,2.0,1.0,1.0,3.0,1.0,1.0,2.0,1.0,3.0,2.0,1.0,1.0,2.0,3.0,3.0,1.0,2.0,3.0,2.0,6.0,3.0,6.0,4.0,3.0,2.0,4.0,4.0,4.0,4.0,4.0,4.0,5.0,2.0,2.0,2.0,2.0,3.0,2.0,2.0,2.0,3.0,4.0,3.1
R_1IQoFJICkmLP2bT,quee,mindful_breathing,1,18.0,female,Australia,New Zealand,1,3.0,1,1214,100,1,42.0,3.0,2.0,1.0,2.0,2.0,1.0,2.0,2.0,1.0,2.0,2.0,1.0,2.0,2.0,3.0,2.0,1.0,1.0,2.0,2.0,6.0,3.0,5.0,4.0,4.0,4.0,2.0,3.0,4.0,3.0,4.0,5.0,4.0,2.0,2.0,3.0,4.0,2.0,4.0,4.0,3.0,4.0,4.0,3.45
R_1jfD5YXcvqvenbw,radb,loving_kindness,1,19.0,female,Netherlands,Germany,1,3.0,1,1497,100,1,29.0,3.0,4.0,1.0,1.0,3.0,1.0,1.0,3.0,1.0,3.0,3.0,1.0,1.0,1.0,3.0,3.0,1.0,1.0,3.0,3.0,9.0,8.0,9.0,1.0,1.0,1.0,1.0,1.0,3.0,3.0,3.0,2.0,4.0,4.0,4.0,3.0,4.0,4.0,4.0,4.0,4.0,2.0,4.0,2.85
R_3smE3QdLi0VaN7d,radb,body_scan,1,18.0,male,Gernany,Germany,0,2.0,1,2924,100,1,37.0,3.0,3.0,3.0,2.0,3.0,1.0,2.0,3.0,1.0,2.0,3.0,2.0,2.0,1.0,4.0,3.0,2.0,1.0,3.0,3.0,6.0,5.0,5.0,3.0,3.0,2.0,2.0,2.0,4.0,3.0,2.0,2.0,4.0,4.0,2.0,4.0,4.0,3.0,4.0,4.0,2.0,2.0,4.0,3.0
R_30jlBrmLZdy3Lqo,gold,mindful_walking,1,19.0,female,United Kingdom,United Kingdom,1,3.0,1,1477,100,1,40.0,2.0,3.0,1.0,1.0,2.0,1.0,2.0,2.0,1.0,2.0,2.0,1.0,1.0,2.0,2.0,2.0,1.0,1.0,3.0,2.0,5.0,2.0,3.0,3.0,5.0,3.0,2.0,4.0,5.0,4.0,4.0,4.0,5.0,3.0,2.0,2.0,4.0,2.0,4.0,2.0,2.0,5.0,5.0,3.5
R_1kOJ7HYsWVRECys,seeb,body_scan,1,33.0,male,Austria,Austria,0,2.0,1,1346,100,1,29.0,4.0,2.0,1.0,1.0,4.0,1.0,2.0,4.0,1.0,3.0,3.0,1.0,1.0,2.0,4.0,3.0,2.0,1.0,3.0,4.0,9.0,8.0,6.0,4.0,3.0,2.0,3.0,2.0,3.0,2.0,4.0,2.0,2.0,2.0,3.0,2.0,4.0,3.0,2.0,5.0,3.0,4.0,5.0,3.0
R_25Fw45WSGvBdUW5,radb,mindful_breathing,1,19.0,female,Netherlands,Germany,0,2.0,1,1228,100,1,30.0,4.0,3.0,1.0,1.0,3.0,1.0,1.0,3.0,1.0,3.0,3.0,1.0,1.0,2.0,3.0,3.0,1.0,1.0,3.0,3.0,7.0,3.0,6.0,2.0,1.0,3.0,4.0,4.0,4.0,2.0,4.0,4.0,4.0,4.0,4.0,3.0,4.0,4.0,2.0,4.0,4.0,4.0,4.0,3.45
R_2uWKXKQwrecVzi4,wurz,loving_kindness,1,23.0,male,Germany,Germany,0,2.0,1,1455,100,1,36.0,3.0,3.0,2.0,3.0,3.0,2.0,1.0,2.0,2.0,3.0,4.0,1.0,1.0,2.0,4.0,2.0,1.0,1.0,3.0,3.0,7.0,1.0,6.0,4.0,2.0,3.0,3.0,4.0,2.0,3.0,2.0,2.0,3.0,3.0,2.0,3.0,2.0,3.0,4.0,3.0,3.0,2.0,3.0,2.8
R_1j7XbbkCRcX8Rzk,lime,control_book,0,19.0,female,Ireland,Ireland,1,3.0,1,1367,100,1,44.0,2.0,3.0,2.0,1.0,3.0,1.0,1.0,1.0,2.0,2.0,2.0,1.0,1.0,1.0,2.0,1.0,1.0,3.0,2.0,2.0,7.0,3.0,6.0,4.0,4.0,4.0,4.0,5.0,4.0,5.0,5.0,2.0,4.0,2.0,4.0,1.0,2.0,2.0,2.0,5.0,4.0,4.0,2.0,3.45
R_pabJ7sYhZtYiZd7,suny,mindful_walking,1,20.0,female,United States,United States,1,3.0,1,1182,100,1,29.0,4.0,4.0,1.0,2.0,4.0,1.0,1.0,4.0,1.0,3.0,4.0,1.0,3.0,3.0,4.0,4.0,2.0,2.0,3.0,4.0,8.0,5.0,7.0,1.0,1.0,1.0,2.0,3.0,2.0,4.0,1.0,2.0,3.0,1.0,5.0,3.0,5.0,5.0,4.0,5.0,2.0,4.0,5.0,2.95
R_1QmTGPrQ0qmiA46,illi,mindful_breathing,1,19.0,male,United States,United States,1,3.0,1,1478,100,1,43.0,3.0,2.0,2.0,2.0,3.0,2.0,1.0,2.0,2.0,2.0,2.0,2.0,2.0,2.0,3.0,2.0,1.0,2.0,3.0,3.0,6.0,3.0,5.0,2.0,3.0,2.0,2.0,2.0,3.0,2.0,3.0,2.0,3.0,4.0,4.0,3.0,3.0,2.0,4.0,4.0,4.0,3.0,3.0,2.9
R_3xGMQrW5odc3D9v,spri,mindful_breathing,1,19.0,female,United States,United States,1,3.0,1,46287,100,1,28.0,4.0,3.0,1.0,1.0,3.0,1.0,1.0,3.0,1.0,3.0,3.0,1.0,1.0,1.0,4.0,3.0,1.0,1.0,3.0,3.0,7.0,3.0,6.0,3.0,1.0,2.0,2.0,2.0,2.0,1.0,2.0,1.0,3.0,1.0,4.0,4.0,3.0,4.0,4.0,1.0,3.0,3.0,4.0,2.5
R_1F2IcS72F6Z1T8r,radb,loving_kindness,1,18.0,female,Netherlands,Netherlands,0,2.0,1,1220,100,1,31.0,4.0,3.0,1.0,3.0,3.0,1.0,1.0,4.0,1.0,3.0,3.0,1.0,1.0,2.0,4.0,3.0,1.0,2.0,3.0,3.0,7.0,3.0,6.0,3.0,2.0,3.0,4.0,3.0,4.0,2.0,4.0,2.0,4.0,3.0,4.0,3.0,2.0,4.0,4.0,4.0,4.0,2.0,3.0,3.2
R_3p5XUKxogKf2AZk,radb,control_book,0,20.0,female,Germany,Germany,0,2.0,1,1349,100,1,37.0,3.0,2.0,1.0,2.0,3.0,1.0,1.0,2.0,1.0,3.0,1.0,1.0,1.0,1.0,3.0,2.0,1.0,1.0,2.0,3.0,5.0,2.0,5.0,4.0,2.0,3.0,3.0,5.0,4.0,4.0,5.0,4.0,5.0,4.0,2.0,2.0,2.0,3.0,1.0,4.0,2.0,1.0,4.0,3.2
R_3nSmeTvvQ266TEy,digi,mindful_walking,1,21.0,female,United States,United States,1,3.0,1,1926,100,1,30.0,3.0,3.0,2.0,1.0,4.0,1.0,2.0,3.0,1.0,3.0,4.0,2.0,2.0,2.0,4.0,3.0,1.0,1.0,4.0,4.0,7.0,4.0,6.0,2.0,1.0,2.0,2.0,2.0,3.0,2.0,4.0,3.0,3.0,4.0,5.0,2.0,5.0,5.0,4.0,3.0,4.0,4.0,4.0,3.2
R_8APFw8WProhsOxX,radb,mindful_breathing,1,18.0,female,Netherlands,Netherlands,0,2.0,1,1157,100,1,22.0,4.0,3.0,1.0,1.0,4.0,1.0,1.0,4.0,1.0,4.0,4.0,1.0,1.0,1.0,4.0,4.0,1.0,1.0,3.0,4.0,7.0,5.0,8.0,2.0,1.0,2.0,4.0,2.0,2.0,2.0,3.0,3.0,2.0,4.0,5.0,3.0,4.0,4.0,4.0,4.0,4.0,4.0,4.0,3.15
R_89a4U4JAA4JactX,loyo,loving_kindness,1,21.0,male,United States,United States,1,2.0,1,1427,100,1,27.0,4.0,3.0,1.0,1.0,4.0,1.0,2.0,3.0,1.0,4.0,3.0,2.0,1.0,1.0,4.0,4.0,2.0,1.0,3.0,4.0,6.0,3.0,6.0,2.0,3.0,4.0,2.0,5.0,4.0,4.0,4.0,4.0,5.0,3.0,2.0,3.0,4.0,3.0,4.0,2.0,2.0,1.0,4.0,3.25
R_3FOGMqJ7R5NJd9S,hous,body_scan,1,19.0,female,United States,United States,1,3.0,1,1253,100,1,46.0,2.0,1.0,1.0,1.0,2.0,1.0,3.0,1.0,1.0,2.0,1.0,1.0,1.0,1.0,2.0,1.0,1.0,1.0,2.0,2.0,5.0,2.0,3.0,4.0,4.0,4.0,3.0,4.0,5.0,5.0,5.0,5.0,5.0,1.0,1.0,2.0,1.0,1.0,1.0,2.0,2.0,3.0,2.0,3.0
R_2q2Gq12e8ZdL6TS,iowa,body_scan,1,21.0,male,United States,United States,1,3.0,1,1282,100,1,24.0,4.0,4.0,1.0,1.0,3.0,1.0,2.0,4.0,1.0,4.0,3.0,1.0,1.0,1.0,4.0,3.0,1.0,1.0,4.0,4.0,8.0,2.0,8.0,3.0,2.0,2.0,2.0,2.0,4.0,3.0,3.0,4.0,4.0,3.0,4.0,3.0,3.0,4.0,4.0,3.0,4.0,4.0,5.0,3.3
R_1hYx4iRBnsLB7B0,radb,loving_kindness,1,22.0,female,Germany,Germany,0,3.0,1,1136,100,1,35.0,3.0,3.0,2.0,1.0,3.0,2.0,2.0,2.0,1.0,3.0,3.0,1.0,1.0,1.0,3.0,3.0,2.0,1.0,3.0,3.0,6.0,5.0,3.0,4.0,4.0,5.0,5.0,4.0,4.0,4.0,4.0,4.0,5.0,2.0,2.0,2.0,4.0,2.0,2.0,2.0,2.0,2.0,2.0,3.25
R_27CZSA9HJhck4Yx,idah,mindful_breathing,1,42.0,male,United States,United States,1,3.0,1,1207,100,1,46.0,2.0,2.0,2.0,2.0,2.0,2.0,2.0,2.0,1.0,2.0,4.0,2.0,2.0,2.0,2.0,2.0,2.0,1.0,2.0,2.0,6.0,4.0,5.0,3.0,1.0,3.0,3.0,2.0,3.0,2.0,1.0,3.0,5.0,3.0,4.0,2.0,2.0,3.0,1.0,3.0,2.0,4.0,5.0,2.75
R_27OKa9x5a1b5cb6,indi,control_book,0,19.0,female,United States,United States,1,3.0,1,1294,100,1,53.0,2.0,2.0,3.0,3.0,2.0,2.0,3.0,3.0,2.0,2.0,3.0,3.0,3.0,3.0,2.0,3.0,3.0,2.0,2.0,3.0,7.0,5.0,4.0,3.0,3.0,3.0,4.0,3.0,4.0,3.0,4.0,4.0,5.0,3.0,4.0,4.0,3.0,4.0,2.0,3.0,3.0,3.0,4.0,3.45
R_2CIGFhE9T6HSpRi,jose,mindful_walking,1,19.0,male,United States,United States,0,3.0,1,1489,100,1,37.0,4.0,3.0,1.0,1.0,3.0,1.0,2.0,2.0,1.0,3.0,2.0,2.0,1.0,1.0,3.0,2.0,1.0,2.0,2.0,2.0,6.0,4.0,7.0,2.0,3.0,4.0,1.0,1.0,2.0,2.0,1.0,5.0,1.0,2.0,3.0,3.0,3.0,2.0,3.0,4.0,3.0,4.0,5.0,2.7
R_2ZZJmb8jdcLCIPJ,iowa,body_scan,1,19.0,self_describe,United States,United States,1,3.0,1,1347,100,1,38.0,3.0,3.0,2.0,2.0,3.0,1.0,2.0,1.0,1.0,2.0,3.0,1.0,1.0,1.0,3.0,4.0,1.0,3.0,2.0,3.0,6.0,3.0,6.0,1.0,2.0,1.0,3.0,1.0,3.0,2.0,2.0,2.0,4.0,4.0,4.0,5.0,5.0,4.0,2.0,5.0,2.0,5.0,5.0,3.1
R_3IbIOzaTbTSrsAU,jose,control_book,0,19.0,male,United States,United States,0,2.0,1,1290,100,1,34.0,3.0,3.0,1.0,1.0,3.0,2.0,2.0,3.0,1.0,3.0,2.0,2.0,1.0,1.0,3.0,3.0,1.0,1.0,3.0,3.0,7.0,4.0,6.0,4.0,3.0,4.0,1.0,4.0,5.0,2.0,5.0,5.0,5.0,2.0,3.0,2.0,2.0,3.0,2.0,4.0,4.0,2.0,4.0,3.3
R_1gkEiaG7hSfZl1O,indi,mindful_walking,1,18.0,female,United States,United States,1,3.0,1,2304,100,1,35.0,3.0,3.0,2.0,1.0,3.0,1.0,1.0,3.0,1.0,3.0,2.0,2.0,1.0,2.0,3.0,3.0,1.0,1.0,2.0,3.0,7.0,2.0,5.0,4.0,4.0,3.0,4.0,5.0,4.0,4.0,5.0,4.0,5.0,2.0,3.0,2.0,2.0,3.0,2.0,2.0,2.0,4.0,2.0,3.3
R_9SOLb17aIMNdAxX,olaf,loving_kindness,1,20.0,female,United States,United States,1,3.0,1,1268,100,1,32.0,4.0,3.0,2.0,1.0,3.0,1.0,1.0,3.0,1.0,3.0,2.0,2.0,2.0,1.0,4.0,3.0,2.0,1.0,3.0,4.0,7.0,4.0,7.0,4.0,5.0,4.0,3.0,4.0,4.0,3.0,5.0,3.0,4.0,2.0,2.0,1.0,1.0,2.0,3.0,1.0,1.0,3.0,3.0,2.9
R_577CAsHv4UdQFtn,idah,mindful_breathing,1,18.0,male,U.S,U.S,1,3.0,1,1275,100,1,33.0,3.0,3.0,1.0,1.0,2.0,1.0,1.0,3.0,1.0,4.0,3.0,2.0,1.0,2.0,3.0,2.0,2.0,1.0,3.0,4.0,7.0,3.0,5.0,4.0,2.0,4.0,3.0,4.0,3.0,4.0,4.0,4.0,4.0,2.0,5.0,4.0,4.0,3.0,2.0,3.0,2.0,4.0,4.0,3.45
R_UT7fRYpbCVmMUAp,illi,body_scan,1,18.0,female,United States,United States,1,3.0,1,1193,100,1,28.0,4.0,3.0,1.0,1.0,4.0,1.0,1.0,3.0,1.0,4.0,2.0,1.0,1.0,1.0,3.0,3.0,1.0,1.0,3.0,3.0,7.0,2.0,6.0,3.0,4.0,3.0,3.0,4.0,3.0,2.0,4.0,4.0,4.0,3.0,3.0,2.0,3.0,3.0,3.0,3.0,3.0,2.0,3.0,3.1
R_Tov1RAy5aO4LYsN,quee,mindful_walking,1,18.0,female,Australia,Australia,1,3.0,1,1289,100,1,42.0,3.0,2.0,2.0,2.0,3.0,2.0,2.0,2.0,1.0,3.0,2.0,2.0,1.0,2.0,3.0,3.0,2.0,2.0,2.0,3.0,6.0,4.0,4.0,5.0,5.0,4.0,3.0,3.0,4.0,4.0,4.0,2.0,4.0,2.0,2.0,2.0,3.0,2.0,3.0,2.0,2.0,2.0,2.0,3.0
R_20N9XFjqDBT2NFK,quee,loving_kindness,1,18.0,female,Australia,United Kingdom,1,3.0,1,1292,100,1,21.0,4.0,4.0,1.0,1.0,4.0,1.0,1.0,4.0,1.0,4.0,4.0,1.0,1.0,1.0,3.0,4.0,1.0,1.0,4.0,4.0,7.0,2.0,9.0,3.0,1.0,4.0,4.0,4.0,4.0,2.0,5.0,2.0,5.0,2.0,5.0,2.0,1.0,5.0,3.0,2.0,1.0,1.0,2.0,2.9
R_1Cd2IJS2PRPu72u,witt,control_book,0,20.0,female,United States,United States,1,3.0,1,1324,100,1,50.0,2.0,4.0,2.0,2.0,3.0,2.0,3.0,3.0,3.0,2.0,1.0,2.0,2.0,4.0,2.0,3.0,3.0,2.0,2.0,3.0,2.0,4.0,6.0,2.0,1.0,3.0,2.0,4.0,3.0,3.0,5.0,3.0,5.0,2.0,2.0,4.0,1.0,5.0,2.0,2.0,4.0,2.0,3.0,2.9
R_WeYbl8A5dqXoZcB,illi,mindful_breathing,1,,male,United States,United States,1,2.0,1,1553,100,1,46.0,3.0,2.0,4.0,1.0,2.0,1.0,4.0,3.0,2.0,4.0,3.0,2.0,3.0,2.0,3.0,2.0,4.0,1.0,3.0,3.0,6.0,3.0,7.0,4.0,3.0,3.0,4.0,3.0,5.0,5.0,4.0,5.0,5.0,3.0,2.0,2.0,2.0,4.0,3.0,5.0,4.0,2.0,5.0,3.65
R_3fW2YcnvDCmZ8Fw,lime,loving_kindness,1,18.0,female,Ireland,Ireland,1,3.0,1,1193,100,1,37.0,3.0,3.0,1.0,1.0,3.0,1.0,2.0,2.0,1.0,3.0,2.0,1.0,2.0,2.0,3.0,3.0,1.0,2.0,3.0,2.0,6.0,5.0,5.0,4.0,4.0,4.0,4.0,4.0,2.0,2.0,3.0,4.0,4.0,1.0,2.0,2.0,2.0,2.0,4.0,4.0,2.0,4.0,4.0,3.1
R_3L6dpHJ0xVB00RP,idah,mindful_breathing,1,19.0,female,United States,United States,1,3.0,1,1930,100,1,24.0,3.0,3.0,1.0,1.0,4.0,1.0,1.0,3.0,1.0,4.0,4.0,1.0,1.0,1.0,4.0,4.0,1.0,1.0,3.0,4.0,9.0,2.0,7.0,2.0,2.0,2.0,4.0,4.0,4.0,2.0,5.0,3.0,5.0,4.0,4.0,2.0,3.0,4.0,3.0,4.0,2.0,4.0,4.0,3.35
R_240J7C2p7kqTPXL,iowa,control_book,0,20.0,female,United States,United States,1,3.0,1,1146,100,1,33.0,3.0,4.0,1.0,1.0,4.0,1.0,3.0,3.0,1.0,3.0,2.0,1.0,1.0,2.0,4.0,3.0,1.0,2.0,2.0,3.0,5.0,3.0,6.0,3.0,3.0,2.0,3.0,3.0,5.0,4.0,4.0,5.0,5.0,2.0,4.0,2.0,3.0,3.0,3.0,3.0,2.0,4.0,4.0,3.35
R_6lKzFavol9qCF9f,cali,body_scan,1,20.0,female,Saudi Arabia,United States,1,3.0,1,1281,100,1,40.0,2.0,2.0,2.0,1.0,2.0,1.0,1.0,2.0,1.0,3.0,3.0,2.0,1.0,3.0,3.0,2.0,1.0,1.0,3.0,2.0,5.0,3.0,5.0,3.0,2.0,3.0,3.0,5.0,3.0,1.0,4.0,2.0,5.0,3.0,2.0,2.0,3.0,2.0,3.0,5.0,3.0,4.0,4.0,3.1
R_1KjVJSztaq8MFfF,iowa,mindful_breathing,1,19.0,female,United States,United States,1,3.0,1,1345,100,1,44.0,3.0,2.0,2.0,1.0,2.0,1.0,2.0,2.0,1.0,2.0,1.0,1.0,1.0,2.0,2.0,1.0,2.0,1.0,3.0,2.0,5.0,2.0,5.0,4.0,5.0,4.0,2.0,2.0,4.0,2.0,4.0,5.0,4.0,2.0,2.0,2.0,2.0,2.0,2.0,2.0,4.0,4.0,4.0,3.1
R_2zcZJKU6RCyeMRL,idah,control_book,0,20.0,male,United States,United States,1,3.0,1,1377,100,1,42.0,2.0,2.0,1.0,1.0,2.0,1.0,2.0,1.0,1.0,2.0,2.0,1.0,1.0,3.0,2.0,3.0,1.0,1.0,2.0,3.0,5.0,3.0,1.0,5.0,2.0,5.0,4.0,4.0,5.0,4.0,5.0,4.0,4.0,1.0,1.0,2.0,3.0,1.0,1.0,2.0,4.0,4.0,4.0,3.25
R_3J8fNK43OMILfkd,witt,body_scan,1,19.0,female,United States,United States,1,3.0,1,3498,100,1,53.0,2.0,1.0,2.0,2.0,2.0,1.0,4.0,2.0,1.0,3.0,1.0,2.0,1.0,4.0,2.0,1.0,3.0,1.0,2.0,2.0,4.0,6.0,2.0,2.0,4.0,2.0,1.0,5.0,5.0,1.0,5.0,5.0,5.0,3.0,3.0,2.0,4.0,3.0,4.0,3.0,4.0,2.0,4.0,3.35
R_2rrufxMJPYSqHgW,idah,mindful_walking,1,20.0,female,United States,United States,1,3.0,1,1300,100,1,30.0,4.0,4.0,1.0,1.0,3.0,1.0,1.0,2.0,1.0,4.0,3.0,1.0,1.0,3.0,2.0,4.0,1.0,1.0,3.0,3.0,6.0,2.0,5.0,4.0,4.0,3.0,4.0,1.0,4.0,4.0,2.0,2.0,3.0,2.0,4.0,2.0,1.0,3.0,3.0,2.0,4.0,5.0,2.0,2.95
R_1mUfbNhBmOFCpzo,loyo,loving_kindness,1,19.0,female,United States,United States,1,3.0,1,1319,100,1,46.0,3.0,3.0,2.0,3.0,2.0,1.0,2.0,2.0,1.0,2.0,2.0,2.0,1.0,3.0,2.0,2.0,2.0,1.0,2.0,2.0,5.0,5.0,8.0,3.0,3.0,4.0,4.0,4.0,4.0,4.0,4.0,4.0,4.0,3.0,4.0,2.0,2.0,2.0,2.0,3.0,2.0,4.0,3.0,3.25
R_24H7H1RJrp92SPr,quee,loving_kindness,1,18.0,female,Australia,Australia,1,3.0,1,1164,100,1,39.0,2.0,2.0,1.0,2.0,2.0,1.0,2.0,3.0,1.0,3.0,2.0,2.0,1.0,1.0,3.0,2.0,2.0,1.0,3.0,3.0,6.0,5.0,5.0,4.0,4.0,3.0,4.0,4.0,4.0,4.0,4.0,2.0,4.0,2.0,4.0,2.0,2.0,4.0,2.0,2.0,4.0,4.0,5.0,3.4
R_1LRMcgGeJJUq7Oa,radb,mindful_breathing,1,18.0,female,Netherlands,Netherlands,0,2.0,1,1490,100,1,27.0,4.0,3.0,1.0,1.0,3.0,1.0,1.0,3.0,1.0,4.0,2.0,1.0,1.0,1.0,4.0,3.0,1.0,1.0,3.0,4.0,8.0,1.0,8.0,4.0,4.0,4.0,4.0,4.0,4.0,4.0,4.0,4.0,5.0,2.0,2.0,4.0,4.0,3.0,2.0,4.0,4.0,2.0,3.0,3.55
R_sUzDYVVE3RgsITL,gold,mindful_walking,1,21.0,male,United Kingdom,United Kingdom,1,3.0,1,1315,100,1,52.0,2.0,4.0,2.0,2.0,2.0,3.0,4.0,2.0,2.0,2.0,2.0,3.0,1.0,3.0,2.0,3.0,3.0,2.0,2.0,2.0,5.0,4.0,7.0,4.0,4.0,4.0,4.0,4.0,4.0,4.0,4.0,4.0,1.0,1.0,4.0,2.0,2.0,2.0,2.0,2.0,2.0,3.0,2.0,2.95
R_pSDipuxDlvgH67v,radb,control_book,0,24.0,female,Netherlands,Italy,0,2.0,1,2734,100,1,32.0,4.0,1.0,1.0,1.0,3.0,1.0,1.0,3.0,1.0,4.0,3.0,1.0,1.0,2.0,3.0,3.0,2.0,1.0,3.0,3.0,7.0,3.0,8.0,3.0,1.0,2.0,1.0,1.0,3.0,2.0,4.0,1.0,4.0,2.0,4.0,4.0,4.0,4.0,4.0,5.0,2.0,4.0,5.0,3.0
R_2Ug5BMP8DTeYGwg,gold,mindful_walking,1,18.0,female,United Kingdom,United Kingdom,1,3.0,1,2071,100,1,33.0,3.0,3.0,2.0,2.0,3.0,1.0,2.0,4.0,2.0,3.0,3.0,2.0,1.0,1.0,3.0,4.0,2.0,1.0,4.0,3.0,8.0,3.0,7.0,2.0,2.0,3.0,4.0,4.0,4.0,5.0,4.0,4.0,4.0,3.0,3.0,3.0,2.0,3.0,3.0,2.0,3.0,3.0,3.0,3.2
R_3KW8jvd9RjmuOEV,lime,control_book,0,19.0,male,Ireland,Ireland,1,3.0,1,1216,100,1,37.0,3.0,3.0,1.0,2.0,3.0,1.0,2.0,3.0,1.0,2.0,3.0,1.0,1.0,1.0,3.0,3.0,1.0,4.0,3.0,2.0,7.0,4.0,6.0,2.0,2.0,2.0,3.0,3.0,2.0,2.0,4.0,3.0,3.0,4.0,4.0,2.0,4.0,4.0,3.0,2.0,3.0,5.0,4.0,3.05
R_WiLKApJViYG3rcl,radb,mindful_breathing,1,18.0,female,Netherlands,Netherlands,0,2.0,1,1262,100,1,33.0,3.0,3.0,2.0,1.0,3.0,1.0,1.0,3.0,1.0,4.0,3.0,2.0,1.0,2.0,2.0,3.0,1.0,1.0,3.0,3.0,7.0,3.0,4.0,3.0,2.0,4.0,4.0,2.0,4.0,3.0,3.0,3.0,4.0,3.0,4.0,3.0,4.0,4.0,4.0,5.0,3.0,5.0,5.0,3.6
R_2veRWzrrY1xTiWi,radb,mindful_walking,1,18.0,female,Germnay,Netherlands,0,2.0,1,1278,100,1,39.0,3.0,3.0,2.0,1.0,2.0,1.0,3.0,3.0,1.0,3.0,3.0,2.0,1.0,3.0,3.0,3.0,2.0,2.0,3.0,3.0,7.0,7.0,6.0,3.0,3.0,3.0,2.0,4.0,5.0,4.0,4.0,5.0,5.0,3.0,4.0,4.0,4.0,4.0,3.0,3.0,3.0,3.0,5.0,3.7
R_2pKLgeeoG9dSj3c,wurz,loving_kindness,1,21.0,female,Germany,United States,0,2.0,1,1272,100,1,35.0,4.0,3.0,2.0,1.0,3.0,2.0,1.0,3.0,1.0,3.0,3.0,2.0,1.0,2.0,4.0,2.0,2.0,2.0,3.0,3.0,5.0,3.0,6.0,4.0,3.0,1.0,4.0,4.0,5.0,3.0,5.0,3.0,5.0,2.0,4.0,2.0,1.0,2.0,3.0,5.0,2.0,3.0,4.0,3.25
R_1dtryUowKBm9cIt,radb,mindful_breathing,1,21.0,male,Netherlands,Denmark,1,3.0,1,1457,100,1,43.0,3.0,3.0,1.0,2.0,2.0,2.0,2.0,2.0,1.0,3.0,2.0,2.0,1.0,3.0,3.0,2.0,2.0,2.0,2.0,3.0,6.0,4.0,5.0,4.0,3.0,2.0,1.0,3.0,4.0,4.0,4.0,4.0,4.0,4.0,2.0,4.0,4.0,4.0,4.0,5.0,4.0,4.0,5.0,3.65
R_3ht1ruxyXUEXtoE,radb,body_scan,1,18.0,self_describe,Netherlands,Netherlands,0,2.0,1,1257,100,1,57.0,2.0,2.0,3.0,2.0,2.0,1.0,4.0,1.0,2.0,2.0,2.0,3.0,2.0,3.0,2.0,1.0,3.0,2.0,2.0,2.0,4.0,6.0,5.0,4.0,4.0,2.0,4.0,4.0,4.0,3.0,4.0,4.0,4.0,2.0,1.0,4.0,2.0,2.0,2.0,5.0,2.0,2.0,5.0,3.2
R_3gYjwhi5qpQx4mu,indi,control_book,0,18.0,female,United States,United States,1,2.0,1,1617,100,1,53.0,2.0,2.0,3.0,4.0,2.0,1.0,3.0,3.0,1.0,3.0,3.0,3.0,2.0,3.0,1.0,2.0,3.0,3.0,2.0,3.0,5.0,3.0,4.0,3.0,3.0,3.0,3.0,5.0,4.0,1.0,5.0,3.0,4.0,1.0,4.0,3.0,3.0,4.0,1.0,3.0,5.0,4.0,4.0,3.3
R_3kpKqavqwvPoLnv,indi,loving_kindness,1,19.0,male,United States,United States,1,3.0,1,1252,100,1,28.0,4.0,3.0,1.0,1.0,4.0,1.0,2.0,3.0,1.0,4.0,4.0,1.0,1.0,2.0,4.0,3.0,1.0,1.0,3.0,2.0,9.0,7.0,8.0,1.0,1.0,1.0,2.0,1.0,4.0,1.0,4.0,1.0,3.0,2.0,5.0,2.0,4.0,5.0,4.0,3.0,2.0,4.0,4.0,2.7
R_1g7SoxvHDUNTWnk,newf,mindful_breathing,1,20.0,male,Canada,Canada,1,3.0,1,2600,100,1,28.0,4.0,4.0,1.0,1.0,3.0,1.0,1.0,4.0,1.0,4.0,3.0,2.0,1.0,2.0,1.0,4.0,1.0,1.0,3.0,4.0,7.0,7.0,9.0,3.0,1.0,2.0,1.0,2.0,2.0,1.0,3.0,3.0,4.0,3.0,4.0,3.0,4.0,4.0,4.0,4.0,4.0,4.0,2.0,2.9
R_2bKxB5ZLFkLfFPu,illi,body_scan,1,19.0,male,United States,United States,1,3.0,1,1245,100,1,22.0,4.0,4.0,1.0,1.0,4.0,1.0,1.0,4.0,1.0,3.0,4.0,1.0,1.0,1.0,4.0,4.0,1.0,1.0,3.0,4.0,8.0,2.0,7.0,2.0,1.0,2.0,1.0,2.0,2.0,2.0,2.0,2.0,2.0,4.0,5.0,3.0,4.0,5.0,4.0,4.0,4.0,4.0,4.0,2.95
R_3OdgneqAl3y0Ao9,idah,mindful_walking,1,20.0,female,United States,United States,0,2.0,1,2006,100,1,25.0,4.0,1.0,1.0,1.0,4.0,1.0,1.0,4.0,1.0,3.0,3.0,1.0,1.0,1.0,4.0,4.0,1.0,1.0,4.0,4.0,9.0,1.0,8.0,5.0,5.0,5.0,4.0,5.0,5.0,2.0,4.0,5.0,5.0,1.0,1.0,2.0,4.0,2.0,1.0,2.0,3.0,4.0,4.0,3.45
R_2VK2WHdYKbOuEIr,illi,mindful_walking,1,19.0,male,United States,United States,1,3.0,1,1341,100,1,44.0,3.0,1.0,1.0,2.0,2.0,1.0,3.0,2.0,1.0,2.0,3.0,1.0,2.0,2.0,2.0,2.0,2.0,1.0,3.0,2.0,5.0,4.0,4.0,3.0,4.0,3.0,4.0,4.0,4.0,4.0,5.0,3.0,3.0,3.0,4.0,3.0,1.0,4.0,4.0,3.0,3.0,3.0,4.0,3.45
R_1QAZKImvFMN1OVb,radb,body_scan,1,19.0,female,Netherlands,Bulgaria,0,2.0,1,1284,100,1,42.0,3.0,3.0,2.0,1.0,3.0,2.0,3.0,3.0,2.0,3.0,3.0,2.0,2.0,2.0,3.0,3.0,3.0,2.0,2.0,3.0,5.0,3.0,3.0,5.0,1.0,5.0,4.0,4.0,5.0,3.0,5.0,4.0,5.0,1.0,4.0,2.0,2.0,4.0,1.0,2.0,1.0,1.0,1.0,3.0
R_3hme4wB3oOaf9xN,newf,mindful_breathing,1,21.0,male,Canada,Canada,1,3.0,1,1516,100,1,26.0,3.0,3.0,2.0,2.0,4.0,1.0,1.0,4.0,1.0,4.0,3.0,1.0,1.0,1.0,4.0,4.0,1.0,1.0,3.0,4.0,8.0,6.0,8.0,2.0,2.0,2.0,2.0,2.0,2.0,2.0,3.0,4.0,4.0,4.0,4.0,4.0,2.0,4.0,3.0,3.0,4.0,4.0,4.0,3.05
R_3sp5ar6Jt4S2JLt,indi,control_book,0,19.0,male,United States,United States,1,3.0,1,1480,100,1,42.0,3.0,3.0,1.0,2.0,3.0,1.0,1.0,1.0,1.0,3.0,2.0,1.0,3.0,2.0,2.0,2.0,1.0,2.0,2.0,2.0,5.0,4.0,3.0,4.0,3.0,4.0,2.0,2.0,4.0,2.0,3.0,3.0,4.0,3.0,3.0,4.0,3.0,2.0,4.0,4.0,4.0,4.0,5.0,3.35
R_3k7VBFiGQymhSUu,suny,loving_kindness,1,19.0,female,United States,United States,1,3.0,1,1430,100,1,25.0,4.0,3.0,1.0,1.0,4.0,1.0,1.0,4.0,1.0,4.0,2.0,1.0,1.0,1.0,4.0,3.0,1.0,1.0,3.0,4.0,8.0,2.0,7.0,4.0,2.0,4.0,5.0,3.0,3.0,2.0,5.0,4.0,5.0,2.0,3.0,1.0,2.0,3.0,3.0,2.0,5.0,1.0,3.0,3.1
R_1LMrDfMI0y39nVr,spri,mindful_breathing,1,18.0,female,United States,United States,1,3.0,1,1506,100,1,41.0,3.0,2.0,1.0,1.0,3.0,1.0,1.0,2.0,2.0,2.0,2.0,1.0,1.0,3.0,2.0,3.0,2.0,1.0,2.0,2.0,5.0,4.0,6.0,4.0,2.0,3.0,5.0,3.0,2.0,2.0,4.0,3.0,4.0,3.0,3.0,2.0,2.0,3.0,2.0,3.0,2.0,4.0,4.0,3.0
R_26a8xQO8JOTHHR8,iowa,mindful_walking,1,19.0,female,United States,United States,1,3.0,1,1558,100,1,24.0,4.0,4.0,1.0,1.0,4.0,1.0,1.0,4.0,1.0,4.0,2.0,1.0,2.0,1.0,4.0,4.0,1.0,2.0,4.0,4.0,8.0,1.0,6.0,1.0,2.0,2.0,1.0,1.0,4.0,1.0,4.0,3.0,4.0,4.0,5.0,1.0,4.0,3.0,4.0,2.0,2.0,3.0,2.0,2.65
R_2CpoCkKIrGo630O,hous,body_scan,1,20.0,female,United States,United States,0,3.0,1,1184,100,1,31.0,3.0,3.0,1.0,1.0,3.0,1.0,1.0,3.0,1.0,3.0,2.0,1.0,1.0,1.0,3.0,3.0,1.0,1.0,3.0,3.0,7.0,3.0,5.0,2.0,1.0,2.0,2.0,2.0,2.0,2.0,4.0,1.0,4.0,4.0,4.0,4.0,2.0,4.0,4.0,4.0,5.0,4.0,4.0,3.05
R_1It0ofsc49GBtHq,radb,control_book,0,19.0,female,Netherlands,Germany,0,2.0,1,1340,100,1,32.0,4.0,3.0,1.0,3.0,3.0,1.0,1.0,3.0,1.0,3.0,2.0,1.0,1.0,1.0,3.0,3.0,1.0,1.0,3.0,3.0,7.0,2.0,2.0,4.0,2.0,3.0,4.0,1.0,4.0,1.0,1.0,1.0,2.0,2.0,5.0,2.0,4.0,4.0,2.0,4.0,2.0,4.0,4.0,2.8
R_1rPkHSdYSJoGSuI,idah,mindful_breathing,1,19.0,female,United States,United States,1,3.0,1,1270,100,1,22.0,4.0,4.0,1.0,1.0,4.0,1.0,1.0,3.0,1.0,4.0,4.0,1.0,1.0,1.0,4.0,4.0,2.0,1.0,4.0,4.0,8.0,2.0,8.0,2.0,1.0,2.0,1.0,1.0,3.0,1.0,2.0,3.0,4.0,5.0,5.0,1.0,4.0,5.0,5.0,2.0,1.0,5.0,2.0,2.75
R_2tbduInuHnHf156,quee,control_book,0,19.0,female,Australia,India,1,3.0,1,1286,100,1,39.0,3.0,2.0,1.0,3.0,3.0,1.0,1.0,3.0,1.0,3.0,1.0,1.0,1.0,2.0,3.0,2.0,3.0,1.0,3.0,3.0,5.0,6.0,8.0,2.0,4.0,2.0,1.0,3.0,2.0,2.0,3.0,2.0,2.0,4.0,4.0,2.0,2.0,2.0,4.0,2.0,2.0,3.0,4.0,2.6
R_28TfnMmddXUM3gB,lime,loving_kindness,1,19.0,female,Ireland,Ireland,1,3.0,1,1169,100,1,20.0,4.0,4.0,1.0,1.0,4.0,1.0,1.0,4.0,1.0,4.0,4.0,1.0,1.0,1.0,4.0,4.0,1.0,1.0,4.0,4.0,8.0,9.0,9.0,3.0,1.0,1.0,1.0,1.0,1.0,1.0,2.0,1.0,2.0,5.0,5.0,5.0,4.0,5.0,4.0,5.0,5.0,4.0,5.0,3.05
R_24oNFkYUemu4jcw,idah,mindful_walking,1,18.0,female,United States,United States,1,3.0,1,1258,100,1,44.0,3.0,3.0,2.0,2.0,2.0,2.0,2.0,2.0,1.0,3.0,2.0,1.0,1.0,2.0,3.0,2.0,2.0,3.0,2.0,2.0,4.0,7.0,3.0,5.0,4.0,5.0,4.0,5.0,4.0,3.0,5.0,4.0,4.0,5.0,2.0,2.0,2.0,1.0,2.0,3.0,1.0,3.0,3.0,3.35
R_3lLeLFyUX8MdCTT,iowa,control_book,0,18.0,female,United States,United States,1,2.0,1,1163,100,1,45.0,3.0,2.0,3.0,3.0,2.0,3.0,1.0,3.0,1.0,2.0,2.0,1.0,2.0,1.0,3.0,2.0,1.0,2.0,2.0,2.0,6.0,4.0,4.0,4.0,4.0,3.0,3.0,1.0,3.0,1.0,3.0,3.0,4.0,3.0,2.0,3.0,4.0,2.0,4.0,3.0,4.0,4.0,4.0,3.1
R_2uJ8GAptlTifd8f,gold,mindful_walking,1,18.0,female,United Kingdom,United Kingdom,1,3.0,1,2387,100,1,55.0,2.0,2.0,2.0,2.0,2.0,3.0,4.0,2.0,3.0,2.0,2.0,2.0,1.0,3.0,2.0,2.0,3.0,1.0,1.0,2.0,5.0,8.0,5.0,2.0,3.0,1.0,3.0,4.0,4.0,4.0,4.0,4.0,4.0,2.0,4.0,2.0,2.0,2.0,3.0,3.0,2.0,2.0,4.0,2.95
R_125TuMmdOKPjAf4,idah,mindful_breathing,1,19.0,female,United States,United States,1,3.0,1,1612,100,1,29.0,4.0,3.0,1.0,1.0,3.0,1.0,1.0,3.0,1.0,3.0,3.0,1.0,1.0,1.0,4.0,3.0,1.0,2.0,3.0,3.0,8.0,1.0,8.0,4.0,2.0,3.0,2.0,4.0,4.0,3.0,4.0,4.0,4.0,2.0,4.0,2.0,4.0,3.0,2.0,2.0,2.0,3.0,2.0,3.0
R_1eVtFdtcj5w77IM,idah,loving_kindness,1,19.0,female,United States,United States,1,3.0,1,1722,100,1,41.0,2.0,2.0,1.0,1.0,2.0,1.0,2.0,2.0,1.0,3.0,2.0,1.0,1.0,2.0,3.0,2.0,2.0,1.0,2.0,2.0,5.0,6.0,6.0,4.0,4.0,4.0,4.0,4.0,5.0,3.0,5.0,4.0,5.0,2.0,3.0,2.0,2.0,2.0,3.0,3.0,2.0,3.0,4.0,3.4
R_1k1XdMtt2gjSXQy,gold,body_scan,1,19.0,female,United Kingdom,United Kingdom,1,3.0,1,1314,100,1,23.0,4.0,4.0,1.0,1.0,4.0,1.0,1.0,3.0,1.0,4.0,3.0,1.0,1.0,1.0,4.0,4.0,1.0,1.0,4.0,3.0,7.0,2.0,7.0,3.0,1.0,2.0,4.0,3.0,2.0,2.0,5.0,2.0,3.0,4.0,5.0,3.0,4.0,3.0,4.0,3.0,4.0,3.0,3.0,3.15
R_1MSq5ujgPK5lY7L,suny,body_scan,1,18.0,male,United States,United States,1,3.0,1,1470,100,1,34.0,3.0,3.0,1.0,1.0,3.0,2.0,1.0,2.0,1.0,3.0,3.0,1.0,1.0,2.0,3.0,3.0,2.0,1.0,3.0,3.0,6.0,7.0,4.0,4.0,3.0,5.0,4.0,2.0,4.0,2.0,3.0,3.0,4.0,2.0,3.0,2.0,2.0,3.0,3.0,3.0,4.0,5.0,3.0,3.2
R_1g0U2ZZuX6yBqOC,gold,loving_kindness,1,21.0,male,United Kingdom,United Kingdom,1,3.0,1,1070,100,1,27.0,4.0,3.0,1.0,1.0,4.0,1.0,1.0,3.0,1.0,3.0,3.0,1.0,1.0,1.0,4.0,3.0,1.0,1.0,3.0,3.0,7.0,2.0,7.0,4.0,1.0,3.0,2.0,3.0,4.0,3.0,4.0,5.0,2.0,3.0,4.0,2.0,3.0,4.0,4.0,3.0,3.0,2.0,4.0,3.15
R_Ug6uLfZl2GcwuD7,witt,mindful_walking,1,19.0,female,United States,United States,1,2.0,1,1620,100,1,28.0,4.0,2.0,1.0,1.0,4.0,1.0,2.0,3.0,1.0,4.0,3.0,1.0,1.0,2.0,4.0,3.0,1.0,1.0,4.0,3.0,7.0,1.0,5.0,5.0,4.0,2.0,5.0,5.0,5.0,4.0,5.0,5.0,5.0,4.0,2.0,2.0,1.0,4.0,2.0,3.0,2.0,2.0,2.0,3.45
R_2uQy8PYrNE3fA8u,suny,mindful_walking,1,19.0,male,United States,United States,1,3.0,1,1262,100,1,30.0,3.0,3.0,1.0,1.0,3.0,1.0,1.0,3.0,1.0,3.0,3.0,1.0,1.0,1.0,3.0,3.0,1.0,1.0,3.0,3.0,6.0,2.0,7.0,1.0,1.0,1.0,1.0,1.0,1.0,1.0,2.0,2.0,2.0,1.0,4.0,2.0,4.0,3.0,4.0,1.0,4.0,4.0,4.0,2.2
R_2v1UCHFjyZYWGT6,quee,mindful_breathing,1,18.0,female,Australia,Australia,1,3.0,1,1305,100,1,25.0,4.0,4.0,1.0,1.0,3.0,1.0,1.0,3.0,1.0,3.0,4.0,1.0,1.0,2.0,4.0,3.0,1.0,1.0,4.0,4.0,6.0,7.0,5.0,2.0,1.0,3.0,3.0,4.0,5.0,4.0,5.0,4.0,5.0,5.0,5.0,5.0,2.0,5.0,4.0,5.0,5.0,3.0,2.0,3.85
R_1gHeCmuXqPnIHas,quee,body_scan,1,19.0,female,Australia,Australia,1,3.0,1,1504,100,1,25.0,4.0,2.0,2.0,1.0,4.0,1.0,1.0,4.0,1.0,4.0,3.0,1.0,1.0,1.0,4.0,4.0,1.0,2.0,4.0,4.0,7.0,2.0,7.0,4.0,3.0,4.0,4.0,4.0,4.0,4.0,5.0,4.0,5.0,2.0,3.0,2.0,2.0,3.0,4.0,2.0,4.0,2.0,2.0,3.35
R_2rZT4hv8eDzM5VT,canb,loving_kindness,1,19.0,female,Australia,Australia,1,3.0,1,1351,100,1,23.0,4.0,3.0,1.0,1.0,4.0,1.0,1.0,4.0,1.0,4.0,3.0,1.0,1.0,1.0,4.0,4.0,1.0,1.0,3.0,4.0,7.0,5.0,7.0,1.0,1.0,1.0,1.0,2.0,2.0,1.0,2.0,1.0,2.0,1.0,4.0,2.0,5.0,4.0,4.0,1.0,4.0,4.0,4.0,2.35
R_2axI10W1Li49trE,quee,control_book,0,22.0,female,Australia,Australia,1,2.0,1,1115,100,1,49.0,1.0,2.0,4.0,2.0,2.0,1.0,1.0,2.0,1.0,3.0,3.0,3.0,4.0,1.0,2.0,2.0,1.0,1.0,2.0,1.0,7.0,6.0,5.0,4.0,2.0,4.0,2.0,5.0,4.0,2.0,5.0,4.0,5.0,2.0,4.0,3.0,2.0,3.0,2.0,2.0,2.0,1.0,5.0,3.15
R_szKDUZFQCI1csX7,indi,control_book,0,20.0,female,United States,United States,1,3.0,1,1196,100,1,20.0,4.0,4.0,1.0,1.0,4.0,1.0,1.0,4.0,1.0,4.0,4.0,1.0,1.0,1.0,4.0,4.0,1.0,1.0,4.0,4.0,9.0,1.0,7.0,1.0,1.0,1.0,2.0,2.0,2.0,1.0,3.0,1.0,3.0,4.0,5.0,4.0,5.0,5.0,5.0,4.0,1.0,5.0,5.0,3.0
R_3fT6bfIIt5bR5LW,jose,loving_kindness,1,19.0,female,United States,United States,1,3.0,1,1169,100,1,25.0,4.0,4.0,1.0,1.0,3.0,1.0,1.0,4.0,1.0,4.0,3.0,1.0,1.0,1.0,4.0,3.0,1.0,1.0,3.0,3.0,8.0,6.0,6.0,2.0,1.0,1.0,3.0,3.0,2.0,3.0,2.0,2.0,2.0,3.0,4.0,2.0,2.0,5.0,4.0,2.0,2.0,4.0,4.0,2.65
R_1eRVkliTp91TGMo,macq,mindful_walking,1,18.0,female,Australia,Australia,0,3.0,1,1198,100,1,21.0,4.0,4.0,1.0,1.0,4.0,1.0,1.0,3.0,1.0,4.0,4.0,1.0,1.0,1.0,4.0,4.0,1.0,1.0,4.0,4.0,7.0,3.0,3.0,1.0,1.0,1.0,1.0,1.0,1.0,1.0,1.0,1.0,2.0,5.0,5.0,5.0,5.0,5.0,5.0,5.0,5.0,5.0,5.0,3.05
R_1FySbI6N9H66DPc,jose,mindful_breathing,1,18.0,female,United States,United States,1,3.0,1,1933,100,1,29.0,4.0,3.0,1.0,2.0,3.0,1.0,1.0,2.0,1.0,4.0,3.0,1.0,1.0,1.0,4.0,3.0,1.0,1.0,2.0,4.0,6.0,4.0,5.0,3.0,1.0,3.0,3.0,2.0,3.0,1.0,3.0,2.0,4.0,3.0,4.0,1.0,3.0,4.0,3.0,2.0,2.0,2.0,3.0,2.6
R_273V3oB8qYHRWF6,indi,control_book,0,19.0,female,United States,United States,1,2.0,1,40118,100,1,29.0,3.0,3.0,2.0,1.0,3.0,1.0,1.0,4.0,1.0,4.0,3.0,1.0,2.0,1.0,4.0,3.0,1.0,1.0,3.0,3.0,7.0,3.0,7.0,1.0,3.0,2.0,3.0,4.0,4.0,1.0,2.0,1.0,4.0,3.0,3.0,4.0,2.0,2.0,3.0,2.0,2.0,3.0,3.0,2.6
R_1jkoG88wEAs4dKi,quee,body_scan,1,18.0,female,Australia,Australia,1,3.0,1,1467,100,1,26.0,4.0,4.0,2.0,2.0,4.0,1.0,2.0,3.0,1.0,4.0,3.0,1.0,1.0,2.0,4.0,4.0,1.0,1.0,4.0,4.0,8.0,3.0,5.0,3.0,4.0,3.0,4.0,4.0,5.0,4.0,4.0,4.0,5.0,2.0,2.0,3.0,2.0,3.0,3.0,5.0,3.0,5.0,5.0,3.65
R_1j7X1hzdYFG8gVm,fras,mindful_breathing,1,19.0,male,Canada,India,0,3.0,1,1095,100,1,20.0,4.0,4.0,1.0,1.0,4.0,1.0,1.0,4.0,1.0,4.0,4.0,1.0,1.0,1.0,4.0,4.0,1.0,1.0,4.0,4.0,9.0,2.0,9.0,1.0,1.0,1.0,1.0,1.0,1.0,1.0,1.0,1.0,1.0,5.0,5.0,5.0,5.0,5.0,4.0,5.0,5.0,3.0,4.0,2.8
R_2ayKgdwHJ6SucKN,fras,mindful_walking,1,19.0,male,Canada,Italy,1,3.0,1,1471,100,1,37.0,3.0,3.0,2.0,1.0,3.0,1.0,2.0,2.0,1.0,3.0,3.0,2.0,1.0,2.0,3.0,3.0,3.0,1.0,3.0,3.0,7.0,1.0,7.0,2.0,2.0,2.0,1.0,2.0,4.0,2.0,4.0,2.0,5.0,4.0,4.0,4.0,5.0,3.0,4.0,4.0,4.0,4.0,5.0,3.35
R_2349wvdTlCFWwES,idah,body_scan,1,21.0,female,United States,United States,1,3.0,1,1391,100,1,34.0,3.0,3.0,1.0,1.0,3.0,1.0,2.0,3.0,1.0,3.0,3.0,2.0,1.0,1.0,2.0,3.0,1.0,1.0,2.0,3.0,8.0,7.0,9.0,2.0,1.0,3.0,2.0,4.0,4.0,2.0,4.0,3.0,4.0,3.0,4.0,2.0,2.0,4.0,2.0,3.0,2.0,2.0,4.0,2.85
R_Oky4mRYhz3lrUtP,quee,loving_kindness,1,18.0,female,Australia,Australia,1,3.0,1,1482,100,1,41.0,3.0,2.0,1.0,2.0,2.0,1.0,2.0,2.0,1.0,2.0,2.0,1.0,1.0,1.0,2.0,2.0,1.0,1.0,2.0,2.0,5.0,5.0,5.0,2.0,4.0,2.0,1.0,1.0,4.0,1.0,2.0,4.0,5.0,4.0,3.0,4.0,4.0,1.0,3.0,4.0,4.0,4.0,5.0,3.1
R_RVR9iKheO8FB0TT,quee,control_book,0,24.0,female,Australia,Australia,1,3.0,1,1628,100,1,45.0,3.0,2.0,2.0,1.0,3.0,1.0,1.0,1.0,1.0,2.0,2.0,2.0,2.0,3.0,3.0,2.0,1.0,3.0,2.0,2.0,5.0,3.0,7.0,4.0,3.0,2.0,2.0,4.0,5.0,5.0,4.0,5.0,5.0,2.0,4.0,2.0,2.0,1.0,3.0,2.0,2.0,2.0,3.0,3.1
R_3iEDkOor2A8RDwo,lime,control_book,0,19.0,prefer_not_say,Ireland,Ireland,1,3.0,1,22467,100,1,39.0,3.0,3.0,1.0,1.0,3.0,1.0,2.0,2.0,1.0,3.0,2.0,1.0,1.0,2.0,1.0,2.0,2.0,1.0,2.0,3.0,7.0,5.0,7.0,4.0,4.0,3.0,4.0,4.0,4.0,4.0,4.0,4.0,4.0,3.0,2.0,2.0,2.0,2.0,2.0,2.0,4.0,3.0,3.0,3.2
R_eQaJlGvkhQfoRzP,gold,body_scan,1,33.0,female,United Kingdom,Nigeria,1,3.0,1,1781,100,1,20.0,4.0,4.0,1.0,1.0,4.0,1.0,1.0,4.0,1.0,4.0,4.0,1.0,1.0,1.0,4.0,4.0,1.0,1.0,4.0,4.0,9.0,4.0,9.0,2.0,1.0,1.0,3.0,5.0,2.0,1.0,4.0,1.0,3.0,2.0,4.0,4.0,4.0,5.0,4.0,2.0,4.0,4.0,4.0,3.0
R_ZKNVpMUUUHYZriN,quee,loving_kindness,1,18.0,female,Australia,New Zealand,1,3.0,1,1592,100,1,51.0,3.0,2.0,3.0,3.0,2.0,2.0,3.0,2.0,1.0,3.0,2.0,2.0,2.0,3.0,2.0,2.0,2.0,3.0,3.0,2.0,5.0,6.0,5.0,3.0,3.0,3.0,4.0,4.0,4.0,4.0,4.0,4.0,4.0,3.0,3.0,2.0,3.0,3.0,3.0,4.0,3.0,2.0,3.0,3.3
R_1jdEej3Qdpgho7W,gold,control_book,0,19.0,female,United Kingdom,Romania,0,3.0,1,1426,100,1,24.0,4.0,4.0,1.0,1.0,3.0,1.0,1.0,3.0,1.0,4.0,4.0,1.0,1.0,1.0,4.0,3.0,2.0,1.0,4.0,4.0,8.0,2.0,7.0,1.0,1.0,1.0,2.0,1.0,1.0,1.0,2.0,1.0,2.0,1.0,5.0,1.0,5.0,5.0,4.0,1.0,4.0,4.0,5.0,2.4
R_1oBjShHUqHP5U5P,gold,mindful_breathing,1,19.0,female,United Kingdom,United Kingdom,1,3.0,1,1451,100,1,31.0,3.0,3.0,1.0,1.0,4.0,1.0,2.0,3.0,1.0,4.0,4.0,1.0,1.0,2.0,2.0,3.0,2.0,1.0,3.0,3.0,7.0,3.0,6.0,1.0,2.0,1.0,2.0,3.0,2.0,2.0,2.0,2.0,2.0,5.0,5.0,3.0,4.0,5.0,3.0,5.0,3.0,4.0,5.0,3.05
R_1g0BsM5LXcnW4dB,fras,control_book,0,19.0,male,Canada,Belgium,1,2.0,1,1302,100,1,41.0,3.0,2.0,1.0,1.0,2.0,1.0,2.0,3.0,1.0,4.0,1.0,2.0,4.0,1.0,4.0,3.0,2.0,2.0,2.0,2.0,6.0,3.0,6.0,1.0,1.0,2.0,1.0,4.0,4.0,2.0,5.0,4.0,5.0,5.0,5.0,2.0,1.0,5.0,2.0,1.0,2.0,4.0,2.0,2.9
R_2lXfBHjs268onLP,macq,body_scan,1,18.0,female,Australia,Australia,1,3.0,1,1064,100,1,33.0,3.0,3.0,1.0,1.0,3.0,1.0,3.0,3.0,1.0,3.0,3.0,1.0,1.0,1.0,3.0,3.0,1.0,2.0,3.0,3.0,5.0,3.0,8.0,5.0,4.0,4.0,4.0,5.0,5.0,3.0,4.0,4.0,5.0,4.0,3.0,3.0,3.0,3.0,3.0,3.0,2.0,3.0,3.0,3.65
R_Uz4xklTw56fKZPz,radb,mindful_walking,1,18.0,female,Netherlands,Netherlands,0,2.0,1,1414,100,1,38.0,4.0,4.0,2.0,1.0,3.0,2.0,3.0,3.0,1.0,3.0,3.0,1.0,2.0,2.0,3.0,2.0,2.0,3.0,3.0,3.0,7.0,3.0,5.0,2.0,1.0,2.0,3.0,1.0,4.0,3.0,2.0,3.0,3.0,4.0,4.0,3.0,3.0,4.0,4.0,5.0,3.0,4.0,4.0,3.1
R_2Swv84Ruh93eoeM,gold,mindful_breathing,1,20.0,female,United Kingdom,United Kingdom,1,3.0,1,1174,100,1,37.0,3.0,2.0,1.0,2.0,3.0,1.0,2.0,1.0,1.0,2.0,3.0,1.0,1.0,1.0,3.0,3.0,1.0,1.0,2.0,3.0,7.0,3.0,4.0,1.0,1.0,1.0,2.0,2.0,2.0,1.0,3.0,1.0,3.0,2.0,4.0,4.0,2.0,3.0,4.0,2.0,1.0,4.0,4.0,2.35
R_2zZ3o7TiU4wBfLo,wurz,control_book,0,20.0,female,Germany,Germany,0,2.0,1,1327,100,1,32.0,3.0,3.0,1.0,1.0,3.0,1.0,1.0,2.0,1.0,3.0,3.0,1.0,1.0,2.0,3.0,3.0,1.0,1.0,3.0,3.0,5.0,1.0,7.0,3.0,3.0,2.0,2.0,4.0,4.0,2.0,4.0,4.0,5.0,4.0,3.0,3.0,2.0,3.0,2.0,4.0,3.0,2.0,4.0,3.15
R_1qURpxH4pbky6Cd,radb,mindful_breathing,1,19.0,male,"Netherlands, The","Netherlands, The",0,2.0,1,1544,100,1,31.0,3.0,3.0,1.0,1.0,3.0,1.0,1.0,3.0,1.0,3.0,3.0,1.0,1.0,2.0,3.0,4.0,2.0,1.0,3.0,3.0,7.0,6.0,6.0,3.0,2.0,2.0,2.0,1.0,4.0,1.0,3.0,2.0,3.0,3.0,4.0,5.0,3.0,3.0,4.0,5.0,5.0,4.0,4.0,3.15
R_BMxtkmQnG85XwD7,iowa,mindful_walking,1,20.0,male,United States,United States,1,3.0,1,1446,100,1,56.0,1.0,1.0,2.0,2.0,2.0,1.0,3.0,1.0,1.0,1.0,1.0,2.0,1.0,3.0,1.0,1.0,2.0,2.0,1.0,3.0,4.0,2.0,3.0,4.0,4.0,4.0,4.0,4.0,5.0,4.0,5.0,4.0,5.0,1.0,2.0,5.0,2.0,2.0,3.0,1.0,2.0,4.0,2.0,3.35
R_2ZDZ4EanCtJ4qrs,radb,body_scan,1,18.0,female,Netherlands,Netherlands,0,2.0,1,1336,100,1,37.0,2.0,2.0,1.0,2.0,3.0,1.0,2.0,3.0,1.0,3.0,3.0,1.0,1.0,2.0,2.0,3.0,2.0,1.0,3.0,3.0,7.0,4.0,5.0,3.0,2.0,4.0,2.0,3.0,4.0,4.0,2.0,3.0,4.0,3.0,4.0,3.0,4.0,4.0,4.0,4.0,2.0,4.0,4.0,3.35
R_2ebgnmxnB2l79bb,gold,loving_kindness,1,20.0,female,United Kingdom,United Kingdom,1,2.0,1,1114,100,1,46.0,3.0,3.0,2.0,1.0,2.0,3.0,3.0,3.0,2.0,2.0,3.0,2.0,1.0,2.0,1.0,2.0,2.0,1.0,2.0,2.0,3.0,3.0,1.0,2.0,2.0,2.0,4.0,4.0,4.0,3.0,4.0,4.0,4.0,2.0,4.0,1.0,2.0,3.0,4.0,2.0,1.0,2.0,2.0,2.8
R_NVdtP6TNCOiWvZv,gold,body_scan,1,20.0,female,United Kingdom,Spain,0,2.0,1,1159,100,1,30.0,4.0,4.0,1.0,1.0,2.0,2.0,3.0,4.0,1.0,4.0,3.0,1.0,1.0,1.0,2.0,4.0,1.0,1.0,3.0,3.0,7.0,5.0,5.0,2.0,3.0,3.0,4.0,4.0,5.0,5.0,2.0,5.0,5.0,3.0,4.0,3.0,2.0,4.0,4.0,3.0,2.0,4.0,5.0,3.6
R_2c5FU8VAReIBIVl,newf,control_book,0,19.0,female,Canada,Canada,1,3.0,1,1362,100,1,39.0,3.0,3.0,2.0,1.0,3.0,2.0,1.0,2.0,1.0,2.0,1.0,2.0,1.0,1.0,3.0,3.0,2.0,2.0,3.0,3.0,5.0,3.0,3.0,3.0,2.0,4.0,2.0,4.0,4.0,2.0,5.0,4.0,5.0,2.0,3.0,3.0,3.0,3.0,4.0,2.0,2.0,3.0,4.0,3.2
R_1Eier5EarTIPVJr,gold,mindful_walking,1,19.0,female,United Kingdom,United Kingdom,1,3.0,1,1396,100,1,27.0,3.0,3.0,1.0,1.0,3.0,1.0,1.0,4.0,1.0,4.0,3.0,1.0,1.0,1.0,3.0,4.0,2.0,1.0,3.0,4.0,9.0,1.0,5.0,3.0,1.0,2.0,5.0,4.0,3.0,1.0,4.0,1.0,5.0,3.0,5.0,2.0,3.0,4.0,3.0,2.0,2.0,4.0,4.0,3.05
R_1OkpfNHjNJIzLUH,radb,mindful_breathing,1,26.0,male,Netherlands,Netherlands,0,2.0,1,1400,100,1,37.0,3.0,2.0,2.0,1.0,3.0,1.0,2.0,3.0,1.0,2.0,2.0,2.0,1.0,2.0,3.0,3.0,1.0,1.0,3.0,3.0,6.0,2.0,6.0,3.0,5.0,2.0,2.0,2.0,4.0,2.0,2.0,3.0,4.0,3.0,3.0,1.0,3.0,2.0,4.0,2.0,2.0,4.0,4.0,2.85
R_3PhtoU1H8wI9dhD,lime,loving_kindness,1,18.0,female,Ireland,Ireland,1,3.0,1,1215,100,1,34.0,4.0,2.0,1.0,1.0,4.0,1.0,3.0,2.0,1.0,4.0,3.0,2.0,1.0,2.0,3.0,3.0,3.0,1.0,3.0,4.0,6.0,3.0,7.0,2.0,2.0,4.0,3.0,4.0,5.0,4.0,4.0,4.0,5.0,4.0,4.0,3.0,3.0,4.0,5.0,3.0,3.0,5.0,4.0,3.75
R_2aaCp555nAHPSvu,wurz,mindful_breathing,1,18.0,male,Germany,Germany,0,2.0,1,1701,100,1,34.0,4.0,2.0,2.0,2.0,3.0,1.0,1.0,2.0,1.0,3.0,3.0,1.0,1.0,1.0,4.0,2.0,1.0,1.0,3.0,2.0,6.0,3.0,7.0,1.0,1.0,2.0,2.0,2.0,5.0,4.0,3.0,5.0,5.0,5.0,5.0,2.0,2.0,4.0,2.0,3.0,2.0,3.0,4.0,3.1
R_2wvKpoG6aD0upQw,gold,loving_kindness,1,22.0,female,United Kingdom,United Kingdom,1,3.0,1,1239,100,1,35.0,4.0,2.0,2.0,1.0,2.0,1.0,1.0,3.0,1.0,2.0,2.0,1.0,1.0,1.0,4.0,2.0,2.0,1.0,3.0,3.0,7.0,3.0,5.0,3.0,3.0,3.0,4.0,5.0,4.0,4.0,4.0,4.0,5.0,3.0,3.0,1.0,1.0,3.0,3.0,3.0,2.0,1.0,3.0,3.1
R_1DoMk8D7H73ZL7W,gold,mindful_walking,1,18.0,female,United Kingdom,United Kingdom,1,3.0,1,9785,100,1,44.0,2.0,2.0,1.0,1.0,2.0,1.0,1.0,1.0,1.0,2.0,2.0,2.0,1.0,2.0,2.0,2.0,2.0,1.0,2.0,2.0,6.0,3.0,5.0,4.0,3.0,4.0,4.0,3.0,2.0,4.0,2.0,3.0,4.0,4.0,4.0,4.0,2.0,4.0,4.0,4.0,3.0,4.0,4.0,3.5
R_z1r740SJK3P4vy9,idah,control_book,0,22.0,female,United States,United States,1,3.0,1,1284,100,1,33.0,4.0,2.0,1.0,1.0,3.0,1.0,1.0,2.0,1.0,3.0,3.0,1.0,1.0,2.0,4.0,3.0,1.0,3.0,4.0,2.0,8.0,4.0,7.0,1.0,1.0,1.0,2.0,2.0,4.0,2.0,5.0,4.0,5.0,2.0,4.0,2.0,2.0,5.0,2.0,2.0,2.0,5.0,4.0,2.85
R_1ptmMrFwHioOmLd,idah,body_scan,1,40.0,female,United States,United States,1,3.0,1,1310,100,1,23.0,4.0,4.0,1.0,1.0,4.0,1.0,1.0,4.0,1.0,4.0,3.0,1.0,1.0,3.0,4.0,4.0,1.0,1.0,4.0,4.0,9.0,1.0,7.0,2.0,1.0,3.0,2.0,4.0,3.0,1.0,3.0,2.0,4.0,3.0,4.0,3.0,2.0,2.0,4.0,4.0,4.0,4.0,1.0,2.8
R_1hGXei1h7fJ2py3,illi,loving_kindness,1,19.0,male,United States,United States,1,2.0,1,1195,100,1,20.0,4.0,4.0,1.0,1.0,4.0,1.0,1.0,4.0,1.0,4.0,4.0,1.0,1.0,1.0,4.0,4.0,1.0,1.0,4.0,4.0,8.0,2.0,9.0,1.0,1.0,1.0,1.0,2.0,4.0,2.0,4.0,4.0,5.0,5.0,5.0,2.0,2.0,4.0,4.0,4.0,5.0,4.0,5.0,3.25
R_D6nsyiHDwyyQIsV,seeb,body_scan,1,22.0,female,Germany,Germany,0,2.0,1,1813,100,1,38.0,3.0,3.0,1.0,1.0,2.0,2.0,1.0,2.0,1.0,2.0,3.0,1.0,1.0,2.0,2.0,2.0,1.0,1.0,3.0,2.0,6.0,3.0,7.0,3.0,3.0,3.0,2.0,3.0,3.0,2.0,3.0,4.0,5.0,3.0,3.0,4.0,4.0,3.0,4.0,3.0,4.0,5.0,5.0,3.45
R_3JrBRIRzj7FVkrJ,gold,mindful_walking,1,21.0,female,United Kingdom,Bulgaria,0,3.0,1,1507,100,1,43.0,2.0,1.0,1.0,1.0,2.0,1.0,1.0,1.0,1.0,2.0,2.0,1.0,1.0,1.0,2.0,2.0,1.0,2.0,2.0,2.0,6.0,5.0,7.0,3.0,2.0,2.0,4.0,4.0,5.0,2.0,4.0,4.0,4.0,3.0,3.0,3.0,2.0,4.0,4.0,2.0,3.0,4.0,2.0,3.2
R_ZgEUKxPcTwVOyhb,radb,mindful_breathing,1,20.0,female,Netherlands,Netherlands,0,2.0,1,1142,100,1,30.0,3.0,3.0,1.0,2.0,4.0,1.0,2.0,4.0,1.0,3.0,2.0,1.0,1.0,1.0,4.0,3.0,1.0,1.0,2.0,4.0,8.0,2.0,7.0,2.0,2.0,2.0,4.0,4.0,2.0,1.0,2.0,4.0,4.0,3.0,4.0,2.0,5.0,4.0,5.0,5.0,3.0,3.0,4.0,3.25
R_1oo6cMbIg5D6n5C,wurz,mindful_breathing,1,19.0,female,Germany,Germany,0,2.0,1,1455,100,1,47.0,3.0,2.0,2.0,2.0,2.0,3.0,1.0,1.0,1.0,2.0,2.0,2.0,1.0,1.0,2.0,2.0,1.0,3.0,2.0,2.0,6.0,2.0,3.0,4.0,2.0,4.0,2.0,2.0,2.0,2.0,2.0,3.0,3.0,2.0,4.0,4.0,4.0,3.0,3.0,5.0,4.0,4.0,5.0,3.2
R_2cjdD9E7NcxVCTM,idah,control_book,0,18.0,female,United States,United States,1,3.0,1,1205,100,1,34.0,3.0,2.0,1.0,1.0,3.0,1.0,1.0,3.0,1.0,4.0,2.0,1.0,1.0,2.0,3.0,3.0,2.0,1.0,3.0,2.0,7.0,2.0,5.0,2.0,3.0,2.0,2.0,4.0,2.0,2.0,5.0,4.0,4.0,2.0,4.0,5.0,4.0,3.0,4.0,1.0,4.0,3.0,4.0,3.2
R_3rZhHAGEVQZ2rKe,iowa,loving_kindness,1,19.0,female,United States,United States,1,3.0,1,1236,100,1,29.0,4.0,3.0,1.0,2.0,3.0,1.0,1.0,2.0,1.0,4.0,3.0,1.0,2.0,1.0,4.0,4.0,1.0,1.0,3.0,3.0,7.0,3.0,7.0,2.0,2.0,2.0,3.0,3.0,4.0,2.0,4.0,4.0,5.0,3.0,4.0,2.0,4.0,4.0,4.0,3.0,2.0,4.0,4.0,3.25
R_6J8QP9JBrpbgboB,indi,body_scan,1,18.0,female,United States,United States,1,3.0,1,1210,100,1,29.0,3.0,3.0,1.0,1.0,4.0,1.0,1.0,3.0,1.0,3.0,3.0,1.0,1.0,2.0,4.0,3.0,1.0,1.0,3.0,3.0,7.0,3.0,5.0,1.0,1.0,1.0,1.0,3.0,1.0,2.0,3.0,5.0,3.0,4.0,4.0,3.0,3.0,4.0,3.0,5.0,2.0,2.0,4.0,2.75
R_00xYRnG9D2H5hDP,gold,mindful_walking,1,28.0,male,United Kingdom,United Kingdom,,2.0,1,1414,100,1,53.0,1.0,2.0,2.0,2.0,2.0,2.0,3.0,2.0,1.0,2.0,3.0,3.0,2.0,2.0,1.0,1.0,2.0,2.0,2.0,2.0,5.0,6.0,5.0,2.0,3.0,2.0,2.0,2.0,4.0,2.0,3.0,2.0,3.0,2.0,4.0,4.0,3.0,3.0,4.0,4.0,3.0,2.0,2.0,2.8
R_e5umUMMgFESRsRP,iowa,body_scan,1,19.0,female,United States,United States,1,3.0,1,1190,100,1,33.0,4.0,3.0,2.0,2.0,3.0,1.0,2.0,2.0,1.0,4.0,3.0,1.0,1.0,1.0,3.0,3.0,2.0,1.0,3.0,3.0,7.0,3.0,7.0,3.0,2.0,2.0,3.0,2.0,4.0,2.0,4.0,3.0,4.0,3.0,5.0,1.0,2.0,4.0,4.0,3.0,2.0,4.0,3.0,3.0
R_3gT2mNW3MoB8qoB,indi,loving_kindness,1,19.0,female,United States,United States,1,3.0,1,1218,100,1,32.0,3.0,4.0,1.0,1.0,3.0,1.0,1.0,4.0,1.0,3.0,3.0,2.0,1.0,3.0,4.0,3.0,2.0,2.0,3.0,3.0,7.0,4.0,7.0,4.0,3.0,4.0,2.0,4.0,5.0,2.0,5.0,4.0,5.0,2.0,5.0,2.0,4.0,4.0,2.0,4.0,4.0,2.0,4.0,3.55
R_yyU3SwUm8L91ePT,radb,mindful_breathing,1,20.0,female,Germany,Germany,0,2.0,1,1642,100,1,36.0,3.0,2.0,1.0,2.0,3.0,1.0,2.0,3.0,1.0,3.0,3.0,1.0,1.0,2.0,4.0,3.0,2.0,3.0,3.0,3.0,7.0,6.0,4.0,2.0,1.0,2.0,3.0,2.0,2.0,2.0,3.0,2.0,3.0,4.0,4.0,3.0,3.0,4.0,4.0,4.0,4.0,4.0,4.0,3.0
R_2bP3k5z1w9Q7JkG,indi,control_book,0,18.0,female,United States,United States,1,2.0,1,2418,100,1,47.0,2.0,2.0,1.0,2.0,2.0,2.0,3.0,2.0,2.0,3.0,3.0,2.0,1.0,4.0,3.0,2.0,2.0,2.0,2.0,3.0,6.0,7.0,4.0,3.0,3.0,3.0,4.0,2.0,4.0,3.0,5.0,4.0,5.0,3.0,4.0,2.0,2.0,4.0,3.0,4.0,2.0,2.0,4.0,3.3
R_2PyTSuhgirVtm3r,hous,loving_kindness,1,22.0,female,United States,United States,1,3.0,1,1179,100,1,54.0,2.0,2.0,2.0,2.0,2.0,1.0,4.0,1.0,1.0,2.0,2.0,3.0,2.0,4.0,3.0,3.0,3.0,3.0,2.0,2.0,6.0,5.0,5.0,5.0,4.0,4.0,2.0,4.0,4.0,3.0,5.0,3.0,5.0,4.0,4.0,2.0,1.0,2.0,2.0,3.0,1.0,2.0,2.0,3.1
R_11jvfqCfH4yf6g9,suny,control_book,0,18.0,female,United States,United States,1,3.0,1,5762,100,1,47.0,2.0,2.0,2.0,3.0,2.0,2.0,2.0,2.0,1.0,2.0,3.0,2.0,2.0,2.0,2.0,2.0,2.0,2.0,3.0,3.0,5.0,5.0,5.0,3.0,3.0,3.0,3.0,3.0,3.0,3.0,3.0,3.0,3.0,3.0,3.0,3.0,3.0,3.0,3.0,3.0,3.0,3.0,3.0,3.0
R_1GZz81AbwQnRCuf,newf,body_scan,1,20.0,female,Canada,Canada,1,3.0,1,1271,100,1,28.0,3.0,4.0,1.0,1.0,3.0,1.0,1.0,3.0,1.0,3.0,2.0,1.0,1.0,1.0,4.0,4.0,1.0,1.0,4.0,2.0,6.0,3.0,7.0,2.0,3.0,2.0,2.0,4.0,5.0,4.0,5.0,5.0,5.0,4.0,3.0,2.0,3.0,3.0,2.0,2.0,3.0,2.0,2.0,3.15
R_2CdfIKLEodIRHYM,newf,mindful_walking,1,20.0,female,Canada,Canada,1,3.0,1,1152,100,1,27.0,4.0,3.0,1.0,1.0,4.0,1.0,1.0,3.0,1.0,4.0,2.0,1.0,1.0,1.0,4.0,3.0,1.0,1.0,3.0,3.0,6.0,3.0,7.0,3.0,3.0,2.0,2.0,5.0,4.0,4.0,5.0,5.0,5.0,3.0,4.0,3.0,2.0,4.0,3.0,3.0,4.0,2.0,3.0,3.45
R_2ZHxNOafqp0REU1,idah,loving_kindness,1,19.0,female,United States,United States,1,3.0,1,1886,100,1,37.0,3.0,2.0,2.0,2.0,2.0,1.0,1.0,3.0,1.0,4.0,2.0,1.0,2.0,1.0,2.0,4.0,2.0,1.0,2.0,3.0,7.0,3.0,5.0,2.0,2.0,2.0,4.0,3.0,3.0,2.0,4.0,2.0,3.0,2.0,4.0,2.0,2.0,2.0,3.0,3.0,2.0,3.0,3.0,2.65
R_3CT1yK3KUA8KtvB,newf,control_book,0,21.0,female,Canada,Canada,1,3.0,1,1521,100,1,45.0,2.0,2.0,1.0,1.0,2.0,1.0,2.0,1.0,1.0,2.0,1.0,1.0,1.0,1.0,2.0,2.0,2.0,2.0,2.0,2.0,6.0,4.0,3.0,3.0,4.0,3.0,1.0,4.0,4.0,2.0,4.0,4.0,5.0,2.0,3.0,3.0,4.0,1.0,3.0,4.0,4.0,4.0,4.0,3.3
R_2PnFe5yCJUv87c1,loyo,mindful_breathing,1,19.0,female,United States,United States,1,3.0,1,1360,100,1,44.0,2.0,3.0,2.0,1.0,2.0,1.0,1.0,2.0,1.0,2.0,3.0,3.0,3.0,2.0,2.0,2.0,1.0,1.0,2.0,2.0,6.0,3.0,7.0,1.0,1.0,1.0,1.0,1.0,1.0,1.0,1.0,1.0,2.0,4.0,4.0,5.0,5.0,4.0,4.0,5.0,1.0,5.0,5.0,2.65
R_2RU5WnYVfdayyab,gold,body_scan,1,37.0,male,United Kingdom,United Kingdom,1,3.0,1,1558,100,1,44.0,2.0,2.0,1.0,3.0,2.0,1.0,1.0,2.0,1.0,2.0,2.0,1.0,2.0,1.0,2.0,1.0,1.0,1.0,2.0,2.0,5.0,3.0,4.0,4.0,3.0,3.0,3.0,3.0,3.0,3.0,3.0,3.0,3.0,4.0,3.0,3.0,3.0,3.0,3.0,3.0,3.0,3.0,3.0,3.1
R_1mdYRF5t78JCN7r,loyo,mindful_walking,1,19.0,female,United States,United States,1,3.0,1,1209,100,1,28.0,4.0,3.0,1.0,1.0,4.0,1.0,1.0,2.0,1.0,3.0,3.0,1.0,1.0,1.0,4.0,3.0,1.0,1.0,3.0,3.0,7.0,5.0,7.0,3.0,2.0,4.0,1.0,2.0,4.0,3.0,4.0,2.0,5.0,1.0,4.0,2.0,3.0,3.0,3.0,4.0,2.0,1.0,4.0,2.85
R_2zZvAFIs0Bn893Q,indi,mindful_breathing,1,30.0,male,United States,Canada,1,3.0,1,1218,100,1,22.0,4.0,4.0,1.0,1.0,4.0,1.0,2.0,4.0,1.0,4.0,4.0,1.0,1.0,2.0,4.0,4.0,1.0,1.0,4.0,4.0,7.0,1.0,8.0,2.0,2.0,2.0,1.0,2.0,2.0,3.0,2.0,2.0,2.0,4.0,4.0,4.0,5.0,4.0,4.0,4.0,4.0,5.0,4.0,3.1
R_1hNfRNi8wwAchbe,loyo,loving_kindness,1,18.0,female,American,United States Of American,1,2.0,1,1216,100,1,50.0,2.0,2.0,3.0,1.0,3.0,3.0,2.0,2.0,1.0,3.0,3.0,3.0,2.0,2.0,2.0,2.0,3.0,3.0,2.0,2.0,6.0,6.0,6.0,4.0,4.0,4.0,4.0,3.0,4.0,3.0,4.0,4.0,4.0,3.0,3.0,4.0,2.0,2.0,3.0,4.0,4.0,3.0,3.0,3.45
R_3OjrgmFyWKIKdd7,jose,body_scan,1,19.0,female,United States,United States,1,3.0,1,1210,100,1,23.0,4.0,1.0,1.0,1.0,4.0,1.0,1.0,4.0,1.0,4.0,4.0,1.0,1.0,1.0,4.0,4.0,1.0,1.0,4.0,4.0,8.0,2.0,9.0,4.0,3.0,3.0,4.0,2.0,4.0,4.0,4.0,4.0,4.0,2.0,2.0,2.0,2.0,2.0,2.0,2.0,2.0,4.0,3.0,2.95
R_1K3xIlj8IEhSZpf,quee,control_book,0,18.0,female,Australia,Australia,1,3.0,1,1624,100,1,46.0,3.0,3.0,1.0,4.0,3.0,1.0,4.0,2.0,1.0,3.0,3.0,1.0,1.0,3.0,2.0,2.0,3.0,3.0,2.0,3.0,4.0,6.0,3.0,4.0,4.0,4.0,4.0,1.0,5.0,3.0,4.0,5.0,5.0,3.0,3.0,3.0,3.0,2.0,4.0,5.0,3.0,4.0,5.0,3.7
R_Rhj67QvlvgeDgOJ,jose,control_book,0,21.0,female,"United States,Ca","United States,Ca",1,3.0,1,1367,100,1,28.0,4.0,3.0,1.0,1.0,3.0,1.0,1.0,3.0,1.0,3.0,3.0,1.0,1.0,1.0,4.0,3.0,1.0,1.0,3.0,3.0,6.0,3.0,6.0,2.0,3.0,1.0,4.0,3.0,4.0,3.0,5.0,3.0,4.0,4.0,5.0,2.0,2.0,2.0,5.0,4.0,2.0,4.0,4.0,3.3
R_OuRlN1WChhJl24F,idah,body_scan,1,19.0,female,United States,United States,1,3.0,1,34819,100,1,27.0,4.0,4.0,3.0,1.0,3.0,1.0,2.0,4.0,1.0,4.0,4.0,1.0,1.0,2.0,3.0,4.0,1.0,1.0,3.0,4.0,8.0,3.0,9.0,3.0,1.0,3.0,2.0,4.0,4.0,1.0,5.0,4.0,5.0,3.0,4.0,2.0,1.0,5.0,3.0,3.0,3.0,5.0,5.0,3.3
R_1CKshMLHgaVUsHr,loyo,mindful_walking,1,21.0,female,United States,United States,1,3.0,1,1354,100,1,38.0,3.0,2.0,2.0,1.0,3.0,1.0,1.0,2.0,1.0,3.0,2.0,1.0,1.0,2.0,3.0,3.0,2.0,2.0,2.0,3.0,6.0,3.0,6.0,2.0,2.0,2.0,4.0,2.0,4.0,2.0,4.0,4.0,4.0,3.0,4.0,3.0,4.0,3.0,2.0,5.0,4.0,4.0,4.0,3.3
R_2BfHhjrODv0imci,glen,loving_kindness,1,20.0,female,United States,United States,0,2.0,1,1229,100,1,63.0,3.0,2.0,2.0,4.0,2.0,3.0,4.0,1.0,4.0,3.0,2.0,4.0,3.0,3.0,2.0,1.0,4.0,2.0,2.0,2.0,5.0,3.0,5.0,1.0,3.0,1.0,3.0,4.0,5.0,4.0,5.0,4.0,1.0,5.0,4.0,1.0,1.0,4.0,2.0,4.0,1.0,2.0,4.0,2.95
R_aWAI3kP80H8Suat,radb,control_book,0,19.0,female,Netherlands,Germany,0,3.0,1,1259,100,1,30.0,4.0,4.0,2.0,1.0,1.0,1.0,1.0,3.0,1.0,4.0,3.0,1.0,1.0,1.0,4.0,1.0,1.0,1.0,4.0,3.0,7.0,2.0,8.0,3.0,2.0,3.0,5.0,1.0,3.0,1.0,2.0,2.0,4.0,3.0,4.0,4.0,1.0,4.0,4.0,4.0,3.0,5.0,4.0,3.1
R_2YDsFN3i207DfpZ,wurz,mindful_walking,1,18.0,female,Germany,Germany,0,3.0,1,1695,100,1,59.0,2.0,2.0,4.0,4.0,2.0,2.0,3.0,2.0,1.0,2.0,1.0,3.0,3.0,1.0,1.0,2.0,4.0,1.0,1.0,2.0,3.0,6.0,2.0,5.0,5.0,5.0,4.0,4.0,5.0,2.0,5.0,4.0,5.0,1.0,1.0,2.0,1.0,2.0,2.0,3.0,2.0,2.0,4.0,3.2
R_2YQuJDZsca0KgE8,gold,loving_kindness,1,18.0,female,United Kingdom,United Arab Emirates,1,3.0,1,43743,100,1,30.0,3.0,3.0,1.0,1.0,3.0,1.0,1.0,3.0,1.0,3.0,3.0,1.0,1.0,1.0,3.0,3.0,1.0,1.0,3.0,3.0,7.0,2.0,8.0,5.0,2.0,5.0,5.0,5.0,5.0,5.0,5.0,4.0,5.0,5.0,5.0,5.0,5.0,5.0,5.0,4.0,5.0,5.0,4.0,4.7
R_WoFOuRRNJ562pzz,cali,loving_kindness,1,21.0,female,United States,United States,1,3.0,1,1759,100,1,25.0,3.0,4.0,1.0,1.0,3.0,1.0,1.0,4.0,1.0,4.0,3.0,1.0,1.0,1.0,4.0,3.0,1.0,1.0,3.0,4.0,9.0,1.0,7.0,2.0,1.0,1.0,2.0,3.0,3.0,1.0,3.0,2.0,3.0,4.0,4.0,3.0,3.0,4.0,5.0,5.0,4.0,2.0,1.0,2.8
R_1K1tbI806RfAL4C,spri,control_book,0,20.0,female,United States,United States,1,3.0,1,7123,100,1,35.0,3.0,3.0,1.0,1.0,3.0,1.0,1.0,2.0,1.0,3.0,2.0,1.0,2.0,1.0,3.0,3.0,1.0,4.0,4.0,3.0,7.0,4.0,5.0,2.0,4.0,2.0,2.0,1.0,2.0,2.0,3.0,2.0,4.0,3.0,3.0,4.0,5.0,3.0,4.0,4.0,4.0,4.0,5.0,3.15
R_1OZvz7DgF4WZVa4,cali,mindful_breathing,1,,female,United States,United States,1,3.0,1,1273,100,1,21.0,4.0,4.0,1.0,1.0,4.0,1.0,1.0,4.0,1.0,4.0,3.0,1.0,1.0,1.0,4.0,4.0,1.0,1.0,4.0,4.0,8.0,2.0,9.0,2.0,2.0,2.0,4.0,1.0,4.0,2.0,3.0,1.0,4.0,2.0,5.0,4.0,4.0,4.0,5.0,2.0,2.0,5.0,5.0,3.15
R_3KDRoS2BGYxVOqp,lime,body_scan,1,19.0,female,Ireland,Ireland,1,3.0,1,1543,100,1,25.0,4.0,3.0,1.0,1.0,4.0,1.0,1.0,3.0,1.0,3.0,3.0,1.0,1.0,1.0,4.0,4.0,1.0,1.0,4.0,3.0,7.0,3.0,7.0,3.0,1.0,2.0,4.0,1.0,2.0,1.0,2.0,2.0,4.0,2.0,4.0,3.0,3.0,4.0,4.0,4.0,2.0,4.0,1.0,2.65
R_3qKfuKjc7E9Qjqo,iowa,mindful_walking,1,19.0,female,United States,United States,1,3.0,1,1231,100,1,25.0,3.0,4.0,2.0,1.0,3.0,1.0,1.0,4.0,1.0,3.0,3.0,1.0,1.0,1.0,4.0,4.0,1.0,1.0,4.0,4.0,7.0,1.0,8.0,1.0,2.0,2.0,3.0,2.0,2.0,2.0,2.0,2.0,2.0,4.0,4.0,2.0,4.0,4.0,4.0,3.0,2.0,4.0,4.0,2.75
R_32Sb6e8sbwks5C1,iowa,loving_kindness,1,19.0,female,United States,United States,1,3.0,1,1207,100,1,37.0,2.0,3.0,1.0,2.0,3.0,1.0,1.0,3.0,1.0,3.0,2.0,2.0,1.0,1.0,3.0,3.0,2.0,1.0,2.0,2.0,7.0,6.0,6.0,3.0,2.0,2.0,2.0,3.0,3.0,3.0,3.0,4.0,4.0,3.0,4.0,2.0,2.0,4.0,4.0,3.0,2.0,2.0,4.0,2.95
R_AFlidJBuMHAswsF,radb,body_scan,1,20.0,female,Netherlands,Germany,0,2.0,1,1273,100,1,27.0,4.0,3.0,1.0,1.0,3.0,1.0,2.0,3.0,1.0,4.0,3.0,1.0,1.0,2.0,4.0,4.0,1.0,1.0,3.0,4.0,7.0,3.0,6.0,5.0,2.0,3.0,3.0,2.0,4.0,4.0,3.0,5.0,5.0,1.0,4.0,1.0,2.0,3.0,4.0,4.0,2.0,4.0,3.0,3.2
R_2SDBPsUDaycXxM0,iowa,control_book,0,20.0,male,United States,United States,1,3.0,1,1078,100,1,38.0,3.0,3.0,1.0,2.0,3.0,3.0,1.0,3.0,2.0,3.0,2.0,2.0,2.0,2.0,3.0,4.0,2.0,2.0,4.0,3.0,8.0,6.0,5.0,4.0,3.0,5.0,4.0,3.0,5.0,2.0,3.0,5.0,5.0,1.0,2.0,2.0,2.0,2.0,2.0,2.0,4.0,3.0,4.0,3.15
R_1Nw6dvoiV2zuGMX,radb,mindful_walking,1,18.0,female,Netherlands,France,0,2.0,1,1312,100,1,40.0,3.0,3.0,2.0,2.0,3.0,1.0,3.0,3.0,2.0,3.0,2.0,2.0,1.0,2.0,4.0,3.0,2.0,1.0,2.0,2.0,7.0,5.0,4.0,4.0,4.0,3.0,4.0,5.0,4.0,4.0,5.0,4.0,4.0,4.0,3.0,3.0,3.0,2.0,2.0,4.0,3.0,3.0,4.0,3.6
R_bryr78WchW4bYQ1,illi,mindful_breathing,1,19.0,male,United States,United States,1,3.0,1,1297,100,1,29.0,3.0,3.0,1.0,1.0,3.0,1.0,1.0,4.0,1.0,3.0,3.0,1.0,1.0,1.0,3.0,3.0,1.0,1.0,3.0,3.0,7.0,2.0,7.0,4.0,1.0,3.0,4.0,2.0,4.0,2.0,2.0,2.0,4.0,4.0,4.0,4.0,2.0,4.0,4.0,4.0,4.0,4.0,4.0,3.3
R_2YXubt5pAqyZpPy,spri,mindful_breathing,1,19.0,female,United States,United States,1,3.0,1,1214,100,1,44.0,2.0,3.0,2.0,1.0,3.0,2.0,3.0,2.0,1.0,3.0,2.0,1.0,3.0,3.0,3.0,3.0,2.0,2.0,3.0,2.0,5.0,7.0,5.0,4.0,3.0,4.0,2.0,4.0,4.0,2.0,4.0,3.0,5.0,4.0,3.0,5.0,4.0,3.0,2.0,1.0,3.0,3.0,4.0,3.35
R_33khjSJeX6Igndi,idah,control_book,0,19.0,female,United States,United States,1,3.0,1,1439,100,1,36.0,2.0,3.0,1.0,1.0,3.0,1.0,1.0,2.0,1.0,3.0,3.0,1.0,1.0,2.0,3.0,2.0,1.0,1.0,2.0,2.0,5.0,6.0,9.0,3.0,1.0,1.0,2.0,3.0,4.0,1.0,3.0,1.0,4.0,3.0,5.0,3.0,3.0,5.0,4.0,3.0,3.0,4.0,5.0,3.05
R_1M53aPisKQqqah8,macq,body_scan,1,18.0,female,Australia,Australia,1,3.0,1,1367,100,1,41.0,3.0,2.0,1.0,2.0,2.0,1.0,2.0,2.0,1.0,3.0,2.0,1.0,1.0,1.0,2.0,2.0,2.0,1.0,2.0,2.0,6.0,3.0,6.0,2.0,2.0,2.0,2.0,5.0,4.0,4.0,4.0,4.0,4.0,3.0,4.0,3.0,2.0,3.0,2.0,4.0,2.0,3.0,4.0,3.15
R_cFLNQkF4w7I4mOZ,idah,loving_kindness,1,22.0,female,Isa,United States,1,3.0,1,4740,100,1,25.0,4.0,4.0,2.0,2.0,4.0,1.0,1.0,4.0,1.0,4.0,3.0,1.0,1.0,2.0,4.0,4.0,1.0,1.0,4.0,3.0,8.0,8.0,2.0,3.0,2.0,2.0,2.0,2.0,2.0,1.0,2.0,4.0,5.0,3.0,5.0,2.0,2.0,4.0,1.0,1.0,1.0,4.0,5.0,2.65
R_si11JeSfeB1SkCJ,quee,mindful_walking,1,18.0,female,Australia,Australia,1,3.0,1,1406,100,1,41.0,2.0,3.0,2.0,1.0,3.0,1.0,1.0,3.0,1.0,3.0,2.0,1.0,1.0,3.0,2.0,2.0,2.0,2.0,3.0,1.0,7.0,4.0,4.0,4.0,2.0,2.0,5.0,3.0,4.0,2.0,4.0,2.0,5.0,2.0,4.0,2.0,2.0,3.0,3.0,5.0,4.0,4.0,4.0,3.3
R_1hGciAx5Zxx1ChI,quee,mindful_walking,1,26.0,female,"Australia, Brisbane",Singapore,1,2.0,1,1326,100,1,26.0,4.0,3.0,1.0,1.0,4.0,1.0,1.0,3.0,1.0,4.0,3.0,1.0,1.0,1.0,3.0,3.0,1.0,1.0,3.0,4.0,8.0,3.0,7.0,4.0,1.0,1.0,2.0,2.0,4.0,2.0,3.0,4.0,5.0,4.0,5.0,4.0,4.0,4.0,3.0,4.0,4.0,2.0,4.0,3.3
R_2U5YMslQqXLb3Hq,quee,loving_kindness,1,,female,Australia,China,0,3.0,1,1385,100,1,51.0,1.0,2.0,1.0,1.0,1.0,1.0,1.0,1.0,1.0,2.0,1.0,1.0,2.0,1.0,1.0,1.0,2.0,4.0,2.0,2.0,3.0,6.0,4.0,5.0,4.0,4.0,5.0,4.0,5.0,2.0,4.0,3.0,5.0,2.0,1.0,2.0,1.0,1.0,1.0,2.0,2.0,2.0,4.0,2.95
R_2YrlYYsuDlJLKAC,radb,body_scan,1,19.0,female,Netherlands,Netherlands,0,2.0,1,1343,100,1,31.0,4.0,3.0,1.0,1.0,4.0,1.0,2.0,3.0,1.0,3.0,2.0,1.0,1.0,2.0,4.0,3.0,1.0,2.0,3.0,3.0,8.0,2.0,5.0,2.0,2.0,2.0,3.0,3.0,4.0,4.0,2.0,4.0,4.0,2.0,4.0,2.0,3.0,3.0,3.0,3.0,3.0,2.0,4.0,2.95
R_1IXbkZuOnAo4CQR,macq,mindful_breathing,1,18.0,female,Australia,Australia,1,3.0,1,1127,100,1,32.0,3.0,3.0,1.0,1.0,3.0,1.0,2.0,3.0,1.0,4.0,2.0,1.0,1.0,1.0,3.0,3.0,2.0,1.0,3.0,3.0,7.0,4.0,6.0,2.0,2.0,2.0,2.0,4.0,4.0,3.0,4.0,5.0,5.0,2.0,3.0,2.0,2.0,4.0,2.0,2.0,2.0,2.0,1.0,2.75
R_2b3MSmgvWTslXUE,quee,control_book,0,19.0,female,Australia,Myanmar,0,2.0,1,1908,100,1,40.0,2.0,2.0,1.0,1.0,3.0,1.0,4.0,3.0,1.0,3.0,3.0,2.0,1.0,4.0,4.0,3.0,2.0,1.0,3.0,2.0,7.0,5.0,7.0,3.0,3.0,5.0,5.0,5.0,5.0,4.0,5.0,5.0,5.0,5.0,4.0,1.0,4.0,4.0,2.0,5.0,2.0,1.0,2.0,3.75
R_3DwNVGWQYYtFwc1,radb,loving_kindness,1,25.0,female,Germany,Poland,1,2.0,1,1263,100,1,46.0,3.0,2.0,2.0,2.0,2.0,1.0,2.0,2.0,1.0,2.0,2.0,1.0,3.0,3.0,2.0,3.0,1.0,1.0,1.0,2.0,5.0,6.0,3.0,4.0,4.0,4.0,3.0,2.0,4.0,3.0,4.0,5.0,4.0,3.0,2.0,3.0,3.0,2.0,3.0,4.0,2.0,2.0,4.0,3.25
R_24oqTzZYEMqsIep,radb,control_book,0,21.0,female,Netherlands,Netherlands,0,2.0,1,1133,100,1,39.0,3.0,3.0,1.0,2.0,3.0,1.0,2.0,3.0,1.0,2.0,3.0,1.0,1.0,2.0,3.0,3.0,3.0,3.0,2.0,3.0,6.0,4.0,7.0,2.0,2.0,2.0,2.0,2.0,2.0,3.0,2.0,2.0,3.0,4.0,4.0,4.0,4.0,3.0,5.0,5.0,4.0,5.0,5.0,3.25
R_1mIfeG5moHsxOie,radb,mindful_walking,1,19.0,female,Germany,Germany,0,2.0,1,1283,100,1,34.0,3.0,3.0,3.0,2.0,2.0,1.0,1.0,3.0,1.0,3.0,3.0,1.0,1.0,2.0,4.0,3.0,1.0,1.0,3.0,3.0,7.0,5.0,6.0,2.0,3.0,3.0,2.0,2.0,3.0,4.0,2.0,4.0,4.0,3.0,4.0,4.0,2.0,3.0,4.0,5.0,4.0,2.0,2.0,3.1
R_1cUQKLnmKMQtfgq,radb,mindful_breathing,1,25.0,female,Netherlands,Germany,0,2.0,1,1836,100,1,30.0,4.0,3.0,1.0,2.0,3.0,1.0,1.0,3.0,1.0,4.0,2.0,1.0,1.0,2.0,4.0,3.0,1.0,1.0,3.0,3.0,7.0,3.0,8.0,4.0,3.0,3.0,2.0,2.0,2.0,4.0,2.0,1.0,2.0,2.0,4.0,2.0,3.0,3.0,3.0,2.0,3.0,4.0,3.0,2.7
R_2WZ6GXVCXRcvqU4,illi,body_scan,1,19.0,male,United States,United States,1,3.0,1,1514,100,1,42.0,3.0,4.0,2.0,2.0,2.0,2.0,1.0,2.0,1.0,2.0,3.0,2.0,1.0,2.0,3.0,3.0,4.0,2.0,2.0,3.0,3.0,5.0,6.0,4.0,2.0,2.0,1.0,4.0,3.0,2.0,2.0,5.0,5.0,5.0,5.0,2.0,2.0,5.0,3.0,5.0,3.0,4.0,2.0,3.3
R_1K6J9aVPSdmI09t,hous,mindful_walking,1,19.0,female,United States,United States,0,2.0,1,1272,100,1,40.0,4.0,2.0,1.0,1.0,3.0,1.0,3.0,3.0,1.0,3.0,3.0,1.0,1.0,4.0,3.0,2.0,3.0,1.0,1.0,3.0,7.0,7.0,5.0,3.0,3.0,5.0,5.0,1.0,2.0,1.0,5.0,2.0,5.0,3.0,3.0,5.0,5.0,3.0,4.0,5.0,5.0,4.0,5.0,3.7
R_PHDw2ivwt3EXq6d,ryer,control_book,0,19.0,male,Canada,Guatemala,0,3.0,1,1798,100,1,33.0,4.0,2.0,1.0,1.0,4.0,1.0,2.0,1.0,1.0,4.0,3.0,1.0,1.0,1.0,4.0,1.0,1.0,1.0,4.0,1.0,5.0,3.0,7.0,1.0,1.0,2.0,3.0,2.0,4.0,1.0,2.0,4.0,4.0,4.0,4.0,5.0,4.0,4.0,5.0,2.0,5.0,3.0,5.0,3.25
R_1Qt0MotJeE1uRoV,iowa,body_scan,1,20.0,male,United States,United States,1,3.0,1,1210,100,1,31.0,4.0,3.0,1.0,1.0,3.0,1.0,2.0,2.0,1.0,3.0,3.0,1.0,1.0,1.0,3.0,3.0,1.0,1.0,2.0,4.0,7.0,2.0,6.0,4.0,5.0,3.0,2.0,2.0,4.0,2.0,2.0,2.0,4.0,4.0,3.0,2.0,3.0,2.0,3.0,4.0,3.0,4.0,3.0,3.05
R_2ZJMMVZnZnm358b,idah,loving_kindness,1,25.0,female,United States,United States,0,3.0,1,1736,100,1,53.0,2.0,3.0,3.0,1.0,2.0,1.0,2.0,1.0,1.0,2.0,1.0,3.0,2.0,2.0,3.0,1.0,3.0,2.0,1.0,1.0,5.0,8.0,5.0,4.0,5.0,3.0,3.0,5.0,5.0,3.0,5.0,2.0,5.0,4.0,1.0,3.0,2.0,1.0,1.0,3.0,2.0,3.0,3.0,3.15
R_TnMQTVjciDYudQR,iowa,loving_kindness,1,23.0,male,United States,United States,1,3.0,1,1567,100,1,20.0,4.0,4.0,1.0,1.0,4.0,1.0,1.0,4.0,1.0,4.0,4.0,1.0,1.0,1.0,4.0,4.0,1.0,1.0,4.0,4.0,8.0,2.0,8.0,2.0,2.0,2.0,1.0,2.0,3.0,3.0,2.0,3.0,3.0,3.0,4.0,4.0,4.0,4.0,5.0,4.0,2.0,4.0,4.0,3.05
R_2SJfnhIajYDvFRm,lime,mindful_walking,1,22.0,male,Ireland,Ireland,1,3.0,1,1174,100,1,41.0,3.0,3.0,1.0,2.0,2.0,1.0,1.0,2.0,1.0,2.0,2.0,2.0,1.0,2.0,3.0,3.0,2.0,2.0,2.0,2.0,5.0,7.0,6.0,3.0,4.0,3.0,3.0,3.0,4.0,3.0,4.0,3.0,4.0,3.0,2.0,2.0,1.0,2.0,2.0,2.0,2.0,3.0,4.0,2.85
R_2EphWPEPlXRSoCD,iowa,control_book,0,23.0,male,United States,United States,1,3.0,1,1201,100,1,25.0,4.0,3.0,1.0,1.0,4.0,1.0,1.0,3.0,1.0,4.0,3.0,1.0,1.0,1.0,4.0,3.0,1.0,1.0,4.0,3.0,7.0,2.0,7.0,2.0,2.0,2.0,2.0,2.0,3.0,3.0,2.0,3.0,3.0,4.0,4.0,4.0,4.0,4.0,5.0,4.0,2.0,4.0,4.0,3.15
R_12lmFZ37NByeU7U,iowa,body_scan,1,19.0,female,United States,United States,1,3.0,1,1201,100,1,29.0,3.0,3.0,1.0,1.0,3.0,1.0,1.0,3.0,1.0,4.0,2.0,1.0,1.0,1.0,3.0,3.0,1.0,1.0,3.0,4.0,8.0,6.0,8.0,2.0,2.0,2.0,2.0,4.0,3.0,3.0,4.0,4.0,4.0,3.0,4.0,2.0,2.0,4.0,4.0,3.0,2.0,4.0,2.0,3.0
R_30pYZVUnUCHUOFA,fras,mindful_breathing,1,22.0,female,Canada,Canada,1,3.0,1,1292,100,1,37.0,2.0,3.0,2.0,1.0,2.0,1.0,2.0,3.0,1.0,3.0,2.0,1.0,1.0,2.0,3.0,3.0,1.0,1.0,2.0,3.0,7.0,4.0,6.0,2.0,2.0,2.0,2.0,2.0,4.0,2.0,5.0,4.0,5.0,2.0,4.0,2.0,4.0,4.0,2.0,4.0,3.0,4.0,4.0,3.15
R_3QGbSsQwEge67cw,iowa,mindful_breathing,1,21.0,female,United States,United States,1,2.0,1,1247,100,1,30.0,3.0,3.0,1.0,1.0,3.0,1.0,1.0,3.0,1.0,3.0,3.0,1.0,1.0,1.0,3.0,3.0,1.0,1.0,3.0,3.0,7.0,3.0,8.0,4.0,3.0,4.0,4.0,3.0,4.0,2.0,4.0,4.0,4.0,2.0,4.0,2.0,2.0,3.0,2.0,3.0,3.0,3.0,4.0,3.2
R_126iF1VdPXtCoF6,iowa,loving_kindness,1,18.0,female,United States,United States,1,3.0,1,1325,100,1,28.0,3.0,3.0,1.0,1.0,4.0,1.0,1.0,3.0,1.0,3.0,4.0,1.0,1.0,1.0,3.0,4.0,1.0,2.0,3.0,3.0,7.0,7.0,6.0,2.0,1.0,2.0,2.0,4.0,2.0,2.0,4.0,4.0,4.0,3.0,4.0,3.0,3.0,4.0,4.0,2.0,3.0,4.0,3.0,3.0
R_2S8ewqzkvOZYuWO,loyo,body_scan,1,18.0,female,United States,United States,1,3.0,1,1519,100,1,20.0,4.0,4.0,1.0,1.0,4.0,1.0,1.0,4.0,1.0,4.0,4.0,1.0,1.0,1.0,4.0,4.0,1.0,1.0,4.0,4.0,7.0,2.0,8.0,1.0,1.0,1.0,1.0,1.0,1.0,1.0,1.0,1.0,2.0,5.0,5.0,4.0,5.0,5.0,4.0,5.0,5.0,5.0,5.0,2.95
R_1eWY6OJ4PkON729,quee,mindful_walking,1,20.0,female,Australia,Australia,1,3.0,1,1148,100,1,35.0,2.0,3.0,3.0,2.0,2.0,1.0,1.0,2.0,1.0,4.0,3.0,1.0,1.0,1.0,2.0,3.0,1.0,1.0,4.0,3.0,7.0,1.0,6.0,2.0,2.0,2.0,2.0,2.0,2.0,2.0,2.0,2.0,2.0,4.0,5.0,3.0,4.0,4.0,4.0,3.0,4.0,5.0,4.0,3.0
R_DAVHgKkSWtGGIvf,iowa,control_book,0,19.0,female,United States,United States,1,3.0,1,1429,100,1,51.0,2.0,1.0,3.0,2.0,2.0,1.0,1.0,2.0,1.0,2.0,2.0,3.0,4.0,2.0,2.0,3.0,2.0,3.0,2.0,3.0,6.0,5.0,7.0,3.0,3.0,3.0,3.0,3.0,4.0,4.0,5.0,2.0,5.0,3.0,2.0,2.0,3.0,3.0,2.0,2.0,2.0,2.0,4.0,3.0
R_3qD6Iy2bJD2jfLV,iowa,control_book,0,19.0,male,United States,United States,1,3.0,1,2218,100,1,52.0,2.0,3.0,3.0,2.0,2.0,2.0,3.0,2.0,1.0,2.0,3.0,3.0,4.0,3.0,2.0,3.0,3.0,1.0,2.0,2.0,5.0,7.0,4.0,3.0,2.0,3.0,4.0,4.0,5.0,4.0,4.0,3.0,5.0,3.0,3.0,3.0,4.0,4.0,2.0,3.0,2.0,2.0,4.0,3.35
R_PuIywvliiCPwotr,illi,body_scan,1,19.0,female,United States,United States,1,3.0,1,2364,100,1,34.0,3.0,3.0,2.0,1.0,3.0,1.0,1.0,2.0,1.0,3.0,3.0,1.0,1.0,1.0,3.0,2.0,1.0,3.0,3.0,4.0,7.0,4.0,5.0,4.0,1.0,5.0,5.0,5.0,5.0,3.0,5.0,5.0,5.0,4.0,5.0,2.0,3.0,4.0,2.0,4.0,3.0,5.0,5.0,4.0
R_2UXcccnDh9FQRgR,macq,loving_kindness,1,35.0,female,Australia,Australia,1,3.0,1,1342,100,1,35.0,4.0,3.0,1.0,1.0,2.0,1.0,1.0,2.0,1.0,2.0,2.0,1.0,1.0,1.0,4.0,3.0,2.0,1.0,2.0,2.0,7.0,2.0,7.0,2.0,1.0,2.0,4.0,2.0,2.0,2.0,4.0,1.0,4.0,3.0,4.0,2.0,2.0,4.0,4.0,3.0,4.0,4.0,4.0,2.9
R_1onF7eR3Kfq8aY7,quee,mindful_walking,1,18.0,female,Australia,India,1,3.0,1,1658,100,1,34.0,3.0,3.0,2.0,1.0,3.0,1.0,2.0,3.0,1.0,3.0,3.0,2.0,1.0,1.0,3.0,3.0,2.0,1.0,3.0,3.0,7.0,3.0,6.0,2.0,2.0,2.0,3.0,2.0,3.0,4.0,4.0,4.0,4.0,3.0,4.0,3.0,4.0,3.0,4.0,2.0,4.0,3.0,4.0,3.2
R_TtqQK4ihUWBho8p,quee,body_scan,1,28.0,female,Australia,Taiwan,0,2.0,1,1584,100,1,22.0,4.0,4.0,1.0,1.0,4.0,1.0,2.0,4.0,1.0,4.0,4.0,1.0,1.0,2.0,4.0,4.0,1.0,1.0,4.0,4.0,8.0,2.0,7.0,2.0,1.0,2.0,3.0,3.0,3.0,3.0,2.0,5.0,4.0,4.0,5.0,5.0,3.0,5.0,4.0,4.0,4.0,4.0,4.0,3.5
R_RfYpy2MDPiHdznb,macq,mindful_walking,1,,female,Australia,Australia,1,3.0,1,1738,100,1,25.0,4.0,3.0,1.0,1.0,4.0,1.0,1.0,3.0,1.0,3.0,3.0,1.0,1.0,1.0,4.0,4.0,2.0,1.0,4.0,4.0,8.0,3.0,6.0,3.0,4.0,3.0,1.0,4.0,4.0,2.0,3.0,4.0,4.0,3.0,4.0,5.0,4.0,2.0,1.0,5.0,4.0,4.0,5.0,3.45
R_2YFyc4iX8J6OFYx,macq,control_book,0,18.0,female,Australia,Australia,1,3.0,1,1089,100,1,34.0,3.0,3.0,1.0,1.0,3.0,1.0,1.0,2.0,1.0,3.0,2.0,2.0,1.0,1.0,3.0,4.0,1.0,3.0,3.0,3.0,7.0,3.0,7.0,1.0,1.0,2.0,5.0,5.0,2.0,2.0,4.0,4.0,3.0,2.0,4.0,1.0,1.0,4.0,2.0,4.0,1.0,2.0,2.0,2.6
R_w4ZJeP6eaiH9wyd,macq,mindful_breathing,1,18.0,female,Australia,Australia,1,3.0,1,1089,100,1,33.0,3.0,3.0,1.0,1.0,4.0,1.0,2.0,3.0,1.0,3.0,3.0,2.0,1.0,2.0,3.0,2.0,1.0,1.0,3.0,3.0,6.0,4.0,3.0,3.0,3.0,4.0,4.0,5.0,5.0,4.0,4.0,5.0,5.0,3.0,3.0,4.0,2.0,2.0,3.0,4.0,2.0,2.0,2.0,3.45
R_2pWZL11cpOKFXEk,wurz,mindful_walking,1,20.0,female,Germany,Germany,0,2.0,1,1380,100,1,35.0,4.0,3.0,2.0,3.0,3.0,2.0,2.0,3.0,1.0,3.0,4.0,1.0,1.0,1.0,3.0,3.0,2.0,2.0,3.0,3.0,7.0,4.0,7.0,3.0,3.0,2.0,4.0,3.0,3.0,4.0,3.0,3.0,3.0,2.0,2.0,2.0,3.0,4.0,4.0,1.0,2.0,4.0,3.0,2.9
R_cxaU9XgCpYXBwM9,macq,body_scan,1,19.0,female,Australia,South Africa,1,3.0,1,1365,100,1,34.0,2.0,3.0,1.0,1.0,3.0,1.0,1.0,3.0,1.0,4.0,2.0,1.0,1.0,1.0,3.0,3.0,2.0,2.0,3.0,2.0,8.0,2.0,9.0,4.0,1.0,3.0,4.0,4.0,5.0,2.0,5.0,4.0,5.0,2.0,4.0,2.0,4.0,3.0,2.0,2.0,2.0,4.0,3.0,3.25
R_tGMch0NYoqf2eQ1,macq,control_book,0,18.0,female,Australia,Australia,1,3.0,1,10993,100,1,40.0,3.0,3.0,1.0,1.0,2.0,1.0,2.0,2.0,1.0,3.0,3.0,1.0,2.0,3.0,2.0,3.0,1.0,3.0,3.0,2.0,6.0,5.0,6.0,4.0,4.0,2.0,4.0,5.0,5.0,5.0,5.0,5.0,5.0,2.0,2.0,1.0,1.0,2.0,2.0,2.0,1.0,1.0,2.0,3.0
R_D7WyF8b157Z03Ml,quee,mindful_breathing,1,19.0,female,Australia,United Arab Emirates,1,3.0,1,1489,100,1,49.0,2.0,2.0,3.0,2.0,2.0,1.0,3.0,2.0,1.0,2.0,1.0,4.0,1.0,1.0,2.0,2.0,2.0,1.0,3.0,2.0,5.0,5.0,5.0,2.0,5.0,4.0,4.0,4.0,4.0,4.0,4.0,4.0,5.0,4.0,1.0,3.0,2.0,1.0,4.0,4.0,2.0,2.0,4.0,3.35
R_3lJu692nEcbI3e3,wurz,control_book,0,32.0,male,Germany,Germany,0,2.0,1,1335,100,1,43.0,2.0,3.0,1.0,2.0,2.0,1.0,3.0,2.0,1.0,3.0,2.0,1.0,2.0,2.0,3.0,2.0,2.0,1.0,2.0,2.0,7.0,3.0,7.0,3.0,3.0,3.0,3.0,3.0,3.0,3.0,3.0,2.0,3.0,3.0,4.0,3.0,3.0,4.0,3.0,3.0,4.0,4.0,2.0,3.1
R_bJxHIJbMGWNdrO1,macq,mindful_walking,1,18.0,female,Australia,Australia,1,3.0,1,1430,100,1,24.0,4.0,4.0,1.0,1.0,4.0,1.0,1.0,4.0,1.0,4.0,3.0,1.0,3.0,1.0,4.0,4.0,1.0,1.0,4.0,3.0,7.0,2.0,8.0,3.0,4.0,4.0,4.0,4.0,4.0,3.0,5.0,5.0,5.0,2.0,3.0,3.0,4.0,3.0,3.0,3.0,3.0,2.0,4.0,3.55
R_powocN0tHpVv6aR,radb,loving_kindness,1,20.0,female,Netherlands,Latvia,0,2.0,1,1209,100,1,46.0,3.0,2.0,2.0,2.0,2.0,2.0,3.0,3.0,3.0,3.0,2.0,3.0,1.0,2.0,3.0,3.0,3.0,1.0,2.0,3.0,5.0,6.0,6.0,3.0,4.0,2.0,2.0,4.0,2.0,4.0,4.0,4.0,4.0,3.0,2.0,2.0,2.0,2.0,2.0,2.0,3.0,3.0,2.0,2.8
R_1jGKxTjqRIhDaJC,cali,body_scan,1,23.0,female,United States,United States,1,3.0,1,1687,100,1,30.0,3.0,3.0,1.0,1.0,3.0,1.0,1.0,4.0,1.0,3.0,3.0,1.0,1.0,2.0,3.0,3.0,1.0,1.0,3.0,3.0,8.0,2.0,7.0,1.0,1.0,2.0,4.0,1.0,1.0,1.0,2.0,2.0,4.0,4.0,4.0,2.0,4.0,3.0,4.0,4.0,4.0,4.0,5.0,2.85
R_Agl0fAZGDVv9cgp,canb,mindful_breathing,1,19.0,female,Australia,China,0,3.0,1,1669,100,1,33.0,4.0,3.0,1.0,1.0,3.0,2.0,2.0,3.0,1.0,4.0,2.0,2.0,1.0,2.0,4.0,3.0,1.0,1.0,1.0,4.0,7.0,6.0,6.0,3.0,2.0,3.0,4.0,4.0,4.0,4.0,5.0,5.0,5.0,2.0,4.0,2.0,2.0,3.0,3.0,2.0,2.0,2.0,3.0,3.2
R_OlLPovqvqNKkhBn,radb,mindful_walking,1,22.0,male,Netherlands,German,0,2.0,1,1620,100,1,58.0,1.0,2.0,2.0,2.0,1.0,2.0,2.0,1.0,1.0,1.0,2.0,2.0,3.0,2.0,1.0,1.0,2.0,2.0,1.0,1.0,4.0,5.0,3.0,4.0,4.0,4.0,4.0,2.0,5.0,3.0,4.0,4.0,5.0,2.0,2.0,1.0,2.0,2.0,2.0,4.0,2.0,3.0,4.0,3.15
R_2aemSQMQ1ESgUIj,idah,mindful_breathing,1,20.0,female,United States,United States,1,3.0,1,1345,100,1,35.0,3.0,2.0,1.0,2.0,3.0,1.0,2.0,4.0,1.0,3.0,3.0,2.0,1.0,2.0,3.0,3.0,1.0,2.0,4.0,2.0,5.0,4.0,5.0,3.0,1.0,2.0,1.0,1.0,4.0,3.0,5.0,4.0,4.0,2.0,4.0,2.0,2.0,3.0,2.0,3.0,5.0,5.0,5.0,3.05
R_3EovJ4Ww2YKbhnj,lime,loving_kindness,1,19.0,female,Ireland,Ireland,0,3.0,1,2033,100,1,47.0,2.0,1.0,3.0,2.0,2.0,1.0,2.0,2.0,1.0,2.0,1.0,1.0,2.0,1.0,2.0,2.0,1.0,1.0,2.0,2.0,5.0,5.0,4.0,3.0,3.0,3.0,3.0,4.0,4.0,1.0,4.0,2.0,4.0,3.0,4.0,2.0,2.0,3.0,3.0,4.0,2.0,3.0,4.0,3.05
R_3ncJRcbmTFbhEqw,idah,control_book,0,50.0,female,United States,United States,1,2.0,1,2735,100,1,28.0,4.0,4.0,1.0,1.0,4.0,1.0,1.0,2.0,1.0,3.0,3.0,1.0,1.0,2.0,4.0,3.0,1.0,2.0,4.0,3.0,7.0,5.0,6.0,2.0,2.0,2.0,1.0,2.0,1.0,1.0,2.0,1.0,2.0,4.0,4.0,4.0,4.0,4.0,4.0,4.0,4.0,4.0,5.0,2.85
R_1JEnX0kgo89owoU,idah,mindful_breathing,1,19.0,male,United States,United States,1,3.0,1,1233,100,1,30.0,3.0,2.0,1.0,1.0,4.0,1.0,1.0,3.0,1.0,4.0,3.0,1.0,1.0,2.0,3.0,3.0,1.0,1.0,2.0,4.0,6.0,3.0,7.0,4.0,2.0,3.0,3.0,2.0,1.0,1.0,2.0,3.0,4.0,2.0,4.0,5.0,5.0,4.0,4.0,4.0,5.0,5.0,5.0,3.4
R_2eVhgdf4DyW9KHA,seeb,control_book,0,21.0,female,Germany,Germany,0,2.0,1,2185,100,1,34.0,4.0,4.0,3.0,1.0,4.0,1.0,1.0,1.0,1.0,4.0,2.0,1.0,1.0,4.0,4.0,4.0,1.0,2.0,2.0,3.0,5.0,5.0,2.0,4.0,4.0,4.0,4.0,1.0,2.0,2.0,5.0,5.0,4.0,2.0,5.0,1.0,1.0,2.0,3.0,5.0,4.0,1.0,5.0,3.2
R_1mqvlCBNLG4VAZL,idah,loving_kindness,1,27.0,female,United States,United States,1,3.0,1,1394,100,1,44.0,2.0,2.0,2.0,2.0,1.0,1.0,1.0,1.0,1.0,2.0,2.0,1.0,1.0,1.0,2.0,2.0,1.0,1.0,2.0,2.0,5.0,5.0,3.0,2.0,2.0,2.0,4.0,2.0,2.0,1.0,2.0,2.0,4.0,4.0,4.0,2.0,4.0,4.0,4.0,4.0,2.0,4.0,4.0,2.95
R_2SCPbtTvRbknTRh,newf,body_scan,1,20.0,female,Canada,Netherlands,1,3.0,1,2094,100,1,23.0,4.0,4.0,1.0,1.0,4.0,1.0,1.0,3.0,1.0,3.0,3.0,1.0,1.0,1.0,4.0,4.0,1.0,1.0,4.0,4.0,8.0,1.0,6.0,1.0,2.0,3.0,1.0,1.0,2.0,3.0,1.0,4.0,4.0,4.0,5.0,4.0,4.0,3.0,5.0,5.0,4.0,5.0,5.0,3.3
R_24NRXQj9txifdPv,radb,mindful_walking,1,20.0,female,Netherlands,Latvia,0,2.0,1,1410,100,1,23.0,4.0,4.0,1.0,1.0,4.0,1.0,1.0,4.0,1.0,4.0,3.0,1.0,1.0,1.0,4.0,4.0,2.0,1.0,3.0,4.0,9.0,2.0,7.0,2.0,2.0,2.0,2.0,4.0,4.0,2.0,4.0,4.0,4.0,4.0,5.0,4.0,4.0,4.0,4.0,5.0,4.0,4.0,4.0,3.6
R_3iO63NJyHbWKZr0,idah,control_book,0,19.0,female,United States,United States,1,3.0,1,1198,100,1,41.0,2.0,3.0,3.0,1.0,2.0,1.0,3.0,2.0,1.0,3.0,3.0,1.0,1.0,1.0,2.0,2.0,3.0,1.0,3.0,3.0,7.0,2.0,4.0,3.0,2.0,3.0,1.0,4.0,3.0,2.0,4.0,4.0,4.0,3.0,4.0,3.0,4.0,4.0,2.0,4.0,2.0,4.0,5.0,3.25
R_3MA8M7sne61WrHQ,loyo,mindful_breathing,1,18.0,male,United States,United States,1,3.0,1,1517,100,1,54.0,3.0,2.0,2.0,2.0,3.0,2.0,4.0,2.0,2.0,2.0,1.0,3.0,1.0,3.0,2.0,2.0,3.0,3.0,2.0,2.0,4.0,7.0,3.0,3.0,5.0,3.0,2.0,3.0,5.0,3.0,4.0,4.0,5.0,3.0,2.0,3.0,2.0,2.0,4.0,3.0,2.0,3.0,4.0,3.25
R_2RXs5FQFThVpcYI,ryer,mindful_walking,1,19.0,female,Canada,Canada,1,3.0,1,1113,100,1,51.0,3.0,3.0,2.0,1.0,2.0,3.0,2.0,2.0,1.0,2.0,1.0,2.0,2.0,3.0,2.0,2.0,3.0,3.0,2.0,2.0,3.0,1.0,1.0,5.0,5.0,5.0,4.0,5.0,5.0,3.0,5.0,5.0,5.0,1.0,2.0,1.0,1.0,2.0,3.0,3.0,1.0,2.0,2.0,3.25
R_2OSwit5aZYwXmHO,idah,loving_kindness,1,19.0,female,United States,United States,0,3.0,1,1367,100,1,34.0,3.0,3.0,2.0,1.0,3.0,1.0,1.0,2.0,1.0,4.0,2.0,1.0,1.0,1.0,3.0,2.0,2.0,1.0,3.0,3.0,7.0,5.0,5.0,3.0,2.0,1.0,2.0,4.0,4.0,1.0,4.0,5.0,2.0,3.0,2.0,2.0,4.0,2.0,4.0,4.0,2.0,2.0,5.0,2.9
R_1nSAzUHZ2TUr3CT,macq,mindful_breathing,1,19.0,female,Australia,Australia,1,3.0,1,1311,100,1,34.0,3.0,2.0,1.0,1.0,3.0,1.0,1.0,3.0,1.0,3.0,2.0,1.0,2.0,2.0,3.0,3.0,1.0,1.0,3.0,3.0,8.0,3.0,6.0,2.0,3.0,2.0,3.0,1.0,4.0,2.0,2.0,4.0,4.0,4.0,2.0,3.0,2.0,3.0,4.0,3.0,3.0,5.0,4.0,3.0
R_1FhbEMSr4cjzjpM,witt,body_scan,1,18.0,female,United States,United States,1,3.0,1,1656,100,1,34.0,3.0,3.0,1.0,2.0,3.0,1.0,1.0,3.0,1.0,3.0,2.0,1.0,2.0,1.0,3.0,3.0,1.0,1.0,2.0,3.0,7.0,3.0,8.0,3.0,4.0,2.0,2.0,2.0,4.0,3.0,4.0,2.0,4.0,2.0,3.0,4.0,3.0,2.0,3.0,2.0,4.0,3.0,2.0,2.9
R_2fH84oOdijTxzEJ,macq,mindful_walking,1,47.0,male,Australia,Australia,1,3.0,1,1202,100,1,30.0,3.0,2.0,1.0,1.0,4.0,1.0,1.0,3.0,1.0,4.0,2.0,2.0,1.0,1.0,3.0,3.0,1.0,1.0,3.0,4.0,7.0,3.0,7.0,2.0,1.0,1.0,1.0,1.0,3.0,1.0,4.0,2.0,2.0,4.0,4.0,4.0,2.0,3.0,4.0,5.0,2.0,4.0,5.0,2.75
R_3oZ6o5x9U2RGEiJ,macq,loving_kindness,1,,female,Australia,Australia,1,3.0,1,1139,100,1,37.0,3.0,2.0,1.0,1.0,3.0,1.0,1.0,2.0,1.0,3.0,1.0,1.0,1.0,1.0,3.0,2.0,1.0,2.0,2.0,3.0,7.0,1.0,3.0,2.0,4.0,2.0,3.0,4.0,4.0,4.0,4.0,4.0,4.0,2.0,2.0,2.0,2.0,4.0,3.0,2.0,4.0,1.0,4.0,3.05
R_3n7QRoY3OUX4tvJ,macq,mindful_walking,1,18.0,female,Australia,Australia,1,3.0,1,1124,100,1,24.0,4.0,3.0,1.0,2.0,4.0,1.0,1.0,4.0,1.0,4.0,3.0,1.0,1.0,2.0,4.0,4.0,1.0,1.0,4.0,4.0,8.0,2.0,7.0,2.0,1.0,2.0,1.0,2.0,3.0,2.0,3.0,1.0,2.0,3.0,4.0,4.0,4.0,4.0,4.0,2.0,5.0,4.0,4.0,2.85
R_2ql4lbu0Yf9xEA5,macq,mindful_breathing,1,20.0,female,United States,India,1,3.0,1,1523,100,1,68.0,1.0,2.0,4.0,3.0,1.0,4.0,4.0,1.0,1.0,3.0,1.0,3.0,2.0,4.0,1.0,2.0,4.0,4.0,1.0,2.0,4.0,7.0,3.0,2.0,1.0,3.0,1.0,4.0,5.0,2.0,4.0,5.0,5.0,4.0,4.0,1.0,2.0,2.0,3.0,3.0,3.0,1.0,3.0,2.9
R_Uckd0mnP19xdcVH,macq,loving_kindness,1,18.0,female,Australia,India,0,2.0,1,1099,100,1,41.0,3.0,2.0,2.0,3.0,3.0,1.0,3.0,3.0,1.0,3.0,2.0,2.0,2.0,2.0,3.0,3.0,2.0,1.0,3.0,3.0,6.0,3.0,5.0,3.0,4.0,3.0,4.0,4.0,4.0,2.0,4.0,4.0,4.0,3.0,3.0,2.0,2.0,3.0,3.0,2.0,2.0,2.0,2.0,3.0
R_yvWvEre5u3VqETv,macq,body_scan,1,25.0,male,Australia,Australia,1,2.0,1,1178,100,1,26.0,4.0,4.0,2.0,2.0,4.0,1.0,1.0,4.0,1.0,4.0,3.0,2.0,2.0,1.0,4.0,4.0,2.0,1.0,4.0,4.0,7.0,7.0,7.0,2.0,1.0,2.0,2.0,2.0,3.0,2.0,3.0,2.0,3.0,4.0,5.0,3.0,3.0,2.0,4.0,3.0,3.0,4.0,4.0,2.85
R_1hN0VSnJED2uqrX,quee,control_book,0,18.0,female,Australia,Australia,1,3.0,1,1426,100,1,31.0,4.0,3.0,2.0,3.0,3.0,1.0,2.0,4.0,1.0,4.0,4.0,1.0,1.0,2.0,3.0,4.0,2.0,2.0,4.0,3.0,7.0,3.0,6.0,2.0,2.0,2.0,2.0,2.0,3.0,2.0,4.0,2.0,4.0,4.0,4.0,4.0,2.0,4.0,4.0,4.0,4.0,4.0,4.0,3.15
R_1CI5P4qp4as731k,macq,body_scan,1,19.0,female,Australia,Australia,1,2.0,1,1346,100,1,27.0,4.0,3.0,1.0,1.0,2.0,1.0,2.0,4.0,1.0,4.0,3.0,1.0,1.0,1.0,4.0,4.0,2.0,1.0,3.0,4.0,7.0,3.0,5.0,2.0,2.0,2.0,4.0,4.0,4.0,4.0,4.0,4.0,5.0,2.0,4.0,4.0,2.0,4.0,4.0,2.0,3.0,4.0,2.0,3.3
R_3pkWqDcD8l1FxVI,quee,control_book,0,18.0,female,Australia,Australia,1,2.0,1,1197,100,1,37.0,3.0,2.0,1.0,1.0,3.0,2.0,2.0,3.0,1.0,1.0,3.0,2.0,1.0,2.0,4.0,3.0,2.0,1.0,3.0,3.0,7.0,3.0,5.0,2.0,2.0,2.0,2.0,3.0,2.0,2.0,5.0,2.0,3.0,4.0,4.0,4.0,3.0,4.0,5.0,4.0,3.0,3.0,4.0,3.15
R_Ren554HCe2VtKfL,quee,loving_kindness,1,18.0,female,Australia,Australia,1,3.0,1,1254,100,1,21.0,4.0,4.0,1.0,1.0,4.0,1.0,1.0,4.0,1.0,4.0,3.0,1.0,1.0,1.0,4.0,4.0,1.0,1.0,4.0,4.0,9.0,1.0,7.0,3.0,3.0,3.0,3.0,4.0,4.0,2.0,4.0,4.0,4.0,2.0,2.0,2.0,4.0,4.0,4.0,4.0,2.0,2.0,4.0,3.2
R_3ez3ty3U7wZ62Ke,suny,mindful_breathing,1,19.0,male,United States,United States,1,3.0,1,1576,100,1,32.0,3.0,3.0,2.0,1.0,3.0,1.0,1.0,3.0,1.0,3.0,3.0,1.0,1.0,1.0,3.0,3.0,2.0,1.0,3.0,3.0,8.0,2.0,7.0,2.0,2.0,2.0,2.0,2.0,2.0,4.0,3.0,2.0,4.0,3.0,4.0,2.0,3.0,4.0,3.0,3.0,2.0,4.0,4.0,2.85
R_Tini4skPSQGWfol,quee,mindful_walking,1,18.0,female,Australia,Australia,1,3.0,1,1397,100,1,36.0,4.0,3.0,2.0,1.0,2.0,1.0,1.0,2.0,1.0,3.0,2.0,1.0,1.0,1.0,2.0,2.0,1.0,1.0,3.0,2.0,6.0,5.0,6.0,4.0,4.0,3.0,5.0,2.0,4.0,1.0,5.0,3.0,4.0,4.0,4.0,2.0,3.0,3.0,3.0,3.0,2.0,3.0,4.0,3.3
R_3QDmDSaNPTM2TRk,idah,body_scan,1,19.0,female,United States,United States,1,3.0,1,23257,100,1,48.0,2.0,2.0,2.0,3.0,2.0,2.0,3.0,2.0,1.0,3.0,2.0,3.0,1.0,2.0,2.0,3.0,3.0,1.0,3.0,2.0,5.0,4.0,4.0,3.0,4.0,3.0,4.0,2.0,5.0,2.0,4.0,4.0,5.0,3.0,2.0,3.0,2.0,2.0,3.0,2.0,2.0,4.0,2.0,3.05
R_3mXQf974vxHRzdn,lime,control_book,0,19.0,male,Ire,Ireland,1,3.0,1,1259,100,1,51.0,3.0,3.0,2.0,3.0,3.0,3.0,2.0,3.0,3.0,3.0,3.0,3.0,3.0,3.0,2.0,2.0,3.0,2.0,2.0,2.0,5.0,5.0,5.0,3.0,3.0,4.0,4.0,3.0,4.0,3.0,4.0,4.0,4.0,2.0,2.0,2.0,3.0,2.0,4.0,3.0,2.0,2.0,3.0,3.05
R_33836wjHcolPWTw,quee,loving_kindness,1,18.0,female,Australia,Australia,1,3.0,1,1223,100,1,32.0,3.0,2.0,1.0,1.0,3.0,1.0,1.0,3.0,1.0,3.0,2.0,1.0,1.0,2.0,3.0,3.0,1.0,1.0,4.0,3.0,6.0,2.0,6.0,2.0,4.0,3.0,4.0,3.0,5.0,4.0,2.0,5.0,4.0,4.0,2.0,3.0,4.0,2.0,3.0,3.0,3.0,4.0,4.0,3.4
R_3PFQxm3mOx67mj7,macq,mindful_breathing,1,22.0,female,Australia,South Africa,1,3.0,1,1582,100,1,32.0,3.0,3.0,1.0,1.0,3.0,1.0,1.0,3.0,1.0,4.0,3.0,1.0,2.0,2.0,3.0,3.0,2.0,1.0,3.0,3.0,7.0,3.0,7.0,4.0,2.0,3.0,3.0,2.0,3.0,3.0,4.0,4.0,4.0,2.0,4.0,4.0,4.0,4.0,4.0,4.0,3.0,4.0,2.0,3.35
R_1rIWlMOm6J31TnR,macq,mindful_walking,1,18.0,female,Australia,Australia,1,3.0,1,1385,100,1,29.0,3.0,3.0,2.0,1.0,3.0,1.0,1.0,4.0,1.0,4.0,4.0,1.0,1.0,1.0,3.0,3.0,1.0,1.0,2.0,3.0,7.0,8.0,7.0,4.0,2.0,4.0,3.0,4.0,4.0,2.0,3.0,4.0,3.0,4.0,3.0,3.0,3.0,3.0,3.0,2.0,2.0,3.0,3.0,3.1
R_BKdykJhkNs7Rt1T,suny,mindful_walking,1,18.0,female,United States,United States,1,3.0,1,1644,100,1,32.0,3.0,3.0,1.0,1.0,3.0,1.0,1.0,3.0,1.0,3.0,3.0,1.0,1.0,1.0,3.0,3.0,1.0,1.0,1.0,3.0,8.0,3.0,7.0,2.0,1.0,1.0,4.0,4.0,3.0,2.0,4.0,4.0,4.0,2.0,5.0,2.0,2.0,4.0,4.0,2.0,3.0,2.0,2.0,2.85
R_bxtEFwzu82zO5gt,quee,control_book,0,,female,Australia,Australia,1,3.0,1,1217,100,1,36.0,2.0,2.0,1.0,1.0,2.0,1.0,1.0,3.0,1.0,3.0,2.0,1.0,1.0,1.0,3.0,3.0,1.0,2.0,2.0,3.0,7.0,3.0,5.0,2.0,3.0,2.0,3.0,2.0,2.0,2.0,3.0,2.0,3.0,4.0,4.0,5.0,4.0,5.0,4.0,4.0,4.0,4.0,4.0,3.3
R_7OInftJBQd8GA7v,macq,loving_kindness,1,41.0,male,Australia,Nepal,1,2.0,1,2725,100,1,29.0,3.0,3.0,1.0,1.0,3.0,1.0,1.0,3.0,1.0,4.0,3.0,1.0,1.0,1.0,3.0,3.0,1.0,1.0,3.0,3.0,7.0,3.0,8.0,2.0,2.0,2.0,2.0,4.0,4.0,2.0,4.0,4.0,4.0,4.0,2.0,4.0,4.0,4.0,4.0,4.0,2.0,4.0,2.0,3.2
R_1FrpiICU3oRyCop,idah,body_scan,1,29.0,female,United States,United States,1,3.0,1,1462,100,1,20.0,4.0,4.0,1.0,1.0,4.0,1.0,1.0,4.0,1.0,4.0,4.0,1.0,1.0,1.0,4.0,4.0,1.0,1.0,4.0,4.0,9.0,1.0,7.0,1.0,2.0,1.0,2.0,1.0,2.0,1.0,4.0,1.0,5.0,5.0,5.0,5.0,1.0,4.0,5.0,5.0,4.0,5.0,5.0,3.2
R_1mDgTufQz0CZr52,macq,control_book,0,18.0,female,Australia,Australia,1,3.0,1,1304,100,1,33.0,3.0,2.0,1.0,1.0,4.0,1.0,1.0,3.0,1.0,3.0,3.0,1.0,1.0,1.0,2.0,2.0,1.0,2.0,3.0,3.0,6.0,2.0,9.0,2.0,2.0,3.0,2.0,2.0,2.0,3.0,4.0,2.0,2.0,4.0,4.0,4.0,2.0,4.0,5.0,4.0,2.0,5.0,5.0,3.15
R_22QW6lrhh34uQDb,macq,mindful_breathing,1,19.0,female,Australia,United States,1,3.0,1,1293,100,1,38.0,3.0,2.0,1.0,1.0,3.0,1.0,2.0,2.0,1.0,4.0,3.0,2.0,1.0,1.0,2.0,1.0,2.0,1.0,3.0,2.0,5.0,4.0,6.0,4.0,3.0,2.0,5.0,5.0,5.0,1.0,4.0,5.0,5.0,3.0,4.0,2.0,4.0,2.0,1.0,3.0,2.0,2.0,4.0,3.3
R_2uOFsdDuTG1265L,macq,body_scan,1,23.0,female,Australia,Australia,1,3.0,1,1334,100,1,43.0,2.0,2.0,1.0,1.0,2.0,1.0,1.0,2.0,1.0,2.0,2.0,1.0,2.0,2.0,2.0,1.0,1.0,1.0,2.0,2.0,6.0,2.0,8.0,4.0,2.0,2.0,4.0,2.0,4.0,4.0,2.0,4.0,4.0,2.0,4.0,1.0,2.0,4.0,1.0,1.0,1.0,5.0,4.0,2.85
R_1ONqmGkXTbtD63e,macq,mindful_walking,1,18.0,female,Australia,Australia,1,3.0,1,1174,100,1,20.0,4.0,4.0,1.0,1.0,4.0,1.0,1.0,4.0,1.0,4.0,4.0,1.0,1.0,1.0,4.0,4.0,1.0,1.0,4.0,4.0,9.0,1.0,8.0,1.0,2.0,1.0,2.0,2.0,2.0,2.0,3.0,2.0,3.0,1.0,5.0,3.0,4.0,4.0,4.0,4.0,4.0,4.0,4.0,2.85
R_3iKKo7BVD8geNMk,quee,body_scan,1,18.0,female,Australia,Australia,1,3.0,1,6114,100,1,34.0,2.0,3.0,1.0,1.0,3.0,1.0,1.0,3.0,1.0,3.0,3.0,1.0,1.0,1.0,2.0,3.0,1.0,2.0,2.0,3.0,6.0,5.0,7.0,2.0,3.0,1.0,4.0,4.0,5.0,2.0,4.0,4.0,5.0,4.0,4.0,2.0,2.0,3.0,2.0,2.0,2.0,3.0,4.0,3.1
R_ywGBkDXM5fbSVpv,macq,mindful_breathing,1,18.0,female,Australia,Australia,1,3.0,1,1110,100,1,47.0,2.0,4.0,3.0,1.0,2.0,4.0,2.0,3.0,3.0,3.0,3.0,3.0,3.0,2.0,2.0,2.0,2.0,2.0,3.0,4.0,8.0,4.0,5.0,4.0,2.0,5.0,3.0,4.0,4.0,2.0,3.0,5.0,4.0,4.0,5.0,2.0,2.0,3.0,4.0,2.0,2.0,5.0,3.0,3.4
R_cPmbrjB8lZcqJSp,macq,loving_kindness,1,20.0,female,Australia,Australia,1,3.0,1,1137,100,1,34.0,3.0,2.0,1.0,2.0,3.0,1.0,1.0,3.0,1.0,2.0,3.0,1.0,1.0,1.0,3.0,3.0,1.0,1.0,2.0,3.0,7.0,2.0,7.0,2.0,1.0,2.0,2.0,2.0,3.0,1.0,4.0,2.0,4.0,4.0,4.0,2.0,4.0,4.0,3.0,4.0,4.0,4.0,3.0,2.95
R_3fvr4rcjDDwb522,quee,control_book,0,,female,Australia,Australia,1,3.0,1,5220,100,1,28.0,4.0,3.0,1.0,3.0,4.0,2.0,2.0,4.0,1.0,4.0,3.0,1.0,1.0,1.0,4.0,4.0,1.0,2.0,4.0,3.0,6.0,4.0,5.0,4.0,3.0,4.0,3.0,4.0,3.0,3.0,4.0,4.0,3.0,3.0,3.0,3.0,4.0,4.0,4.0,3.0,3.0,3.0,2.0,3.35
R_2PAyMfEPlOtpCPo,macq,mindful_walking,1,20.0,female,Australia,New Zealand,1,3.0,1,1190,100,1,32.0,3.0,4.0,1.0,2.0,4.0,1.0,3.0,3.0,1.0,3.0,4.0,2.0,1.0,2.0,3.0,3.0,2.0,1.0,3.0,4.0,8.0,5.0,6.0,4.0,2.0,3.0,4.0,2.0,4.0,1.0,4.0,2.0,5.0,3.0,5.0,4.0,2.0,4.0,3.0,2.0,4.0,4.0,5.0,3.35
R_QnTE2mnYYLOgPkd,quee,control_book,0,18.0,female,Australia,Australia,1,3.0,1,1458,100,1,31.0,3.0,4.0,2.0,1.0,3.0,1.0,1.0,3.0,1.0,4.0,3.0,1.0,1.0,1.0,3.0,3.0,1.0,3.0,3.0,3.0,7.0,5.0,6.0,3.0,1.0,3.0,4.0,4.0,4.0,3.0,5.0,4.0,5.0,4.0,5.0,1.0,2.0,4.0,2.0,4.0,2.0,2.0,2.0,3.2
R_eK7DOMjpN1AmMiB,macq,body_scan,1,26.0,male,Australia,Australia,1,3.0,1,1528,100,1,30.0,4.0,3.0,1.0,1.0,3.0,1.0,1.0,3.0,1.0,3.0,2.0,1.0,1.0,2.0,4.0,3.0,1.0,1.0,3.0,3.0,7.0,2.0,4.0,2.0,2.0,2.0,4.0,2.0,4.0,2.0,2.0,2.0,4.0,4.0,5.0,2.0,2.0,4.0,4.0,4.0,4.0,5.0,4.0,3.2
R_1mxSXFLYaYfLUDq,quee,mindful_walking,1,18.0,female,Australia,Australia,1,3.0,1,1570,100,1,29.0,4.0,3.0,2.0,1.0,4.0,2.0,1.0,3.0,1.0,4.0,2.0,1.0,1.0,1.0,4.0,3.0,1.0,2.0,3.0,4.0,7.0,4.0,5.0,4.0,4.0,4.0,2.0,4.0,4.0,3.0,4.0,4.0,4.0,2.0,2.0,1.0,2.0,3.0,3.0,5.0,2.0,3.0,5.0,3.25
R_BQi7HTGpXDhEvjH,macq,loving_kindness,1,18.0,female,Australia,Australia,1,3.0,1,1383,100,1,29.0,4.0,3.0,1.0,1.0,3.0,1.0,3.0,3.0,1.0,3.0,3.0,1.0,1.0,1.0,4.0,4.0,1.0,1.0,3.0,3.0,7.0,6.0,7.0,3.0,4.0,3.0,4.0,4.0,4.0,4.0,4.0,4.0,4.0,4.0,4.0,2.0,4.0,3.0,3.0,3.0,3.0,3.0,4.0,3.55
R_2RNUD0MtGGKetLF,macq,mindful_walking,1,18.0,female,Australia,Australia,1,3.0,1,1054,100,1,44.0,3.0,2.0,2.0,2.0,3.0,2.0,2.0,3.0,2.0,3.0,2.0,2.0,2.0,3.0,3.0,2.0,2.0,2.0,3.0,3.0,7.0,4.0,4.0,2.0,2.0,2.0,4.0,2.0,2.0,1.0,3.0,2.0,2.0,2.0,3.0,3.0,4.0,4.0,4.0,2.0,4.0,3.0,2.0,2.65
R_3KAzy9vWKTPkWWY,quee,control_book,0,18.0,female,Australia,Australia,1,3.0,1,1128,100,1,32.0,3.0,3.0,1.0,1.0,3.0,1.0,1.0,2.0,1.0,4.0,2.0,1.0,1.0,1.0,3.0,3.0,1.0,1.0,2.0,3.0,7.0,3.0,6.0,1.0,2.0,1.0,2.0,1.0,2.0,2.0,3.0,2.0,4.0,4.0,4.0,2.0,4.0,4.0,4.0,3.0,4.0,5.0,4.0,2.9
R_1QGgjf2f4tUyRkq,macq,body_scan,1,18.0,male,Australia,Australia,1,2.0,1,1270,100,1,28.0,4.0,2.0,1.0,1.0,4.0,1.0,1.0,3.0,1.0,3.0,2.0,1.0,1.0,1.0,4.0,3.0,1.0,1.0,4.0,3.0,8.0,2.0,7.0,2.0,1.0,2.0,1.0,1.0,3.0,2.0,4.0,3.0,4.0,4.0,4.0,3.0,4.0,3.0,4.0,3.0,4.0,4.0,5.0,3.05
R_1mFyK83hmFweN5M,aust,mindful_breathing,1,25.0,female,Australia,Australia,1,3.0,1,1069,100,1,34.0,2.0,3.0,1.0,1.0,3.0,1.0,1.0,3.0,1.0,3.0,2.0,1.0,1.0,1.0,2.0,2.0,1.0,1.0,3.0,3.0,7.0,3.0,9.0,2.0,2.0,2.0,2.0,2.0,2.0,2.0,2.0,2.0,4.0,4.0,4.0,5.0,4.0,4.0,4.0,4.0,4.0,4.0,4.0,3.15
R_3hGXlWLk7rpKqPu,macq,body_scan,1,18.0,male,Australia,Australia,1,3.0,1,1645,100,1,35.0,3.0,2.0,1.0,1.0,2.0,1.0,1.0,3.0,1.0,3.0,2.0,1.0,2.0,1.0,3.0,3.0,1.0,1.0,2.0,3.0,7.0,5.0,5.0,2.0,1.0,1.0,1.0,3.0,2.0,2.0,2.0,1.0,4.0,3.0,4.0,5.0,4.0,4.0,5.0,2.0,4.0,4.0,5.0,2.95
R_2UavOOsL1GhFlam,macq,mindful_breathing,1,18.0,female,Australia,Australia,1,3.0,1,1426,100,1,38.0,3.0,3.0,2.0,1.0,3.0,1.0,2.0,2.0,1.0,3.0,2.0,1.0,1.0,3.0,3.0,3.0,2.0,2.0,3.0,3.0,6.0,3.0,3.0,4.0,3.0,4.0,4.0,5.0,4.0,2.0,5.0,4.0,5.0,2.0,2.0,2.0,2.0,3.0,2.0,3.0,2.0,2.0,2.0,3.1
R_3NONMajOoPsIVOe,macq,control_book,0,18.0,female,Australia,Australia,1,3.0,1,1146,100,1,32.0,3.0,3.0,1.0,1.0,3.0,1.0,1.0,3.0,1.0,2.0,2.0,1.0,1.0,1.0,3.0,2.0,1.0,1.0,3.0,4.0,7.0,3.0,6.0,4.0,3.0,2.0,2.0,3.0,4.0,4.0,3.0,3.0,5.0,2.0,4.0,4.0,4.0,3.0,3.0,4.0,3.0,4.0,4.0,3.4
R_20MeNpMIAnpmGzt,macq,loving_kindness,1,19.0,female,Australia,Australia,1,3.0,1,3316,100,1,26.0,4.0,3.0,1.0,1.0,4.0,1.0,1.0,4.0,1.0,2.0,4.0,2.0,1.0,1.0,3.0,4.0,1.0,2.0,4.0,4.0,6.0,7.0,5.0,2.0,1.0,1.0,2.0,1.0,2.0,1.0,4.0,2.0,4.0,1.0,5.0,4.0,3.0,4.0,4.0,1.0,2.0,3.0,4.0,2.55
R_2oARMWCxQVoQXGp,quee,body_scan,1,18.0,female,Australia,Australia,1,3.0,1,1364,100,1,31.0,4.0,3.0,1.0,1.0,4.0,1.0,2.0,2.0,1.0,3.0,3.0,1.0,1.0,1.0,3.0,4.0,1.0,1.0,2.0,2.0,7.0,1.0,8.0,2.0,2.0,2.0,3.0,2.0,4.0,2.0,4.0,2.0,4.0,4.0,4.0,3.0,2.0,3.0,4.0,2.0,2.0,2.0,2.0,2.75
R_ULrjFGrnwEwSDBf,macq,control_book,0,24.0,female,Australia,Syria,0,3.0,1,1193,100,1,33.0,3.0,3.0,1.0,2.0,3.0,1.0,2.0,3.0,1.0,3.0,3.0,1.0,1.0,2.0,3.0,3.0,1.0,1.0,3.0,3.0,7.0,2.0,6.0,4.0,3.0,4.0,3.0,4.0,4.0,1.0,4.0,3.0,4.0,3.0,4.0,4.0,4.0,2.0,4.0,2.0,4.0,4.0,3.0,3.4
R_2B99famlennKuOf,macq,loving_kindness,1,18.0,female,Australia,Australia,1,3.0,1,1153,100,1,20.0,4.0,4.0,1.0,1.0,4.0,1.0,1.0,4.0,1.0,4.0,4.0,1.0,1.0,1.0,4.0,4.0,1.0,1.0,4.0,4.0,8.0,1.0,8.0,1.0,1.0,1.0,1.0,1.0,1.0,1.0,3.0,1.0,2.0,1.0,5.0,2.0,5.0,5.0,5.0,1.0,5.0,5.0,4.0,2.55
R_xyeHaBCiJU2eYDv,macq,mindful_walking,1,32.0,female,Australia,Iraq,0,2.0,1,2401,100,1,21.0,4.0,4.0,1.0,1.0,4.0,1.0,1.0,4.0,1.0,4.0,3.0,1.0,1.0,1.0,4.0,4.0,1.0,1.0,4.0,4.0,7.0,3.0,7.0,3.0,2.0,2.0,3.0,1.0,4.0,1.0,1.0,2.0,3.0,3.0,2.0,3.0,4.0,3.0,4.0,3.0,4.0,4.0,4.0,2.8
R_1LAw0KDgW56VEhy,idah,control_book,0,30.0,female,United States,United States,1,3.0,1,5973,100,1,43.0,2.0,3.0,2.0,1.0,2.0,1.0,2.0,2.0,1.0,3.0,2.0,2.0,1.0,2.0,3.0,2.0,2.0,3.0,2.0,3.0,6.0,4.0,4.0,4.0,3.0,4.0,3.0,2.0,4.0,2.0,3.0,2.0,2.0,2.0,2.0,3.0,4.0,3.0,2.0,1.0,3.0,4.0,5.0,2.9
R_DBPgN8tmW0QPcNX,macq,mindful_breathing,1,19.0,female,Australia,Japan,1,3.0,1,1361,100,1,30.0,3.0,3.0,1.0,1.0,3.0,1.0,1.0,3.0,1.0,3.0,3.0,1.0,1.0,1.0,3.0,3.0,1.0,1.0,3.0,3.0,7.0,1.0,7.0,2.0,2.0,2.0,3.0,4.0,4.0,3.0,4.0,4.0,4.0,3.0,4.0,2.0,3.0,3.0,3.0,3.0,2.0,4.0,2.0,3.05
R_ysXhUIOIn5lsScx,macq,body_scan,1,18.0,female,Australia,Australia,0,3.0,1,1383,100,1,32.0,3.0,3.0,1.0,1.0,3.0,1.0,2.0,3.0,1.0,4.0,3.0,2.0,1.0,2.0,4.0,3.0,2.0,1.0,3.0,3.0,6.0,3.0,6.0,2.0,2.0,2.0,3.0,2.0,3.0,2.0,3.0,3.0,3.0,2.0,4.0,4.0,4.0,4.0,4.0,2.0,4.0,3.0,4.0,3.0
R_1NjZ36vLXrhh2fc,macq,mindful_walking,1,40.0,male,Australia,Australia,1,3.0,1,1717,100,1,33.0,2.0,3.0,2.0,1.0,3.0,1.0,1.0,3.0,1.0,3.0,2.0,1.0,1.0,1.0,3.0,3.0,1.0,1.0,3.0,3.0,6.0,3.0,4.0,4.0,4.0,4.0,3.0,2.0,3.0,4.0,2.0,2.0,3.0,2.0,3.0,3.0,4.0,2.0,3.0,4.0,4.0,4.0,3.0,3.15
R_3feeojouYWobraA,macq,loving_kindness,1,18.0,female,Australia,Australia,1,3.0,1,1235,100,1,31.0,3.0,3.0,2.0,2.0,4.0,1.0,1.0,2.0,1.0,3.0,4.0,1.0,1.0,1.0,4.0,2.0,1.0,1.0,3.0,3.0,7.0,4.0,6.0,2.0,1.0,1.0,2.0,1.0,1.0,2.0,2.0,2.0,4.0,4.0,5.0,2.0,4.0,4.0,4.0,3.0,3.0,4.0,5.0,2.8
R_2VjU0DdWoEsdrBi,hous,mindful_breathing,1,21.0,female,United States,United States,1,3.0,1,1582,100,1,35.0,3.0,2.0,1.0,1.0,3.0,1.0,2.0,3.0,1.0,3.0,2.0,1.0,1.0,1.0,3.0,3.0,2.0,1.0,3.0,2.0,7.0,5.0,5.0,3.0,2.0,3.0,1.0,1.0,2.0,3.0,2.0,1.0,3.0,3.0,4.0,5.0,4.0,4.0,4.0,5.0,5.0,4.0,5.0,3.2
R_3RsCvhn9UnaeHJf,hous,mindful_walking,1,21.0,female,United States,United States,1,3.0,1,1053,100,1,36.0,3.0,2.0,1.0,1.0,3.0,1.0,2.0,2.0,1.0,3.0,2.0,1.0,1.0,1.0,3.0,3.0,1.0,1.0,2.0,2.0,7.0,5.0,5.0,3.0,2.0,3.0,1.0,1.0,3.0,2.0,1.0,1.0,4.0,3.0,3.0,5.0,1.0,3.0,5.0,5.0,5.0,5.0,5.0,3.05
R_1pXt35bqq4IEWnA,macq,loving_kindness,1,33.0,male,Australia,Australia,1,3.0,1,1453,100,1,49.0,2.0,1.0,3.0,2.0,3.0,1.0,4.0,2.0,1.0,2.0,1.0,3.0,2.0,1.0,3.0,3.0,2.0,1.0,1.0,3.0,4.0,6.0,2.0,2.0,2.0,1.0,1.0,3.0,2.0,1.0,2.0,4.0,3.0,4.0,4.0,4.0,5.0,3.0,3.0,5.0,5.0,5.0,5.0,3.2
R_3EYXHN4HMnSAhTb,macq,control_book,0,27.0,female,Australia,Australia,1,3.0,1,1284,100,1,38.0,3.0,3.0,2.0,1.0,2.0,1.0,2.0,2.0,1.0,3.0,3.0,1.0,1.0,1.0,2.0,2.0,1.0,2.0,3.0,2.0,6.0,2.0,6.0,1.0,1.0,1.0,4.0,2.0,4.0,1.0,4.0,4.0,4.0,5.0,5.0,5.0,5.0,4.0,5.0,5.0,5.0,4.0,5.0,3.7
R_yUc7hA5ndjO860p,macq,body_scan,1,21.0,female,Australia,Australia,1,3.0,1,1581,100,1,26.0,4.0,3.0,1.0,1.0,3.0,1.0,1.0,4.0,1.0,3.0,3.0,1.0,1.0,2.0,4.0,4.0,1.0,1.0,4.0,3.0,8.0,3.0,7.0,1.0,3.0,2.0,2.0,1.0,3.0,2.0,2.0,2.0,4.0,4.0,3.0,3.0,4.0,3.0,3.0,5.0,4.0,4.0,5.0,3.0
R_pguPIc5domJX52F,macq,control_book,0,18.0,female,Australia,Australia,1,2.0,1,1147,100,1,28.0,4.0,3.0,1.0,1.0,4.0,1.0,1.0,3.0,1.0,3.0,2.0,1.0,1.0,1.0,4.0,3.0,1.0,2.0,4.0,3.0,7.0,5.0,5.0,4.0,4.0,4.0,4.0,4.0,4.0,2.0,4.0,4.0,5.0,4.0,2.0,2.0,3.0,2.0,3.0,3.0,3.0,2.0,4.0,3.35
R_2V7UteM6LjLnBle,macq,mindful_breathing,1,18.0,male,Australia,United Kingdom,1,3.0,1,1255,100,1,32.0,3.0,1.0,2.0,2.0,4.0,1.0,2.0,4.0,1.0,4.0,4.0,1.0,2.0,3.0,3.0,4.0,2.0,1.0,4.0,4.0,8.0,6.0,8.0,2.0,1.0,2.0,1.0,2.0,4.0,1.0,4.0,3.0,4.0,2.0,4.0,3.0,2.0,4.0,4.0,3.0,4.0,4.0,3.0,2.85
R_3MbxIBf7mJn64ru,macq,loving_kindness,1,18.0,male,Australia,Australia,1,3.0,1,1215,100,1,36.0,3.0,3.0,2.0,2.0,3.0,1.0,1.0,2.0,1.0,2.0,2.0,1.0,1.0,1.0,3.0,3.0,1.0,2.0,3.0,3.0,6.0,6.0,7.0,2.0,2.0,2.0,1.0,1.0,2.0,2.0,2.0,2.0,3.0,2.0,4.0,3.0,4.0,4.0,4.0,1.0,4.0,5.0,2.0,2.6
R_32XQSxy15A5nXeE,macq,body_scan,1,43.0,female,Australia,Australia,1,3.0,1,1379,100,1,32.0,3.0,3.0,2.0,1.0,3.0,1.0,2.0,3.0,1.0,3.0,2.0,1.0,1.0,1.0,3.0,4.0,1.0,1.0,3.0,3.0,7.0,5.0,5.0,2.0,2.0,2.0,4.0,3.0,4.0,3.0,4.0,3.0,4.0,4.0,4.0,4.0,2.0,3.0,4.0,4.0,2.0,4.0,4.0,3.3
R_1g6mxI5TJIcEFIq,macq,mindful_walking,1,59.0,female,Australia,Australia,1,3.0,1,1638,100,1,20.0,4.0,4.0,1.0,1.0,4.0,1.0,1.0,4.0,1.0,4.0,4.0,1.0,1.0,1.0,4.0,4.0,1.0,1.0,4.0,4.0,9.0,5.0,9.0,3.0,1.0,3.0,2.0,1.0,2.0,2.0,1.0,1.0,3.0,3.0,5.0,5.0,5.0,5.0,5.0,5.0,4.0,5.0,5.0,3.3
R_1IlYcJGGvan7BEG,wurz,mindful_breathing,1,24.0,female,Germany,Germany,0,2.0,1,254814,100,1,28.0,3.0,3.0,2.0,1.0,4.0,1.0,1.0,3.0,1.0,4.0,3.0,1.0,2.0,2.0,3.0,4.0,1.0,1.0,4.0,4.0,8.0,5.0,7.0,1.0,2.0,1.0,2.0,1.0,1.0,1.0,2.0,2.0,1.0,4.0,4.0,4.0,4.0,4.0,5.0,4.0,4.0,5.0,5.0,2.85
R_264osvUN9wtnklP,macq,control_book,0,20.0,female,Australia,Australia,1,3.0,1,1276,100,1,65.0,1.0,1.0,3.0,2.0,1.0,1.0,2.0,1.0,1.0,1.0,1.0,4.0,3.0,3.0,1.0,1.0,3.0,4.0,1.0,2.0,5.0,5.0,4.0,4.0,3.0,4.0,4.0,5.0,5.0,3.0,4.0,5.0,5.0,1.0,2.0,2.0,1.0,2.0,1.0,1.0,2.0,5.0,4.0,3.15
R_2QExvbMDjP4p5gB,lime,mindful_walking,1,19.0,female,Ireland,Ireland,1,3.0,1,1205,100,1,59.0,3.0,1.0,3.0,3.0,2.0,3.0,3.0,1.0,3.0,2.0,1.0,1.0,2.0,3.0,3.0,1.0,3.0,2.0,1.0,2.0,4.0,6.0,3.0,5.0,4.0,4.0,5.0,4.0,5.0,4.0,4.0,4.0,5.0,2.0,2.0,2.0,2.0,2.0,2.0,2.0,2.0,4.0,2.0,3.3
R_1pXnj1dbSB1C4GL,wurz,body_scan,1,23.0,female,Germany,Germany,0,2.0,1,1424,100,1,20.0,4.0,4.0,1.0,1.0,4.0,1.0,1.0,4.0,1.0,4.0,4.0,1.0,1.0,1.0,4.0,4.0,1.0,1.0,4.0,4.0,8.0,2.0,9.0,1.0,1.0,2.0,2.0,2.0,3.0,1.0,4.0,2.0,3.0,4.0,5.0,4.0,3.0,4.0,3.0,4.0,5.0,3.0,4.0,3.0
R_0euM2Tpzm8hu1yh,quee,loving_kindness,1,18.0,female,Australia,Australia,1,3.0,1,1257,100,1,26.0,4.0,3.0,1.0,1.0,3.0,3.0,1.0,4.0,1.0,4.0,3.0,1.0,1.0,2.0,4.0,4.0,1.0,1.0,4.0,4.0,8.0,2.0,7.0,3.0,1.0,4.0,5.0,3.0,3.0,4.0,4.0,3.0,3.0,2.0,4.0,2.0,3.0,4.0,4.0,3.0,2.0,4.0,3.0,3.2
R_3OlGc6f4jaLCvPp,macq,control_book,0,18.0,female,India,Australia,1,3.0,1,1107,100,1,35.0,4.0,2.0,1.0,1.0,3.0,1.0,1.0,3.0,1.0,3.0,2.0,1.0,1.0,3.0,4.0,2.0,1.0,3.0,2.0,4.0,8.0,3.0,5.0,2.0,2.0,2.0,4.0,2.0,2.0,2.0,2.0,2.0,3.0,2.0,4.0,2.0,4.0,4.0,4.0,2.0,2.0,5.0,4.0,2.8
R_T5fZp6nvESYQ7mx,macq,mindful_walking,1,18.0,female,Australia,Australia,1,3.0,1,1372,100,1,26.0,4.0,4.0,1.0,1.0,4.0,1.0,1.0,3.0,1.0,4.0,3.0,1.0,1.0,2.0,4.0,3.0,1.0,1.0,4.0,2.0,7.0,1.0,5.0,1.0,3.0,1.0,2.0,1.0,4.0,1.0,3.0,2.0,2.0,4.0,2.0,2.0,2.0,2.0,4.0,4.0,3.0,5.0,5.0,2.65
R_bdUrFCfntwjTDaN,macq,mindful_breathing,1,20.0,female,Australia,Australia,1,3.0,1,1143,100,1,39.0,3.0,2.0,1.0,1.0,3.0,1.0,1.0,2.0,1.0,2.0,2.0,1.0,1.0,1.0,2.0,2.0,1.0,2.0,2.0,2.0,7.0,2.0,5.0,3.0,3.0,3.0,3.0,3.0,3.0,2.0,4.0,2.0,4.0,2.0,3.0,4.0,2.0,3.0,3.0,2.0,2.0,4.0,3.0,2.9
R_paYHeRQyHBHZbup,lime,mindful_breathing,1,19.0,male,Ireland,Ireland,1,3.0,1,1183,100,1,33.0,4.0,3.0,1.0,1.0,3.0,1.0,1.0,3.0,1.0,3.0,2.0,1.0,1.0,2.0,3.0,3.0,2.0,1.0,3.0,2.0,6.0,2.0,5.0,4.0,3.0,2.0,1.0,2.0,5.0,3.0,4.0,4.0,4.0,2.0,4.0,2.0,2.0,3.0,4.0,4.0,2.0,4.0,2.0,3.05
R_22VUSg7cROaQ7FB,lime,mindful_walking,1,19.0,male,Ireland,Ireland,1,3.0,1,1250,100,1,34.0,3.0,2.0,1.0,1.0,4.0,1.0,1.0,2.0,1.0,2.0,2.0,1.0,1.0,1.0,3.0,3.0,1.0,1.0,3.0,2.0,6.0,2.0,5.0,4.0,3.0,2.0,1.0,3.0,4.0,3.0,2.0,4.0,4.0,2.0,3.0,2.0,2.0,2.0,4.0,3.0,3.0,3.0,3.0,2.85
R_3JCRyPrEtqBwgF3,macq,body_scan,1,18.0,female,Australia,Australia,1,3.0,1,6703,100,1,30.0,4.0,3.0,1.0,1.0,3.0,2.0,2.0,4.0,1.0,3.0,3.0,1.0,1.0,1.0,4.0,3.0,1.0,2.0,3.0,3.0,7.0,2.0,6.0,4.0,5.0,4.0,4.0,4.0,4.0,4.0,4.0,5.0,5.0,3.0,2.0,2.0,2.0,2.0,2.0,3.0,3.0,2.0,4.0,3.4
R_3nTPYN61r5e00S6,macq,body_scan,1,39.0,female,Australia,Australia,1,3.0,1,2299,100,1,27.0,4.0,2.0,1.0,1.0,4.0,1.0,1.0,3.0,1.0,4.0,2.0,1.0,1.0,1.0,4.0,3.0,1.0,1.0,3.0,4.0,6.0,4.0,5.0,5.0,5.0,4.0,4.0,2.0,4.0,4.0,4.0,4.0,5.0,1.0,2.0,2.0,2.0,2.0,2.0,2.0,2.0,5.0,2.0,3.15
R_2YK9Dchl294mPKx,wurz,body_scan,1,26.0,female,Germany,Germany,0,2.0,1,1231,100,1,41.0,3.0,3.0,2.0,2.0,2.0,2.0,2.0,3.0,2.0,3.0,3.0,2.0,2.0,2.0,3.0,2.0,2.0,1.0,3.0,3.0,7.0,6.0,7.0,3.0,4.0,2.0,4.0,2.0,4.0,2.0,3.0,2.0,4.0,3.0,3.0,4.0,3.0,2.0,4.0,3.0,3.0,4.0,3.0,3.1
R_31d86X9g5lJhZMm,wurz,body_scan,1,20.0,female,Germany,Germany,0,2.0,1,1375,100,1,34.0,3.0,3.0,1.0,1.0,3.0,3.0,1.0,4.0,1.0,3.0,3.0,1.0,1.0,2.0,3.0,2.0,2.0,1.0,2.0,4.0,7.0,5.0,7.0,2.0,3.0,2.0,5.0,2.0,4.0,2.0,2.0,2.0,4.0,4.0,3.0,4.0,2.0,3.0,4.0,5.0,2.0,4.0,4.0,3.15
R_3fYIGwJ9ATbWewP,lime,control_book,0,18.0,female,Ireland,Ireland,1,3.0,1,347739,100,1,44.0,2.0,2.0,1.0,1.0,2.0,1.0,2.0,2.0,1.0,2.0,3.0,3.0,1.0,3.0,2.0,2.0,2.0,1.0,2.0,3.0,5.0,3.0,5.0,2.0,3.0,4.0,3.0,4.0,4.0,4.0,5.0,4.0,5.0,2.0,3.0,4.0,2.0,3.0,2.0,4.0,2.0,2.0,3.0,3.25
R_3CAZp9X9uHSFS2H,macq,body_scan,1,21.0,female,Australia,United Kingdom,1,3.0,1,1240,100,1,28.0,4.0,1.0,1.0,1.0,4.0,1.0,1.0,4.0,1.0,3.0,2.0,1.0,1.0,1.0,4.0,4.0,1.0,1.0,3.0,3.0,7.0,3.0,7.0,2.0,3.0,2.0,2.0,5.0,5.0,4.0,5.0,5.0,5.0,1.0,2.0,4.0,1.0,3.0,2.0,1.0,3.0,2.0,1.0,2.9
R_2SuDwq8iZSBowVY,quee,body_scan,1,18.0,female,Australia,Viet Nam,0,2.0,1,1371,100,1,27.0,4.0,4.0,1.0,1.0,3.0,1.0,1.0,3.0,1.0,4.0,2.0,1.0,1.0,1.0,4.0,3.0,1.0,1.0,3.0,3.0,7.0,3.0,5.0,3.0,2.0,2.0,5.0,4.0,4.0,2.0,4.0,4.0,5.0,4.0,4.0,4.0,1.0,4.0,2.0,4.0,1.0,2.0,5.0,3.3
R_1hxSRXZNgAiB8bq,lime,body_scan,1,19.0,male,Ireland,United Kingdom,1,3.0,1,1283,100,1,51.0,2.0,2.0,2.0,2.0,2.0,2.0,2.0,2.0,3.0,2.0,2.0,3.0,2.0,2.0,3.0,2.0,2.0,3.0,2.0,3.0,6.0,5.0,7.0,2.0,3.0,2.0,3.0,3.0,4.0,3.0,4.0,3.0,1.0,3.0,2.0,2.0,2.0,3.0,2.0,3.0,2.0,3.0,2.0,2.6
R_2YDS5y1Q0feeefw,iowa,body_scan,1,18.0,female,United States,United States,1,3.0,1,1324,100,1,37.0,3.0,3.0,1.0,1.0,3.0,2.0,2.0,3.0,1.0,3.0,3.0,3.0,1.0,2.0,3.0,3.0,2.0,2.0,3.0,3.0,6.0,4.0,6.0,4.0,1.0,2.0,4.0,2.0,4.0,4.0,4.0,3.0,5.0,2.0,4.0,4.0,4.0,4.0,4.0,4.0,4.0,4.0,4.0,3.55
R_1hLSCgQuy5LQ6lb,olaf,body_scan,1,19.0,female,United States,United States,1,3.0,1,1377,100,1,44.0,2.0,3.0,2.0,3.0,3.0,3.0,2.0,3.0,1.0,2.0,3.0,2.0,1.0,2.0,2.0,3.0,2.0,2.0,2.0,3.0,7.0,3.0,6.0,3.0,2.0,2.0,2.0,2.0,2.0,2.0,2.0,2.0,4.0,4.0,4.0,2.0,3.0,4.0,4.0,4.0,3.0,4.0,3.0,2.9
R_33riWTqb7vtWWxz,spri,body_scan,1,19.0,male,United States,United States,1,3.0,1,1141,100,1,35.0,3.0,2.0,1.0,1.0,3.0,1.0,2.0,3.0,1.0,3.0,2.0,1.0,1.0,1.0,3.0,4.0,2.0,2.0,2.0,3.0,6.0,2.0,5.0,4.0,3.0,4.0,3.0,4.0,5.0,2.0,4.0,5.0,5.0,2.0,3.0,2.0,2.0,3.0,2.0,4.0,2.0,3.0,4.0,3.3
R_2vjJnfZnr2mZcQF,lime,body_scan,1,18.0,male,Ireland,Ireland,1,3.0,1,1222,100,1,28.0,3.0,4.0,1.0,2.0,4.0,1.0,2.0,3.0,1.0,4.0,4.0,1.0,1.0,2.0,4.0,3.0,1.0,2.0,3.0,4.0,9.0,5.0,6.0,3.0,1.0,1.0,3.0,4.0,3.0,4.0,3.0,1.0,3.0,1.0,5.0,3.0,4.0,5.0,5.0,2.0,3.0,4.0,2.0,3.0
R_2c2sEET5KQFwSf0,suny,body_scan,1,20.0,female,United States,United States,1,3.0,1,1264,100,1,24.0,4.0,4.0,1.0,4.0,4.0,1.0,1.0,4.0,1.0,4.0,4.0,1.0,2.0,1.0,4.0,4.0,1.0,1.0,4.0,4.0,9.0,6.0,8.0,2.0,1.0,1.0,2.0,2.0,3.0,1.0,4.0,2.0,2.0,1.0,5.0,2.0,2.0,3.0,3.0,2.0,2.0,3.0,2.0,2.25
R_1IEI45oSrGg6w78,idah,body_scan,1,18.0,female,United States,United States,1,3.0,1,1292,100,1,22.0,4.0,4.0,1.0,1.0,4.0,1.0,1.0,4.0,1.0,4.0,4.0,1.0,1.0,2.0,4.0,4.0,1.0,1.0,3.0,4.0,9.0,1.0,8.0,1.0,2.0,1.0,1.0,4.0,1.0,2.0,4.0,1.0,4.0,5.0,5.0,2.0,4.0,4.0,5.0,2.0,4.0,4.0,5.0,3.05
R_10ZYHkO4etSvKYX,macq,body_scan,1,45.0,female,Australia,Australia,1,3.0,1,1502,100,1,22.0,4.0,4.0,1.0,1.0,4.0,1.0,1.0,4.0,1.0,4.0,3.0,1.0,1.0,1.0,4.0,4.0,1.0,1.0,3.0,4.0,8.0,5.0,8.0,2.0,2.0,2.0,2.0,4.0,4.0,4.0,4.0,3.0,4.0,4.0,4.0,2.0,2.0,4.0,4.0,4.0,4.0,4.0,4.0,3.35
R_1LqBx3FYXEnrloL,iowa,body_scan,1,20.0,female,United States,United States,1,3.0,1,1100,100,1,31.0,3.0,2.0,1.0,1.0,3.0,1.0,2.0,3.0,1.0,3.0,3.0,1.0,1.0,1.0,3.0,4.0,1.0,1.0,2.0,4.0,7.0,4.0,7.0,3.0,3.0,2.0,2.0,3.0,4.0,2.0,4.0,3.0,4.0,4.0,2.0,4.0,3.0,4.0,4.0,2.0,3.0,3.0,3.0,3.1
R_2PuotnwAROWtLVu,glen,body_scan,1,21.0,male,United States,United States,1,3.0,1,3244,100,1,35.0,3.0,3.0,2.0,1.0,3.0,1.0,1.0,3.0,1.0,3.0,2.0,1.0,1.0,1.0,3.0,2.0,1.0,2.0,3.0,2.0,7.0,3.0,5.0,4.0,2.0,3.0,1.0,4.0,4.0,2.0,4.0,4.0,5.0,3.0,2.0,2.0,2.0,2.0,4.0,1.0,4.0,4.0,2.0,2.95
R_3ER3yh2y5R4afCL,idah,body_scan,1,19.0,female,United States,United States,1,3.0,1,1474,100,1,37.0,4.0,2.0,1.0,2.0,4.0,1.0,2.0,2.0,1.0,3.0,2.0,1.0,2.0,2.0,4.0,3.0,2.0,2.0,3.0,2.0,7.0,2.0,3.0,3.0,4.0,3.0,3.0,2.0,4.0,3.0,3.0,3.0,4.0,2.0,3.0,3.0,3.0,2.0,2.0,3.0,4.0,3.0,3.0,3.0
R_3L7OKTCosnYAnbL,indi,body_scan,1,19.0,female,United States,United States,1,2.0,1,1116,100,1,24.0,4.0,1.0,1.0,1.0,4.0,1.0,1.0,4.0,1.0,4.0,3.0,1.0,1.0,1.0,4.0,4.0,1.0,1.0,4.0,4.0,8.0,8.0,4.0,3.0,1.0,2.0,3.0,4.0,4.0,4.0,4.0,4.0,5.0,2.0,4.0,2.0,2.0,4.0,4.0,2.0,2.0,3.0,4.0,3.15
R_yCRRW5IiCwBCH0B,cali,body_scan,1,22.0,self_describe,United States,United States,1,3.0,1,1578,100,1,39.0,4.0,3.0,2.0,4.0,4.0,1.0,4.0,3.0,1.0,4.0,1.0,1.0,1.0,3.0,4.0,1.0,1.0,1.0,3.0,3.0,6.0,5.0,4.0,2.0,5.0,4.0,2.0,1.0,5.0,2.0,2.0,5.0,5.0,2.0,2.0,5.0,1.0,1.0,2.0,5.0,5.0,4.0,5.0,3.25
R_1OTRzFQLtHD2see,iowa,loving_kindness,1,18.0,male,United States,United States,1,3.0,1,1009,100,1,37.0,3.0,3.0,1.0,1.0,3.0,1.0,3.0,3.0,2.0,3.0,3.0,2.0,1.0,2.0,4.0,3.0,3.0,2.0,3.0,3.0,6.0,1.0,9.0,1.0,1.0,1.0,1.0,1.0,1.0,1.0,1.0,1.0,1.0,5.0,5.0,5.0,5.0,5.0,5.0,5.0,1.0,5.0,5.0,2.8
R_1rfxPMXzSPrJHER,spri,body_scan,1,20.0,male,United States,United States,1,3.0,1,1529,100,1,36.0,4.0,3.0,2.0,1.0,3.0,1.0,3.0,3.0,1.0,3.0,2.0,1.0,1.0,2.0,3.0,3.0,2.0,1.0,2.0,3.0,6.0,3.0,6.0,4.0,2.0,4.0,1.0,1.0,2.0,1.0,4.0,2.0,2.0,2.0,4.0,3.0,1.0,4.0,4.0,5.0,4.0,4.0,5.0,2.95
R_2D1RZeK9Aa4epxw,seeb,control_book,0,36.0,female,Austria,Austria,0,2.0,1,1517,100,1,32.0,3.0,3.0,1.0,2.0,3.0,1.0,1.0,3.0,1.0,2.0,3.0,1.0,1.0,1.0,3.0,3.0,1.0,1.0,3.0,3.0,8.0,2.0,8.0,1.0,3.0,2.0,2.0,2.0,2.0,2.0,2.0,2.0,2.0,5.0,3.0,4.0,2.0,3.0,3.0,4.0,4.0,3.0,4.0,2.75
R_3erbNI2EKqdBxmJ,newf,mindful_breathing,1,31.0,female,Canada,Canada,1,3.0,1,1367,100,1,24.0,4.0,4.0,1.0,3.0,4.0,1.0,1.0,4.0,1.0,4.0,4.0,1.0,2.0,1.0,4.0,4.0,1.0,1.0,3.0,4.0,9.0,2.0,8.0,2.0,1.0,2.0,2.0,2.0,4.0,2.0,2.0,3.0,2.0,4.0,4.0,4.0,4.0,4.0,4.0,4.0,4.0,4.0,5.0,3.15
R_3fcVw6oJbcEcTUk,fras,body_scan,1,20.0,male,Canada,Vietnam,1,3.0,1,1183,100,1,45.0,3.0,2.0,2.0,2.0,3.0,4.0,4.0,3.0,1.0,2.0,3.0,2.0,2.0,4.0,4.0,4.0,2.0,2.0,3.0,3.0,8.0,6.0,9.0,2.0,2.0,2.0,3.0,3.0,3.0,2.0,2.0,2.0,4.0,3.0,4.0,3.0,4.0,5.0,4.0,3.0,2.0,5.0,5.0,3.15
R_2WNfOG5dYirVjaK,olaf,control_book,0,19.0,female,United States,United States,1,3.0,1,1448,100,1,33.0,3.0,3.0,1.0,2.0,3.0,1.0,1.0,2.0,1.0,3.0,3.0,1.0,1.0,1.0,3.0,2.0,1.0,1.0,3.0,3.0,7.0,4.0,5.0,1.0,2.0,1.0,4.0,3.0,3.0,2.0,4.0,4.0,4.0,4.0,4.0,2.0,2.0,3.0,3.0,3.0,4.0,4.0,5.0,3.1
R_3DpPWORvBZ9q6Dn,olaf,body_scan,1,19.0,female,United States,United States,1,3.0,1,1668,100,1,29.0,3.0,3.0,1.0,1.0,3.0,1.0,2.0,3.0,1.0,4.0,3.0,1.0,1.0,2.0,4.0,4.0,2.0,1.0,4.0,3.0,6.0,2.0,7.0,2.0,2.0,2.0,1.0,2.0,4.0,2.0,4.0,4.0,5.0,4.0,4.0,2.0,2.0,3.0,4.0,4.0,4.0,3.0,4.0,3.1
R_30iZoZ9gGqO9NKT,idah,loving_kindness,1,33.0,female,United States,United States,1,3.0,1,1870,100,1,34.0,3.0,2.0,1.0,1.0,2.0,1.0,1.0,2.0,1.0,3.0,2.0,1.0,1.0,1.0,3.0,3.0,1.0,1.0,3.0,3.0,5.0,7.0,6.0,2.0,1.0,1.0,1.0,4.0,5.0,1.0,5.0,3.0,5.0,1.0,5.0,1.0,4.0,4.0,2.0,2.0,4.0,4.0,2.0,2.85
R_ZzasQ19rZqIqJX3,quee,loving_kindness,1,18.0,female,Australia,Australia,1,3.0,1,1197,100,1,34.0,4.0,3.0,1.0,1.0,3.0,1.0,2.0,3.0,1.0,2.0,2.0,1.0,1.0,2.0,3.0,3.0,2.0,1.0,3.0,3.0,8.0,3.0,5.0,4.0,4.0,4.0,5.0,4.0,5.0,4.0,5.0,3.0,5.0,2.0,2.0,2.0,2.0,4.0,1.0,2.0,2.0,2.0,1.0,3.15
R_10VpdnCnghLeOxC,macq,body_scan,1,18.0,male,Australia,Australia,1,3.0,1,1095,100,1,37.0,3.0,3.0,2.0,1.0,3.0,1.0,2.0,2.0,1.0,3.0,1.0,1.0,1.0,3.0,3.0,3.0,2.0,1.0,4.0,3.0,6.0,6.0,7.0,4.0,4.0,4.0,2.0,2.0,4.0,2.0,5.0,4.0,5.0,2.0,1.0,2.0,2.0,3.0,2.0,2.0,1.0,4.0,3.0,2.9
R_3mkLGsXOuMpzjEG,macq,mindful_breathing,1,18.0,female,Australia,Australia,1,3.0,1,1095,100,1,28.0,4.0,3.0,1.0,1.0,3.0,2.0,1.0,3.0,1.0,4.0,3.0,1.0,1.0,1.0,4.0,3.0,1.0,1.0,3.0,3.0,8.0,5.0,6.0,4.0,4.0,4.0,4.0,4.0,4.0,3.0,5.0,4.0,4.0,3.0,3.0,2.0,3.0,3.0,3.0,2.0,3.0,4.0,4.0,3.5
R_21G3qDYkjB6sWXP,quee,control_book,0,18.0,female,Australia,Romania,1,3.0,1,1228,100,1,36.0,3.0,2.0,1.0,1.0,4.0,1.0,1.0,2.0,1.0,3.0,2.0,1.0,1.0,3.0,3.0,3.0,2.0,3.0,4.0,3.0,7.0,5.0,6.0,5.0,4.0,4.0,2.0,4.0,4.0,2.0,5.0,4.0,4.0,1.0,2.0,2.0,3.0,2.0,3.0,5.0,2.0,2.0,5.0,3.25
R_3frE0NSNrEndO9P,macq,mindful_breathing,1,18.0,female,Australia,Australia,1,3.0,1,1407,100,1,54.0,2.0,1.0,2.0,1.0,2.0,1.0,4.0,1.0,1.0,1.0,1.0,3.0,1.0,2.0,2.0,2.0,2.0,1.0,1.0,1.0,5.0,5.0,4.0,4.0,5.0,5.0,3.0,5.0,4.0,4.0,5.0,4.0,4.0,2.0,2.0,1.0,2.0,2.0,2.0,3.0,2.0,3.0,2.0,3.2
R_2QPR0C64Uh4ieiY,quee,loving_kindness,1,19.0,female,Australia,Australia,1,3.0,1,1222,100,1,37.0,3.0,2.0,1.0,1.0,3.0,2.0,2.0,3.0,1.0,4.0,2.0,1.0,1.0,2.0,3.0,2.0,2.0,2.0,3.0,3.0,7.0,2.0,6.0,3.0,3.0,4.0,3.0,5.0,5.0,4.0,5.0,3.0,5.0,3.0,2.0,3.0,2.0,2.0,2.0,4.0,2.0,2.0,4.0,3.3
R_12u9bBw7qRzgJMS,quee,control_book,0,19.0,male,Australia,Australia,1,3.0,1,1187,100,1,40.0,3.0,2.0,2.0,1.0,2.0,2.0,2.0,3.0,1.0,3.0,4.0,3.0,2.0,1.0,3.0,3.0,2.0,3.0,2.0,4.0,6.0,5.0,6.0,1.0,1.0,2.0,2.0,2.0,4.0,2.0,2.0,2.0,4.0,3.0,4.0,4.0,4.0,5.0,3.0,2.0,2.0,4.0,3.0,2.8
R_125CKLRApzJGKAt,macq,loving_kindness,1,19.0,male,Australia,Australia,1,3.0,1,2306,100,1,21.0,4.0,4.0,1.0,1.0,4.0,1.0,1.0,4.0,1.0,4.0,4.0,1.0,1.0,1.0,4.0,4.0,1.0,1.0,4.0,3.0,8.0,4.0,7.0,1.0,1.0,1.0,1.0,1.0,2.0,1.0,1.0,1.0,1.0,5.0,5.0,3.0,4.0,4.0,5.0,3.0,4.0,5.0,4.0,2.65
R_3CZosNvZazd3HMU,jose,mindful_breathing,1,18.0,male,United States,United States,1,3.0,1,1479,100,1,35.0,3.0,2.0,1.0,2.0,3.0,1.0,1.0,3.0,1.0,3.0,3.0,1.0,1.0,1.0,3.0,2.0,1.0,2.0,2.0,3.0,7.0,3.0,5.0,3.0,4.0,4.0,4.0,4.0,4.0,4.0,3.0,4.0,4.0,2.0,4.0,4.0,3.0,3.0,3.0,2.0,4.0,2.0,2.0,3.35
R_3MDKykuAHite3KL,macq,control_book,0,20.0,female,Australia,Australia,1,3.0,1,1385,100,1,23.0,4.0,4.0,1.0,1.0,3.0,1.0,1.0,4.0,1.0,4.0,3.0,1.0,1.0,1.0,4.0,4.0,1.0,2.0,4.0,4.0,6.0,3.0,7.0,2.0,2.0,1.0,4.0,2.0,2.0,1.0,3.0,1.0,1.0,1.0,4.0,4.0,2.0,4.0,4.0,4.0,2.0,2.0,2.0,2.4
R_1Dvdn1EourocOEA,macq,loving_kindness,1,21.0,female,Australia,Australia,1,3.0,1,1232,100,1,36.0,3.0,2.0,1.0,1.0,4.0,1.0,1.0,2.0,1.0,3.0,1.0,1.0,1.0,2.0,3.0,2.0,1.0,2.0,3.0,3.0,6.0,4.0,5.0,4.0,4.0,2.0,3.0,5.0,5.0,4.0,4.0,4.0,5.0,2.0,2.0,2.0,2.0,1.0,2.0,3.0,2.0,1.0,4.0,3.05
R_3kdm9cQOmBGRs7k,suny,body_scan,1,20.0,female,United States,United States,1,3.0,1,1261,100,1,32.0,4.0,3.0,1.0,1.0,2.0,1.0,2.0,3.0,1.0,3.0,3.0,1.0,2.0,1.0,3.0,3.0,1.0,1.0,3.0,3.0,5.0,4.0,6.0,4.0,1.0,3.0,3.0,4.0,4.0,4.0,5.0,5.0,1.0,4.0,4.0,1.0,1.0,3.0,2.0,4.0,1.0,4.0,2.0,3.0
R_10VEAgPo9zRWEnx,macq,loving_kindness,1,18.0,female,Australia,Australia,1,2.0,1,1173,100,1,34.0,4.0,2.0,2.0,1.0,3.0,1.0,2.0,4.0,1.0,4.0,3.0,1.0,2.0,3.0,3.0,3.0,2.0,2.0,3.0,4.0,7.0,4.0,7.0,2.0,1.0,1.0,2.0,3.0,3.0,1.0,4.0,2.0,3.0,2.0,4.0,3.0,3.0,4.0,3.0,2.0,2.0,3.0,2.0,2.5
R_1JPFdkXOseMuGYy,macq,body_scan,1,32.0,male,Australia,Australia,1,2.0,1,1509,100,1,30.0,3.0,4.0,1.0,1.0,3.0,1.0,1.0,3.0,1.0,2.0,3.0,1.0,1.0,1.0,4.0,3.0,1.0,1.0,2.0,3.0,8.0,1.0,6.0,2.0,1.0,2.0,1.0,1.0,3.0,1.0,2.0,3.0,4.0,4.0,4.0,4.0,4.0,3.0,5.0,4.0,4.0,4.0,4.0,3.0
R_1dtrsDnqsg7KcLW,macq,control_book,0,19.0,female,Australia,South Africa,1,3.0,1,1204,100,1,33.0,3.0,2.0,1.0,1.0,4.0,1.0,2.0,3.0,1.0,3.0,3.0,1.0,1.0,1.0,3.0,2.0,2.0,1.0,3.0,3.0,7.0,4.0,6.0,4.0,2.0,4.0,4.0,5.0,4.0,2.0,5.0,5.0,5.0,2.0,4.0,1.0,1.0,4.0,2.0,2.0,1.0,1.0,2.0,3.0
R_3nAgujpKT0xyIk8,macq,control_book,0,22.0,male,Australia,Australia,1,3.0,1,1472,100,1,35.0,3.0,4.0,1.0,3.0,3.0,1.0,1.0,2.0,1.0,4.0,3.0,1.0,1.0,1.0,3.0,2.0,1.0,3.0,3.0,2.0,7.0,5.0,8.0,2.0,2.0,2.0,2.0,2.0,5.0,4.0,4.0,3.0,4.0,2.0,2.0,1.0,2.0,2.0,2.0,2.0,2.0,4.0,4.0,2.65
R_3fdfVmyLiNKm4UA,macq,body_scan,1,18.0,female,Austral,Australia,1,3.0,1,983,100,1,40.0,4.0,3.0,1.0,3.0,3.0,3.0,2.0,4.0,1.0,4.0,2.0,2.0,3.0,2.0,4.0,4.0,2.0,2.0,1.0,2.0,6.0,6.0,6.0,4.0,4.0,2.0,3.0,2.0,3.0,2.0,4.0,2.0,2.0,3.0,2.0,4.0,3.0,2.0,3.0,3.0,3.0,2.0,2.0,2.75
R_Y9qIROCiOBXB2ZX,macq,mindful_breathing,1,21.0,female,Australia,Australia,1,3.0,1,1152,100,1,28.0,3.0,3.0,1.0,1.0,4.0,1.0,1.0,4.0,1.0,3.0,3.0,1.0,1.0,2.0,4.0,3.0,1.0,2.0,3.0,4.0,8.0,4.0,7.0,2.0,2.0,2.0,4.0,2.0,3.0,1.0,3.0,3.0,3.0,2.0,4.0,3.0,3.0,3.0,4.0,3.0,4.0,4.0,5.0,3.0
R_3e03LjLHnIATdZL,macq,loving_kindness,1,18.0,female,Australia,Australia,1,3.0,1,1173,100,1,32.0,3.0,3.0,1.0,1.0,4.0,1.0,1.0,4.0,1.0,3.0,2.0,2.0,1.0,1.0,3.0,2.0,2.0,2.0,3.0,4.0,7.0,3.0,5.0,2.0,4.0,2.0,3.0,5.0,4.0,2.0,5.0,4.0,4.0,3.0,2.0,2.0,2.0,2.0,1.0,3.0,2.0,2.0,3.0,2.85
R_2EasC5Np6fkYHL4,idah,loving_kindness,1,21.0,female,United States,United States,1,3.0,1,1302,100,1,37.0,4.0,3.0,3.0,2.0,4.0,1.0,2.0,2.0,1.0,3.0,2.0,1.0,1.0,3.0,3.0,3.0,1.0,1.0,3.0,2.0,7.0,4.0,6.0,2.0,3.0,2.0,2.0,2.0,2.0,3.0,4.0,2.0,4.0,4.0,1.0,1.0,4.0,3.0,4.0,2.0,2.0,2.0,5.0,2.7
R_1N2n7oNy4hHdWxF,idah,mindful_breathing,1,18.0,female,Unites States,United States,1,2.0,1,3212,100,1,31.0,4.0,4.0,4.0,4.0,4.0,1.0,3.0,4.0,1.0,4.0,4.0,4.0,1.0,1.0,4.0,4.0,1.0,1.0,4.0,4.0,9.0,1.0,7.0,1.0,1.0,1.0,4.0,4.0,5.0,4.0,4.0,4.0,5.0,1.0,5.0,2.0,4.0,5.0,4.0,4.0,5.0,5.0,5.0,3.65
R_3D0wOqrVrjgZAAN,macq,body_scan,1,18.0,female,Australia,Australia,1,3.0,1,2271,100,1,26.0,4.0,3.0,1.0,1.0,4.0,1.0,2.0,4.0,1.0,4.0,2.0,1.0,1.0,2.0,4.0,4.0,1.0,1.0,3.0,4.0,8.0,3.0,7.0,2.0,2.0,1.0,3.0,3.0,4.0,4.0,5.0,5.0,5.0,4.0,4.0,4.0,2.0,4.0,4.0,5.0,4.0,2.0,4.0,3.55
R_2aDpAM6y7GJ9n0t,quee,control_book,0,20.0,female,Australia,Australia,1,3.0,1,2337,100,1,40.0,3.0,1.0,1.0,1.0,3.0,1.0,3.0,3.0,1.0,3.0,3.0,2.0,2.0,4.0,3.0,3.0,1.0,2.0,3.0,3.0,4.0,7.0,7.0,4.0,2.0,1.0,2.0,2.0,2.0,2.0,4.0,4.0,2.0,4.0,4.0,2.0,5.0,4.0,4.0,2.0,4.0,2.0,2.0,2.9
R_VJsiZ0DnLfRtmX7,idah,body_scan,1,22.0,female,United States,Australia,1,3.0,1,1298,100,1,22.0,4.0,4.0,1.0,1.0,4.0,1.0,1.0,4.0,1.0,4.0,3.0,1.0,1.0,2.0,4.0,4.0,1.0,1.0,4.0,4.0,7.0,5.0,7.0,2.0,4.0,2.0,2.0,2.0,3.0,2.0,2.0,2.0,4.0,3.0,2.0,4.0,2.0,2.0,2.0,2.0,4.0,4.0,4.0,2.7
R_3qKI1Osa6syZZxl,aust,control_book,0,22.0,female,Australia,Australia,1,3.0,1,1315,100,1,38.0,2.0,3.0,2.0,1.0,2.0,1.0,3.0,2.0,1.0,3.0,3.0,2.0,1.0,1.0,3.0,3.0,1.0,2.0,3.0,3.0,7.0,5.0,6.0,1.0,1.0,1.0,2.0,2.0,1.0,2.0,3.0,1.0,4.0,4.0,4.0,2.0,4.0,4.0,4.0,5.0,4.0,4.0,5.0,2.9
R_ALkqZvPSGga3TmV,quee,mindful_breathing,1,18.0,male,Australia,Hong Kong,0,2.0,1,1559,100,1,40.0,2.0,1.0,1.0,1.0,3.0,1.0,1.0,2.0,1.0,2.0,3.0,1.0,2.0,1.0,2.0,3.0,2.0,2.0,3.0,2.0,7.0,1.0,7.0,2.0,1.0,4.0,5.0,4.0,3.0,1.0,5.0,2.0,4.0,2.0,4.0,5.0,1.0,5.0,4.0,2.0,3.0,2.0,2.0,3.05
R_23X2cNukWJbV2hE,macq,mindful_breathing,1,18.0,female,Australia,Australia,1,3.0,1,1158,100,1,61.0,2.0,2.0,4.0,4.0,2.0,2.0,3.0,1.0,1.0,2.0,2.0,3.0,4.0,4.0,1.0,2.0,2.0,1.0,2.0,1.0,4.0,8.0,5.0,5.0,5.0,5.0,3.0,5.0,4.0,4.0,5.0,4.0,5.0,5.0,1.0,5.0,2.0,1.0,2.0,4.0,1.0,4.0,5.0,3.75
R_1CC1E13Ii5cJA2J,glen,loving_kindness,1,20.0,female,United States,United States,0,2.0,1,1984,100,1,35.0,3.0,2.0,1.0,1.0,3.0,1.0,2.0,2.0,1.0,3.0,2.0,1.0,1.0,2.0,4.0,2.0,1.0,1.0,3.0,3.0,7.0,2.0,5.0,2.0,2.0,3.0,3.0,4.0,4.0,3.0,5.0,4.0,5.0,4.0,4.0,2.0,2.0,4.0,2.0,4.0,2.0,4.0,4.0,3.35
R_WpWtYJjLPugxStr,macq,body_scan,1,44.0,female,Australia,Australia,1,2.0,1,1348,100,1,28.0,4.0,3.0,1.0,1.0,4.0,1.0,1.0,3.0,1.0,3.0,2.0,1.0,1.0,1.0,3.0,4.0,1.0,1.0,3.0,3.0,8.0,2.0,7.0,4.0,4.0,4.0,3.0,2.0,3.0,3.0,3.0,3.0,4.0,2.0,2.0,4.0,4.0,2.0,4.0,4.0,4.0,3.0,4.0,3.3
R_3p9EreXIt9jylUb,kons,loving_kindness,1,18.0,female,Germany,Germany,0,2.0,1,1362,100,1,27.0,4.0,4.0,1.0,1.0,4.0,1.0,1.0,4.0,1.0,3.0,3.0,2.0,2.0,1.0,4.0,3.0,1.0,2.0,3.0,4.0,8.0,6.0,6.0,2.0,1.0,2.0,2.0,2.0,3.0,4.0,3.0,4.0,4.0,4.0,4.0,4.0,2.0,4.0,4.0,4.0,4.0,4.0,4.0,3.25
R_3hoJ3rrktcBrUwB,quee,control_book,0,19.0,male,Australia,Australia,1,3.0,1,1950,100,1,34.0,3.0,3.0,1.0,1.0,3.0,1.0,1.0,2.0,3.0,3.0,3.0,1.0,1.0,1.0,4.0,3.0,2.0,2.0,3.0,3.0,7.0,2.0,5.0,2.0,3.0,2.0,5.0,5.0,4.0,4.0,4.0,4.0,5.0,4.0,2.0,3.0,3.0,4.0,2.0,4.0,3.0,2.0,2.0,3.35
R_1Fm0BTdO9CJOzNl,quee,body_scan,1,18.0,female,Australia,South Korea,0,2.0,1,1224,100,1,38.0,3.0,3.0,3.0,2.0,3.0,2.0,2.0,3.0,2.0,4.0,4.0,2.0,2.0,2.0,3.0,3.0,2.0,2.0,3.0,4.0,7.0,6.0,7.0,4.0,1.0,4.0,4.0,4.0,4.0,4.0,4.0,4.0,5.0,4.0,4.0,2.0,2.0,5.0,4.0,2.0,3.0,4.0,3.0,3.55
R_25vEpYUUewxq2yy,quee,mindful_breathing,1,18.0,female,Australia,South Africa,1,3.0,1,1188,100,1,31.0,4.0,2.0,1.0,1.0,3.0,1.0,1.0,2.0,1.0,4.0,2.0,1.0,1.0,1.0,3.0,3.0,1.0,1.0,3.0,3.0,7.0,1.0,4.0,4.0,4.0,2.0,5.0,5.0,5.0,1.0,5.0,2.0,5.0,2.0,4.0,3.0,2.0,3.0,1.0,4.0,1.0,5.0,5.0,3.4
R_DqaaWHXlF4nreut,macq,mindful_breathing,1,18.0,female,Australia,Australia,1,3.0,1,1014,100,1,37.0,3.0,2.0,2.0,2.0,2.0,2.0,2.0,3.0,1.0,3.0,3.0,1.0,2.0,2.0,4.0,3.0,1.0,1.0,3.0,3.0,8.0,5.0,7.0,2.0,2.0,2.0,3.0,3.0,2.0,2.0,2.0,2.0,3.0,2.0,4.0,4.0,4.0,4.0,4.0,2.0,4.0,4.0,4.0,2.95
R_6YIF3RawlksMDZf,wurz,loving_kindness,1,21.0,female,Germany,Germany,0,2.0,1,1446,100,1,41.0,3.0,2.0,2.0,2.0,3.0,1.0,3.0,3.0,2.0,3.0,3.0,2.0,2.0,2.0,3.0,3.0,2.0,1.0,2.0,3.0,7.0,4.0,6.0,2.0,1.0,2.0,2.0,3.0,4.0,2.0,3.0,3.0,4.0,4.0,4.0,3.0,3.0,4.0,3.0,3.0,4.0,3.0,4.0,3.05
R_25K1Etxpm3BVep3,quee,control_book,0,22.0,male,Australia,Singapore,1,3.0,1,1306,100,1,30.0,4.0,4.0,1.0,1.0,4.0,1.0,4.0,4.0,1.0,4.0,4.0,1.0,1.0,4.0,4.0,4.0,1.0,4.0,4.0,3.0,9.0,8.0,5.0,1.0,1.0,1.0,2.0,1.0,1.0,2.0,1.0,4.0,2.0,5.0,5.0,5.0,5.0,5.0,5.0,5.0,5.0,4.0,2.0,3.1
R_3DtL5ahHmeOfBt8,wurz,body_scan,1,20.0,female,Germany,Germany,0,2.0,1,1525,100,1,34.0,4.0,2.0,3.0,1.0,4.0,1.0,2.0,2.0,1.0,3.0,3.0,2.0,1.0,1.0,3.0,3.0,2.0,1.0,4.0,3.0,7.0,3.0,6.0,1.0,2.0,1.0,1.0,1.0,2.0,2.0,2.0,2.0,2.0,4.0,4.0,4.0,5.0,4.0,3.0,4.0,5.0,4.0,5.0,2.9
R_yIOJ9nt6olWrDb3,macq,control_book,0,18.0,female,Australia,Australia,1,3.0,1,1203,100,1,21.0,4.0,4.0,1.0,1.0,4.0,1.0,1.0,4.0,1.0,4.0,3.0,1.0,1.0,1.0,4.0,4.0,1.0,1.0,4.0,4.0,7.0,2.0,6.0,2.0,4.0,2.0,4.0,4.0,4.0,5.0,4.0,4.0,4.0,4.0,4.0,1.0,4.0,4.0,4.0,2.0,1.0,4.0,4.0,3.45
R_1JLLDegn3R5DStJ,wurz,loving_kindness,1,19.0,female,Germany,Germany,0,2.0,1,1493,100,1,27.0,4.0,4.0,2.0,1.0,4.0,1.0,1.0,3.0,1.0,3.0,3.0,1.0,1.0,1.0,3.0,4.0,1.0,2.0,4.0,3.0,7.0,3.0,6.0,4.0,3.0,2.0,3.0,2.0,3.0,2.0,2.0,2.0,3.0,3.0,4.0,3.0,4.0,2.0,4.0,3.0,3.0,4.0,4.0,3.0
R_2CjMlJmvPT3uFPt,wurz,body_scan,1,23.0,male,Germany,Germany,0,2.0,1,1628,100,1,28.0,4.0,4.0,2.0,1.0,2.0,1.0,1.0,3.0,1.0,4.0,4.0,2.0,2.0,2.0,4.0,4.0,1.0,1.0,3.0,4.0,8.0,5.0,7.0,3.0,2.0,3.0,4.0,2.0,4.0,2.0,1.0,2.0,3.0,3.0,4.0,1.0,4.0,4.0,4.0,3.0,4.0,5.0,4.0,3.1
R_1LZ1Ntv9f60VjIn,macq,mindful_breathing,1,21.0,female,Australia,Australia,1,3.0,1,1389,100,1,38.0,3.0,3.0,2.0,1.0,2.0,1.0,2.0,3.0,1.0,3.0,2.0,1.0,1.0,1.0,2.0,2.0,2.0,1.0,3.0,2.0,7.0,6.0,6.0,3.0,4.0,4.0,4.0,5.0,4.0,4.0,5.0,4.0,5.0,4.0,2.0,2.0,3.0,3.0,1.0,4.0,4.0,3.0,4.0,3.6
R_3n7BB9vnaUjKJj8,radb,body_scan,1,19.0,female,Netherlands,Netherlands,0,2.0,1,1392,100,1,39.0,3.0,2.0,1.0,1.0,3.0,1.0,1.0,2.0,1.0,3.0,1.0,2.0,1.0,2.0,3.0,2.0,2.0,1.0,2.0,3.0,6.0,5.0,7.0,4.0,4.0,4.0,4.0,4.0,5.0,3.0,5.0,4.0,5.0,2.0,2.0,1.0,4.0,2.0,2.0,2.0,2.0,4.0,3.0,3.3
R_1KsaFW51b3uG75q,radb,loving_kindness,1,20.0,female,Netherlands,Netherlands,0,2.0,1,1507,100,1,22.0,4.0,4.0,1.0,1.0,4.0,1.0,1.0,4.0,1.0,4.0,3.0,1.0,1.0,1.0,4.0,4.0,1.0,2.0,4.0,4.0,8.0,1.0,9.0,2.0,1.0,2.0,4.0,1.0,4.0,5.0,3.0,4.0,2.0,3.0,4.0,1.0,2.0,4.0,2.0,5.0,5.0,4.0,5.0,3.15
R_AL5J79hQFRIoZ3z,ryer,control_book,0,22.0,male,Canada,Canada,1,3.0,1,1087,100,1,40.0,2.0,2.0,1.0,3.0,2.0,1.0,1.0,2.0,1.0,2.0,2.0,1.0,1.0,1.0,2.0,3.0,1.0,1.0,3.0,2.0,7.0,5.0,6.0,2.0,2.0,3.0,2.0,3.0,4.0,1.0,3.0,4.0,5.0,1.0,1.0,2.0,4.0,4.0,2.0,1.0,4.0,4.0,2.0,2.7
R_3HXnjNEiGViKxj1,quee,mindful_breathing,1,18.0,female,Aus,Hong Kong,0,2.0,1,1128,100,1,41.0,4.0,3.0,1.0,3.0,2.0,1.0,3.0,3.0,1.0,3.0,3.0,2.0,3.0,2.0,3.0,2.0,2.0,2.0,2.0,4.0,7.0,5.0,5.0,1.0,4.0,4.0,2.0,2.0,2.0,2.0,2.0,2.0,2.0,3.0,4.0,4.0,4.0,5.0,3.0,4.0,4.0,4.0,4.0,3.1
R_323oyWADZ3fK9bC,spri,loving_kindness,1,19.0,female,United States,United States,1,3.0,1,1239,100,1,47.0,2.0,2.0,2.0,1.0,2.0,2.0,3.0,2.0,1.0,2.0,2.0,2.0,1.0,1.0,2.0,3.0,4.0,1.0,2.0,2.0,5.0,6.0,5.0,3.0,2.0,2.0,3.0,3.0,3.0,3.0,3.0,3.0,5.0,3.0,3.0,3.0,3.0,3.0,3.0,3.0,3.0,2.0,3.0,2.95
R_DcU0V757lFZYpXP,radb,body_scan,1,19.0,female,Netherlands,Netherlands,0,2.0,1,1662,100,1,34.0,3.0,3.0,2.0,1.0,3.0,1.0,2.0,2.0,1.0,3.0,3.0,1.0,2.0,1.0,3.0,3.0,1.0,1.0,3.0,3.0,7.0,3.0,7.0,2.0,1.0,2.0,2.0,2.0,2.0,3.0,2.0,2.0,2.0,4.0,4.0,2.0,3.0,4.0,4.0,2.0,4.0,4.0,4.0,2.75
R_uyqxdwOXkXv8MbT,quee,control_book,0,18.0,female,Australia,Taiwan,0,3.0,1,1625,100,1,27.0,4.0,4.0,1.0,2.0,4.0,1.0,1.0,4.0,1.0,4.0,3.0,2.0,2.0,1.0,4.0,4.0,2.0,1.0,3.0,3.0,7.0,3.0,7.0,2.0,1.0,1.0,3.0,4.0,2.0,2.0,5.0,2.0,5.0,3.0,5.0,2.0,2.0,4.0,2.0,3.0,2.0,4.0,3.0,2.85
R_2YGri2ny1kk4mli,indi,loving_kindness,1,19.0,female,United States,United States,1,2.0,1,1073,100,1,36.0,2.0,2.0,1.0,1.0,2.0,1.0,1.0,1.0,1.0,3.0,4.0,1.0,1.0,1.0,2.0,3.0,1.0,1.0,3.0,2.0,8.0,2.0,7.0,2.0,1.0,2.0,3.0,3.0,2.0,2.0,3.0,1.0,4.0,3.0,5.0,3.0,3.0,5.0,3.0,1.0,4.0,4.0,5.0,2.95
R_SZP526uS6qWHpv3,quee,mindful_breathing,1,19.0,female,Australia,Australia,1,3.0,1,32819,100,1,47.0,2.0,2.0,2.0,2.0,3.0,1.0,2.0,2.0,1.0,2.0,1.0,1.0,1.0,2.0,2.0,2.0,1.0,3.0,1.0,2.0,5.0,5.0,5.0,4.0,3.0,4.0,2.0,4.0,4.0,3.0,4.0,4.0,4.0,2.0,2.0,4.0,3.0,3.0,4.0,4.0,2.0,3.0,3.0,3.3
R_1DHKCVvl5OB3gIY,suny,body_scan,1,19.0,female,United States,United States,1,3.0,1,53771,100,1,30.0,4.0,4.0,2.0,1.0,2.0,1.0,1.0,3.0,1.0,4.0,2.0,1.0,1.0,1.0,4.0,3.0,1.0,1.0,2.0,3.0,7.0,2.0,7.0,4.0,2.0,4.0,2.0,4.0,4.0,2.0,4.0,5.0,5.0,4.0,4.0,2.0,2.0,4.0,4.0,4.0,4.0,3.0,2.0,3.45
R_2f7N3A1oLxQtT4V,illi,loving_kindness,1,18.0,female,United States,United States,1,2.0,1,1387,100,1,50.0,2.0,2.0,2.0,2.0,2.0,2.0,2.0,2.0,2.0,2.0,2.0,2.0,1.0,2.0,2.0,2.0,2.0,2.0,1.0,2.0,5.0,6.0,5.0,4.0,3.0,4.0,1.0,4.0,4.0,3.0,4.0,4.0,4.0,2.0,3.0,5.0,1.0,3.0,1.0,4.0,2.0,2.0,4.0,3.1
R_1pQmKEWEd6gOK7U,quee,control_book,0,19.0,female,Australia,South Korea,0,3.0,1,1170,100,1,40.0,4.0,2.0,1.0,2.0,3.0,1.0,1.0,2.0,1.0,2.0,3.0,1.0,2.0,2.0,3.0,2.0,2.0,3.0,3.0,2.0,4.0,1.0,2.0,4.0,3.0,2.0,4.0,3.0,3.0,2.0,4.0,2.0,4.0,2.0,4.0,1.0,2.0,4.0,2.0,2.0,1.0,2.0,4.0,2.75
R_1LciGRcJKmu1ral,spri,body_scan,1,19.0,female,United States,United States,1,3.0,1,1131,100,1,31.0,3.0,3.0,1.0,2.0,4.0,1.0,2.0,3.0,1.0,3.0,3.0,1.0,1.0,2.0,4.0,3.0,1.0,1.0,3.0,3.0,7.0,4.0,6.0,3.0,2.0,3.0,4.0,2.0,4.0,1.0,4.0,4.0,3.0,2.0,4.0,4.0,3.0,4.0,3.0,3.0,4.0,3.0,4.0,3.2
R_tYb3PhaysXudBjH,ryer,mindful_breathing,1,20.0,female,Canada,United States,1,2.0,1,1358,100,1,41.0,2.0,2.0,1.0,1.0,2.0,1.0,1.0,2.0,1.0,2.0,1.0,1.0,1.0,1.0,2.0,2.0,1.0,1.0,2.0,2.0,7.0,4.0,4.0,4.0,2.0,4.0,5.0,5.0,4.0,2.0,4.0,4.0,5.0,2.0,4.0,1.0,2.0,2.0,2.0,2.0,2.0,3.0,2.0,3.05
R_1dbrI7gwM2UT9dz,jose,control_book,0,19.0,female,United States,United States,0,3.0,1,1853,100,1,32.0,3.0,2.0,1.0,1.0,3.0,1.0,1.0,3.0,1.0,3.0,3.0,1.0,1.0,1.0,3.0,3.0,2.0,1.0,3.0,3.0,6.0,2.0,6.0,2.0,1.0,2.0,2.0,2.0,2.0,2.0,2.0,2.0,3.0,4.0,5.0,4.0,4.0,4.0,4.0,4.0,4.0,4.0,4.0,3.05
R_1IlOgLV9RS5PXPV,jose,control_book,0,19.0,female,United States,United States,1,3.0,1,1140,100,1,34.0,3.0,3.0,1.0,1.0,2.0,1.0,1.0,2.0,1.0,3.0,3.0,1.0,1.0,1.0,3.0,3.0,1.0,3.0,3.0,3.0,7.0,3.0,8.0,2.0,2.0,2.0,2.0,2.0,3.0,2.0,4.0,3.0,4.0,3.0,4.0,3.0,4.0,4.0,4.0,3.0,4.0,4.0,4.0,3.15
R_3j7mPgkBqU5qEbz,macq,mindful_breathing,1,29.0,female,Australia,Australia,1,3.0,1,1640,100,1,48.0,2.0,2.0,2.0,1.0,2.0,1.0,3.0,1.0,1.0,2.0,2.0,2.0,2.0,1.0,2.0,1.0,2.0,1.0,2.0,2.0,7.0,5.0,3.0,1.0,5.0,4.0,4.0,2.0,5.0,2.0,4.0,5.0,5.0,2.0,2.0,2.0,1.0,1.0,1.0,5.0,4.0,4.0,4.0,3.15
R_1g8yXfnAAWCw5CG,cali,control_book,0,18.0,female,United States,United States,1,2.0,1,1442,100,1,34.0,3.0,4.0,2.0,1.0,2.0,1.0,1.0,4.0,1.0,2.0,3.0,1.0,2.0,2.0,2.0,4.0,1.0,1.0,2.0,3.0,7.0,5.0,3.0,2.0,2.0,2.0,5.0,2.0,4.0,4.0,5.0,4.0,5.0,2.0,4.0,4.0,2.0,4.0,1.0,5.0,4.0,5.0,5.0,3.55
R_1Nhr3lH33pnUFT6,utah,control_book,0,19.0,male,United States,United States,1,3.0,1,1161,100,1,65.0,1.0,2.0,3.0,2.0,1.0,3.0,4.0,2.0,4.0,2.0,1.0,3.0,3.0,2.0,2.0,2.0,4.0,3.0,2.0,1.0,3.0,5.0,4.0,4.0,4.0,4.0,4.0,5.0,4.0,4.0,5.0,5.0,5.0,1.0,4.0,2.0,2.0,2.0,2.0,2.0,2.0,2.0,2.0,3.25
R_Thf6Q3yfVdjKeqd,illi,mindful_breathing,1,19.0,female,United States,United States,1,2.0,1,1433,100,1,35.0,3.0,2.0,1.0,1.0,3.0,1.0,1.0,3.0,1.0,3.0,2.0,1.0,1.0,2.0,3.0,3.0,1.0,2.0,2.0,3.0,7.0,3.0,5.0,3.0,3.0,3.0,4.0,4.0,4.0,4.0,5.0,4.0,4.0,3.0,4.0,4.0,2.0,3.0,2.0,4.0,2.0,2.0,3.0,3.35
R_2QAvdLc161D3iy7,macq,control_book,0,42.0,female,Australia,United Kingdom,1,3.0,1,1293,100,1,29.0,3.0,3.0,1.0,1.0,3.0,1.0,1.0,3.0,1.0,4.0,2.0,1.0,1.0,1.0,4.0,3.0,1.0,1.0,3.0,3.0,6.0,5.0,4.0,2.0,3.0,2.0,2.0,2.0,2.0,1.0,3.0,2.0,4.0,4.0,2.0,2.0,3.0,2.0,4.0,4.0,4.0,4.0,4.0,2.8
R_2Vq3aJZeJcr4nIB,quee,mindful_breathing,1,26.0,female,Australia,Hong Kong,0,2.0,1,1275,100,1,45.0,3.0,2.0,2.0,2.0,2.0,1.0,2.0,2.0,1.0,2.0,2.0,1.0,2.0,2.0,2.0,2.0,1.0,1.0,1.0,2.0,7.0,5.0,4.0,3.0,3.0,3.0,4.0,4.0,4.0,4.0,4.0,4.0,4.0,3.0,3.0,2.0,2.0,2.0,2.0,2.0,2.0,2.0,4.0,3.05
R_1LZGSVKVtSTIAdD,quee,control_book,0,18.0,male,Australia,Hong Kong,0,2.0,1,1111,100,1,35.0,3.0,3.0,1.0,1.0,2.0,1.0,1.0,3.0,1.0,2.0,2.0,1.0,1.0,1.0,3.0,2.0,1.0,1.0,3.0,2.0,6.0,2.0,5.0,3.0,1.0,3.0,3.0,4.0,3.0,4.0,3.0,3.0,4.0,3.0,4.0,2.0,2.0,4.0,4.0,2.0,2.0,2.0,4.0,3.0
R_xlriSWkKV7VpJLP,loyo,mindful_breathing,1,19.0,female,United States,United States,1,2.0,1,1214,100,1,36.0,3.0,3.0,1.0,1.0,2.0,1.0,2.0,3.0,1.0,3.0,3.0,3.0,1.0,1.0,3.0,3.0,2.0,1.0,2.0,3.0,7.0,4.0,6.0,2.0,2.0,2.0,2.0,4.0,2.0,4.0,4.0,4.0,4.0,2.0,4.0,2.0,2.0,4.0,2.0,3.0,2.0,4.0,5.0,3.0
R_3DuRuJiAlFsgn1I,utah,mindful_breathing,1,19.0,female,United States,Mexico,1,3.0,1,1306,100,1,27.0,3.0,4.0,1.0,2.0,4.0,1.0,1.0,3.0,1.0,3.0,4.0,1.0,1.0,2.0,3.0,4.0,1.0,1.0,3.0,4.0,8.0,2.0,7.0,2.0,3.0,3.0,3.0,4.0,4.0,5.0,5.0,4.0,4.0,3.0,4.0,2.0,3.0,3.0,2.0,4.0,2.0,2.0,3.0,3.25
R_301yZm0hgfKSjMg,cali,control_book,0,22.0,female,United States,United States,1,2.0,1,1523,100,1,41.0,3.0,2.0,2.0,1.0,2.0,1.0,1.0,3.0,1.0,2.0,2.0,1.0,1.0,3.0,2.0,3.0,1.0,2.0,2.0,2.0,5.0,5.0,8.0,4.0,4.0,2.0,2.0,2.0,4.0,2.0,4.0,4.0,4.0,4.0,4.0,2.0,4.0,4.0,4.0,4.0,4.0,5.0,5.0,3.6
R_2TGnaTHF4TPTdWp,macq,mindful_breathing,1,22.0,self_describe,Australia,Australia,1,3.0,1,1280,100,1,22.0,4.0,4.0,1.0,2.0,4.0,1.0,1.0,4.0,1.0,4.0,4.0,1.0,1.0,2.0,4.0,4.0,1.0,1.0,4.0,4.0,5.0,5.0,5.0,1.0,1.0,1.0,1.0,1.0,4.0,1.0,4.0,1.0,4.0,5.0,5.0,2.0,2.0,5.0,5.0,5.0,4.0,5.0,5.0,3.1
R_3R8B0qiPX1NpAPn,witt,control_book,0,20.0,male,United States,United States,1,2.0,1,1369,100,1,41.0,3.0,3.0,1.0,1.0,3.0,1.0,2.0,2.0,1.0,2.0,3.0,2.0,3.0,2.0,2.0,3.0,2.0,1.0,2.0,2.0,8.0,5.0,7.0,3.0,1.0,2.0,1.0,2.0,2.0,2.0,4.0,2.0,4.0,3.0,1.0,2.0,3.0,4.0,4.0,3.0,4.0,4.0,4.0,2.75
R_3psWA4pAi3ryZvi,macq,mindful_breathing,1,19.0,female,Australia,Australia,1,3.0,1,1218,100,1,36.0,2.0,2.0,1.0,1.0,3.0,1.0,1.0,2.0,1.0,3.0,2.0,1.0,1.0,1.0,3.0,3.0,1.0,1.0,2.0,2.0,7.0,2.0,9.0,4.0,3.0,4.0,4.0,4.0,4.0,3.0,4.0,4.0,4.0,2.0,3.0,3.0,2.0,2.0,2.0,2.0,3.0,2.0,2.0,3.05
R_32LUntJDiIXKxuz,macq,control_book,0,25.0,female,Australia,Australia,1,3.0,1,1234,100,1,50.0,2.0,3.0,3.0,3.0,2.0,1.0,3.0,2.0,1.0,2.0,2.0,1.0,2.0,2.0,2.0,2.0,3.0,3.0,3.0,2.0,5.0,3.0,5.0,3.0,4.0,4.0,1.0,3.0,4.0,3.0,3.0,4.0,4.0,3.0,4.0,2.0,2.0,3.0,3.0,3.0,4.0,4.0,4.0,3.25
R_1OxZfWSPonoRAuB,witt,mindful_breathing,1,20.0,male,United States,United States,1,2.0,1,1568,100,1,40.0,2.0,3.0,1.0,1.0,1.0,1.0,1.0,2.0,1.0,2.0,3.0,1.0,1.0,2.0,2.0,2.0,1.0,1.0,2.0,2.0,7.0,3.0,7.0,3.0,2.0,2.0,3.0,2.0,4.0,2.0,4.0,2.0,4.0,2.0,4.0,3.0,2.0,4.0,3.0,2.0,3.0,4.0,3.0,2.9
R_pA9bDFqbTbaCAaB,illi,control_book,0,18.0,female,United States,United Sates,1,3.0,1,5455,100,1,22.0,4.0,4.0,1.0,1.0,4.0,1.0,1.0,3.0,1.0,4.0,4.0,1.0,1.0,1.0,4.0,3.0,1.0,1.0,4.0,4.0,8.0,1.0,9.0,1.0,1.0,1.0,1.0,1.0,1.0,1.0,4.0,1.0,1.0,2.0,5.0,5.0,5.0,5.0,5.0,5.0,5.0,5.0,5.0,3.0
R_1JDixsFnLjGvlXh,macq,control_book,0,19.0,female,Australia,Australia,0,3.0,1,1282,100,1,38.0,4.0,3.0,1.0,2.0,3.0,1.0,3.0,2.0,1.0,3.0,1.0,2.0,2.0,2.0,3.0,4.0,2.0,2.0,3.0,4.0,7.0,3.0,5.0,1.0,4.0,1.0,2.0,2.0,4.0,3.0,4.0,3.0,4.0,2.0,5.0,4.0,5.0,5.0,4.0,1.0,5.0,5.0,4.0,3.4
R_qQ8AG2lOlHAoyLD,macq,mindful_breathing,1,18.0,female,Australia,Australia,1,3.0,1,1594,100,1,27.0,3.0,4.0,1.0,1.0,4.0,1.0,1.0,3.0,1.0,3.0,4.0,2.0,1.0,2.0,4.0,3.0,1.0,1.0,3.0,4.0,7.0,4.0,9.0,1.0,4.0,1.0,1.0,1.0,3.0,2.0,2.0,5.0,4.0,3.0,5.0,2.0,2.0,4.0,4.0,2.0,2.0,3.0,4.0,2.75
R_3dScOoKNtMA9Gbs,macq,control_book,0,19.0,female,Australia,Singapore,1,3.0,1,3483,100,1,61.0,1.0,1.0,3.0,2.0,1.0,2.0,1.0,1.0,1.0,2.0,1.0,3.0,4.0,2.0,1.0,1.0,2.0,2.0,1.0,1.0,6.0,5.0,2.0,5.0,5.0,4.0,5.0,4.0,5.0,4.0,5.0,5.0,5.0,4.0,1.0,1.0,1.0,2.0,1.0,1.0,1.0,1.0,1.0,3.05
R_2SBsqQ83ZH3EAOy,macq,control_book,0,17.0,female,Australia.,Australia.,0,3.0,1,1196,100,1,44.0,2.0,2.0,1.0,1.0,2.0,1.0,1.0,1.0,1.0,2.0,1.0,1.0,1.0,1.0,2.0,1.0,1.0,1.0,1.0,2.0,5.0,3.0,7.0,4.0,5.0,3.0,1.0,1.0,5.0,2.0,4.0,3.0,5.0,2.0,3.0,2.0,2.0,1.0,3.0,2.0,2.0,4.0,2.0,2.8
R_swkprqlqO3pFsvn,quee,mindful_breathing,1,19.0,female,Australia,Egypt,1,3.0,1,1086,100,1,62.0,2.0,2.0,3.0,3.0,2.0,3.0,3.0,2.0,2.0,2.0,2.0,3.0,4.0,4.0,2.0,2.0,4.0,3.0,2.0,2.0,4.0,5.0,6.0,4.0,4.0,2.0,4.0,5.0,3.0,2.0,5.0,3.0,4.0,2.0,3.0,2.0,2.0,3.0,2.0,2.0,2.0,1.0,2.0,2.85
R_Z1qAU8lN3Jn3pFD,macq,mindful_breathing,1,18.0,female,Australia,Philippines,1,3.0,1,1235,100,1,40.0,3.0,2.0,2.0,2.0,3.0,2.0,2.0,2.0,1.0,3.0,2.0,1.0,2.0,2.0,3.0,3.0,2.0,1.0,3.0,3.0,6.0,4.0,3.0,4.0,4.0,3.0,4.0,4.0,3.0,3.0,4.0,4.0,4.0,2.0,4.0,2.0,2.0,3.0,3.0,2.0,2.0,2.0,3.0,3.1
R_3KDv9yG5f2nqQlk,macq,control_book,0,18.0,female,Australia,Australia,1,3.0,1,1142,100,1,41.0,3.0,2.0,2.0,1.0,3.0,2.0,1.0,3.0,1.0,2.0,2.0,3.0,1.0,4.0,3.0,3.0,2.0,2.0,4.0,3.0,6.0,2.0,7.0,2.0,2.0,3.0,2.0,1.0,1.0,2.0,1.0,4.0,2.0,3.0,2.0,2.0,2.0,3.0,2.0,2.0,1.0,2.0,2.0,2.05
R_10OElq7ueeTYVGG,wurz,mindful_breathing,1,20.0,female,Germany,Germany,0,2.0,1,1336,100,1,32.0,4.0,3.0,1.0,2.0,4.0,1.0,2.0,3.0,1.0,3.0,3.0,1.0,2.0,1.0,3.0,3.0,1.0,1.0,2.0,3.0,7.0,4.0,5.0,2.0,2.0,2.0,3.0,4.0,4.0,4.0,4.0,3.0,4.0,4.0,4.0,2.0,1.0,4.0,2.0,3.0,2.0,2.0,3.0,2.95
R_3rTKTTHA28vaij3,kons,control_book,0,19.0,female,Germany,Germany,0,2.0,1,1082,100,1,31.0,3.0,3.0,1.0,1.0,3.0,1.0,1.0,2.0,1.0,3.0,3.0,1.0,1.0,1.0,3.0,3.0,1.0,1.0,3.0,3.0,8.0,2.0,8.0,2.0,2.0,2.0,1.0,2.0,2.0,2.0,2.0,2.0,3.0,4.0,4.0,4.0,3.0,4.0,4.0,5.0,4.0,4.0,4.0,3.0
R_2rvhVs77VKfDe19,newf,control_book,0,22.0,female,Canada,Canada,1,3.0,1,1155,100,1,44.0,2.0,2.0,2.0,3.0,2.0,1.0,3.0,3.0,1.0,3.0,2.0,3.0,2.0,2.0,3.0,3.0,1.0,2.0,2.0,4.0,6.0,3.0,3.0,4.0,4.0,3.0,2.0,4.0,5.0,3.0,4.0,3.0,4.0,2.0,3.0,4.0,3.0,3.0,3.0,5.0,4.0,5.0,4.0,3.6
R_2y3F6YEtAyTSq4G,kons,control_book,0,20.0,female,Germany,Germany,0,2.0,1,1222,100,1,48.0,2.0,2.0,2.0,2.0,3.0,1.0,2.0,2.0,2.0,2.0,2.0,2.0,2.0,2.0,2.0,2.0,2.0,2.0,2.0,2.0,5.0,5.0,4.0,3.0,3.0,2.0,1.0,3.0,4.0,4.0,3.0,4.0,4.0,3.0,4.0,4.0,3.0,2.0,3.0,2.0,4.0,4.0,5.0,3.25
R_2t5aW0jqiEzLPCo,macq,mindful_breathing,1,21.0,female,Australia,Australia,1,3.0,1,1541,100,1,23.0,4.0,4.0,1.0,1.0,4.0,1.0,1.0,4.0,1.0,3.0,4.0,1.0,1.0,1.0,4.0,3.0,1.0,1.0,4.0,3.0,9.0,4.0,8.0,1.0,1.0,2.0,2.0,2.0,3.0,1.0,3.0,1.0,2.0,4.0,5.0,4.0,4.0,5.0,4.0,3.0,4.0,5.0,2.0,2.9
R_27EbjKbfSBrjDCx,witt,control_book,0,19.0,female,United States,United States,1,3.0,1,1838,100,1,47.0,3.0,2.0,1.0,3.0,2.0,3.0,3.0,2.0,2.0,2.0,2.0,1.0,1.0,3.0,3.0,3.0,3.0,1.0,3.0,2.0,6.0,3.0,7.0,3.0,2.0,2.0,4.0,2.0,4.0,2.0,3.0,4.0,4.0,3.0,5.0,3.0,2.0,4.0,5.0,2.0,3.0,4.0,4.0,3.25
R_3s1FsCBZl99kII5,newf,mindful_breathing,1,20.0,male,Canada,Canada,1,3.0,1,1101,100,1,52.0,2.0,2.0,2.0,3.0,2.0,2.0,3.0,3.0,3.0,3.0,2.0,2.0,2.0,3.0,2.0,2.0,3.0,1.0,2.0,2.0,4.0,6.0,2.0,4.0,4.0,5.0,4.0,2.0,5.0,4.0,4.0,5.0,5.0,2.0,3.0,2.0,2.0,2.0,4.0,4.0,2.0,4.0,4.0,3.55
R_6WLS4xzLj9jjJBf,iowa,mindful_breathing,1,21.0,female,United States,United States,1,3.0,1,1231,100,1,30.0,3.0,3.0,1.0,1.0,4.0,1.0,1.0,2.0,1.0,3.0,3.0,2.0,1.0,1.0,4.0,3.0,2.0,1.0,4.0,3.0,7.0,3.0,5.0,4.0,3.0,2.0,3.0,3.0,3.0,4.0,4.0,4.0,4.0,3.0,4.0,2.0,2.0,4.0,2.0,2.0,2.0,2.0,2.0,2.95
R_3Mg91yKUEkuxSSB,cali,control_book,0,42.0,female,United States,United States,1,3.0,1,1428,100,1,34.0,3.0,4.0,3.0,2.0,3.0,1.0,2.0,3.0,1.0,3.0,3.0,2.0,2.0,1.0,2.0,4.0,2.0,1.0,4.0,4.0,7.0,3.0,5.0,2.0,1.0,2.0,2.0,1.0,2.0,2.0,2.0,1.0,4.0,4.0,4.0,2.0,2.0,4.0,4.0,5.0,2.0,5.0,5.0,2.8
R_1CvHyzEtWWyx6pV,newf,mindful_breathing,1,21.0,female,Canada,Canada,1,3.0,1,1980,100,1,37.0,3.0,2.0,1.0,1.0,2.0,1.0,1.0,2.0,1.0,3.0,1.0,1.0,1.0,1.0,3.0,3.0,1.0,1.0,2.0,2.0,7.0,2.0,5.0,4.0,4.0,4.0,3.0,4.0,3.0,1.0,4.0,3.0,5.0,3.0,3.0,2.0,2.0,2.0,4.0,3.0,2.0,4.0,4.0,3.2
R_1n3jEzSxFHSQD3b,loyo,control_book,0,19.0,female,United States,United States,1,3.0,1,1321,100,1,40.0,3.0,3.0,1.0,1.0,2.0,1.0,3.0,3.0,1.0,3.0,3.0,2.0,1.0,2.0,2.0,3.0,1.0,2.0,1.0,2.0,6.0,4.0,3.0,1.0,1.0,3.0,1.0,4.0,2.0,1.0,4.0,2.0,4.0,5.0,5.0,4.0,3.0,5.0,4.0,4.0,4.0,1.0,3.0,3.05
R_RCyiPbF0FHucNGx,gold,control_book,0,40.0,male,,,0,2.0,1,1359,100,1,60.0,1.0,1.0,3.0,2.0,1.0,3.0,2.0,2.0,3.0,1.0,2.0,3.0,3.0,2.0,3.0,1.0,3.0,2.0,2.0,2.0,4.0,5.0,3.0,2.0,4.0,4.0,4.0,2.0,4.0,4.0,4.0,4.0,2.0,2.0,4.0,4.0,3.0,2.0,2.0,2.0,3.0,2.0,3.0,3.05
R_2uxLqU7zWy0UUgk,gold,mindful_breathing,1,28.0,male,United Kingdom,United Kingdom,0,2.0,1,1583,100,1,59.0,2.0,1.0,2.0,2.0,2.0,3.0,4.0,2.0,3.0,2.0,2.0,2.0,4.0,4.0,3.0,3.0,3.0,3.0,2.0,2.0,6.0,8.0,1.0,2.0,2.0,2.0,3.0,2.0,4.0,2.0,4.0,4.0,4.0,4.0,4.0,3.0,3.0,3.0,3.0,2.0,3.0,3.0,2.0,2.95
R_XTZHNeQkCkPNPgt,gold,mindful_breathing,1,22.0,male,United Kingdom,United Kingdom,,2.0,1,1683,100,1,58.0,1.0,2.0,2.0,2.0,1.0,2.0,3.0,1.0,1.0,1.0,2.0,3.0,2.0,2.0,1.0,2.0,2.0,3.0,2.0,1.0,5.0,4.0,5.0,2.0,5.0,2.0,2.0,4.0,3.0,3.0,2.0,4.0,4.0,2.0,4.0,2.0,2.0,2.0,3.0,4.0,4.0,5.0,4.0,3.15
R_1mCxRLRVGS5I8kE,gold,control_book,0,32.0,female,United Kingdom,United Kingdom,1,3.0,1,1625,100,1,57.0,1.0,2.0,2.0,2.0,2.0,2.0,3.0,2.0,3.0,2.0,3.0,2.0,3.0,2.0,1.0,2.0,2.0,3.0,1.0,1.0,6.0,6.0,5.0,4.0,1.0,3.0,3.0,2.0,2.0,1.0,2.0,3.0,3.0,3.0,4.0,3.0,2.0,2.0,2.0,2.0,3.0,4.0,2.0,2.55
R_1n0eYV2RDcyUPPX,gold,mindful_breathing,1,21.0,prefer_not_say,United Kingdom,United Kingdom,1,3.0,1,2010,100,1,70.0,1.0,2.0,3.0,4.0,1.0,3.0,4.0,2.0,2.0,1.0,1.0,4.0,4.0,4.0,2.0,2.0,2.0,4.0,1.0,1.0,3.0,9.0,1.0,5.0,4.0,2.0,4.0,5.0,5.0,3.0,5.0,5.0,5.0,1.0,2.0,3.0,2.0,1.0,3.0,3.0,3.0,3.0,2.0,3.3
R_vqvOOXbRHIeB6Zr,suny,control_book,0,19.0,female,United States,United States,1,2.0,1,1256,100,1,23.0,4.0,4.0,1.0,1.0,3.0,1.0,1.0,4.0,1.0,4.0,3.0,1.0,1.0,1.0,4.0,4.0,1.0,1.0,3.0,4.0,8.0,2.0,8.0,1.0,2.0,2.0,1.0,1.0,4.0,2.0,3.0,1.0,4.0,1.0,4.0,2.0,3.0,4.0,3.0,1.0,4.0,3.0,2.0,2.4
R_xlvJWScHHNZsMQ9,gold,mindful_breathing,1,31.0,male,London,United Kingdom,0,2.0,1,1402,100,1,31.0,3.0,3.0,1.0,2.0,3.0,2.0,1.0,3.0,1.0,3.0,4.0,1.0,1.0,1.0,3.0,3.0,2.0,1.0,3.0,4.0,8.0,3.0,7.0,2.0,2.0,2.0,2.0,2.0,4.0,2.0,2.0,2.0,2.0,4.0,4.0,2.0,3.0,4.0,4.0,4.0,4.0,4.0,4.0,2.95
R_3gT8u4EiCEsj5rP,gold,control_book,0,,female,,,1,3.0,1,1499,100,1,47.0,2.0,2.0,3.0,2.0,2.0,1.0,2.0,2.0,1.0,3.0,2.0,2.0,1.0,2.0,2.0,2.0,2.0,2.0,2.0,2.0,5.0,5.0,5.0,1.0,1.0,4.0,4.0,1.0,4.0,1.0,5.0,1.0,4.0,4.0,5.0,4.0,5.0,5.0,5.0,4.0,4.0,4.0,4.0,3.5
R_3HYrhgzPOqdwkXy,suny,mindful_breathing,1,18.0,female,United States,United States,1,3.0,1,1148,100,1,56.0,2.0,3.0,3.0,2.0,2.0,1.0,3.0,3.0,2.0,2.0,3.0,4.0,3.0,4.0,1.0,2.0,4.0,2.0,1.0,3.0,6.0,9.0,2.0,2.0,1.0,1.0,2.0,5.0,5.0,4.0,5.0,5.0,5.0,3.0,4.0,1.0,1.0,5.0,1.0,3.0,2.0,1.0,4.0,3.0
R_1P76YV1xtCOmbj5,utah,control_book,0,19.0,female,United States,United States,1,3.0,1,1216,100,1,43.0,2.0,2.0,2.0,1.0,2.0,1.0,1.0,2.0,1.0,2.0,1.0,2.0,1.0,1.0,2.0,2.0,2.0,1.0,2.0,3.0,7.0,7.0,5.0,2.0,2.0,2.0,3.0,2.0,4.0,3.0,4.0,3.0,2.0,2.0,4.0,2.0,2.0,3.0,2.0,2.0,2.0,4.0,4.0,2.7
R_qDBjd4IJ9CCsuDn,loyo,control_book,0,20.0,female,United States,United States,1,3.0,1,1337,100,1,36.0,4.0,3.0,1.0,2.0,3.0,1.0,3.0,2.0,1.0,3.0,2.0,2.0,1.0,3.0,4.0,3.0,1.0,3.0,4.0,4.0,7.0,5.0,7.0,2.0,1.0,2.0,4.0,4.0,5.0,4.0,5.0,4.0,5.0,4.0,4.0,2.0,2.0,3.0,2.0,4.0,2.0,4.0,4.0,3.35
R_3iF4ZElxADBCDhk,radb,mindful_breathing,1,19.0,female,Netherlands,Netherlands,0,2.0,1,1317,100,1,59.0,1.0,3.0,3.0,3.0,2.0,3.0,4.0,2.0,3.0,2.0,2.0,3.0,3.0,3.0,2.0,2.0,2.0,2.0,2.0,2.0,6.0,5.0,6.0,2.0,1.0,2.0,2.0,2.0,2.0,1.0,4.0,2.0,4.0,2.0,4.0,2.0,3.0,3.0,4.0,5.0,3.0,3.0,3.0,2.7
R_2zhYdunERmRARA8,gold,control_book,0,35.0,prefer_not_say,,,1,3.0,1,1510,100,1,36.0,3.0,2.0,1.0,2.0,3.0,1.0,2.0,3.0,1.0,3.0,3.0,2.0,1.0,1.0,2.0,3.0,2.0,1.0,3.0,3.0,7.0,4.0,5.0,2.0,2.0,3.0,2.0,2.0,4.0,3.0,4.0,4.0,4.0,3.0,2.0,3.0,3.0,3.0,4.0,3.0,3.0,3.0,3.0,3.0
R_2Yts8CD9wFoCKdx,iowa,control_book,0,19.0,female,United States,United States,1,3.0,1,1288,100,1,40.0,3.0,2.0,2.0,1.0,3.0,1.0,1.0,2.0,1.0,3.0,2.0,2.0,1.0,2.0,3.0,2.0,2.0,3.0,3.0,3.0,6.0,3.0,6.0,4.0,2.0,4.0,2.0,2.0,4.0,2.0,4.0,3.0,4.0,2.0,4.0,2.0,4.0,4.0,4.0,4.0,2.0,2.0,3.0,3.1
R_10Mdo0LNVDuTuQI,gold,mindful_breathing,1,34.0,female,,,1,3.0,1,2229,100,1,54.0,1.0,2.0,2.0,2.0,1.0,3.0,2.0,2.0,1.0,2.0,2.0,3.0,1.0,2.0,1.0,2.0,2.0,2.0,2.0,1.0,5.0,5.0,6.0,2.0,3.0,2.0,2.0,2.0,4.0,2.0,2.0,3.0,2.0,4.0,4.0,4.0,3.0,2.0,3.0,4.0,4.0,4.0,3.0,2.95
R_1HkP1aipaJoA7ms,fras,mindful_breathing,1,25.0,female,Canada,Canada,1,3.0,1,1734,100,1,21.0,4.0,4.0,1.0,1.0,4.0,1.0,1.0,4.0,1.0,4.0,3.0,1.0,1.0,1.0,4.0,4.0,1.0,1.0,4.0,4.0,8.0,1.0,7.0,3.0,1.0,3.0,4.0,2.0,4.0,4.0,4.0,4.0,4.0,2.0,4.0,1.0,2.0,4.0,2.0,4.0,2.0,4.0,4.0,3.1
R_eCIiSB0Mp2MFClr,gold,mindful_breathing,1,33.0,female,,,0,2.0,1,1188,100,1,50.0,2.0,1.0,2.0,1.0,2.0,2.0,2.0,2.0,1.0,2.0,1.0,3.0,1.0,2.0,2.0,2.0,2.0,2.0,2.0,2.0,4.0,6.0,5.0,2.0,3.0,2.0,2.0,2.0,3.0,3.0,3.0,4.0,3.0,4.0,4.0,3.0,3.0,3.0,3.0,4.0,4.0,4.0,3.0,3.1
R_1KjsNvsCF1xhArD,gold,control_book,0,,male,United Kingdom,,,3.0,1,1207,100,1,38.0,3.0,2.0,1.0,2.0,3.0,1.0,2.0,3.0,2.0,3.0,2.0,1.0,1.0,1.0,3.0,2.0,2.0,1.0,2.0,3.0,6.0,3.0,7.0,4.0,2.0,2.0,2.0,2.0,3.0,3.0,4.0,3.0,4.0,2.0,4.0,3.0,4.0,4.0,4.0,4.0,4.0,3.0,1.0,3.1
R_3FXlCgHaDbUbXdC,newf,mindful_breathing,1,34.0,male,Canada,Canada,1,3.0,1,1525,100,1,36.0,4.0,2.0,1.0,2.0,3.0,1.0,1.0,1.0,1.0,3.0,1.0,1.0,2.0,2.0,4.0,3.0,1.0,2.0,4.0,3.0,6.0,3.0,5.0,4.0,5.0,4.0,3.0,3.0,5.0,2.0,4.0,3.0,3.0,2.0,3.0,3.0,3.0,1.0,4.0,5.0,2.0,2.0,4.0,3.25
R_3PAYl4UN0mS0TCb,spri,mindful_breathing,1,18.0,male,United States,United States,1,3.0,1,1067,100,1,27.0,4.0,3.0,1.0,1.0,3.0,1.0,1.0,3.0,1.0,3.0,3.0,1.0,1.0,1.0,4.0,3.0,1.0,1.0,3.0,4.0,8.0,2.0,9.0,3.0,2.0,3.0,3.0,2.0,2.0,2.0,3.0,2.0,3.0,3.0,3.0,2.0,3.0,4.0,4.0,3.0,3.0,3.0,3.0,2.8
R_78TZdrQiGxnpGIF,iowa,mindful_breathing,1,18.0,male,United States,United States,1,3.0,1,1208,100,1,32.0,4.0,3.0,1.0,1.0,3.0,1.0,1.0,2.0,1.0,3.0,2.0,1.0,2.0,1.0,3.0,3.0,1.0,1.0,3.0,3.0,7.0,4.0,5.0,3.0,3.0,3.0,3.0,4.0,4.0,4.0,5.0,4.0,4.0,2.0,3.0,4.0,2.0,3.0,2.0,3.0,3.0,2.0,5.0,3.3
R_2ZNWvTI6BVLC6ft,loyo,control_book,0,19.0,female,United States,United States,1,3.0,1,1423,100,1,34.0,4.0,3.0,1.0,2.0,3.0,1.0,1.0,3.0,1.0,4.0,2.0,1.0,1.0,2.0,2.0,3.0,2.0,3.0,4.0,3.0,7.0,4.0,8.0,2.0,2.0,2.0,2.0,2.0,4.0,1.0,4.0,4.0,4.0,3.0,4.0,2.0,2.0,4.0,2.0,4.0,2.0,4.0,2.0,2.8
R_2CdXAk6Jq2irq11,witt,control_book,0,19.0,male,United States,United States,1,3.0,1,1334,100,1,40.0,3.0,2.0,2.0,2.0,3.0,1.0,2.0,2.0,1.0,3.0,4.0,1.0,3.0,1.0,3.0,3.0,1.0,4.0,2.0,3.0,5.0,4.0,3.0,2.0,1.0,1.0,3.0,1.0,3.0,3.0,3.0,2.0,3.0,2.0,5.0,2.0,4.0,5.0,4.0,4.0,2.0,4.0,3.0,2.85
R_3Jxt3uzBGhviygf,jose,mindful_breathing,1,19.0,female,United States,United States,1,3.0,1,1588,100,1,22.0,4.0,4.0,1.0,1.0,4.0,1.0,1.0,4.0,1.0,4.0,2.0,1.0,1.0,1.0,4.0,4.0,1.0,1.0,4.0,4.0,7.0,5.0,7.0,2.0,1.0,3.0,1.0,1.0,3.0,1.0,4.0,2.0,4.0,3.0,4.0,2.0,3.0,2.0,4.0,5.0,3.0,4.0,5.0,2.85
R_3r1wcOk6oZPvQNT,cali,mindful_breathing,1,23.0,female,United States,United States,1,3.0,1,1700,100,1,39.0,3.0,2.0,1.0,1.0,3.0,1.0,1.0,2.0,1.0,2.0,2.0,1.0,2.0,2.0,2.0,2.0,1.0,1.0,2.0,3.0,5.0,3.0,4.0,2.0,3.0,3.0,3.0,3.0,5.0,2.0,1.0,4.0,4.0,2.0,4.0,2.0,1.0,2.0,2.0,4.0,2.0,2.0,4.0,2.75
R_1lgJFeU3MpUBA18,suny,control_book,0,18.0,female,United States,United States,1,3.0,1,1606,100,1,45.0,3.0,2.0,2.0,1.0,2.0,1.0,1.0,2.0,1.0,2.0,2.0,2.0,2.0,1.0,2.0,2.0,1.0,3.0,2.0,1.0,7.0,2.0,4.0,2.0,3.0,2.0,3.0,2.0,3.0,2.0,4.0,3.0,4.0,3.0,2.0,2.0,4.0,3.0,2.0,1.0,3.0,2.0,4.0,2.7
R_1mRyamMUqufrJWn,idah,mindful_breathing,1,18.0,female,United States,United States,1,3.0,1,1132,100,1,42.0,2.0,2.0,2.0,2.0,3.0,1.0,3.0,2.0,1.0,3.0,2.0,1.0,2.0,2.0,3.0,3.0,2.0,1.0,3.0,2.0,6.0,4.0,5.0,3.0,4.0,3.0,3.0,3.0,3.0,2.0,5.0,4.0,4.0,3.0,2.0,2.0,2.0,2.0,2.0,3.0,3.0,3.0,2.0,2.9
R_31yAPfVBDGrgME7,cali,control_book,0,20.0,male,United States,United States,1,3.0,1,1568,100,1,47.0,2.0,3.0,2.0,3.0,1.0,1.0,1.0,3.0,1.0,2.0,3.0,1.0,4.0,2.0,2.0,2.0,1.0,3.0,1.0,3.0,5.0,6.0,6.0,2.0,1.0,2.0,3.0,1.0,5.0,2.0,3.0,4.0,4.0,4.0,5.0,2.0,4.0,4.0,4.0,4.0,4.0,4.0,4.0,3.3
R_3GEezQPvV2OwnOj,jose,control_book,0,19.0,female,United States,United States,1,3.0,1,1224,100,1,37.0,3.0,3.0,1.0,1.0,3.0,1.0,1.0,2.0,1.0,3.0,2.0,1.0,1.0,1.0,3.0,2.0,1.0,3.0,2.0,2.0,7.0,4.0,5.0,3.0,1.0,3.0,1.0,1.0,3.0,1.0,3.0,1.0,4.0,3.0,3.0,2.0,2.0,3.0,4.0,5.0,3.0,4.0,4.0,2.7
R_3GC9FEpr8eJ4Ton,loyo,mindful_breathing,1,20.0,male,United States,United States,1,3.0,1,1435,100,1,34.0,4.0,4.0,1.0,1.0,3.0,1.0,1.0,2.0,1.0,2.0,2.0,1.0,1.0,1.0,3.0,2.0,1.0,1.0,2.0,2.0,7.0,3.0,5.0,2.0,1.0,1.0,1.0,2.0,4.0,2.0,2.0,2.0,5.0,4.0,5.0,4.0,2.0,4.0,3.0,4.0,3.0,4.0,5.0,3.0
R_tY8ecT2wxom6NhL,illi,mindful_breathing,1,20.0,male,United States,United States,1,3.0,1,1484,100,1,49.0,2.0,2.0,3.0,3.0,2.0,1.0,2.0,3.0,1.0,2.0,2.0,2.0,3.0,1.0,2.0,2.0,3.0,1.0,2.0,2.0,7.0,5.0,7.0,2.0,2.0,2.0,2.0,2.0,4.0,2.0,2.0,3.0,3.0,4.0,4.0,2.0,2.0,1.0,3.0,2.0,2.0,3.0,3.0,2.5
R_1DOwI4tsWAzpHdX,illi,control_book,0,21.0,female,United States,United States,1,2.0,1,1180,100,1,35.0,4.0,4.0,2.0,3.0,4.0,1.0,3.0,4.0,2.0,4.0,4.0,3.0,2.0,2.0,3.0,3.0,2.0,2.0,3.0,4.0,5.0,5.0,7.0,4.0,1.0,3.0,4.0,2.0,4.0,1.0,4.0,3.0,4.0,4.0,5.0,2.0,4.0,4.0,3.0,4.0,2.0,2.0,2.0,3.1
R_1GNfp6mmD5DjV38,illi,mindful_breathing,1,20.0,male,United States,United States,1,3.0,1,1256,100,1,45.0,2.0,2.0,2.0,2.0,3.0,2.0,2.0,3.0,1.0,2.0,2.0,2.0,2.0,1.0,2.0,2.0,2.0,1.0,1.0,3.0,7.0,5.0,7.0,3.0,2.0,1.0,4.0,1.0,2.0,2.0,3.0,2.0,2.0,1.0,3.0,4.0,1.0,2.0,2.0,2.0,2.0,4.0,2.0,2.25
R_3svl4rrf8MzTKen,jose,control_book,0,20.0,male,United States,United States,1,3.0,1,1052,100,1,34.0,3.0,3.0,1.0,1.0,3.0,1.0,1.0,2.0,1.0,3.0,3.0,2.0,2.0,1.0,3.0,3.0,1.0,2.0,3.0,3.0,6.0,6.0,7.0,2.0,1.0,2.0,2.0,2.0,2.0,2.0,4.0,3.0,4.0,3.0,4.0,3.0,4.0,4.0,4.0,3.0,4.0,3.0,3.0,2.95
R_3NKxWE78hOtMEzI,newf,control_book,0,19.0,female,Canada,Canada,1,3.0,1,1576,100,1,25.0,4.0,4.0,1.0,1.0,4.0,1.0,1.0,3.0,1.0,4.0,3.0,1.0,1.0,1.0,4.0,3.0,1.0,1.0,3.0,3.0,9.0,1.0,9.0,3.0,3.0,3.0,4.0,4.0,4.0,2.0,4.0,4.0,5.0,3.0,4.0,2.0,2.0,4.0,2.0,3.0,3.0,2.0,2.0,3.15
R_9NCHYdkSDwrzyeZ,utah,mindful_breathing,1,18.0,male,United States,United States,1,3.0,1,1842,100,1,39.0,3.0,3.0,3.0,2.0,3.0,1.0,3.0,3.0,1.0,3.0,3.0,2.0,1.0,2.0,2.0,3.0,2.0,1.0,3.0,3.0,6.0,5.0,6.0,3.0,3.0,3.0,3.0,2.0,4.0,3.0,5.0,4.0,4.0,3.0,4.0,3.0,3.0,3.0,4.0,5.0,5.0,4.0,5.0,3.65
R_3lApQP0kRVvQbJR,utah,mindful_breathing,1,20.0,male,United States,Guatemala,1,3.0,1,1229,100,1,34.0,4.0,3.0,2.0,1.0,4.0,1.0,1.0,2.0,1.0,3.0,4.0,1.0,1.0,1.0,3.0,3.0,2.0,3.0,2.0,2.0,7.0,4.0,6.0,1.0,2.0,1.0,1.0,1.0,2.0,2.0,2.0,4.0,4.0,4.0,4.0,2.0,4.0,4.0,4.0,4.0,4.0,5.0,4.0,2.95
R_Avol5hyzNtVDLyh,iowa,control_book,0,20.0,female,United States,United States,1,3.0,1,1821,100,1,52.0,2.0,4.0,3.0,3.0,2.0,3.0,4.0,2.0,1.0,2.0,2.0,1.0,4.0,2.0,2.0,2.0,2.0,1.0,2.0,2.0,6.0,5.0,9.0,2.0,1.0,1.0,1.0,2.0,2.0,1.0,2.0,3.0,4.0,5.0,5.0,5.0,5.0,5.0,3.0,5.0,5.0,4.0,5.0,3.3
R_3k6N4qNJ3VUlJmX,loyo,mindful_breathing,1,20.0,female,United States,United States,1,3.0,1,1128,100,1,39.0,4.0,3.0,2.0,2.0,2.0,1.0,1.0,2.0,1.0,3.0,2.0,2.0,1.0,3.0,3.0,2.0,1.0,1.0,3.0,2.0,6.0,3.0,4.0,1.0,2.0,2.0,2.0,2.0,2.0,1.0,3.0,2.0,2.0,2.0,4.0,2.0,1.0,4.0,5.0,2.0,1.0,4.0,2.0,2.3
R_2Se5YFmskJvaKPO,macq,control_book,0,20.0,female,Australia,Australia,1,2.0,1,1079,100,1,31.0,3.0,3.0,1.0,1.0,3.0,1.0,1.0,3.0,1.0,3.0,3.0,1.0,1.0,2.0,3.0,3.0,1.0,1.0,3.0,3.0,7.0,1.0,8.0,3.0,1.0,3.0,3.0,3.0,4.0,4.0,3.0,3.0,4.0,3.0,4.0,4.0,3.0,5.0,4.0,3.0,4.0,4.0,5.0,3.5
R_1hySb44braaFaRn,cali,mindful_breathing,1,18.0,female,United States,United States,1,3.0,1,1266,100,1,28.0,4.0,3.0,1.0,2.0,4.0,1.0,1.0,3.0,1.0,3.0,3.0,1.0,2.0,1.0,4.0,3.0,1.0,1.0,3.0,4.0,6.0,2.0,6.0,4.0,3.0,3.0,4.0,4.0,4.0,4.0,5.0,4.0,5.0,3.0,4.0,1.0,1.0,3.0,1.0,4.0,2.0,3.0,3.0,3.25
R_12urXeekRnmTOQK,radb,mindful_breathing,1,19.0,female,Netherlands,Netherlands,0,2.0,1,1109,100,1,35.0,2.0,3.0,2.0,2.0,4.0,2.0,2.0,3.0,1.0,3.0,3.0,1.0,1.0,2.0,3.0,3.0,1.0,1.0,3.0,3.0,6.0,5.0,7.0,2.0,2.0,3.0,4.0,3.0,3.0,2.0,3.0,2.0,4.0,3.0,4.0,4.0,2.0,4.0,4.0,3.0,3.0,3.0,3.0,3.05
R_vjKs4ln2PZtxbH3,macq,mindful_walking,1,,female,Australia,Australia,1,3.0,1,1412,100,1,37.0,4.0,3.0,2.0,2.0,3.0,2.0,2.0,3.0,1.0,4.0,2.0,3.0,2.0,1.0,3.0,3.0,3.0,1.0,3.0,4.0,6.0,5.0,5.0,4.0,2.0,4.0,3.0,4.0,4.0,1.0,4.0,4.0,4.0,3.0,4.0,2.0,2.0,4.0,2.0,3.0,2.0,2.0,3.0,3.05
R_2TC7I4BfM6reKRg,aust,mindful_breathing,1,21.0,male,Australia,Australia,1,3.0,1,1385,100,1,32.0,3.0,2.0,1.0,1.0,3.0,1.0,1.0,3.0,1.0,3.0,3.0,1.0,1.0,2.0,3.0,3.0,1.0,1.0,3.0,3.0,7.0,2.0,5.0,3.0,1.0,2.0,3.0,1.0,2.0,2.0,4.0,2.0,3.0,3.0,5.0,3.0,4.0,4.0,4.0,4.0,2.0,4.0,4.0,3.0
R_1mecbJgT5RMDNhU,macq,body_scan,1,20.0,female,Australia,Australia,1,3.0,1,1681,100,1,49.0,3.0,2.0,2.0,2.0,3.0,2.0,3.0,3.0,3.0,2.0,2.0,2.0,3.0,4.0,3.0,3.0,3.0,2.0,3.0,3.0,6.0,3.0,6.0,3.0,3.0,2.0,1.0,4.0,3.0,4.0,4.0,3.0,4.0,2.0,3.0,3.0,4.0,3.0,3.0,3.0,3.0,5.0,5.0,3.25
R_29g38vintwroTvB,macq,loving_kindness,1,20.0,male,Australia,United States,1,3.0,1,1657,100,1,35.0,3.0,3.0,1.0,1.0,3.0,1.0,2.0,3.0,1.0,4.0,3.0,2.0,1.0,2.0,3.0,1.0,2.0,1.0,3.0,3.0,6.0,4.0,8.0,3.0,1.0,3.0,4.0,2.0,3.0,1.0,3.0,3.0,4.0,2.0,5.0,2.0,2.0,4.0,3.0,3.0,2.0,4.0,3.0,2.85
R_2CrXS9jl5o2kFcc,aust,control_book,0,18.0,female,Australia,Singapore,1,3.0,1,1320,100,1,46.0,4.0,3.0,2.0,2.0,2.0,1.0,3.0,2.0,2.0,3.0,2.0,2.0,3.0,2.0,2.0,2.0,1.0,2.0,2.0,2.0,6.0,5.0,4.0,2.0,1.0,4.0,3.0,2.0,4.0,4.0,4.0,4.0,5.0,1.0,3.0,2.0,2.0,1.0,1.0,2.0,3.0,3.0,2.0,2.65
R_2wFDaiaB5pag1ck,radb,mindful_walking,1,20.0,female,Netherlands,Germany,0,2.0,1,1174,100,1,28.0,4.0,4.0,1.0,1.0,1.0,1.0,1.0,4.0,1.0,3.0,3.0,1.0,1.0,1.0,4.0,2.0,1.0,1.0,4.0,3.0,8.0,7.0,9.0,1.0,2.0,1.0,1.0,1.0,5.0,1.0,5.0,1.0,5.0,4.0,4.0,4.0,5.0,4.0,1.0,5.0,5.0,4.0,5.0,3.2
R_3oNK0nQkV62ALQ4,wurz,control_book,0,20.0,female,Germany,Germany,0,2.0,1,1480,100,1,59.0,2.0,1.0,2.0,2.0,1.0,2.0,1.0,1.0,2.0,2.0,1.0,2.0,2.0,3.0,1.0,1.0,2.0,4.0,2.0,1.0,4.0,5.0,6.0,3.0,2.0,1.0,1.0,1.0,5.0,2.0,1.0,2.0,5.0,4.0,4.0,4.0,4.0,4.0,5.0,5.0,3.0,4.0,5.0,3.25
R_2SoZI65D9ezVEVI,ryer,mindful_breathing,1,23.0,female,Canada,Canada,1,3.0,1,1036,100,1,47.0,3.0,2.0,2.0,3.0,2.0,2.0,3.0,2.0,2.0,2.0,2.0,3.0,2.0,1.0,2.0,3.0,2.0,1.0,3.0,3.0,6.0,4.0,5.0,4.0,5.0,4.0,2.0,5.0,4.0,3.0,4.0,5.0,5.0,3.0,2.0,2.0,2.0,3.0,2.0,3.0,3.0,2.0,3.0,3.3
R_2sQEEpY2Spn9kco,suny,loving_kindness,1,18.0,female,United States,United States,1,3.0,1,1488,100,1,33.0,3.0,3.0,1.0,1.0,3.0,1.0,2.0,3.0,1.0,3.0,2.0,1.0,1.0,1.0,3.0,3.0,1.0,2.0,3.0,3.0,7.0,3.0,6.0,4.0,4.0,4.0,5.0,5.0,5.0,3.0,4.0,5.0,5.0,2.0,4.0,2.0,2.0,2.0,3.0,3.0,2.0,2.0,3.0,3.45
R_2qmHCGwQmWrlOIo,glen,mindful_walking,1,69.0,female,United States,United States,1,3.0,1,1554,100,1,24.0,4.0,4.0,1.0,2.0,4.0,1.0,1.0,3.0,1.0,3.0,4.0,1.0,1.0,1.0,4.0,3.0,1.0,1.0,4.0,4.0,8.0,3.0,8.0,1.0,1.0,1.0,1.0,1.0,1.0,1.0,1.0,2.0,2.0,5.0,4.0,4.0,4.0,4.0,4.0,5.0,4.0,5.0,5.0,2.8
R_e9x89GPjzKNnVjH,nort2,control_book,0,37.0,female,United Kingdom,South Africa,1,3.0,1,1470,100,1,49.0,2.0,2.0,2.0,2.0,2.0,1.0,2.0,2.0,2.0,2.0,2.0,2.0,2.0,2.0,2.0,2.0,2.0,2.0,2.0,2.0,3.0,5.0,2.0,4.0,1.0,2.0,3.0,5.0,1.0,4.0,5.0,5.0,5.0,2.0,1.0,4.0,2.0,1.0,2.0,1.0,4.0,2.0,3.0,2.85
R_3EZ52nE8yL9Hgt5,illi,mindful_breathing,1,19.0,male,United States,United States,1,3.0,1,1221,100,1,39.0,2.0,2.0,1.0,1.0,3.0,1.0,1.0,3.0,1.0,3.0,2.0,1.0,2.0,3.0,3.0,2.0,3.0,1.0,3.0,3.0,6.0,3.0,7.0,2.0,4.0,4.0,1.0,5.0,5.0,3.0,4.0,5.0,4.0,4.0,2.0,4.0,1.0,3.0,2.0,2.0,3.0,4.0,5.0,3.35
R_25vx8m5XeZWiBuR,witt,body_scan,1,18.0,male,United States,The Gambia,0,2.0,1,1382,100,1,72.0,1.0,1.0,4.0,4.0,2.0,4.0,4.0,1.0,1.0,1.0,1.0,4.0,3.0,2.0,1.0,2.0,4.0,4.0,1.0,1.0,4.0,9.0,7.0,2.0,1.0,2.0,1.0,3.0,5.0,2.0,3.0,5.0,5.0,1.0,5.0,4.0,5.0,3.0,5.0,3.0,3.0,4.0,4.0,3.3
R_3Jzzfaq1qi6Y4DL,ryer,loving_kindness,1,19.0,self_describe,Canada,Philippines,0,3.0,1,1353,100,1,50.0,2.0,3.0,3.0,2.0,2.0,1.0,4.0,2.0,1.0,4.0,3.0,3.0,1.0,4.0,3.0,1.0,3.0,3.0,2.0,3.0,6.0,1.0,4.0,5.0,5.0,4.0,5.0,1.0,5.0,5.0,4.0,5.0,5.0,1.0,5.0,4.0,4.0,1.0,4.0,5.0,2.0,2.0,5.0,3.85
R_3I3J7UiHeN9OJjd,utah,mindful_breathing,1,18.0,female,United States,United States,1,3.0,1,1405,100,1,29.0,4.0,4.0,1.0,1.0,4.0,1.0,1.0,3.0,1.0,4.0,2.0,1.0,1.0,2.0,4.0,3.0,1.0,2.0,2.0,3.0,7.0,2.0,5.0,5.0,3.0,4.0,5.0,5.0,4.0,3.0,4.0,2.0,5.0,2.0,3.0,2.0,4.0,3.0,4.0,2.0,3.0,3.0,4.0,3.5
R_3FPb9PWYPgkfg2o,spri,loving_kindness,1,,female,United States,United States,1,3.0,1,1215,100,1,41.0,2.0,3.0,1.0,2.0,2.0,1.0,2.0,3.0,1.0,2.0,2.0,1.0,2.0,1.0,2.0,2.0,1.0,1.0,2.0,2.0,7.0,3.0,4.0,3.0,3.0,3.0,4.0,5.0,4.0,4.0,4.0,3.0,5.0,3.0,4.0,4.0,4.0,3.0,2.0,4.0,4.0,1.0,4.0,3.55
R_1nUB48S52u6pJ3T,loyo,control_book,0,19.0,female,United States,United States,1,3.0,1,1171,100,1,35.0,3.0,3.0,2.0,1.0,3.0,1.0,1.0,2.0,1.0,3.0,2.0,2.0,1.0,1.0,4.0,2.0,2.0,1.0,3.0,3.0,6.0,5.0,6.0,3.0,3.0,3.0,2.0,3.0,4.0,4.0,4.0,4.0,4.0,2.0,2.0,2.0,2.0,3.0,4.0,4.0,3.0,3.0,4.0,3.15
R_PZBd037EF6J3OuZ,spri,body_scan,1,21.0,male,United States,China,1,3.0,1,1002,100,1,52.0,3.0,2.0,3.0,3.0,2.0,3.0,2.0,2.0,2.0,2.0,2.0,3.0,3.0,2.0,3.0,2.0,2.0,3.0,3.0,3.0,6.0,6.0,7.0,2.0,4.0,4.0,3.0,3.0,3.0,3.0,3.0,3.0,3.0,3.0,3.0,3.0,3.0,3.0,3.0,3.0,3.0,4.0,4.0,3.15
R_3szsX8CQ1PyBcf5,loyo,mindful_walking,1,19.0,female,United States,United States,1,3.0,1,2076,100,1,31.0,4.0,4.0,2.0,1.0,2.0,1.0,3.0,4.0,1.0,3.0,4.0,2.0,1.0,2.0,2.0,4.0,2.0,1.0,4.0,4.0,7.0,5.0,7.0,2.0,1.0,1.0,1.0,1.0,4.0,1.0,4.0,4.0,5.0,3.0,5.0,3.0,3.0,5.0,4.0,3.0,3.0,4.0,5.0,3.1
R_3MSiprvJx2vjqfU,loyo,mindful_walking,1,19.0,male,United States,United States,1,3.0,1,1371,100,1,38.0,3.0,2.0,1.0,2.0,3.0,1.0,2.0,3.0,1.0,3.0,2.0,1.0,2.0,2.0,3.0,2.0,1.0,2.0,3.0,3.0,6.0,3.0,3.0,3.0,4.0,3.0,4.0,2.0,4.0,2.0,3.0,2.0,3.0,3.0,2.0,2.0,2.0,3.0,4.0,2.0,2.0,4.0,2.0,2.8
R_6JaB0BpW5JWDcKB,utah,body_scan,1,19.0,male,United States,United States,1,3.0,1,2178,100,1,37.0,3.0,2.0,2.0,1.0,4.0,1.0,2.0,3.0,1.0,3.0,1.0,2.0,1.0,1.0,3.0,2.0,2.0,1.0,4.0,2.0,5.0,3.0,5.0,4.0,3.0,4.0,3.0,2.0,5.0,3.0,2.0,3.0,4.0,2.0,2.0,4.0,4.0,2.0,3.0,5.0,4.0,4.0,5.0,3.4
R_3Dc1FsmhkNmcJiu,suny,control_book,0,25.0,male,United States,United States,1,2.0,1,1252,100,1,23.0,4.0,4.0,1.0,1.0,4.0,1.0,1.0,4.0,1.0,4.0,3.0,1.0,2.0,1.0,4.0,4.0,1.0,2.0,4.0,4.0,8.0,3.0,7.0,1.0,1.0,2.0,1.0,1.0,1.0,1.0,2.0,1.0,1.0,4.0,5.0,3.0,5.0,4.0,4.0,4.0,5.0,5.0,2.0,2.65
R_OoKqdZIRqCye4et,loyo,mindful_breathing,1,22.0,male,United States,United States,1,3.0,1,1349,100,1,27.0,4.0,3.0,1.0,2.0,4.0,1.0,1.0,3.0,1.0,4.0,3.0,1.0,1.0,1.0,4.0,3.0,1.0,1.0,3.0,3.0,7.0,2.0,7.0,3.0,1.0,1.0,1.0,4.0,3.0,2.0,4.0,1.0,2.0,3.0,4.0,4.0,4.0,5.0,5.0,4.0,4.0,4.0,5.0,3.2
R_1qfU9cxYeFweUiE,utah,loving_kindness,1,25.0,male,United States,United States,1,3.0,1,3209,100,1,41.0,2.0,2.0,1.0,1.0,2.0,1.0,1.0,2.0,1.0,2.0,2.0,1.0,1.0,2.0,2.0,2.0,1.0,1.0,2.0,2.0,5.0,5.0,6.0,3.0,3.0,3.0,3.0,3.0,3.0,3.0,3.0,3.0,3.0,3.0,3.0,3.0,3.0,3.0,3.0,3.0,3.0,3.0,3.0,3.0
R_2zuKrstKnkjl74t,suny,control_book,0,18.0,female,United States,United States,1,3.0,1,1200,100,1,40.0,2.0,3.0,2.0,2.0,2.0,2.0,1.0,3.0,1.0,3.0,3.0,1.0,1.0,1.0,2.0,2.0,2.0,3.0,3.0,3.0,5.0,2.0,3.0,2.0,1.0,2.0,2.0,4.0,4.0,2.0,4.0,2.0,5.0,1.0,5.0,3.0,4.0,5.0,4.0,1.0,4.0,3.0,3.0,3.05
R_SV0MD5UJR8oYUhz,macq,mindful_breathing,1,19.0,female,Australia,Australia,1,3.0,1,2697,100,1,46.0,2.0,2.0,1.0,2.0,2.0,1.0,3.0,2.0,1.0,2.0,2.0,2.0,1.0,3.0,2.0,2.0,1.0,1.0,2.0,2.0,9.0,4.0,6.0,3.0,3.0,3.0,3.0,4.0,3.0,3.0,4.0,3.0,4.0,3.0,3.0,4.0,4.0,3.0,3.0,3.0,4.0,4.0,3.0,3.35
R_1N4am26je3ra2be,spri,mindful_walking,1,18.0,male,The United States,The United States,1,2.0,1,6207,100,1,28.0,4.0,3.0,1.0,1.0,3.0,1.0,1.0,3.0,1.0,4.0,3.0,1.0,1.0,1.0,4.0,3.0,1.0,2.0,2.0,4.0,7.0,3.0,7.0,2.0,2.0,2.0,5.0,2.0,3.0,2.0,2.0,4.0,3.0,2.0,4.0,4.0,4.0,4.0,4.0,3.0,2.0,5.0,4.0,3.15
R_DPjni6yuijL3jGh,loyo,body_scan,1,18.0,female,United States,United States,1,3.0,1,1553,100,1,27.0,4.0,3.0,1.0,1.0,3.0,1.0,1.0,3.0,1.0,4.0,2.0,1.0,1.0,1.0,4.0,3.0,1.0,1.0,4.0,3.0,7.0,3.0,5.0,3.0,4.0,2.0,4.0,4.0,4.0,4.0,4.0,5.0,4.0,3.0,3.0,2.0,2.0,2.0,3.0,2.0,2.0,3.0,4.0,3.2
R_2dTlqqKw4epFb2A,witt,loving_kindness,1,19.0,female,United States,United States,1,2.0,1,1122,100,1,40.0,3.0,3.0,2.0,2.0,3.0,2.0,2.0,2.0,1.0,3.0,3.0,1.0,1.0,2.0,3.0,2.0,2.0,2.0,3.0,2.0,7.0,3.0,7.0,4.0,4.0,5.0,4.0,4.0,4.0,3.0,4.0,4.0,4.0,2.0,4.0,2.0,2.0,3.0,3.0,2.0,4.0,3.0,4.0,3.45
R_3lPo9nHi7j5eL3a,newf,body_scan,1,25.0,female,Canada,Canada,1,3.0,1,1922,100,1,35.0,3.0,3.0,1.0,1.0,3.0,1.0,3.0,2.0,1.0,3.0,2.0,1.0,1.0,2.0,3.0,3.0,1.0,2.0,4.0,3.0,6.0,3.0,6.0,1.0,3.0,3.0,2.0,3.0,3.0,2.0,2.0,5.0,4.0,4.0,2.0,4.0,4.0,1.0,4.0,5.0,2.0,3.0,4.0,3.05
R_37xQLM2KzWUvUvn,loyo,control_book,0,19.0,male,United States,United States,1,2.0,1,1947,100,1,26.0,3.0,4.0,2.0,1.0,4.0,1.0,1.0,4.0,1.0,3.0,3.0,1.0,1.0,1.0,3.0,4.0,1.0,1.0,3.0,4.0,7.0,3.0,7.0,2.0,2.0,2.0,2.0,2.0,3.0,2.0,4.0,2.0,4.0,2.0,4.0,2.0,4.0,3.0,4.0,4.0,3.0,4.0,3.0,2.9
R_3NDrnlg38dm0UY7,ryer,loving_kindness,1,19.0,male,Canada,Vietnam,1,2.0,1,1063,100,1,31.0,4.0,3.0,1.0,1.0,4.0,1.0,2.0,4.0,1.0,4.0,4.0,2.0,3.0,3.0,3.0,4.0,3.0,1.0,3.0,4.0,6.0,5.0,9.0,3.0,3.0,4.0,4.0,3.0,3.0,1.0,4.0,4.0,2.0,4.0,5.0,2.0,2.0,5.0,4.0,2.0,4.0,4.0,2.0,3.25
R_3EmVUMPv48Reiv9,loyo,mindful_walking,1,19.0,female,United States,United States,1,3.0,1,1254,100,1,32.0,3.0,2.0,1.0,1.0,4.0,1.0,2.0,3.0,1.0,4.0,3.0,1.0,2.0,3.0,4.0,3.0,2.0,1.0,4.0,3.0,7.0,5.0,6.0,3.0,2.0,2.0,3.0,4.0,4.0,3.0,5.0,4.0,4.0,4.0,5.0,4.0,3.0,4.0,3.0,1.0,2.0,4.0,1.0,3.25
R_ZgWcqBlKafZxzPP,loyo,mindful_breathing,1,19.0,male,United States,Hong Kong,0,2.0,1,1324,100,1,33.0,4.0,2.0,1.0,2.0,3.0,2.0,1.0,2.0,1.0,3.0,2.0,1.0,1.0,1.0,4.0,2.0,1.0,1.0,3.0,4.0,7.0,2.0,7.0,3.0,2.0,2.0,3.0,2.0,2.0,2.0,2.0,3.0,4.0,3.0,4.0,4.0,4.0,3.0,5.0,4.0,3.0,4.0,4.0,3.15
R_3PXZGI9AyA7Wsgi,loyo,loving_kindness,1,19.0,male,United States,Hong Kong,0,2.0,1,1104,100,1,33.0,4.0,1.0,1.0,1.0,3.0,2.0,1.0,3.0,1.0,4.0,3.0,1.0,1.0,1.0,4.0,1.0,1.0,2.0,3.0,3.0,7.0,2.0,7.0,2.0,2.0,2.0,2.0,2.0,3.0,2.0,3.0,2.0,3.0,2.0,4.0,4.0,4.0,4.0,4.0,2.0,2.0,4.0,4.0,2.85
R_1E70MApevhhRhvY,loyo,body_scan,1,20.0,female,United States,United States,1,3.0,1,1285,100,1,33.0,4.0,2.0,1.0,1.0,3.0,1.0,1.0,2.0,1.0,4.0,1.0,1.0,1.0,1.0,3.0,3.0,1.0,1.0,3.0,2.0,6.0,1.0,8.0,1.0,3.0,2.0,1.0,1.0,3.0,2.0,3.0,5.0,5.0,4.0,3.0,4.0,4.0,3.0,3.0,5.0,4.0,5.0,5.0,3.3
R_r1kvZUigRnk6FCV,macq,mindful_walking,1,38.0,female,Australia,Australia,1,3.0,1,1488,100,1,35.0,3.0,2.0,1.0,1.0,3.0,1.0,1.0,2.0,1.0,3.0,2.0,1.0,1.0,1.0,2.0,2.0,1.0,1.0,3.0,3.0,7.0,2.0,5.0,4.0,2.0,4.0,2.0,2.0,3.0,3.0,3.0,2.0,4.0,2.0,4.0,2.0,4.0,2.0,4.0,4.0,4.0,4.0,5.0,3.2
R_1JDzRT6SFwyxnFl,wurz,mindful_walking,1,21.0,female,Germany,Germany,0,2.0,1,1328,100,1,31.0,4.0,3.0,2.0,1.0,3.0,1.0,2.0,4.0,1.0,3.0,3.0,1.0,1.0,2.0,4.0,3.0,2.0,1.0,3.0,3.0,7.0,4.0,8.0,4.0,3.0,2.0,2.0,4.0,4.0,2.0,4.0,4.0,5.0,2.0,4.0,2.0,2.0,3.0,4.0,3.0,2.0,3.0,4.0,3.15
R_2w47HFJjvAmbggh,macq,body_scan,1,32.0,female,New South Wales,Australia,1,3.0,1,1414,100,1,23.0,4.0,3.0,1.0,1.0,4.0,1.0,1.0,4.0,1.0,4.0,3.0,1.0,1.0,1.0,4.0,4.0,1.0,1.0,3.0,4.0,9.0,2.0,8.0,2.0,3.0,1.0,3.0,2.0,4.0,2.0,4.0,1.0,3.0,2.0,4.0,2.0,4.0,3.0,4.0,3.0,2.0,4.0,3.0,2.8
R_3hrnnY5caiOn7I9,macq,control_book,0,18.0,female,Australia,Australia,1,3.0,1,1420,100,1,25.0,4.0,4.0,1.0,1.0,4.0,1.0,1.0,4.0,1.0,4.0,3.0,1.0,1.0,2.0,4.0,3.0,1.0,1.0,3.0,3.0,7.0,3.0,5.0,1.0,2.0,2.0,2.0,4.0,2.0,4.0,3.0,2.0,4.0,4.0,4.0,4.0,4.0,2.0,5.0,5.0,2.0,2.0,4.0,3.1
R_8i6dg041Y14JB2V,cali,loving_kindness,1,53.0,female,United States,United States,1,3.0,1,1357,100,1,20.0,4.0,4.0,1.0,1.0,4.0,1.0,1.0,4.0,1.0,4.0,4.0,1.0,1.0,1.0,4.0,4.0,1.0,1.0,4.0,4.0,8.0,1.0,7.0,1.0,1.0,1.0,1.0,1.0,1.0,1.0,1.0,1.0,2.0,1.0,5.0,5.0,4.0,5.0,5.0,5.0,5.0,5.0,5.0,2.8
R_3fTtqJbspiDc4Fc,newf,mindful_breathing,1,20.0,male,Canada,Canada,1,3.0,1,1787,100,1,48.0,2.0,2.0,2.0,2.0,2.0,1.0,3.0,2.0,1.0,2.0,1.0,1.0,3.0,1.0,2.0,2.0,2.0,1.0,2.0,2.0,7.0,1.0,5.0,2.0,4.0,1.0,1.0,1.0,4.0,1.0,2.0,2.0,4.0,5.0,2.0,5.0,2.0,3.0,4.0,5.0,4.0,4.0,5.0,3.05
R_2eOtsgQUSjtKDRg,macq,control_book,0,18.0,female,Australia,Australia,1,3.0,1,1314,100,1,41.0,3.0,3.0,2.0,2.0,2.0,1.0,1.0,2.0,1.0,2.0,2.0,1.0,2.0,4.0,3.0,3.0,1.0,1.0,2.0,3.0,5.0,3.0,6.0,4.0,3.0,3.0,5.0,4.0,4.0,4.0,5.0,5.0,5.0,4.0,3.0,2.0,2.0,4.0,1.0,2.0,2.0,2.0,2.0,3.3
R_2S6RoofPeyxdbi9,ryer,mindful_walking,1,18.0,male,Canada,Canada,1,3.0,1,1354,100,1,30.0,4.0,3.0,1.0,1.0,4.0,1.0,1.0,3.0,1.0,3.0,2.0,1.0,2.0,1.0,3.0,3.0,1.0,1.0,3.0,3.0,7.0,3.0,5.0,1.0,3.0,2.0,1.0,1.0,4.0,1.0,3.0,2.0,4.0,2.0,3.0,4.0,4.0,4.0,5.0,4.0,4.0,4.0,5.0,3.05
R_10ACvV54SvGIRQW,loyo,loving_kindness,1,21.0,male,United States,United States,1,3.0,1,4004,100,1,29.0,4.0,3.0,1.0,1.0,4.0,1.0,1.0,3.0,1.0,3.0,3.0,2.0,2.0,1.0,3.0,4.0,1.0,1.0,3.0,3.0,7.0,2.0,5.0,2.0,1.0,1.0,1.0,2.0,3.0,4.0,4.0,2.0,3.0,4.0,4.0,4.0,5.0,4.0,4.0,5.0,4.0,5.0,5.0,3.35
R_pG9B7EIb6BKoC1H,suny,body_scan,1,18.0,female,Ny,Ny,1,3.0,1,1580,100,1,35.0,4.0,1.0,1.0,1.0,3.0,1.0,1.0,3.0,1.0,3.0,3.0,1.0,1.0,2.0,4.0,1.0,1.0,1.0,2.0,2.0,7.0,1.0,8.0,3.0,2.0,3.0,3.0,2.0,3.0,1.0,4.0,2.0,3.0,2.0,3.0,3.0,3.0,4.0,3.0,3.0,3.0,3.0,3.0,2.8
R_1psvL9FmncqgvzD,utah,mindful_breathing,1,30.0,female,United States,United States,1,3.0,1,1617,100,1,30.0,4.0,3.0,1.0,2.0,3.0,1.0,2.0,3.0,1.0,4.0,3.0,1.0,1.0,1.0,4.0,3.0,2.0,1.0,3.0,3.0,7.0,4.0,5.0,2.0,3.0,2.0,1.0,1.0,3.0,2.0,2.0,3.0,4.0,5.0,3.0,2.0,3.0,4.0,3.0,3.0,2.0,4.0,4.0,2.8
R_2SrGhCz8qGHGUGI,ryer,loving_kindness,1,22.0,female,Canada,China,0,3.0,1,1252,100,1,32.0,3.0,4.0,2.0,1.0,3.0,1.0,1.0,4.0,1.0,4.0,3.0,2.0,3.0,1.0,3.0,1.0,1.0,1.0,3.0,4.0,8.0,8.0,8.0,3.0,1.0,2.0,3.0,2.0,2.0,2.0,2.0,1.0,2.0,2.0,5.0,4.0,3.0,5.0,4.0,2.0,4.0,5.0,5.0,2.95
R_114IQpA7JrlwO7O,cali,mindful_walking,1,18.0,female,United States,United States,1,3.0,1,2477,100,1,38.0,2.0,3.0,1.0,1.0,2.0,1.0,2.0,3.0,1.0,3.0,3.0,2.0,2.0,1.0,2.0,3.0,2.0,1.0,3.0,2.0,6.0,4.0,5.0,3.0,2.0,3.0,2.0,4.0,4.0,4.0,5.0,2.0,4.0,3.0,4.0,2.0,1.0,3.0,2.0,5.0,4.0,3.0,4.0,3.2
R_1FJScmDgQeS4nCQ,lime,control_book,0,21.0,female,Ireland,Ireland,1,3.0,1,1390,100,1,35.0,3.0,4.0,2.0,1.0,3.0,2.0,2.0,3.0,3.0,3.0,3.0,2.0,1.0,1.0,3.0,4.0,2.0,2.0,4.0,3.0,9.0,3.0,4.0,2.0,2.0,1.0,1.0,2.0,2.0,1.0,2.0,5.0,5.0,4.0,5.0,4.0,4.0,5.0,4.0,4.0,4.0,4.0,4.0,3.25
R_2vdK2WRXrphS4LN,glen,control_book,0,19.0,male,United States,United States,1,2.0,1,1285,100,1,36.0,4.0,2.0,1.0,2.0,3.0,1.0,2.0,2.0,1.0,3.0,2.0,1.0,1.0,3.0,3.0,3.0,1.0,2.0,4.0,3.0,1.0,7.0,5.0,4.0,4.0,4.0,4.0,4.0,5.0,3.0,5.0,5.0,5.0,2.0,4.0,2.0,2.0,3.0,2.0,2.0,2.0,2.0,4.0,3.4
R_2P86wM51JP1Cl9v,iowa,mindful_breathing,1,19.0,female,United States,United States,1,3.0,1,1375,100,1,21.0,4.0,4.0,1.0,1.0,4.0,1.0,1.0,4.0,1.0,4.0,3.0,1.0,1.0,1.0,4.0,4.0,1.0,1.0,4.0,4.0,7.0,1.0,8.0,3.0,2.0,4.0,4.0,2.0,4.0,2.0,4.0,2.0,4.0,3.0,4.0,4.0,4.0,2.0,2.0,4.0,4.0,4.0,5.0,3.35
R_2wmZnoHYysBXlAq,nort2,loving_kindness,1,68.0,female,United Kingdom,United Kingdom,1,3.0,1,1626,100,1,23.0,4.0,4.0,1.0,1.0,4.0,1.0,1.0,3.0,1.0,4.0,3.0,1.0,1.0,1.0,4.0,4.0,1.0,1.0,4.0,3.0,7.0,5.0,9.0,1.0,1.0,1.0,1.0,1.0,1.0,1.0,1.0,1.0,2.0,5.0,5.0,4.0,3.0,4.0,5.0,5.0,5.0,4.0,5.0,2.8
R_9ZxyUcS0l1p6sDv,illi,body_scan,1,19.0,male,United States,United States,1,3.0,1,3898,100,1,38.0,2.0,2.0,1.0,1.0,2.0,1.0,1.0,2.0,1.0,2.0,4.0,1.0,1.0,1.0,2.0,2.0,1.0,1.0,2.0,2.0,7.0,3.0,6.0,1.0,1.0,1.0,1.0,1.0,2.0,1.0,1.0,1.0,1.0,1.0,5.0,1.0,2.0,5.0,5.0,1.0,2.0,5.0,1.0,1.95
R_vAbV0vPEJKgOSE9,loyo,mindful_walking,1,19.0,male,United States,United States,1,3.0,1,1217,100,1,31.0,4.0,3.0,1.0,1.0,4.0,1.0,1.0,2.0,1.0,4.0,3.0,1.0,3.0,3.0,4.0,4.0,1.0,2.0,2.0,4.0,8.0,3.0,5.0,1.0,2.0,1.0,1.0,5.0,3.0,1.0,4.0,3.0,4.0,4.0,4.0,5.0,4.0,4.0,5.0,4.0,4.0,4.0,5.0,3.4
R_2xCSidhjViyjs7G,lime,loving_kindness,1,44.0,male,Ireland,Sudan,0,2.0,1,1785,100,1,37.0,4.0,2.0,1.0,2.0,3.0,1.0,1.0,2.0,1.0,3.0,2.0,1.0,1.0,2.0,2.0,2.0,1.0,1.0,2.0,3.0,7.0,5.0,6.0,1.0,2.0,2.0,2.0,3.0,2.0,2.0,4.0,4.0,2.0,4.0,4.0,2.0,4.0,5.0,4.0,5.0,5.0,3.0,4.0,3.2
R_1q214JRAx6O7EKV,loyo,body_scan,1,,,,,1,3.0,1,1935,100,1,35.0,4.0,2.0,1.0,1.0,4.0,2.0,1.0,2.0,2.0,3.0,3.0,3.0,1.0,2.0,3.0,2.0,1.0,1.0,3.0,4.0,7.0,4.0,7.0,2.0,2.0,2.0,4.0,4.0,2.0,2.0,4.0,2.0,4.0,4.0,4.0,4.0,4.0,4.0,4.0,2.0,2.0,3.0,2.0,3.05
R_2taKHk5A98LKmRI,idah,mindful_walking,1,20.0,female,United States,United States,1,2.0,1,1392,100,1,29.0,3.0,4.0,1.0,2.0,3.0,1.0,2.0,3.0,1.0,4.0,4.0,1.0,1.0,1.0,3.0,3.0,1.0,1.0,3.0,3.0,9.0,2.0,9.0,3.0,3.0,3.0,2.0,4.0,4.0,4.0,2.0,4.0,4.0,3.0,5.0,1.0,2.0,4.0,4.0,3.0,2.0,4.0,1.0,3.1
R_290SYAYpTWynihH,idah,control_book,0,18.0,female,United States,United States,1,2.0,1,1706,100,1,53.0,2.0,3.0,3.0,1.0,1.0,1.0,3.0,2.0,3.0,2.0,2.0,3.0,3.0,1.0,2.0,2.0,4.0,3.0,4.0,2.0,7.0,9.0,9.0,3.0,3.0,3.0,4.0,5.0,5.0,4.0,5.0,5.0,5.0,3.0,3.0,1.0,3.0,3.0,1.0,4.0,1.0,2.0,5.0,3.4
R_3I4Y8XQeULlA28R,idah,mindful_walking,1,21.0,male,United States,United States,1,3.0,1,1237,100,1,29.0,2.0,4.0,1.0,1.0,2.0,1.0,1.0,3.0,1.0,3.0,4.0,1.0,1.0,1.0,4.0,3.0,1.0,1.0,3.0,3.0,8.0,3.0,9.0,2.0,2.0,1.0,1.0,1.0,2.0,1.0,2.0,2.0,2.0,4.0,4.0,2.0,2.0,4.0,4.0,2.0,3.0,2.0,4.0,2.35
R_yEkwMJbEyfB1UIh,loyo,control_book,0,21.0,female,United States,United States,1,3.0,1,1128,100,1,39.0,3.0,2.0,1.0,1.0,3.0,1.0,3.0,2.0,1.0,3.0,2.0,1.0,3.0,2.0,3.0,3.0,1.0,2.0,3.0,3.0,5.0,5.0,3.0,5.0,4.0,1.0,2.0,5.0,3.0,3.0,4.0,4.0,5.0,3.0,4.0,3.0,4.0,2.0,4.0,3.0,3.0,4.0,2.0,3.4
R_2bNopRTgSaXX09e,utah,body_scan,1,19.0,female,United States,United States,1,3.0,1,1551,100,1,22.0,4.0,4.0,1.0,1.0,4.0,1.0,1.0,4.0,1.0,4.0,3.0,1.0,1.0,1.0,4.0,4.0,1.0,1.0,4.0,3.0,8.0,2.0,7.0,3.0,4.0,4.0,3.0,2.0,4.0,4.0,4.0,3.0,4.0,2.0,4.0,2.0,2.0,4.0,2.0,4.0,2.0,4.0,4.0,3.25
R_3HtWRDkbX9YZalu,newf,loving_kindness,1,21.0,male,Canada,Canada,1,3.0,1,1906,100,1,39.0,3.0,4.0,3.0,1.0,2.0,1.0,2.0,2.0,1.0,3.0,3.0,3.0,2.0,1.0,3.0,3.0,3.0,1.0,3.0,3.0,5.0,5.0,6.0,4.0,4.0,4.0,1.0,2.0,5.0,1.0,5.0,5.0,5.0,2.0,4.0,2.0,3.0,2.0,2.0,4.0,2.0,3.0,5.0,3.25
R_sjyfsKGhRrGY813,utah,mindful_breathing,1,20.0,female,United States,United States,1,3.0,1,1341,100,1,20.0,4.0,4.0,1.0,1.0,4.0,1.0,1.0,4.0,1.0,4.0,4.0,1.0,1.0,1.0,4.0,4.0,1.0,1.0,4.0,4.0,9.0,2.0,9.0,2.0,1.0,1.0,1.0,2.0,3.0,2.0,3.0,1.0,3.0,3.0,5.0,2.0,2.0,5.0,4.0,4.0,4.0,4.0,4.0,2.8
R_2t0bRkD8GC1rf7s,utah,loving_kindness,1,20.0,female,United States,United States,1,3.0,1,4822,100,1,20.0,4.0,4.0,1.0,1.0,4.0,1.0,1.0,4.0,1.0,4.0,4.0,1.0,1.0,1.0,4.0,4.0,1.0,1.0,4.0,4.0,9.0,2.0,9.0,2.0,2.0,2.0,2.0,2.0,2.0,2.0,3.0,2.0,3.0,2.0,4.0,4.0,4.0,4.0,4.0,4.0,4.0,4.0,4.0,3.0
R_3kzH1chaa9PepcX,utah,body_scan,1,21.0,male,United States,United States,1,3.0,1,1152,100,1,26.0,4.0,4.0,1.0,1.0,4.0,1.0,1.0,3.0,1.0,4.0,2.0,1.0,1.0,1.0,4.0,2.0,1.0,2.0,4.0,4.0,7.0,4.0,7.0,1.0,1.0,2.0,1.0,4.0,4.0,2.0,4.0,4.0,4.0,4.0,4.0,5.0,4.0,4.0,2.0,5.0,4.0,4.0,5.0,3.4
R_2dsdeOfMI7kqLcN,macq,mindful_walking,1,18.0,female,Australia,Australia,1,3.0,1,1195,100,1,32.0,3.0,3.0,1.0,2.0,3.0,1.0,1.0,3.0,1.0,3.0,4.0,2.0,1.0,2.0,3.0,3.0,2.0,1.0,4.0,3.0,7.0,3.0,5.0,2.0,1.0,1.0,1.0,3.0,2.0,1.0,4.0,3.0,3.0,2.0,5.0,3.0,2.0,4.0,4.0,1.0,2.0,4.0,4.0,2.6
R_2B96r5ADzV8Yxhj,idah,control_book,0,21.0,female,United States,United States,1,3.0,1,1205,100,1,53.0,2.0,2.0,3.0,3.0,2.0,2.0,3.0,1.0,1.0,2.0,3.0,3.0,1.0,3.0,2.0,3.0,3.0,4.0,3.0,3.0,6.0,6.0,7.0,2.0,3.0,2.0,2.0,2.0,3.0,1.0,2.0,4.0,3.0,3.0,4.0,4.0,4.0,4.0,4.0,5.0,4.0,4.0,3.0,3.15
R_1LUwAZLS6yqMiie,macq,mindful_breathing,1,18.0,male,Australia,United Kingdom,1,3.0,1,1314,100,1,39.0,2.0,2.0,1.0,1.0,2.0,1.0,1.0,2.0,1.0,3.0,1.0,1.0,1.0,1.0,2.0,3.0,1.0,1.0,2.0,2.0,5.0,3.0,5.0,3.0,1.0,2.0,3.0,4.0,3.0,4.0,3.0,4.0,3.0,3.0,4.0,2.0,3.0,3.0,4.0,2.0,2.0,2.0,2.0,2.85
R_8qRLtM0xbSdPCpz,macq,control_book,0,18.0,female,Australia,Australia,0,3.0,1,1049,100,1,29.0,3.0,3.0,1.0,1.0,4.0,1.0,1.0,3.0,1.0,4.0,2.0,1.0,1.0,2.0,4.0,3.0,1.0,1.0,3.0,3.0,7.0,3.0,6.0,2.0,3.0,2.0,3.0,2.0,1.0,2.0,3.0,1.0,3.0,2.0,3.0,2.0,3.0,3.0,3.0,1.0,3.0,2.0,2.0,2.3
R_SK1z3IGsjoiboQ1,illi,loving_kindness,1,18.0,female,United States,United States,1,3.0,1,2142,100,1,39.0,2.0,2.0,1.0,1.0,3.0,1.0,1.0,2.0,1.0,3.0,2.0,1.0,1.0,2.0,3.0,2.0,2.0,2.0,3.0,2.0,3.0,3.0,4.0,3.0,4.0,3.0,4.0,3.0,4.0,2.0,3.0,3.0,3.0,3.0,3.0,3.0,3.0,4.0,4.0,3.0,3.0,4.0,4.0,3.3
R_vojohZUq8e8aGXv,macq,body_scan,1,36.0,female,Australia,Sri Lanka,1,2.0,1,1250,100,1,23.0,4.0,4.0,1.0,1.0,4.0,1.0,1.0,4.0,1.0,4.0,4.0,1.0,1.0,1.0,4.0,1.0,1.0,1.0,4.0,4.0,9.0,2.0,9.0,1.0,1.0,3.0,1.0,1.0,3.0,1.0,3.0,3.0,1.0,1.0,4.0,2.0,5.0,3.0,3.0,1.0,5.0,3.0,1.0,2.3
R_1OqJgofnlhC7H4q,illi,mindful_walking,1,18.0,female,United States,United States,1,3.0,1,1095,100,1,40.0,3.0,2.0,1.0,1.0,2.0,2.0,2.0,2.0,1.0,2.0,2.0,1.0,1.0,1.0,2.0,3.0,1.0,2.0,3.0,2.0,3.0,7.0,2.0,4.0,4.0,4.0,4.0,3.0,4.0,3.0,4.0,4.0,4.0,4.0,2.0,3.0,2.0,2.0,2.0,3.0,3.0,3.0,3.0,3.25
R_22DHL9mr0739sIw,wurz,body_scan,1,22.0,female,Germany,Germany,0,2.0,1,1523,100,1,25.0,4.0,4.0,1.0,1.0,4.0,1.0,1.0,3.0,1.0,4.0,4.0,1.0,1.0,2.0,4.0,3.0,1.0,2.0,4.0,3.0,7.0,6.0,8.0,4.0,3.0,3.0,4.0,3.0,4.0,3.0,2.0,1.0,4.0,2.0,4.0,4.0,3.0,3.0,4.0,5.0,4.0,4.0,5.0,3.45
R_2SoY3B836JqLdL5,macq,mindful_breathing,1,19.0,male,Australia,Australia,1,3.0,1,1360,100,1,27.0,3.0,4.0,1.0,1.0,3.0,1.0,1.0,4.0,1.0,4.0,2.0,1.0,1.0,1.0,3.0,4.0,1.0,1.0,3.0,3.0,7.0,2.0,6.0,3.0,4.0,3.0,4.0,4.0,4.0,2.0,4.0,4.0,4.0,4.0,3.0,4.0,3.0,2.0,3.0,3.0,2.0,2.0,4.0,3.3
R_1fkq4GQcNTsBdHO,kons,mindful_walking,1,20.0,male,Germany,Germany,0,2.0,1,1234,100,1,33.0,3.0,4.0,1.0,1.0,3.0,1.0,1.0,3.0,1.0,3.0,4.0,1.0,1.0,4.0,3.0,2.0,1.0,1.0,3.0,2.0,6.0,3.0,9.0,5.0,1.0,1.0,4.0,1.0,1.0,1.0,2.0,3.0,4.0,1.0,5.0,4.0,5.0,5.0,2.0,3.0,3.0,4.0,3.0,2.9
R_88HIZ9mjwyJvsJj,radb,loving_kindness,1,18.0,female,Netherlands,Netherlands,0,2.0,1,1095,100,1,29.0,3.0,3.0,1.0,1.0,4.0,1.0,1.0,3.0,1.0,3.0,3.0,1.0,1.0,2.0,4.0,3.0,1.0,2.0,4.0,3.0,7.0,2.0,8.0,2.0,2.0,2.0,4.0,2.0,2.0,2.0,3.0,2.0,3.0,2.0,4.0,3.0,4.0,4.0,4.0,4.0,2.0,4.0,4.0,2.95
R_wKJuEQP2xdtFhBv,ryer,control_book,0,21.0,male,Canada,Albania,1,2.0,1,1116,100,1,36.0,2.0,2.0,1.0,1.0,3.0,1.0,1.0,2.0,1.0,3.0,2.0,1.0,1.0,1.0,3.0,2.0,1.0,1.0,3.0,2.0,7.0,3.0,7.0,1.0,2.0,1.0,1.0,2.0,2.0,1.0,2.0,1.0,2.0,4.0,4.0,2.0,5.0,4.0,4.0,2.0,3.0,4.0,3.0,2.5
R_1QsU0Fst4ofq0UZ,ryer,control_book,0,20.0,female,Canada,Canada,1,3.0,1,1620,100,1,46.0,2.0,2.0,2.0,2.0,2.0,1.0,1.0,2.0,1.0,2.0,3.0,2.0,3.0,1.0,2.0,2.0,2.0,2.0,2.0,2.0,8.0,4.0,6.0,2.0,2.0,2.0,2.0,4.0,3.0,2.0,4.0,3.0,5.0,3.0,4.0,3.0,2.0,3.0,3.0,4.0,2.0,3.0,5.0,3.05
R_ZmDr3lK8ka74C7D,nort1,loving_kindness,1,26.0,female,United Kingdom,United Kingdom,1,3.0,1,1132,100,1,43.0,2.0,4.0,2.0,2.0,2.0,1.0,2.0,2.0,1.0,2.0,2.0,1.0,3.0,1.0,2.0,2.0,1.0,1.0,2.0,2.0,5.0,7.0,7.0,5.0,4.0,5.0,5.0,2.0,5.0,3.0,4.0,2.0,4.0,1.0,4.0,2.0,1.0,2.0,2.0,5.0,2.0,3.0,4.0,3.25
R_3LfTO4EVGedzqlb,idah,body_scan,1,18.0,female,United States,United States,1,2.0,1,1382,100,1,35.0,3.0,3.0,1.0,1.0,3.0,1.0,1.0,2.0,1.0,3.0,2.0,1.0,1.0,1.0,3.0,2.0,1.0,2.0,3.0,2.0,7.0,4.0,5.0,2.0,1.0,1.0,2.0,2.0,2.0,2.0,3.0,2.0,4.0,3.0,4.0,4.0,2.0,4.0,4.0,4.0,4.0,4.0,4.0,2.9
R_2UWWdvie15Irhtv,hous,mindful_breathing,1,19.0,female,United States,United States,1,3.0,1,1242,100,1,20.0,4.0,4.0,1.0,1.0,4.0,1.0,1.0,4.0,1.0,4.0,4.0,1.0,1.0,1.0,4.0,4.0,1.0,1.0,4.0,4.0,9.0,1.0,8.0,1.0,1.0,1.0,1.0,1.0,2.0,1.0,2.0,1.0,4.0,5.0,4.0,3.0,4.0,4.0,4.0,2.0,3.0,4.0,5.0,2.65
R_cA7BYtL73w8NjJn,idah,mindful_walking,1,,female,United States,United States,1,2.0,1,1464,100,1,36.0,3.0,3.0,1.0,1.0,3.0,1.0,1.0,3.0,1.0,3.0,3.0,2.0,2.0,2.0,3.0,2.0,2.0,1.0,2.0,3.0,6.0,5.0,6.0,2.0,1.0,2.0,4.0,4.0,4.0,2.0,4.0,4.0,5.0,2.0,4.0,2.0,2.0,4.0,4.0,4.0,2.0,4.0,4.0,3.2
R_3mmDqdKxtIdO6Ok,suny,control_book,0,,male,United States,United Statea,1,3.0,1,1247,100,1,28.0,3.0,4.0,1.0,1.0,4.0,1.0,1.0,3.0,1.0,4.0,4.0,1.0,1.0,1.0,3.0,2.0,1.0,1.0,3.0,2.0,9.0,8.0,9.0,2.0,1.0,2.0,1.0,3.0,4.0,1.0,4.0,4.0,5.0,3.0,4.0,4.0,4.0,4.0,4.0,3.0,2.0,3.0,4.0,3.1
R_1DqafiCQr6Yf44J,utah,mindful_breathing,1,19.0,female,United States,United States,1,3.0,1,1190,100,1,22.0,4.0,4.0,1.0,1.0,4.0,1.0,1.0,3.0,1.0,4.0,3.0,1.0,1.0,1.0,4.0,4.0,1.0,1.0,4.0,4.0,9.0,1.0,3.0,2.0,2.0,2.0,3.0,2.0,2.0,1.0,4.0,2.0,4.0,4.0,4.0,4.0,4.0,4.0,3.0,3.0,3.0,4.0,5.0,3.1
R_31HJjAk7RusHwvj,idah,body_scan,1,18.0,male,United States,United States,1,2.0,1,1354,100,1,32.0,4.0,3.0,1.0,1.0,2.0,1.0,1.0,2.0,1.0,3.0,4.0,2.0,1.0,1.0,4.0,2.0,1.0,1.0,2.0,3.0,9.0,2.0,9.0,3.0,1.0,2.0,2.0,2.0,3.0,2.0,3.0,3.0,4.0,2.0,4.0,3.0,3.0,5.0,4.0,3.0,3.0,4.0,4.0,3.0
R_3imLdlHbXt28WVC,idah,mindful_walking,1,21.0,female,United States,United States,1,2.0,1,1258,100,1,32.0,4.0,2.0,1.0,1.0,4.0,1.0,1.0,2.0,1.0,3.0,2.0,1.0,1.0,1.0,3.0,2.0,1.0,1.0,3.0,3.0,8.0,1.0,7.0,4.0,5.0,4.0,4.0,4.0,5.0,4.0,4.0,5.0,4.0,4.0,1.0,2.0,2.0,2.0,3.0,4.0,1.0,2.0,2.0,3.3
R_1r3x3DoWfdRZn1G,spri,loving_kindness,1,20.0,male,United States,United States,1,3.0,1,1200,100,1,28.0,4.0,4.0,1.0,1.0,3.0,1.0,1.0,3.0,1.0,4.0,2.0,1.0,2.0,2.0,4.0,4.0,1.0,1.0,3.0,3.0,8.0,3.0,6.0,3.0,2.0,2.0,4.0,1.0,2.0,1.0,4.0,1.0,4.0,2.0,4.0,4.0,4.0,3.0,4.0,1.0,4.0,5.0,2.0,2.85
R_1KsbUvtnnwVMD3G,illi,mindful_walking,1,,male,United States,United States,1,3.0,1,1142,100,1,42.0,2.0,3.0,2.0,2.0,3.0,2.0,2.0,3.0,1.0,3.0,2.0,3.0,1.0,3.0,3.0,3.0,2.0,2.0,3.0,3.0,7.0,6.0,8.0,3.0,3.0,2.0,3.0,3.0,4.0,1.0,4.0,2.0,5.0,1.0,4.0,2.0,3.0,4.0,4.0,2.0,3.0,4.0,2.0,2.95
R_1NwanflwaAqPAX7,glen,body_scan,1,24.0,female,United States,United States,1,3.0,1,1498,100,1,21.0,4.0,4.0,1.0,1.0,4.0,1.0,1.0,4.0,1.0,4.0,3.0,1.0,1.0,1.0,4.0,4.0,1.0,1.0,4.0,4.0,8.0,1.0,7.0,1.0,1.0,1.0,1.0,1.0,2.0,1.0,1.0,1.0,2.0,5.0,4.0,5.0,5.0,4.0,5.0,5.0,5.0,5.0,5.0,3.0
R_3NJK0u0ENS0awR0,macq,loving_kindness,1,18.0,female,Australia,Australia,1,3.0,1,1406,100,1,30.0,4.0,3.0,1.0,1.0,2.0,1.0,1.0,3.0,1.0,3.0,2.0,1.0,1.0,1.0,4.0,3.0,1.0,1.0,3.0,3.0,8.0,7.0,7.0,1.0,2.0,1.0,1.0,1.0,1.0,1.0,2.0,1.0,2.0,1.0,4.0,1.0,4.0,4.0,4.0,1.0,4.0,4.0,4.0,2.2
R_O1Mvkqjjf7lhCUN,iowa,mindful_breathing,1,21.0,male,United States,United States,1,3.0,1,1190,100,1,27.0,3.0,3.0,1.0,1.0,4.0,3.0,1.0,4.0,1.0,4.0,3.0,1.0,1.0,1.0,4.0,3.0,1.0,2.0,4.0,4.0,7.0,5.0,6.0,2.0,4.0,2.0,2.0,2.0,2.0,1.0,2.0,2.0,2.0,5.0,2.0,4.0,4.0,1.0,5.0,2.0,4.0,4.0,4.0,2.8
R_2foFjCHFYrjeE9P,witt,control_book,0,22.0,male,United States,United States,1,3.0,1,1280,100,1,31.0,4.0,3.0,1.0,1.0,3.0,1.0,1.0,3.0,1.0,3.0,3.0,1.0,1.0,1.0,3.0,3.0,1.0,2.0,2.0,3.0,7.0,3.0,6.0,2.0,2.0,2.0,2.0,2.0,4.0,2.0,2.0,2.0,2.0,3.0,4.0,2.0,2.0,4.0,4.0,3.0,4.0,4.0,4.0,2.8
R_VVyyn5QcR1Xbhfz,utah,mindful_breathing,1,18.0,female,Unites States,Unites States,1,3.0,1,1054,100,1,25.0,3.0,3.0,1.0,1.0,3.0,1.0,1.0,3.0,1.0,3.0,4.0,1.0,1.0,1.0,4.0,4.0,1.0,1.0,4.0,4.0,8.0,2.0,7.0,3.0,2.0,2.0,3.0,4.0,4.0,1.0,5.0,1.0,4.0,2.0,2.0,2.0,1.0,4.0,3.0,2.0,2.0,2.0,3.0,2.6
R_1ouPCcrnkXphk2u,idah,mindful_walking,1,18.0,female,United States,United States,1,3.0,1,1318,100,1,45.0,2.0,3.0,1.0,1.0,2.0,2.0,2.0,2.0,1.0,3.0,3.0,2.0,1.0,3.0,2.0,2.0,2.0,3.0,2.0,2.0,6.0,3.0,6.0,3.0,3.0,4.0,3.0,2.0,5.0,2.0,3.0,4.0,4.0,2.0,5.0,2.0,4.0,3.0,4.0,2.0,2.0,4.0,5.0,3.3
R_1jxDJnyjsP3igbT,cali,body_scan,1,18.0,female,United States,United States,1,3.0,1,1384,100,1,33.0,4.0,2.0,3.0,2.0,4.0,1.0,1.0,3.0,1.0,4.0,1.0,1.0,1.0,1.0,4.0,4.0,1.0,3.0,3.0,3.0,7.0,4.0,2.0,2.0,4.0,2.0,4.0,2.0,4.0,2.0,2.0,2.0,4.0,2.0,3.0,1.0,1.0,3.0,5.0,4.0,5.0,4.0,2.0,2.9
R_300NjYKfb2UwbBd,aust,control_book,0,18.0,female,Australia,Australia,1,3.0,1,1877,100,1,52.0,2.0,2.0,2.0,3.0,2.0,1.0,2.0,2.0,1.0,3.0,2.0,3.0,3.0,3.0,2.0,2.0,3.0,2.0,2.0,2.0,6.0,7.0,4.0,3.0,2.0,4.0,3.0,2.0,3.0,3.0,4.0,3.0,4.0,3.0,2.0,4.0,4.0,2.0,2.0,4.0,2.0,4.0,4.0,3.1
R_3lYoT6iiiY2Bs90,macq,loving_kindness,1,21.0,male,Australia,United Kingdom,1,3.0,1,1214,100,1,29.0,3.0,3.0,1.0,1.0,4.0,1.0,1.0,3.0,1.0,3.0,4.0,1.0,1.0,1.0,3.0,3.0,1.0,2.0,3.0,3.0,7.0,4.0,8.0,2.0,1.0,2.0,2.0,2.0,2.0,2.0,4.0,2.0,3.0,2.0,5.0,4.0,4.0,4.0,4.0,2.0,4.0,4.0,2.0,2.85
R_1NCGjfxTEmFojcB,utah,mindful_walking,1,19.0,female,United States,United States,1,3.0,1,2666,100,1,36.0,2.0,3.0,1.0,1.0,4.0,1.0,4.0,3.0,1.0,3.0,2.0,1.0,1.0,1.0,3.0,3.0,3.0,1.0,3.0,3.0,6.0,3.0,5.0,1.0,2.0,1.0,4.0,4.0,2.0,1.0,5.0,4.0,5.0,2.0,4.0,2.0,2.0,4.0,3.0,2.0,2.0,2.0,1.0,2.65
R_1Or7iXBLPpwbvHP,idah,loving_kindness,1,31.0,female,United States,United States,1,3.0,1,2180,100,1,45.0,3.0,3.0,1.0,2.0,3.0,1.0,2.0,2.0,2.0,3.0,1.0,2.0,1.0,3.0,2.0,2.0,2.0,2.0,2.0,2.0,6.0,5.0,7.0,4.0,3.0,4.0,2.0,1.0,3.0,1.0,4.0,2.0,2.0,3.0,3.0,3.0,5.0,3.0,3.0,5.0,3.0,5.0,5.0,3.2
R_2UXFp2gRTTkFIQ7,macq,control_book,0,19.0,female,Australia,Australia,1,3.0,1,1273,100,1,31.0,4.0,3.0,1.0,1.0,4.0,1.0,2.0,3.0,1.0,3.0,2.0,1.0,1.0,1.0,3.0,3.0,2.0,1.0,3.0,3.0,7.0,2.0,9.0,2.0,2.0,1.0,2.0,2.0,4.0,2.0,2.0,2.0,4.0,4.0,4.0,3.0,4.0,4.0,4.0,3.0,2.0,3.0,4.0,2.9
R_1Cpxa5J6Yf3YQIO,ryer,body_scan,1,22.0,female,Canada,China,0,3.0,1,2745,100,1,22.0,4.0,3.0,1.0,1.0,4.0,1.0,1.0,4.0,1.0,4.0,4.0,1.0,1.0,1.0,4.0,3.0,1.0,1.0,4.0,4.0,9.0,5.0,9.0,2.0,1.0,1.0,2.0,1.0,1.0,1.0,2.0,1.0,3.0,1.0,5.0,5.0,2.0,5.0,4.0,2.0,4.0,5.0,4.0,2.6
R_DJ0LBpWbeu1UfId,macq,body_scan,1,40.0,female,Australia,Australia,1,3.0,1,1531,100,1,45.0,2.0,2.0,2.0,2.0,2.0,2.0,2.0,3.0,1.0,2.0,1.0,1.0,1.0,1.0,2.0,2.0,2.0,1.0,2.0,2.0,4.0,6.0,5.0,4.0,5.0,4.0,3.0,2.0,4.0,2.0,2.0,3.0,5.0,2.0,1.0,2.0,2.0,2.0,2.0,3.0,2.0,4.0,3.0,2.85
R_WkZxBExGmxZ1fcR,macq,control_book,0,19.0,male,Australia,Australia,1,3.0,1,3063,100,1,39.0,3.0,2.0,1.0,1.0,3.0,1.0,2.0,3.0,2.0,2.0,3.0,2.0,2.0,3.0,3.0,3.0,1.0,2.0,3.0,3.0,7.0,2.0,7.0,1.0,3.0,2.0,1.0,2.0,2.0,1.0,2.0,1.0,2.0,1.0,5.0,2.0,2.0,4.0,1.0,1.0,4.0,4.0,2.0,2.15
R_2wH5ZYkVQWDDdZs,macq,mindful_breathing,1,18.0,female,Australia,Australia,1,3.0,1,1070,100,1,40.0,3.0,3.0,2.0,2.0,3.0,1.0,2.0,3.0,2.0,3.0,3.0,2.0,4.0,2.0,3.0,3.0,2.0,1.0,3.0,3.0,6.0,7.0,6.0,4.0,4.0,4.0,4.0,4.0,4.0,4.0,4.0,4.0,4.0,3.0,4.0,3.0,2.0,3.0,2.0,4.0,2.0,2.0,3.0,3.4
R_3hmBwXlIwK5j2s0,macq,mindful_walking,1,21.0,female,Australia,"Vietna,",1,3.0,1,1317,100,1,43.0,3.0,3.0,2.0,2.0,1.0,2.0,2.0,3.0,1.0,3.0,3.0,2.0,1.0,4.0,2.0,2.0,2.0,1.0,3.0,3.0,6.0,6.0,6.0,4.0,4.0,3.0,4.0,3.0,4.0,2.0,4.0,3.0,4.0,4.0,2.0,2.0,4.0,2.0,3.0,4.0,1.0,2.0,2.0,3.05
R_1CqO11KCaAhB4Q6,macq,loving_kindness,1,28.0,male,Australia,Australia,1,2.0,1,1348,100,1,22.0,4.0,4.0,1.0,1.0,4.0,1.0,1.0,4.0,1.0,4.0,4.0,1.0,3.0,1.0,4.0,4.0,1.0,1.0,4.0,4.0,9.0,1.0,9.0,2.0,2.0,1.0,2.0,2.0,4.0,3.0,2.0,4.0,4.0,2.0,4.0,4.0,4.0,5.0,4.0,2.0,4.0,4.0,5.0,3.2
R_2dmRk13nj7S1qvK,macq,mindful_breathing,1,40.0,female,Australia,Australia,1,3.0,1,1551,100,1,30.0,4.0,2.0,1.0,1.0,4.0,1.0,2.0,2.0,1.0,3.0,3.0,1.0,1.0,1.0,4.0,3.0,1.0,1.0,3.0,3.0,7.0,1.0,7.0,2.0,4.0,2.0,2.0,2.0,4.0,2.0,4.0,3.0,4.0,3.0,3.0,3.0,4.0,2.0,4.0,3.0,3.0,3.0,3.0,3.0
R_3JIUCXhOAmnOWHb,macq,loving_kindness,1,18.0,female,Australia,Pakistan,1,3.0,1,2669,100,1,41.0,3.0,3.0,1.0,2.0,3.0,1.0,2.0,2.0,1.0,3.0,2.0,2.0,2.0,3.0,3.0,2.0,2.0,2.0,3.0,3.0,4.0,8.0,2.0,4.0,4.0,5.0,4.0,4.0,4.0,3.0,5.0,4.0,5.0,1.0,2.0,2.0,4.0,2.0,1.0,4.0,2.0,4.0,5.0,3.45
R_2aeRIZx7r2iRKGh,canb,body_scan,1,18.0,male,Australia,Australia,1,3.0,1,1185,100,1,37.0,3.0,3.0,2.0,1.0,3.0,1.0,2.0,3.0,1.0,3.0,3.0,2.0,1.0,2.0,3.0,1.0,1.0,2.0,3.0,3.0,7.0,5.0,5.0,3.0,2.0,2.0,2.0,2.0,2.0,2.0,4.0,2.0,2.0,3.0,4.0,4.0,4.0,4.0,4.0,2.0,4.0,4.0,4.0,3.0
R_3PZtJ1DL5wGjfFV,macq,control_book,0,25.0,male,Australia,Australia,1,3.0,1,1185,100,1,61.0,2.0,1.0,4.0,3.0,2.0,1.0,3.0,1.0,1.0,1.0,1.0,2.0,3.0,3.0,1.0,1.0,1.0,3.0,2.0,1.0,3.0,6.0,1.0,4.0,5.0,4.0,2.0,2.0,4.0,2.0,4.0,4.0,4.0,4.0,1.0,2.0,3.0,1.0,2.0,4.0,3.0,4.0,1.0,3.0
R_3RxNGGpwU5bAwU2,macq,control_book,0,20.0,female,Australia,Australia,1,3.0,1,1130,100,1,29.0,4.0,2.0,1.0,1.0,4.0,1.0,1.0,3.0,1.0,3.0,2.0,1.0,1.0,1.0,4.0,3.0,1.0,1.0,3.0,3.0,7.0,5.0,6.0,2.0,1.0,2.0,3.0,2.0,4.0,2.0,4.0,1.0,3.0,2.0,5.0,3.0,4.0,5.0,4.0,4.0,3.0,4.0,2.0,3.0
R_5vf485JhzpjGflL,macq,mindful_walking,1,18.0,female,Australia,Australia,1,3.0,1,1744,100,1,27.0,4.0,3.0,1.0,1.0,4.0,1.0,1.0,2.0,1.0,4.0,2.0,1.0,1.0,1.0,4.0,4.0,1.0,1.0,3.0,3.0,7.0,2.0,5.0,3.0,3.0,1.0,4.0,3.0,4.0,3.0,4.0,2.0,4.0,2.0,3.0,2.0,2.0,2.0,5.0,2.0,2.0,4.0,4.0,2.95
R_1GVx0NQPPzVpKFL,macq,loving_kindness,1,18.0,female,Australia,Australia,1,3.0,1,1206,100,1,40.0,3.0,3.0,1.0,2.0,3.0,3.0,3.0,4.0,2.0,3.0,2.0,3.0,1.0,2.0,4.0,3.0,2.0,2.0,3.0,3.0,7.0,5.0,7.0,2.0,2.0,2.0,3.0,4.0,4.0,4.0,4.0,5.0,5.0,4.0,4.0,2.0,2.0,3.0,3.0,2.0,2.0,4.0,4.0,3.25
R_RC6esUYEmR3GM01,hous,mindful_breathing,1,21.0,other,United States,Nigeria,1,3.0,1,1510,100,1,42.0,2.0,2.0,1.0,2.0,2.0,1.0,1.0,2.0,1.0,2.0,2.0,1.0,2.0,1.0,2.0,2.0,1.0,1.0,2.0,2.0,5.0,5.0,5.0,4.0,5.0,4.0,4.0,4.0,5.0,2.0,4.0,4.0,4.0,2.0,2.0,2.0,2.0,1.0,2.0,2.0,2.0,2.0,4.0,3.05
R_9sLyqfUxw0ayWHv,macq,mindful_breathing,1,38.0,female,Australia,Australia,1,3.0,1,1511,100,1,39.0,3.0,2.0,2.0,1.0,2.0,1.0,1.0,2.0,1.0,3.0,2.0,1.0,1.0,2.0,3.0,2.0,2.0,1.0,3.0,2.0,7.0,3.0,6.0,3.0,4.0,3.0,1.0,1.0,3.0,2.0,2.0,3.0,2.0,3.0,2.0,2.0,2.0,2.0,3.0,4.0,3.0,5.0,4.0,2.7
R_QbTrVoawixwe0HD,macq,loving_kindness,1,18.0,female,Australia,Australia,1,3.0,1,1334,100,1,24.0,4.0,4.0,1.0,1.0,4.0,1.0,1.0,4.0,1.0,4.0,3.0,1.0,1.0,2.0,4.0,3.0,1.0,2.0,4.0,4.0,7.0,2.0,5.0,4.0,2.0,4.0,4.0,2.0,2.0,2.0,4.0,3.0,4.0,2.0,4.0,5.0,2.0,4.0,4.0,4.0,4.0,3.0,4.0,3.35
R_0SQyLHretkr9cBP,macq,body_scan,1,19.0,male,Australia,South Korea,0,2.0,1,6657,100,1,32.0,4.0,3.0,2.0,1.0,3.0,1.0,2.0,4.0,2.0,4.0,4.0,2.0,2.0,2.0,4.0,2.0,1.0,2.0,3.0,4.0,6.0,7.0,5.0,5.0,3.0,2.0,5.0,4.0,5.0,4.0,5.0,4.0,5.0,5.0,4.0,3.0,4.0,5.0,5.0,4.0,4.0,5.0,4.0,4.25
R_1FPoxo4NrIAWTAc,spri,control_book,0,18.0,male,United States,United States,1,3.0,1,1879,100,1,35.0,3.0,2.0,2.0,2.0,2.0,1.0,1.0,3.0,1.0,3.0,3.0,1.0,1.0,2.0,3.0,3.0,1.0,1.0,3.0,3.0,6.0,4.0,6.0,2.0,1.0,2.0,1.0,1.0,3.0,1.0,4.0,1.0,3.0,3.0,4.0,4.0,4.0,4.0,3.0,3.0,4.0,5.0,1.0,2.7
R_22L0IzhF4dPvqaC,macq,mindful_walking,1,40.0,female,Australian,Australia,1,3.0,1,1281,100,1,31.0,2.0,3.0,1.0,1.0,3.0,1.0,1.0,3.0,1.0,3.0,3.0,1.0,1.0,1.0,3.0,3.0,1.0,1.0,3.0,3.0,8.0,2.0,6.0,2.0,1.0,2.0,3.0,2.0,2.0,2.0,3.0,3.0,4.0,4.0,4.0,3.0,3.0,4.0,4.0,3.0,2.0,4.0,4.0,2.95
R_2Ejcp39C8fu4Y08,radb,mindful_walking,1,21.0,female,Netherlands,Germany,0,2.0,1,1194,100,1,27.0,3.0,4.0,1.0,1.0,4.0,1.0,2.0,3.0,1.0,4.0,3.0,1.0,1.0,2.0,3.0,4.0,1.0,1.0,3.0,4.0,8.0,6.0,7.0,4.0,1.0,4.0,4.0,4.0,2.0,2.0,4.0,2.0,3.0,2.0,4.0,2.0,2.0,4.0,3.0,3.0,3.0,2.0,3.0,2.9
R_1I7f8l18JyQ4U5C,nort1,control_book,0,46.0,male,United Kingdom,United Kingdom,1,3.0,1,1360,100,1,34.0,3.0,3.0,2.0,1.0,3.0,1.0,3.0,2.0,1.0,3.0,3.0,1.0,1.0,1.0,3.0,3.0,1.0,1.0,3.0,3.0,7.0,6.0,7.0,4.0,1.0,2.0,2.0,4.0,2.0,2.0,5.0,4.0,4.0,2.0,4.0,2.0,2.0,4.0,2.0,2.0,3.0,4.0,4.0,2.95
R_1n6nEeCCWfkbpcd,kons,mindful_breathing,1,20.0,female,Germany,Germany,0,2.0,1,1400,100,1,38.0,3.0,3.0,2.0,1.0,2.0,1.0,2.0,2.0,1.0,3.0,2.0,1.0,1.0,2.0,3.0,3.0,1.0,2.0,2.0,3.0,7.0,5.0,5.0,4.0,3.0,4.0,4.0,5.0,5.0,5.0,5.0,4.0,5.0,2.0,4.0,1.0,3.0,3.0,2.0,4.0,2.0,3.0,3.0,3.55
R_1iswbLQwNPK2yXc,macq,loving_kindness,1,31.0,female,Australia,United Kingdom,1,3.0,1,1287,100,1,29.0,3.0,3.0,1.0,1.0,3.0,1.0,1.0,3.0,1.0,3.0,3.0,1.0,1.0,1.0,3.0,3.0,1.0,1.0,4.0,3.0,7.0,1.0,7.0,3.0,3.0,1.0,2.0,2.0,2.0,1.0,2.0,2.0,3.0,3.0,4.0,3.0,4.0,3.0,3.0,4.0,4.0,3.0,5.0,2.85
R_1OwqwYUu9FvL5MF,illi,mindful_breathing,1,19.0,female,United States,United States,1,3.0,1,205336,100,1,24.0,4.0,4.0,1.0,1.0,4.0,1.0,2.0,4.0,1.0,3.0,3.0,1.0,1.0,1.0,4.0,3.0,1.0,1.0,4.0,4.0,8.0,4.0,8.0,2.0,2.0,3.0,3.0,2.0,3.0,3.0,5.0,4.0,3.0,3.0,5.0,1.0,3.0,4.0,4.0,3.0,1.0,4.0,3.0,3.05
R_270Pt9j6NAp2xtU,kons,body_scan,1,20.0,female,Konstanz,Germany,0,2.0,1,1732,100,1,26.0,4.0,3.0,1.0,2.0,4.0,1.0,1.0,4.0,1.0,4.0,3.0,2.0,1.0,2.0,3.0,4.0,1.0,1.0,4.0,4.0,9.0,9.0,6.0,3.0,2.0,3.0,2.0,2.0,3.0,4.0,3.0,2.0,4.0,3.0,4.0,2.0,4.0,3.0,3.0,4.0,2.0,3.0,2.0,2.9
R_3OuYggMhnrM1whb,spri,loving_kindness,1,18.0,female,United States,United States,1,3.0,1,2164,100,1,24.0,4.0,4.0,1.0,1.0,4.0,1.0,2.0,4.0,1.0,4.0,3.0,2.0,1.0,1.0,4.0,4.0,2.0,1.0,4.0,4.0,8.0,1.0,6.0,2.0,2.0,1.0,3.0,4.0,2.0,2.0,5.0,2.0,4.0,3.0,4.0,3.0,3.0,4.0,4.0,3.0,4.0,4.0,5.0,3.2
R_3htPeop9j8y3f5T,ryer,control_book,0,19.0,female,Canada,Canada,1,3.0,1,1225,100,1,58.0,2.0,2.0,3.0,2.0,1.0,2.0,2.0,1.0,2.0,2.0,1.0,3.0,4.0,3.0,2.0,2.0,2.0,2.0,2.0,2.0,5.0,7.0,3.0,5.0,5.0,3.0,4.0,3.0,4.0,4.0,2.0,3.0,3.0,4.0,2.0,2.0,2.0,2.0,2.0,4.0,2.0,3.0,2.0,3.05
R_1ou64TCfMK1CBAT,spri,body_scan,1,19.0,female,United States,United States,1,3.0,1,1593,100,1,39.0,2.0,3.0,1.0,1.0,2.0,1.0,2.0,2.0,1.0,4.0,3.0,2.0,2.0,1.0,2.0,3.0,2.0,1.0,1.0,3.0,7.0,3.0,5.0,1.0,1.0,3.0,1.0,2.0,5.0,1.0,4.0,5.0,5.0,1.0,5.0,4.0,3.0,4.0,2.0,3.0,4.0,3.0,4.0,3.05
R_e5LX9HYZQhHUmbL,iowa,mindful_breathing,1,19.0,male,United States,United States,1,3.0,1,1416,100,1,23.0,4.0,4.0,1.0,1.0,4.0,1.0,1.0,4.0,1.0,4.0,2.0,1.0,1.0,1.0,4.0,4.0,1.0,1.0,3.0,4.0,7.0,1.0,6.0,3.0,3.0,3.0,1.0,2.0,3.0,2.0,4.0,2.0,1.0,1.0,4.0,3.0,3.0,4.0,5.0,1.0,5.0,5.0,5.0,3.0
R_1Hp0WUQXu3R6t2E,cali,loving_kindness,1,20.0,female,United States,United States,1,2.0,1,1293,100,1,29.0,4.0,3.0,1.0,1.0,4.0,1.0,1.0,4.0,1.0,4.0,4.0,1.0,1.0,3.0,3.0,2.0,1.0,1.0,2.0,3.0,5.0,7.0,6.0,3.0,4.0,1.0,5.0,2.0,2.0,1.0,5.0,5.0,5.0,3.0,4.0,4.0,2.0,4.0,4.0,3.0,5.0,4.0,5.0,3.55
R_b9pnWNPP8PKOHi9,iowa,mindful_breathing,1,19.0,male,United States,United States,1,3.0,1,1109,100,1,23.0,4.0,4.0,1.0,1.0,4.0,1.0,1.0,4.0,1.0,4.0,3.0,1.0,1.0,1.0,4.0,4.0,1.0,1.0,2.0,4.0,8.0,1.0,6.0,1.0,3.0,1.0,1.0,2.0,2.0,3.0,3.0,1.0,3.0,1.0,3.0,3.0,4.0,3.0,5.0,1.0,4.0,4.0,5.0,2.65
R_1Clthcm4ZjUevkx,cali,body_scan,1,18.0,male,United States,United States,1,3.0,1,1255,100,1,32.0,3.0,3.0,2.0,1.0,3.0,1.0,1.0,3.0,1.0,4.0,2.0,1.0,1.0,1.0,3.0,2.0,1.0,1.0,2.0,4.0,8.0,5.0,7.0,1.0,1.0,1.0,1.0,1.0,1.0,1.0,2.0,1.0,2.0,4.0,4.0,5.0,2.0,4.0,3.0,5.0,5.0,4.0,5.0,2.65
R_PG9p6muPrnoL1NT,ryer,loving_kindness,1,19.0,female,Canada,Jamaica,1,3.0,1,1507,100,1,31.0,3.0,3.0,1.0,2.0,3.0,1.0,1.0,3.0,1.0,4.0,3.0,1.0,1.0,2.0,3.0,3.0,1.0,1.0,2.0,4.0,8.0,2.0,6.0,2.0,1.0,2.0,1.0,3.0,2.0,1.0,3.0,2.0,4.0,5.0,5.0,4.0,4.0,5.0,4.0,5.0,4.0,3.0,5.0,3.25
R_2yrottkMZLSs6NI,suny,mindful_breathing,1,21.0,male,United States,United States,1,3.0,1,1268,100,1,32.0,3.0,2.0,1.0,1.0,4.0,1.0,1.0,3.0,1.0,2.0,3.0,1.0,1.0,1.0,2.0,3.0,1.0,1.0,3.0,3.0,7.0,6.0,8.0,1.0,1.0,1.0,3.0,1.0,1.0,1.0,3.0,1.0,1.0,1.0,4.0,1.0,2.0,4.0,5.0,4.0,2.0,4.0,2.0,2.15
R_Q50lqaOQmZNp2ud,macq,body_scan,1,18.0,female,Australia,Australia,1,3.0,1,1245,100,1,37.0,3.0,2.0,1.0,1.0,3.0,1.0,1.0,3.0,1.0,3.0,3.0,1.0,3.0,2.0,2.0,2.0,1.0,1.0,3.0,2.0,7.0,6.0,7.0,4.0,1.0,4.0,5.0,2.0,4.0,1.0,2.0,4.0,5.0,3.0,4.0,4.0,4.0,4.0,2.0,3.0,2.0,5.0,3.0,3.3
R_7QHxmaDHXBEVacp,spri,mindful_walking,1,18.0,female,United States,South Korea,1,3.0,1,1038,100,1,34.0,3.0,3.0,1.0,1.0,2.0,1.0,1.0,3.0,1.0,3.0,3.0,1.0,1.0,2.0,3.0,3.0,1.0,1.0,2.0,2.0,7.0,3.0,6.0,2.0,1.0,3.0,4.0,2.0,2.0,2.0,2.0,2.0,2.0,2.0,4.0,3.0,4.0,4.0,5.0,2.0,3.0,4.0,3.0,2.8
R_3RfOJfnBOAcJppH,utah,loving_kindness,1,19.0,female,United States,United States,1,3.0,1,1088,100,1,29.0,4.0,3.0,2.0,1.0,3.0,1.0,1.0,4.0,1.0,4.0,3.0,1.0,3.0,1.0,3.0,3.0,2.0,1.0,4.0,4.0,7.0,3.0,4.0,3.0,2.0,2.0,3.0,5.0,4.0,1.0,5.0,5.0,1.0,4.0,5.0,4.0,2.0,4.0,3.0,3.0,2.0,4.0,4.0,3.3
R_1pFjJxrx85ATrRC,iowa,control_book,0,20.0,female,United States,Ukraine,1,3.0,1,10067,100,1,43.0,4.0,3.0,2.0,2.0,3.0,2.0,3.0,3.0,2.0,3.0,3.0,3.0,2.0,3.0,3.0,3.0,3.0,2.0,3.0,3.0,3.0,3.0,7.0,2.0,2.0,2.0,2.0,2.0,4.0,2.0,2.0,2.0,4.0,2.0,5.0,4.0,4.0,4.0,2.0,2.0,2.0,2.0,4.0,2.75
R_ehxJdKwNpGbRtqV,cali,mindful_breathing,1,21.0,female,United States,United States,1,3.0,1,1165,100,1,35.0,3.0,3.0,1.0,1.0,3.0,1.0,2.0,3.0,1.0,2.0,3.0,2.0,1.0,2.0,3.0,3.0,2.0,1.0,3.0,3.0,7.0,4.0,6.0,2.0,2.0,2.0,1.0,1.0,2.0,1.0,3.0,3.0,3.0,4.0,4.0,4.0,4.0,4.0,4.0,4.0,3.0,4.0,3.0,2.9
R_WASxZNjaDN2lIUF,illi,control_book,0,19.0,female,United States,United States,1,3.0,1,1149,100,1,25.0,4.0,3.0,1.0,1.0,3.0,1.0,1.0,4.0,1.0,4.0,3.0,1.0,1.0,1.0,4.0,4.0,1.0,2.0,4.0,3.0,8.0,1.0,8.0,1.0,1.0,1.0,2.0,1.0,2.0,1.0,2.0,2.0,2.0,1.0,5.0,2.0,2.0,5.0,5.0,1.0,1.0,5.0,4.0,2.3
R_2TSQ3wjUCQEhF9v,spri,loving_kindness,1,20.0,female,United States,United States,1,3.0,1,1059,100,1,43.0,3.0,2.0,2.0,1.0,3.0,1.0,2.0,2.0,1.0,3.0,2.0,2.0,2.0,2.0,2.0,3.0,2.0,3.0,2.0,3.0,5.0,5.0,7.0,3.0,3.0,3.0,3.0,4.0,4.0,2.0,5.0,4.0,5.0,2.0,4.0,2.0,3.0,4.0,2.0,3.0,3.0,3.0,3.0,3.25
R_2ylvJak2Np1mIYN,iowa,control_book,0,21.0,male,United States,United States,1,3.0,1,1378,100,1,28.0,4.0,2.0,1.0,1.0,4.0,1.0,1.0,3.0,1.0,3.0,2.0,1.0,1.0,1.0,4.0,3.0,1.0,1.0,4.0,3.0,7.0,2.0,5.0,1.0,2.0,1.0,1.0,1.0,2.0,1.0,3.0,2.0,4.0,3.0,4.0,2.0,4.0,4.0,4.0,4.0,4.0,4.0,5.0,2.8
R_22EsvOXdgVeprDD,cali,body_scan,1,19.0,female,United States,United States,1,3.0,1,3030,100,1,35.0,3.0,3.0,2.0,1.0,3.0,2.0,3.0,3.0,1.0,4.0,3.0,2.0,2.0,2.0,4.0,4.0,2.0,2.0,4.0,3.0,8.0,7.0,6.0,4.0,2.0,4.0,4.0,5.0,4.0,5.0,4.0,4.0,5.0,2.0,2.0,2.0,4.0,4.0,2.0,4.0,4.0,4.0,2.0,3.55
R_2DT5YPUV0JAPVYL,utah,mindful_walking,1,20.0,female,United States,United States,1,3.0,1,1233,100,1,41.0,4.0,4.0,1.0,3.0,2.0,1.0,1.0,2.0,1.0,2.0,3.0,1.0,3.0,3.0,2.0,2.0,2.0,1.0,3.0,2.0,6.0,4.0,6.0,2.0,2.0,1.0,1.0,2.0,2.0,1.0,3.0,2.0,4.0,4.0,4.0,4.0,4.0,4.0,5.0,4.0,4.0,4.0,4.0,3.05
R_1PRwtsUbD9KscJe,iowa,mindful_breathing,1,21.0,male,United States,United States,1,3.0,1,1563,100,1,30.0,3.0,4.0,1.0,2.0,3.0,1.0,1.0,4.0,1.0,3.0,3.0,2.0,1.0,1.0,3.0,3.0,1.0,1.0,3.0,3.0,7.0,4.0,6.0,2.0,2.0,2.0,1.0,2.0,4.0,4.0,4.0,2.0,5.0,4.0,4.0,2.0,2.0,4.0,4.0,4.0,2.0,4.0,5.0,3.15
R_2zT1Nw4zYXIPdUv,hous,mindful_walking,1,51.0,female,United States,United States,1,3.0,1,1841,100,1,26.0,4.0,4.0,2.0,2.0,4.0,1.0,1.0,4.0,1.0,3.0,4.0,1.0,1.0,1.0,4.0,4.0,1.0,1.0,2.0,3.0,9.0,2.0,9.0,2.0,1.0,2.0,2.0,2.0,1.0,1.0,4.0,2.0,3.0,3.0,5.0,4.0,4.0,4.0,4.0,5.0,4.0,4.0,5.0,3.1
R_2TnNez3Z9qcgT96,iowa,control_book,0,20.0,female,United States,Ukraine,1,3.0,1,1111,100,1,46.0,2.0,3.0,2.0,2.0,2.0,2.0,3.0,3.0,2.0,2.0,3.0,2.0,2.0,2.0,2.0,3.0,3.0,2.0,3.0,3.0,3.0,7.0,7.0,2.0,2.0,4.0,2.0,4.0,4.0,2.0,4.0,2.0,4.0,2.0,4.0,2.0,4.0,4.0,2.0,2.0,2.0,4.0,2.0,2.9
R_Y96NgHejKtjwESZ,jose,body_scan,1,19.0,female,United States,United States,1,3.0,1,1300,100,1,42.0,3.0,1.0,1.0,1.0,2.0,1.0,1.0,2.0,1.0,3.0,1.0,1.0,1.0,2.0,2.0,2.0,1.0,2.0,2.0,2.0,6.0,3.0,6.0,2.0,3.0,2.0,2.0,4.0,2.0,2.0,5.0,3.0,4.0,4.0,4.0,2.0,4.0,3.0,3.0,3.0,2.0,2.0,4.0,3.0
R_2sbFQVuFJDkpPR8,macq,loving_kindness,1,20.0,female,Australia,Australia,1,3.0,1,1257,100,1,39.0,3.0,3.0,2.0,2.0,2.0,1.0,1.0,3.0,1.0,3.0,2.0,1.0,2.0,2.0,2.0,3.0,1.0,2.0,2.0,3.0,5.0,6.0,4.0,3.0,2.0,4.0,4.0,4.0,4.0,3.0,4.0,2.0,3.0,3.0,4.0,2.0,3.0,4.0,4.0,3.0,2.0,4.0,4.0,3.3
R_25tjfJQXY9UKaFN,cali,mindful_breathing,1,23.0,male,United States,United States,1,3.0,1,1294,100,1,25.0,4.0,4.0,1.0,1.0,4.0,1.0,3.0,4.0,1.0,4.0,3.0,1.0,1.0,2.0,4.0,4.0,1.0,1.0,3.0,4.0,7.0,3.0,5.0,2.0,3.0,2.0,2.0,2.0,2.0,2.0,2.0,3.0,3.0,4.0,4.0,4.0,3.0,3.0,4.0,4.0,4.0,4.0,4.0,3.05
R_3fSIfMADYDivjLg,macq,mindful_breathing,1,18.0,male,Australia,Australia,0,3.0,1,1288,100,1,34.0,3.0,3.0,1.0,1.0,3.0,1.0,1.0,2.0,1.0,3.0,3.0,1.0,2.0,1.0,3.0,2.0,1.0,1.0,2.0,3.0,6.0,2.0,5.0,1.0,1.0,1.0,1.0,2.0,2.0,1.0,2.0,2.0,2.0,5.0,4.0,4.0,4.0,4.0,5.0,4.0,5.0,4.0,5.0,2.95
R_zYFSbK1MbSQR7Et,macq,control_book,0,18.0,male,Australia,Australia,1,3.0,1,1334,100,1,52.0,2.0,2.0,3.0,2.0,2.0,2.0,1.0,2.0,3.0,1.0,2.0,2.0,1.0,3.0,3.0,2.0,3.0,2.0,2.0,2.0,4.0,5.0,2.0,5.0,5.0,5.0,3.0,2.0,5.0,4.0,4.0,4.0,5.0,1.0,2.0,4.0,2.0,2.0,2.0,5.0,4.0,4.0,5.0,3.65
R_ehXAUPz9y0mqDuh,cali,loving_kindness,1,20.0,male,The United States Of America,The United States Of America,1,3.0,1,1383,100,1,23.0,4.0,4.0,2.0,1.0,4.0,1.0,2.0,4.0,1.0,4.0,4.0,1.0,1.0,1.0,4.0,4.0,2.0,1.0,4.0,4.0,9.0,5.0,6.0,2.0,2.0,2.0,2.0,1.0,5.0,1.0,3.0,2.0,5.0,2.0,5.0,2.0,4.0,5.0,5.0,4.0,5.0,4.0,4.0,3.25
R_3fC52cca6RVj5fW,macq,body_scan,1,18.0,female,Australia,Australia,1,3.0,1,1277,100,1,31.0,3.0,3.0,1.0,1.0,3.0,1.0,1.0,3.0,1.0,3.0,3.0,1.0,1.0,1.0,3.0,2.0,1.0,1.0,3.0,3.0,8.0,1.0,7.0,4.0,1.0,4.0,2.0,2.0,2.0,1.0,2.0,2.0,3.0,4.0,4.0,4.0,5.0,4.0,4.0,2.0,4.0,3.0,4.0,3.05
R_1rJ6kPfDDOybvfA,macq,mindful_walking,1,19.0,female,Australia,India,1,3.0,1,1928,100,1,29.0,4.0,2.0,1.0,2.0,4.0,1.0,1.0,3.0,1.0,4.0,3.0,1.0,2.0,1.0,4.0,3.0,1.0,1.0,3.0,3.0,7.0,2.0,7.0,1.0,2.0,3.0,4.0,2.0,4.0,1.0,5.0,4.0,5.0,2.0,1.0,3.0,4.0,3.0,3.0,3.0,3.0,2.0,3.0,2.9
R_RhuVCsgWjLo6Ozf,macq,mindful_walking,1,18.0,male,Australia,Australia,1,3.0,1,1256,100,1,38.0,2.0,3.0,2.0,1.0,3.0,1.0,1.0,2.0,1.0,3.0,3.0,1.0,2.0,3.0,3.0,2.0,1.0,1.0,3.0,2.0,5.0,3.0,6.0,3.0,2.0,3.0,3.0,2.0,3.0,2.0,3.0,3.0,3.0,3.0,4.0,5.0,5.0,3.0,4.0,4.0,5.0,4.0,4.0,3.4
R_8cOnSOHWSzyelGN,kons,body_scan,1,19.0,female,Germany,Germany,0,2.0,1,1288,100,1,53.0,4.0,2.0,3.0,2.0,3.0,1.0,3.0,3.0,2.0,3.0,1.0,2.0,3.0,4.0,2.0,2.0,3.0,4.0,2.0,2.0,5.0,3.0,5.0,3.0,5.0,3.0,4.0,4.0,4.0,4.0,4.0,4.0,4.0,3.0,2.0,2.0,2.0,1.0,3.0,4.0,3.0,2.0,3.0,3.2
R_YVwSYhTXVzlt8LT,macq,loving_kindness,1,32.0,female,Australia,Australia,1,3.0,1,3469,100,1,20.0,4.0,4.0,1.0,1.0,4.0,1.0,1.0,4.0,1.0,4.0,4.0,1.0,1.0,1.0,4.0,4.0,1.0,1.0,4.0,4.0,9.0,1.0,9.0,2.0,2.0,2.0,3.0,2.0,4.0,4.0,4.0,4.0,4.0,3.0,4.0,2.0,5.0,2.0,4.0,2.0,2.0,2.0,2.0,2.95
R_3gZQA9gRtt8r8Cf,radb,mindful_breathing,1,21.0,female,Germany,Germany,0,2.0,1,1231,100,1,36.0,3.0,3.0,2.0,1.0,3.0,1.0,3.0,3.0,1.0,3.0,3.0,1.0,2.0,2.0,3.0,3.0,1.0,2.0,3.0,3.0,7.0,3.0,5.0,5.0,2.0,4.0,2.0,4.0,2.0,2.0,4.0,4.0,4.0,1.0,4.0,4.0,4.0,4.0,3.0,4.0,4.0,4.0,4.0,3.45
R_2yloB5vAW0iFj2j,radb,control_book,0,21.0,female,Germany,Germany,0,2.0,1,1393,100,1,36.0,3.0,3.0,3.0,2.0,2.0,1.0,1.0,2.0,1.0,3.0,4.0,1.0,1.0,4.0,2.0,4.0,1.0,1.0,4.0,3.0,8.0,5.0,8.0,4.0,2.0,4.0,2.0,1.0,1.0,1.0,1.0,4.0,3.0,4.0,4.0,2.0,4.0,4.0,3.0,1.0,2.0,4.0,2.0,2.65
R_2iyfjY7Q1uYjCOB,radb,loving_kindness,1,19.0,female,Netherlands,Germany,0,2.0,1,1082,100,1,34.0,3.0,4.0,2.0,1.0,3.0,2.0,1.0,3.0,1.0,4.0,3.0,1.0,1.0,2.0,3.0,3.0,2.0,2.0,2.0,3.0,7.0,3.0,7.0,2.0,2.0,2.0,2.0,2.0,2.0,2.0,2.0,2.0,2.0,4.0,3.0,4.0,2.0,4.0,4.0,2.0,2.0,5.0,4.0,2.7
R_2TRbzzV0qn4Ryjz,radb,mindful_walking,1,18.0,female,Netherlands,Netherlands,0,2.0,1,1414,100,1,38.0,3.0,3.0,2.0,1.0,3.0,1.0,2.0,3.0,2.0,3.0,2.0,2.0,1.0,3.0,3.0,3.0,2.0,1.0,3.0,3.0,6.0,3.0,3.0,3.0,4.0,3.0,3.0,2.0,4.0,2.0,4.0,3.0,4.0,2.0,2.0,4.0,3.0,2.0,3.0,4.0,2.0,4.0,3.0,3.05
R_1prktIInXEDZiqW,macq,mindful_breathing,1,19.0,female,Australia,Australia,1,3.0,1,1111,100,1,41.0,3.0,1.0,2.0,1.0,2.0,1.0,2.0,2.0,1.0,2.0,1.0,1.0,3.0,1.0,4.0,3.0,1.0,1.0,2.0,3.0,7.0,4.0,6.0,4.0,2.0,3.0,4.0,5.0,4.0,2.0,4.0,1.0,4.0,2.0,4.0,2.0,2.0,4.0,1.0,2.0,5.0,4.0,2.0,3.05
R_2fjSmmTTjDw3ca5,nort1,body_scan,1,38.0,male,United Kingdom,Australia,1,3.0,1,1445,100,1,32.0,3.0,3.0,1.0,1.0,3.0,1.0,1.0,3.0,1.0,3.0,3.0,1.0,2.0,2.0,3.0,3.0,1.0,1.0,3.0,3.0,7.0,3.0,4.0,2.0,1.0,2.0,1.0,2.0,2.0,1.0,2.0,2.0,2.0,4.0,4.0,4.0,4.0,3.0,4.0,4.0,4.0,5.0,4.0,2.85
R_11ckxTq6mI3tjiX,radb,control_book,0,18.0,female,Netherlands,Netherlands,0,2.0,1,1203,100,1,43.0,2.0,2.0,2.0,1.0,2.0,2.0,2.0,2.0,1.0,3.0,2.0,1.0,1.0,1.0,2.0,1.0,2.0,1.0,2.0,3.0,7.0,2.0,6.0,2.0,4.0,2.0,2.0,3.0,4.0,2.0,4.0,4.0,2.0,4.0,3.0,2.0,2.0,2.0,4.0,3.0,2.0,2.0,4.0,2.85
R_29aXfg05IJziHTN,nort2,mindful_walking,1,76.0,female,United Kingdom,United Kingdom,1,3.0,1,1719,100,1,22.0,4.0,4.0,1.0,1.0,4.0,1.0,1.0,3.0,1.0,4.0,3.0,1.0,1.0,1.0,4.0,4.0,1.0,1.0,4.0,4.0,9.0,6.0,9.0,1.0,1.0,1.0,1.0,1.0,2.0,2.0,2.0,2.0,2.0,5.0,5.0,4.0,4.0,3.0,3.0,4.0,4.0,5.0,3.0,2.75
R_cCR7wMV0rUPpT21,radb,mindful_breathing,1,18.0,female,Netherlands,Netherlands,0,2.0,1,1434,100,1,31.0,4.0,4.0,2.0,2.0,4.0,1.0,2.0,3.0,1.0,3.0,4.0,2.0,2.0,1.0,3.0,4.0,2.0,1.0,3.0,3.0,7.0,4.0,8.0,3.0,2.0,2.0,2.0,2.0,4.0,2.0,5.0,4.0,4.0,2.0,5.0,4.0,2.0,4.0,2.0,5.0,4.0,4.0,4.0,3.3
R_1QDGle2ma0kdzEQ,radb,body_scan,1,20.0,female,Germany,Germany,0,2.0,1,1166,100,1,36.0,3.0,3.0,1.0,2.0,2.0,2.0,2.0,3.0,1.0,3.0,3.0,1.0,1.0,1.0,3.0,3.0,2.0,2.0,3.0,3.0,7.0,4.0,5.0,3.0,2.0,3.0,4.0,4.0,4.0,2.0,4.0,2.0,4.0,2.0,3.0,2.0,2.0,2.0,2.0,3.0,3.0,3.0,4.0,2.9
R_BzY8FBbYAh4nLyx,radb,mindful_breathing,1,20.0,female,Netherlands,Poland,0,2.0,1,1530,100,1,29.0,4.0,3.0,1.0,2.0,3.0,2.0,2.0,4.0,1.0,4.0,3.0,1.0,1.0,1.0,3.0,4.0,1.0,1.0,3.0,3.0,6.0,5.0,5.0,4.0,2.0,3.0,2.0,2.0,4.0,2.0,5.0,4.0,5.0,2.0,4.0,4.0,2.0,2.0,3.0,5.0,4.0,4.0,5.0,3.4
R_9ESBVGLVYDYLZQd,radb,control_book,0,19.0,male,Netherlands,Germany,0,2.0,1,1623,100,1,20.0,4.0,4.0,1.0,1.0,4.0,1.0,1.0,4.0,1.0,4.0,4.0,1.0,1.0,1.0,4.0,4.0,1.0,1.0,4.0,4.0,8.0,2.0,7.0,1.0,1.0,1.0,1.0,2.0,1.0,1.0,2.0,1.0,1.0,4.0,4.0,4.0,4.0,4.0,4.0,4.0,3.0,4.0,4.0,2.55
R_2BgNuzyaplNEXuf,macq,loving_kindness,1,28.0,female,Belgium,Australia,1,3.0,1,1055,100,1,45.0,2.0,2.0,1.0,1.0,1.0,2.0,1.0,2.0,1.0,2.0,1.0,2.0,1.0,1.0,2.0,2.0,2.0,1.0,2.0,2.0,5.0,6.0,3.0,3.0,3.0,3.0,2.0,3.0,3.0,3.0,4.0,3.0,4.0,3.0,4.0,3.0,2.0,2.0,4.0,3.0,3.0,5.0,4.0,3.2
R_BsNNuVWUPaBgzDP,radb,mindful_walking,1,21.0,female,Netherlands,Bulgaria,0,2.0,1,1445,100,1,36.0,3.0,3.0,1.0,1.0,3.0,1.0,1.0,3.0,1.0,3.0,2.0,1.0,2.0,3.0,3.0,3.0,1.0,1.0,1.0,3.0,8.0,2.0,7.0,3.0,2.0,3.0,3.0,3.0,4.0,1.0,3.0,3.0,4.0,3.0,4.0,3.0,2.0,4.0,4.0,2.0,3.0,3.0,4.0,3.05
R_2yraQ3Y016GMZ7v,radb,control_book,0,19.0,female,Netherlands,Hungary,1,3.0,1,1228,100,1,42.0,4.0,3.0,2.0,1.0,2.0,2.0,2.0,2.0,1.0,3.0,2.0,1.0,1.0,2.0,3.0,2.0,2.0,4.0,3.0,2.0,6.0,5.0,4.0,4.0,4.0,4.0,3.0,4.0,4.0,2.0,5.0,4.0,4.0,2.0,3.0,2.0,2.0,2.0,4.0,4.0,2.0,5.0,5.0,3.45
R_3KZPzfJRPLj7174,nort2,loving_kindness,1,67.0,female,United Kingdom,South Africa,1,3.0,1,1574,100,1,35.0,3.0,3.0,3.0,1.0,3.0,1.0,3.0,3.0,1.0,4.0,4.0,1.0,3.0,1.0,3.0,3.0,3.0,1.0,4.0,3.0,8.0,7.0,8.0,2.0,1.0,2.0,2.0,1.0,1.0,1.0,2.0,1.0,4.0,4.0,4.0,4.0,2.0,4.0,4.0,2.0,4.0,4.0,4.0,2.65
R_1QgYStK3GBo0Gfq,nort1,body_scan,1,59.0,female,United Kingdom,United Kingdom,1,3.0,1,1320,100,1,20.0,4.0,4.0,1.0,1.0,4.0,1.0,1.0,4.0,1.0,4.0,4.0,1.0,1.0,1.0,4.0,4.0,1.0,1.0,4.0,4.0,9.0,5.0,9.0,1.0,1.0,1.0,1.0,1.0,1.0,1.0,2.0,1.0,2.0,1.0,5.0,5.0,1.0,1.0,2.0,1.0,5.0,1.0,1.0,1.75
R_3hGFEoB4BqiiKpM,macq,mindful_walking,1,30.0,male,Australia,Australia,1,3.0,1,1176,100,1,31.0,3.0,4.0,2.0,1.0,2.0,1.0,1.0,3.0,1.0,4.0,3.0,1.0,1.0,1.0,3.0,3.0,2.0,1.0,3.0,3.0,7.0,4.0,7.0,3.0,2.0,3.0,1.0,2.0,3.0,2.0,4.0,2.0,4.0,4.0,4.0,3.0,2.0,4.0,3.0,5.0,3.0,3.0,5.0,3.1
R_2PtxLaO5mbOo222,gold,body_scan,1,19.0,female,United Kingdom,United States,1,3.0,1,1290,100,1,44.0,2.0,2.0,2.0,3.0,2.0,1.0,2.0,2.0,1.0,2.0,2.0,1.0,1.0,1.0,3.0,2.0,2.0,1.0,2.0,2.0,6.0,4.0,5.0,3.0,4.0,4.0,2.0,2.0,4.0,4.0,4.0,3.0,5.0,2.0,2.0,2.0,2.0,3.0,2.0,4.0,2.0,5.0,5.0,3.2
R_24HrO8iPlMO2Y7b,macq,mindful_breathing,1,38.0,female,Australia,Australia,1,3.0,1,1449,100,1,34.0,3.0,3.0,1.0,2.0,3.0,2.0,1.0,2.0,1.0,3.0,3.0,1.0,1.0,1.0,3.0,3.0,1.0,1.0,2.0,3.0,7.0,3.0,7.0,1.0,2.0,2.0,2.0,2.0,2.0,2.0,3.0,1.0,2.0,3.0,4.0,4.0,4.0,4.0,4.0,3.0,3.0,4.0,3.0,2.75
R_qznP1UgdQ9WKDm1,nort2,mindful_breathing,1,83.0,female,United Kingdom,United Kingdom,1,3.0,1,1309,100,1,23.0,4.0,4.0,1.0,1.0,4.0,1.0,1.0,3.0,1.0,4.0,3.0,1.0,1.0,1.0,3.0,4.0,1.0,1.0,4.0,4.0,9.0,8.0,8.0,2.0,3.0,2.0,2.0,2.0,1.0,2.0,2.0,2.0,3.0,4.0,5.0,3.0,3.0,3.0,4.0,3.0,4.0,4.0,4.0,2.9
R_2TIdlMUTYFYPiZx,radb,loving_kindness,1,18.0,female,Netherlands,Netherlands,1,3.0,1,2370,100,1,38.0,4.0,3.0,2.0,1.0,3.0,2.0,2.0,2.0,1.0,4.0,2.0,1.0,1.0,3.0,3.0,2.0,2.0,2.0,3.0,3.0,7.0,4.0,5.0,4.0,3.0,4.0,4.0,2.0,4.0,4.0,2.0,4.0,3.0,2.0,4.0,3.0,3.0,2.0,4.0,4.0,2.0,3.0,4.0,3.25
R_3P7SqfQdxqOPXVm,kons,control_book,0,,female,Germany,Germany,0,2.0,1,1350,100,1,32.0,4.0,4.0,1.0,2.0,4.0,1.0,1.0,2.0,1.0,4.0,3.0,2.0,1.0,2.0,4.0,3.0,3.0,2.0,3.0,3.0,8.0,3.0,7.0,1.0,1.0,1.0,1.0,3.0,2.0,2.0,3.0,2.0,3.0,4.0,4.0,4.0,3.0,4.0,4.0,5.0,2.0,4.0,4.0,2.85
R_2dFIch88xvr9mWf,nort1,mindful_walking,1,37.0,female,United Kingdom,United Kingdom,1,3.0,1,2076,100,1,21.0,4.0,4.0,1.0,1.0,4.0,1.0,1.0,4.0,1.0,4.0,4.0,1.0,1.0,1.0,4.0,3.0,1.0,1.0,4.0,4.0,9.0,5.0,7.0,1.0,1.0,1.0,1.0,2.0,1.0,2.0,2.0,1.0,2.0,5.0,4.0,4.0,4.0,4.0,4.0,4.0,4.0,5.0,4.0,2.8
R_27IEeCTM6HsBVTk,gold,body_scan,1,20.0,female,United Kingdom,United Kingdom,1,3.0,1,1118,100,1,35.0,3.0,3.0,1.0,1.0,3.0,1.0,1.0,3.0,1.0,2.0,2.0,2.0,1.0,2.0,4.0,3.0,2.0,1.0,2.0,3.0,7.0,8.0,7.0,1.0,2.0,2.0,1.0,4.0,4.0,4.0,4.0,4.0,4.0,1.0,4.0,4.0,2.0,4.0,3.0,2.0,4.0,4.0,3.0,3.05
R_WcIHqwpEHcDSEZr,iowa,mindful_walking,1,19.0,female,United States,United States,1,3.0,1,1379,100,1,33.0,3.0,3.0,1.0,1.0,3.0,1.0,1.0,2.0,1.0,3.0,3.0,1.0,2.0,2.0,3.0,3.0,1.0,1.0,3.0,3.0,6.0,5.0,5.0,4.0,4.0,3.0,3.0,4.0,4.0,4.0,5.0,4.0,5.0,3.0,3.0,2.0,2.0,4.0,3.0,2.0,2.0,4.0,2.0,3.35
R_2VrUkgxSoS1DZCR,macq,control_book,0,18.0,male,Australia,Australia,1,3.0,1,1554,100,1,43.0,3.0,3.0,1.0,1.0,2.0,1.0,1.0,1.0,1.0,2.0,2.0,1.0,1.0,3.0,2.0,2.0,2.0,2.0,2.0,2.0,5.0,6.0,4.0,1.0,4.0,2.0,1.0,1.0,3.0,1.0,2.0,2.0,2.0,5.0,3.0,5.0,2.0,1.0,5.0,5.0,4.0,4.0,5.0,2.9
R_2BzgOfYFHGQkQF7,utah,mindful_breathing,1,,male,United States,United States,1,3.0,1,2358,100,1,50.0,1.0,1.0,1.0,1.0,1.0,1.0,1.0,1.0,1.0,1.0,1.0,1.0,1.0,1.0,1.0,1.0,1.0,1.0,1.0,1.0,5.0,5.0,4.0,,,,,,,,,,,,,,,,,,,,,
R_3JjUCkMElzqiTkj,lime,loving_kindness,1,21.0,male,Ireland,Ireland,1,3.0,1,1199,100,1,56.0,2.0,1.0,3.0,1.0,1.0,1.0,2.0,1.0,1.0,2.0,2.0,2.0,4.0,3.0,2.0,2.0,3.0,2.0,2.0,1.0,6.0,6.0,5.0,4.0,3.0,4.0,3.0,4.0,4.0,4.0,5.0,5.0,4.0,2.0,4.0,2.0,2.0,2.0,4.0,3.0,3.0,2.0,4.0,3.4
R_33ewlYSyFawgbiz,olaf,body_scan,1,20.0,female,United States,United States,1,3.0,1,1134,100,1,22.0,4.0,4.0,1.0,1.0,4.0,1.0,1.0,3.0,1.0,4.0,3.0,1.0,1.0,1.0,4.0,4.0,1.0,1.0,4.0,4.0,8.0,6.0,9.0,2.0,1.0,2.0,2.0,2.0,4.0,4.0,3.0,4.0,4.0,2.0,4.0,2.0,2.0,4.0,3.0,4.0,4.0,4.0,3.0,3.0
R_UoHzQbSU2P2s0JX,radb,body_scan,1,21.0,male,Netherlands,Netherlands,0,2.0,1,1259,100,1,32.0,4.0,3.0,1.0,1.0,3.0,1.0,2.0,3.0,1.0,3.0,2.0,1.0,1.0,1.0,3.0,3.0,1.0,2.0,3.0,3.0,7.0,3.0,5.0,2.0,2.0,2.0,2.0,2.0,4.0,2.0,2.0,4.0,4.0,4.0,4.0,4.0,2.0,4.0,4.0,4.0,4.0,4.0,4.0,3.2
R_eINJA5dFuJlRl8R,olaf,control_book,0,19.0,female,United States If America,United States,0,3.0,1,1205,100,1,46.0,3.0,1.0,2.0,2.0,3.0,1.0,2.0,1.0,1.0,2.0,1.0,2.0,2.0,3.0,3.0,3.0,2.0,1.0,2.0,3.0,6.0,4.0,2.0,1.0,3.0,4.0,4.0,3.0,5.0,2.0,5.0,5.0,5.0,2.0,3.0,2.0,2.0,3.0,1.0,2.0,5.0,4.0,2.0,3.15
R_1PcImFlKsx0J66v,cali,mindful_breathing,1,21.0,male,United States,United States,1,3.0,1,1335,100,1,25.0,4.0,3.0,1.0,1.0,3.0,1.0,1.0,4.0,1.0,4.0,4.0,1.0,1.0,1.0,4.0,3.0,1.0,1.0,3.0,3.0,7.0,2.0,9.0,1.0,2.0,2.0,1.0,1.0,4.0,2.0,1.0,2.0,1.0,5.0,5.0,4.0,5.0,5.0,5.0,5.0,4.0,5.0,4.0,3.2
R_2s56OTVmdcc7pHS,kons,mindful_walking,1,21.0,self_describe,Germany,Germany,0,2.0,1,20510,100,1,22.0,4.0,4.0,1.0,1.0,4.0,1.0,1.0,3.0,1.0,4.0,3.0,1.0,1.0,1.0,4.0,4.0,1.0,1.0,4.0,4.0,7.0,2.0,8.0,3.0,2.0,2.0,2.0,1.0,4.0,1.0,2.0,2.0,2.0,2.0,4.0,2.0,4.0,3.0,4.0,4.0,4.0,4.0,4.0,2.8
R_2ysBkb2PIfU2PEY,nort2,mindful_breathing,1,80.0,female,United Kingdom,United Kingdom,1,3.0,1,1491,100,1,27.0,4.0,3.0,1.0,1.0,4.0,1.0,1.0,3.0,1.0,4.0,2.0,1.0,1.0,1.0,4.0,3.0,1.0,1.0,3.0,3.0,9.0,6.0,8.0,3.0,3.0,3.0,2.0,4.0,4.0,4.0,4.0,4.0,5.0,3.0,3.0,2.0,2.0,1.0,4.0,4.0,4.0,4.0,4.0,3.35
R_2OU9mvvLstpQPwW,utah,loving_kindness,1,18.0,female,United States,United States,1,3.0,1,1396,100,1,21.0,4.0,4.0,1.0,1.0,4.0,1.0,1.0,4.0,1.0,4.0,3.0,1.0,1.0,1.0,4.0,4.0,1.0,1.0,4.0,4.0,8.0,7.0,7.0,3.0,2.0,1.0,1.0,1.0,4.0,1.0,5.0,3.0,5.0,1.0,4.0,2.0,3.0,4.0,3.0,1.0,3.0,4.0,5.0,2.8
R_242GFUw9xTBA9Kd,radb,mindful_walking,1,19.0,female,Netherlands,Netherlands,0,2.0,1,1357,100,1,31.0,4.0,4.0,2.0,2.0,4.0,1.0,1.0,2.0,1.0,2.0,2.0,1.0,1.0,2.0,3.0,4.0,1.0,1.0,4.0,3.0,6.0,3.0,4.0,2.0,1.0,2.0,3.0,2.0,5.0,1.0,2.0,2.0,2.0,4.0,4.0,2.0,4.0,3.0,4.0,5.0,4.0,5.0,1.0,2.9
R_1dHnZm1RhbJ1rMN,utah,loving_kindness,1,19.0,female,United States,United States,1,3.0,1,1344,100,1,48.0,3.0,3.0,2.0,2.0,2.0,3.0,2.0,2.0,1.0,2.0,3.0,3.0,2.0,3.0,2.0,2.0,1.0,2.0,2.0,2.0,4.0,3.0,5.0,4.0,1.0,3.0,2.0,3.0,3.0,4.0,4.0,2.0,3.0,4.0,5.0,3.0,2.0,4.0,3.0,3.0,2.0,4.0,5.0,3.2
R_25A9Z7OfxoBCQJO,glen,mindful_walking,1,,female,United States,United States,1,3.0,1,1421,100,1,41.0,2.0,3.0,3.0,3.0,2.0,1.0,1.0,2.0,1.0,2.0,3.0,1.0,1.0,1.0,2.0,2.0,1.0,1.0,3.0,2.0,4.0,5.0,5.0,1.0,3.0,1.0,2.0,1.0,2.0,3.0,2.0,2.0,2.0,2.0,4.0,3.0,4.0,3.0,5.0,1.0,3.0,5.0,3.0,2.6
R_1QEOXaQUT4z3jw9,radb,control_book,0,18.0,female,Netherlands,Hungary,0,3.0,1,3386,100,1,52.0,2.0,2.0,2.0,2.0,1.0,3.0,2.0,2.0,1.0,2.0,1.0,2.0,1.0,3.0,2.0,2.0,2.0,1.0,2.0,1.0,3.0,7.0,4.0,4.0,4.0,3.0,4.0,4.0,3.0,3.0,4.0,2.0,4.0,4.0,3.0,3.0,4.0,2.0,4.0,2.0,3.0,2.0,3.0,3.25
R_2tlipx2HG98ASWw,radb,control_book,0,19.0,female,Germany,Germany,1,3.0,1,1217,100,1,46.0,3.0,2.0,1.0,1.0,1.0,2.0,2.0,1.0,2.0,2.0,2.0,1.0,1.0,2.0,2.0,2.0,1.0,2.0,2.0,2.0,5.0,2.0,2.0,4.0,4.0,3.0,4.0,4.0,5.0,4.0,5.0,4.0,5.0,2.0,1.0,2.0,2.0,1.0,1.0,2.0,2.0,3.0,2.0,3.0
R_2ARNvFvQhWR8HWg,ryer,body_scan,1,18.0,male,Canada,Canada,1,3.0,1,1146,100,1,40.0,2.0,3.0,1.0,2.0,3.0,1.0,2.0,2.0,1.0,3.0,2.0,2.0,1.0,2.0,3.0,2.0,2.0,1.0,2.0,3.0,7.0,5.0,6.0,3.0,3.0,3.0,4.0,2.0,4.0,3.0,4.0,4.0,5.0,3.0,3.0,2.0,2.0,2.0,2.0,3.0,2.0,3.0,3.0,3.0
R_1fiVyOFmhUcWQ9K,olaf,control_book,0,18.0,female,United States,Thailand,0,3.0,1,1388,100,1,46.0,4.0,2.0,2.0,2.0,3.0,1.0,2.0,1.0,1.0,3.0,3.0,3.0,2.0,4.0,3.0,2.0,2.0,2.0,2.0,2.0,5.0,3.0,7.0,3.0,3.0,2.0,3.0,5.0,3.0,4.0,4.0,5.0,4.0,3.0,4.0,3.0,4.0,4.0,4.0,2.0,3.0,4.0,3.0,3.5
R_3k4UhZpZOC1QqAx,utah,mindful_breathing,1,19.0,female,United States,United States,1,3.0,1,1568,100,1,51.0,2.0,2.0,2.0,2.0,2.0,1.0,4.0,2.0,2.0,3.0,2.0,4.0,2.0,1.0,2.0,2.0,2.0,3.0,3.0,2.0,4.0,5.0,2.0,5.0,4.0,5.0,4.0,5.0,5.0,4.0,5.0,5.0,5.0,1.0,4.0,2.0,2.0,2.0,1.0,5.0,4.0,1.0,5.0,3.7
R_1gNsaOBgxzqnRi1,radb,loving_kindness,1,18.0,female,Netherlands,Netherlands,0,2.0,1,1153,100,1,33.0,3.0,2.0,1.0,1.0,3.0,1.0,1.0,3.0,1.0,3.0,2.0,1.0,1.0,1.0,3.0,3.0,1.0,1.0,3.0,2.0,6.0,2.0,8.0,3.0,3.0,3.0,4.0,4.0,4.0,2.0,4.0,4.0,4.0,3.0,4.0,2.0,3.0,2.0,4.0,4.0,2.0,4.0,5.0,3.4
R_10u3AO9KPhmrALp,utah,mindful_walking,1,56.0,prefer_not_say,United States,United States,1,3.0,1,1171,100,1,50.0,1.0,1.0,1.0,1.0,1.0,1.0,1.0,1.0,1.0,1.0,1.0,1.0,1.0,1.0,1.0,1.0,1.0,1.0,1.0,1.0,5.0,5.0,5.0,1.0,1.0,1.0,1.0,1.0,1.0,1.0,1.0,1.0,1.0,1.0,1.0,1.0,1.0,1.0,1.0,1.0,1.0,1.0,1.0,1.0
R_2cqDkkEHCnir6Sr,radb,control_book,0,19.0,female,Netherlands,Germany,0,2.0,1,1278,100,1,58.0,2.0,2.0,3.0,4.0,2.0,2.0,4.0,1.0,2.0,2.0,2.0,3.0,2.0,2.0,1.0,2.0,3.0,1.0,2.0,2.0,5.0,6.0,4.0,3.0,1.0,2.0,4.0,4.0,4.0,3.0,4.0,5.0,5.0,3.0,4.0,4.0,2.0,3.0,2.0,2.0,2.0,3.0,2.0,3.1
R_1PZUjehI2R36ZAQ,utah,body_scan,1,20.0,female,United States,United States,1,3.0,1,1363,100,1,20.0,4.0,4.0,1.0,1.0,4.0,1.0,1.0,4.0,1.0,4.0,4.0,1.0,1.0,1.0,4.0,4.0,1.0,1.0,4.0,4.0,7.0,5.0,5.0,2.0,2.0,1.0,1.0,1.0,2.0,2.0,4.0,3.0,4.0,4.0,4.0,5.0,4.0,4.0,4.0,5.0,4.0,4.0,5.0,3.25
R_3KTPXARLI5v4QVU,utah,mindful_walking,1,,non_binary,United States,United States,1,3.0,1,1437,100,1,50.0,1.0,1.0,1.0,1.0,1.0,1.0,1.0,1.0,1.0,1.0,1.0,1.0,1.0,1.0,1.0,1.0,1.0,1.0,1.0,1.0,5.0,5.0,5.0,1.0,1.0,1.0,1.0,1.0,1.0,1.0,1.0,1.0,1.0,1.0,1.0,1.0,1.0,1.0,1.0,1.0,1.0,1.0,1.0,1.0
R_37PBbT6XP2B9BRf,cali,loving_kindness,1,18.0,male,United States,United States,1,3.0,1,1188,100,1,36.0,3.0,3.0,1.0,2.0,3.0,1.0,2.0,2.0,1.0,4.0,3.0,1.0,1.0,2.0,3.0,2.0,2.0,2.0,3.0,3.0,4.0,5.0,3.0,4.0,3.0,5.0,4.0,3.0,5.0,3.0,4.0,5.0,5.0,2.0,4.0,2.0,4.0,2.0,2.0,4.0,3.0,4.0,5.0,3.65
R_2QG31vrWxizCntb,iowa,mindful_breathing,1,19.0,female,United States,United States,1,3.0,1,1231,100,1,31.0,3.0,3.0,2.0,1.0,3.0,1.0,1.0,3.0,1.0,4.0,3.0,1.0,1.0,1.0,3.0,3.0,1.0,1.0,2.0,3.0,7.0,2.0,8.0,2.0,2.0,2.0,3.0,3.0,3.0,3.0,4.0,5.0,4.0,4.0,4.0,3.0,4.0,4.0,2.0,4.0,3.0,3.0,4.0,3.3
R_1kZcJfcQ9gt8g6q,seeb,mindful_breathing,1,30.0,male,Austria,Austria,0,2.0,1,1348,100,1,37.0,3.0,3.0,1.0,1.0,3.0,1.0,3.0,2.0,1.0,3.0,3.0,1.0,2.0,2.0,3.0,2.0,2.0,1.0,3.0,3.0,7.0,5.0,6.0,3.0,1.0,3.0,3.0,2.0,2.0,2.0,2.0,2.0,4.0,3.0,5.0,3.0,2.0,4.0,4.0,2.0,4.0,4.0,3.0,2.9
R_1l9QfqBaWGInSCh,seeb,body_scan,1,22.0,female,Austria,Austria,0,2.0,1,1210,100,1,28.0,4.0,3.0,1.0,1.0,3.0,1.0,1.0,3.0,1.0,4.0,3.0,1.0,1.0,2.0,3.0,3.0,1.0,1.0,3.0,4.0,8.0,2.0,7.0,3.0,4.0,3.0,2.0,2.0,2.0,3.0,2.0,4.0,5.0,3.0,4.0,3.0,4.0,4.0,4.0,4.0,2.0,4.0,4.0,3.3
R_3PEPieKmGuAJCxm,iowa,control_book,0,19.0,male,The United States Of America,The United States Of America,1,3.0,1,1404,100,1,40.0,3.0,3.0,1.0,1.0,3.0,1.0,3.0,1.0,1.0,3.0,3.0,2.0,2.0,2.0,3.0,3.0,2.0,2.0,3.0,2.0,5.0,8.0,6.0,3.0,2.0,2.0,4.0,1.0,4.0,4.0,2.0,4.0,4.0,3.0,4.0,2.0,2.0,4.0,5.0,4.0,4.0,5.0,4.0,3.35
R_2UaAsM4D6Z2nSXV,utah,mindful_walking,1,,female,United States,United States,1,3.0,1,1515,100,1,50.0,1.0,1.0,1.0,1.0,1.0,1.0,1.0,1.0,1.0,1.0,1.0,1.0,1.0,1.0,1.0,1.0,1.0,1.0,1.0,1.0,5.0,5.0,5.0,1.0,1.0,1.0,1.0,1.0,1.0,1.0,1.0,1.0,1.0,1.0,1.0,1.0,1.0,1.0,1.0,1.0,1.0,1.0,1.0,1.0
R_2v8NRIxvdWHxT7q,utah,loving_kindness,1,77.0,female,United States,United States,1,3.0,1,1000,100,1,50.0,1.0,1.0,1.0,1.0,1.0,1.0,1.0,1.0,1.0,1.0,1.0,1.0,1.0,1.0,1.0,1.0,1.0,1.0,1.0,1.0,5.0,5.0,5.0,1.0,1.0,1.0,1.0,1.0,1.0,1.0,1.0,1.0,1.0,1.0,1.0,1.0,1.0,1.0,1.0,1.0,1.0,1.0,1.0,1.0
R_C9nNvRgWdDKAyR3,witt,body_scan,1,20.0,female,United States,United State,1,2.0,1,2398,100,1,34.0,2.0,3.0,1.0,1.0,3.0,1.0,2.0,3.0,1.0,3.0,2.0,1.0,1.0,2.0,3.0,3.0,1.0,1.0,3.0,3.0,7.0,2.0,8.0,1.0,1.0,2.0,4.0,4.0,3.0,1.0,4.0,4.0,4.0,1.0,3.0,2.0,2.0,3.0,3.0,3.0,2.0,3.0,2.0,2.6
R_2whoyqthFUBeOHU,utah,loving_kindness,1,64.0,male,United States,United States,1,3.0,1,953,100,1,50.0,1.0,1.0,1.0,1.0,1.0,1.0,1.0,1.0,1.0,1.0,1.0,1.0,1.0,1.0,1.0,1.0,1.0,1.0,1.0,1.0,5.0,5.0,5.0,1.0,1.0,1.0,1.0,1.0,1.0,1.0,1.0,1.0,1.0,1.0,1.0,1.0,1.0,1.0,1.0,1.0,1.0,1.0,1.0,1.0
R_oXNzVLL5R1Dhq6t,radb,mindful_walking,1,21.0,female,Netherlands,Germany,0,2.0,1,21606,100,1,32.0,3.0,3.0,1.0,2.0,4.0,1.0,2.0,3.0,1.0,4.0,3.0,2.0,2.0,2.0,4.0,3.0,1.0,1.0,3.0,3.0,8.0,3.0,6.0,2.0,2.0,3.0,3.0,4.0,3.0,2.0,4.0,3.0,4.0,3.0,4.0,2.0,3.0,3.0,4.0,3.0,3.0,2.0,4.0,3.05
R_uyuibkQjq2LcPux,loyo,mindful_breathing,1,20.0,female,United States,United State,1,3.0,1,1266,100,1,24.0,4.0,3.0,1.0,1.0,4.0,1.0,1.0,4.0,1.0,4.0,2.0,1.0,1.0,1.0,4.0,3.0,1.0,1.0,4.0,4.0,7.0,1.0,1.0,2.0,1.0,1.0,2.0,2.0,3.0,1.0,2.0,2.0,4.0,2.0,5.0,2.0,3.0,5.0,2.0,3.0,3.0,4.0,4.0,2.65
R_qDezHpmUCaQKzIZ,spri,control_book,0,,female,United States,United States,1,3.0,1,1396,100,1,45.0,2.0,3.0,1.0,2.0,2.0,2.0,1.0,2.0,1.0,2.0,3.0,2.0,2.0,1.0,2.0,2.0,2.0,2.0,1.0,2.0,7.0,5.0,4.0,4.0,3.0,2.0,4.0,4.0,4.0,2.0,4.0,4.0,5.0,4.0,4.0,2.0,4.0,3.0,4.0,4.0,2.0,4.0,4.0,3.55
R_5pdDZr26hSi5Z8B,olaf,loving_kindness,1,,female,United States,United States,1,3.0,1,1254,100,1,25.0,4.0,3.0,1.0,1.0,3.0,1.0,1.0,3.0,1.0,3.0,4.0,1.0,1.0,1.0,4.0,4.0,1.0,1.0,4.0,3.0,7.0,1.0,6.0,1.0,1.0,1.0,1.0,1.0,1.0,2.0,2.0,1.0,4.0,4.0,5.0,2.0,4.0,4.0,4.0,2.0,2.0,5.0,4.0,2.55
R_3MoskO0P1tLP76Y,utah,mindful_breathing,1,20.0,female,United States,United States,1,3.0,1,1350,100,1,30.0,4.0,3.0,1.0,1.0,3.0,1.0,1.0,3.0,1.0,4.0,2.0,1.0,2.0,2.0,3.0,3.0,1.0,1.0,3.0,4.0,8.0,2.0,5.0,2.0,2.0,2.0,4.0,4.0,2.0,4.0,5.0,3.0,5.0,4.0,4.0,2.0,2.0,4.0,2.0,2.0,2.0,4.0,4.0,3.15
R_28HA0uDvmLVMoAc,utah,mindful_walking,1,19.0,female,United States,United States,1,3.0,1,1233,100,1,44.0,3.0,2.0,2.0,2.0,2.0,1.0,2.0,3.0,1.0,2.0,1.0,1.0,1.0,1.0,2.0,2.0,2.0,2.0,2.0,2.0,5.0,4.0,6.0,5.0,5.0,5.0,4.0,4.0,4.0,1.0,5.0,4.0,5.0,1.0,2.0,4.0,2.0,1.0,1.0,5.0,3.0,3.0,5.0,3.45
R_3KACqmyDdu9KePu,ryer,control_book,0,20.0,female,Canada,Canada,1,3.0,1,1160,100,1,42.0,4.0,3.0,1.0,2.0,2.0,2.0,3.0,3.0,1.0,3.0,2.0,2.0,3.0,2.0,3.0,3.0,3.0,1.0,3.0,2.0,6.0,5.0,4.0,3.0,3.0,2.0,3.0,5.0,4.0,2.0,4.0,5.0,5.0,3.0,3.0,1.0,2.0,4.0,4.0,2.0,2.0,2.0,5.0,3.2
R_27D7DVwhhBTMKJX,hous,mindful_walking,1,21.0,female,United States,United States,1,3.0,1,1434,100,1,25.0,3.0,3.0,1.0,1.0,4.0,1.0,1.0,3.0,1.0,4.0,4.0,1.0,1.0,1.0,4.0,4.0,1.0,1.0,3.0,3.0,8.0,1.0,9.0,1.0,1.0,1.0,3.0,1.0,2.0,1.0,3.0,1.0,2.0,4.0,5.0,2.0,2.0,5.0,5.0,2.0,4.0,4.0,1.0,2.5
R_1eXbF2riQJDGm6W,macq,loving_kindness,1,18.0,female,Australia,Australia,1,3.0,1,1235,100,1,21.0,4.0,4.0,1.0,1.0,4.0,1.0,1.0,4.0,1.0,4.0,3.0,1.0,1.0,1.0,4.0,4.0,1.0,1.0,4.0,4.0,9.0,6.0,6.0,3.0,3.0,2.0,3.0,2.0,5.0,4.0,5.0,5.0,4.0,2.0,3.0,2.0,2.0,2.0,2.0,3.0,2.0,2.0,4.0,3.0
R_1d0U6tIhhKtgvpM,illi,body_scan,1,19.0,male,United States,United States,1,3.0,1,1397,100,1,26.0,4.0,3.0,1.0,1.0,3.0,1.0,1.0,3.0,1.0,4.0,3.0,1.0,1.0,1.0,4.0,3.0,1.0,1.0,4.0,3.0,8.0,4.0,7.0,3.0,2.0,2.0,4.0,1.0,4.0,2.0,2.0,4.0,4.0,4.0,4.0,4.0,4.0,4.0,4.0,4.0,4.0,4.0,4.0,3.4
R_1mkmxFnfYKzJebj,glen,body_scan,1,20.0,female,United States,United States,1,3.0,1,1344,100,1,29.0,4.0,3.0,1.0,1.0,3.0,1.0,2.0,3.0,1.0,4.0,2.0,1.0,1.0,1.0,3.0,3.0,1.0,1.0,4.0,3.0,7.0,6.0,6.0,4.0,1.0,3.0,1.0,2.0,2.0,1.0,4.0,3.0,4.0,2.0,4.0,1.0,4.0,4.0,5.0,3.0,4.0,4.0,4.0,3.0
R_cBZroj00uFcLItz,macq,control_book,0,18.0,female,China,China,0,2.0,1,1535,100,1,40.0,2.0,3.0,1.0,1.0,2.0,1.0,3.0,2.0,1.0,3.0,2.0,1.0,1.0,2.0,3.0,2.0,1.0,1.0,2.0,2.0,6.0,4.0,6.0,1.0,1.0,2.0,4.0,2.0,2.0,1.0,4.0,4.0,1.0,4.0,5.0,4.0,2.0,4.0,4.0,4.0,2.0,3.0,3.0,2.85
R_2U5cG14HpmQxtUV,macq,loving_kindness,1,37.0,female,Japan,Australia,1,3.0,1,1238,100,1,28.0,3.0,3.0,1.0,1.0,3.0,1.0,1.0,3.0,1.0,4.0,3.0,1.0,1.0,2.0,3.0,4.0,1.0,1.0,4.0,3.0,7.0,2.0,7.0,3.0,2.0,2.0,4.0,2.0,3.0,4.0,2.0,2.0,4.0,3.0,4.0,2.0,2.0,3.0,3.0,2.0,1.0,2.0,2.0,2.6
R_78OgX5FZStylDNL,lime,mindful_breathing,1,20.0,female,United States,United States,1,3.0,1,17678,100,1,38.0,2.0,3.0,1.0,3.0,2.0,1.0,1.0,2.0,1.0,2.0,3.0,1.0,1.0,1.0,2.0,3.0,1.0,1.0,3.0,2.0,4.0,5.0,4.0,2.0,1.0,2.0,1.0,3.0,3.0,1.0,3.0,2.0,3.0,2.0,4.0,3.0,3.0,5.0,4.0,3.0,3.0,4.0,2.0,2.7
R_1jiwEj8nsV6hzc3,iowa,mindful_walking,1,20.0,male,United States,United States,1,3.0,1,1182,100,1,27.0,4.0,3.0,1.0,1.0,3.0,1.0,1.0,3.0,1.0,3.0,3.0,1.0,1.0,2.0,4.0,4.0,1.0,1.0,4.0,3.0,9.0,2.0,5.0,4.0,2.0,2.0,2.0,2.0,2.0,2.0,2.0,2.0,2.0,4.0,4.0,4.0,4.0,4.0,4.0,2.0,4.0,4.0,4.0,3.0
R_1qfCrJ6bDSU5V5o,olaf,mindful_breathing,1,19.0,male,United States,United States,1,3.0,1,2384,100,1,30.0,4.0,4.0,1.0,1.0,3.0,1.0,4.0,3.0,1.0,4.0,4.0,2.0,1.0,4.0,4.0,4.0,2.0,1.0,4.0,4.0,9.0,3.0,9.0,2.0,1.0,2.0,4.0,2.0,4.0,1.0,4.0,3.0,4.0,3.0,5.0,4.0,4.0,3.0,4.0,4.0,5.0,5.0,5.0,3.45
R_XSW75qDb8ZUPVo5,hous,control_book,0,27.0,female,United States,United States,1,3.0,1,1231,100,1,31.0,3.0,2.0,1.0,1.0,3.0,1.0,1.0,4.0,1.0,3.0,2.0,2.0,1.0,1.0,4.0,4.0,2.0,1.0,4.0,2.0,9.0,1.0,9.0,1.0,4.0,1.0,3.0,4.0,2.0,3.0,5.0,4.0,4.0,4.0,2.0,2.0,2.0,2.0,3.0,2.0,2.0,2.0,2.0,2.7
R_3nVs4PJp986UKzt,hous,loving_kindness,1,19.0,female,United States,Nigeria,1,3.0,1,1916,100,1,41.0,2.0,2.0,1.0,1.0,2.0,2.0,2.0,2.0,1.0,3.0,3.0,1.0,1.0,1.0,3.0,2.0,3.0,1.0,2.0,2.0,5.0,4.0,5.0,4.0,1.0,3.0,1.0,2.0,4.0,1.0,3.0,4.0,5.0,2.0,4.0,3.0,4.0,3.0,2.0,3.0,3.0,4.0,4.0,3.0
R_Ai14xlfv9AOBzIl,radb,body_scan,1,19.0,female,Netherlands,Germany,0,2.0,1,1545,100,1,71.0,1.0,1.0,3.0,3.0,1.0,3.0,2.0,1.0,4.0,1.0,1.0,3.0,4.0,3.0,1.0,1.0,3.0,3.0,1.0,1.0,3.0,6.0,2.0,3.0,4.0,3.0,5.0,5.0,5.0,4.0,5.0,5.0,5.0,3.0,2.0,4.0,2.0,2.0,2.0,1.0,3.0,4.0,2.0,3.45
R_28OkCpLXpqrMr72,radb,body_scan,1,18.0,female,Netherlands,Netherlands,0,2.0,1,1394,100,1,31.0,3.0,4.0,1.0,1.0,3.0,1.0,1.0,2.0,1.0,3.0,3.0,1.0,1.0,2.0,4.0,3.0,1.0,2.0,3.0,3.0,7.0,5.0,5.0,1.0,2.0,1.0,2.0,2.0,2.0,2.0,2.0,1.0,2.0,1.0,4.0,4.0,3.0,3.0,4.0,4.0,4.0,3.0,3.0,2.5
R_3r2uoSohWECTrph,wurz,mindful_walking,1,20.0,female,Germany,Germany,0,2.0,1,1513,100,1,36.0,3.0,3.0,1.0,1.0,3.0,1.0,2.0,3.0,1.0,3.0,3.0,2.0,2.0,2.0,3.0,3.0,2.0,2.0,3.0,3.0,7.0,4.0,6.0,4.0,3.0,3.0,4.0,4.0,4.0,2.0,4.0,2.0,4.0,3.0,3.0,3.0,3.0,3.0,3.0,4.0,2.0,3.0,4.0,3.25
R_XogJWXhYlTtTVh7,radb,loving_kindness,1,19.0,female,Netherlands,Poland,0,2.0,1,1287,100,1,36.0,4.0,2.0,1.0,1.0,3.0,1.0,2.0,3.0,1.0,2.0,1.0,1.0,1.0,4.0,4.0,4.0,2.0,1.0,3.0,3.0,6.0,4.0,5.0,4.0,4.0,4.0,5.0,3.0,5.0,3.0,5.0,4.0,5.0,1.0,2.0,2.0,1.0,1.0,2.0,4.0,2.0,1.0,1.0,2.95
R_2xGmndpqh7iZmx3,radb,mindful_breathing,1,21.0,male,Nederland,Nederland,0,2.0,1,1617,100,1,32.0,3.0,3.0,1.0,1.0,3.0,1.0,1.0,3.0,1.0,3.0,3.0,1.0,1.0,1.0,2.0,2.0,1.0,1.0,3.0,3.0,6.0,3.0,5.0,2.0,1.0,2.0,4.0,2.0,2.0,4.0,2.0,1.0,5.0,4.0,4.0,5.0,4.0,4.0,2.0,5.0,2.0,1.0,4.0,3.0
R_3oYICb7t9Tw92f2,nort2,body_scan,1,77.0,male,Wales,United Kingdom,1,3.0,1,1526,100,1,23.0,4.0,4.0,1.0,1.0,4.0,1.0,1.0,3.0,1.0,4.0,3.0,1.0,1.0,1.0,4.0,4.0,1.0,1.0,4.0,3.0,8.0,5.0,8.0,1.0,1.0,1.0,1.0,1.0,1.0,2.0,1.0,1.0,2.0,5.0,5.0,4.0,4.0,3.0,5.0,5.0,5.0,4.0,4.0,2.8
R_1DO7N153rJijqJV,radb,mindful_walking,1,23.0,female,Netherlands,Germany,0,2.0,1,1216,100,1,36.0,4.0,3.0,2.0,2.0,3.0,1.0,2.0,2.0,1.0,4.0,2.0,1.0,1.0,2.0,3.0,3.0,2.0,2.0,3.0,3.0,6.0,4.0,8.0,3.0,4.0,5.0,5.0,4.0,4.0,4.0,5.0,3.0,5.0,3.0,2.0,3.0,2.0,2.0,2.0,3.0,2.0,2.0,2.0,3.25
R_U9BajJf3jxbExTr,radb,mindful_breathing,1,21.0,female,Netherlands,Germany,0,2.0,1,1185,100,1,24.0,4.0,4.0,1.0,1.0,3.0,1.0,1.0,4.0,1.0,4.0,3.0,1.0,1.0,1.0,4.0,3.0,1.0,2.0,4.0,4.0,9.0,9.0,7.0,4.0,3.0,2.0,4.0,2.0,2.0,2.0,4.0,1.0,5.0,2.0,4.0,3.0,3.0,4.0,4.0,4.0,4.0,4.0,1.0,3.1
R_25RA9KI3ipZYM86,wurz,control_book,0,20.0,female,Germany,Germany,0,2.0,1,1663,100,1,34.0,3.0,3.0,1.0,1.0,3.0,1.0,2.0,3.0,1.0,3.0,2.0,1.0,1.0,1.0,3.0,2.0,2.0,1.0,3.0,3.0,7.0,4.0,5.0,4.0,4.0,4.0,2.0,5.0,5.0,4.0,5.0,4.0,5.0,2.0,4.0,3.0,1.0,3.0,2.0,3.0,3.0,2.0,1.0,3.3
R_2PaG8N53oByzzUv,wurz,loving_kindness,1,22.0,female,Deutschland,Deutschland,0,2.0,1,1428,100,1,24.0,4.0,4.0,1.0,1.0,4.0,1.0,1.0,3.0,1.0,4.0,4.0,1.0,1.0,2.0,4.0,4.0,1.0,2.0,3.0,4.0,7.0,4.0,8.0,1.0,2.0,2.0,4.0,2.0,4.0,2.0,4.0,4.0,4.0,4.0,4.0,3.0,2.0,4.0,1.0,2.0,4.0,3.0,2.0,2.9
R_31bdgFqgbi1OA8u,seeb,mindful_walking,1,22.0,female,Austria,Austria,0,2.0,1,81496,100,1,31.0,4.0,4.0,2.0,2.0,2.0,1.0,1.0,3.0,1.0,2.0,3.0,1.0,1.0,1.0,4.0,3.0,1.0,1.0,4.0,2.0,7.0,2.0,5.0,1.0,3.0,1.0,1.0,3.0,2.0,2.0,5.0,2.0,2.0,4.0,4.0,4.0,2.0,5.0,1.0,3.0,4.0,3.0,1.0,2.65
R_264kzzfxk4TAb89,cali,loving_kindness,1,22.0,male,United States,Trinidad And Tobago,1,3.0,1,1547,100,1,65.0,1.0,1.0,3.0,3.0,1.0,3.0,3.0,1.0,2.0,1.0,1.0,2.0,3.0,4.0,1.0,2.0,3.0,2.0,3.0,1.0,3.0,5.0,3.0,4.0,2.0,2.0,2.0,2.0,4.0,1.0,3.0,1.0,5.0,2.0,5.0,4.0,4.0,5.0,1.0,4.0,5.0,5.0,4.0,3.25
R_25GUfJT7yRvqAHk,hous,control_book,0,20.0,female,United States,United States,1,3.0,1,1164,100,1,59.0,2.0,1.0,2.0,2.0,2.0,2.0,1.0,1.0,2.0,1.0,1.0,2.0,3.0,2.0,1.0,1.0,3.0,2.0,1.0,1.0,4.0,6.0,4.0,5.0,3.0,5.0,5.0,5.0,5.0,4.0,5.0,5.0,5.0,2.0,2.0,2.0,2.0,1.0,2.0,2.0,3.0,4.0,4.0,3.55
R_2B2TPoEdn3umMFH,utah,mindful_walking,1,19.0,female,United States,United States,1,2.0,1,3309,100,1,50.0,2.0,2.0,2.0,2.0,2.0,2.0,2.0,2.0,2.0,2.0,2.0,2.0,2.0,2.0,2.0,2.0,2.0,2.0,2.0,2.0,5.0,5.0,7.0,2.0,3.0,3.0,3.0,4.0,5.0,1.0,4.0,5.0,5.0,3.0,3.0,2.0,3.0,1.0,4.0,3.0,3.0,3.0,3.0,3.15
R_00WS2LKxu6YpC6Z,utah,mindful_breathing,1,19.0,female,United States,United States,1,2.0,1,1046,100,1,50.0,2.0,2.0,2.0,2.0,2.0,2.0,2.0,2.0,2.0,2.0,2.0,2.0,2.0,2.0,2.0,2.0,2.0,2.0,2.0,2.0,5.0,6.0,6.0,3.0,3.0,3.0,3.0,3.0,3.0,3.0,3.0,3.0,3.0,3.0,3.0,3.0,3.0,3.0,3.0,3.0,3.0,3.0,3.0,3.0
R_1DUSZhgd2Bixm5c,conn,body_scan,1,21.0,male,United States,United States,1,3.0,1,1348,100,1,36.0,3.0,3.0,2.0,2.0,3.0,1.0,2.0,3.0,1.0,3.0,2.0,1.0,2.0,1.0,3.0,3.0,1.0,1.0,3.0,2.0,6.0,3.0,6.0,2.0,3.0,2.0,3.0,3.0,3.0,2.0,4.0,3.0,2.0,2.0,3.0,3.0,3.0,3.0,3.0,4.0,4.0,3.0,4.0,2.95
R_Wlibjd2oGCyT7hv,utah,mindful_breathing,1,18.0,female,United States,United States,1,2.0,1,1535,100,1,34.0,3.0,3.0,1.0,1.0,3.0,1.0,1.0,3.0,1.0,3.0,2.0,1.0,1.0,2.0,3.0,3.0,2.0,2.0,3.0,3.0,6.0,5.0,5.0,3.0,2.0,2.0,4.0,4.0,4.0,2.0,4.0,4.0,4.0,3.0,4.0,4.0,2.0,4.0,2.0,3.0,3.0,2.0,4.0,3.2
R_3RydoBRMB0mmCYQ,utah,mindful_walking,1,18.0,female,United States,United States,1,3.0,1,1487,100,1,39.0,3.0,2.0,3.0,2.0,3.0,2.0,2.0,3.0,1.0,3.0,3.0,2.0,1.0,1.0,2.0,3.0,2.0,1.0,3.0,3.0,6.0,4.0,8.0,3.0,2.0,2.0,3.0,4.0,2.0,2.0,4.0,2.0,4.0,3.0,4.0,2.0,2.0,3.0,2.0,2.0,2.0,3.0,3.0,2.7
R_1EYG6TAVXDBquTd,utah,control_book,0,18.0,female,United States,United States,1,3.0,1,81837,100,1,65.0,2.0,2.0,4.0,4.0,2.0,3.0,2.0,2.0,2.0,2.0,3.0,4.0,4.0,4.0,1.0,3.0,4.0,4.0,1.0,2.0,1.0,7.0,5.0,3.0,4.0,3.0,3.0,1.0,3.0,3.0,3.0,3.0,3.0,3.0,3.0,3.0,3.0,3.0,1.0,1.0,3.0,3.0,4.0,2.8
R_Asqx5dKLQe64V2x,utah,loving_kindness,1,18.0,self_describe,United States,United States,1,3.0,1,1237,100,1,27.0,4.0,4.0,1.0,1.0,4.0,1.0,2.0,4.0,1.0,4.0,3.0,1.0,3.0,2.0,4.0,4.0,2.0,1.0,4.0,3.0,9.0,3.0,9.0,4.0,3.0,4.0,4.0,5.0,5.0,5.0,5.0,5.0,5.0,2.0,4.0,4.0,3.0,4.0,4.0,5.0,4.0,4.0,5.0,4.2
R_3R42nwLdga7k4vl,loyo,mindful_breathing,1,20.0,female,United States,United States,1,3.0,1,325944,100,1,20.0,4.0,4.0,1.0,1.0,4.0,1.0,1.0,4.0,1.0,4.0,4.0,1.0,1.0,1.0,4.0,4.0,1.0,1.0,4.0,4.0,9.0,1.0,9.0,1.0,1.0,1.0,1.0,4.0,1.0,1.0,3.0,1.0,4.0,1.0,5.0,3.0,1.0,5.0,4.0,1.0,1.0,5.0,1.0,2.25
R_22DhDjU0oOToMH4,hous,mindful_breathing,1,23.0,female,United States,United States,1,3.0,1,2378,100,1,20.0,4.0,4.0,1.0,1.0,4.0,1.0,1.0,4.0,1.0,4.0,4.0,1.0,1.0,1.0,4.0,4.0,1.0,1.0,4.0,4.0,9.0,7.0,7.0,1.0,1.0,1.0,1.0,1.0,4.0,1.0,2.0,1.0,4.0,1.0,4.0,5.0,5.0,5.0,4.0,1.0,4.0,3.0,4.0,2.65
R_1iqALmVZ5QxYe0V,utah,control_book,0,21.0,male,United States,United States,1,3.0,1,1376,100,1,43.0,3.0,2.0,2.0,2.0,2.0,1.0,1.0,2.0,1.0,3.0,3.0,2.0,2.0,1.0,3.0,2.0,1.0,3.0,1.0,2.0,6.0,3.0,6.0,2.0,2.0,2.0,1.0,3.0,4.0,2.0,4.0,3.0,4.0,2.0,4.0,2.0,3.0,4.0,4.0,3.0,2.0,2.0,5.0,2.9
R_2CqUtpyj2lYGKwR,radb,loving_kindness,1,19.0,female,Netherlands,Netherlands,0,2.0,1,1174,100,1,38.0,3.0,2.0,1.0,1.0,3.0,1.0,3.0,3.0,2.0,3.0,2.0,1.0,2.0,2.0,3.0,3.0,1.0,2.0,3.0,3.0,7.0,5.0,7.0,4.0,3.0,4.0,4.0,4.0,4.0,4.0,4.0,4.0,4.0,2.0,3.0,2.0,2.0,3.0,2.0,4.0,3.0,2.0,4.0,3.3
R_833UFFcxWdI8zFD,hous,loving_kindness,1,23.0,female,United States,United States,1,3.0,1,1908,100,1,20.0,4.0,4.0,1.0,1.0,4.0,1.0,1.0,4.0,1.0,4.0,4.0,1.0,1.0,1.0,4.0,4.0,1.0,1.0,4.0,4.0,9.0,7.0,7.0,1.0,1.0,1.0,1.0,1.0,4.0,1.0,1.0,2.0,4.0,1.0,5.0,4.0,1.0,5.0,5.0,5.0,4.0,5.0,1.0,2.65
R_31uPyLLsDvoYVkN,gold,mindful_walking,1,20.0,female,United Kingdom,United Kingdom,1,3.0,1,1213,100,1,36.0,2.0,3.0,2.0,2.0,3.0,1.0,2.0,2.0,1.0,3.0,3.0,1.0,1.0,1.0,3.0,3.0,2.0,1.0,3.0,3.0,7.0,6.0,5.0,2.0,2.0,2.0,3.0,4.0,4.0,2.0,5.0,4.0,5.0,3.0,4.0,4.0,2.0,4.0,2.0,4.0,4.0,3.0,2.0,3.25
R_1rCZgIvIljj7UN0,suny,mindful_breathing,1,19.0,female,United States,United States,1,3.0,1,4007,100,1,31.0,4.0,2.0,1.0,2.0,3.0,2.0,1.0,3.0,1.0,4.0,2.0,1.0,1.0,1.0,4.0,3.0,2.0,1.0,3.0,4.0,7.0,6.0,8.0,3.0,3.0,3.0,4.0,4.0,2.0,2.0,5.0,4.0,4.0,3.0,3.0,3.0,2.0,3.0,3.0,3.0,2.0,2.0,2.0,3.0
R_1r6X6pAIuaX6ZE9,ryer,mindful_walking,1,20.0,female,Canada,Italy,0,2.0,1,2755,100,1,34.0,4.0,2.0,1.0,1.0,3.0,1.0,1.0,2.0,1.0,3.0,2.0,1.0,2.0,2.0,4.0,3.0,1.0,1.0,2.0,3.0,7.0,6.0,8.0,4.0,4.0,3.0,3.0,3.0,5.0,3.0,4.0,5.0,5.0,4.0,2.0,4.0,2.0,2.0,1.0,2.0,2.0,3.0,4.0,3.25
R_1Orx0PypyFxg3iW,radb,control_book,0,18.0,female,Netherlands,Netherlands,0,2.0,1,1143,100,1,48.0,2.0,1.0,2.0,1.0,2.0,1.0,2.0,2.0,1.0,3.0,2.0,2.0,1.0,3.0,2.0,2.0,1.0,3.0,2.0,1.0,6.0,4.0,6.0,5.0,3.0,3.0,4.0,4.0,5.0,3.0,4.0,5.0,4.0,2.0,4.0,2.0,3.0,2.0,2.0,4.0,2.0,2.0,4.0,3.35
R_2QPULoco6qf03Bq,kons,body_scan,1,21.0,female,Germany,Germany,0,2.0,1,1678,100,1,38.0,3.0,1.0,1.0,1.0,3.0,1.0,2.0,3.0,2.0,3.0,3.0,2.0,1.0,1.0,3.0,2.0,2.0,1.0,3.0,2.0,6.0,4.0,6.0,2.0,2.0,2.0,4.0,4.0,4.0,2.0,4.0,2.0,4.0,4.0,4.0,2.0,3.0,3.0,3.0,4.0,2.0,2.0,2.0,2.95
R_3NJxz55Z4JVXWil,utah,loving_kindness,1,31.0,male,United States,United States,1,3.0,1,1700,100,1,20.0,4.0,4.0,1.0,1.0,4.0,1.0,1.0,4.0,1.0,4.0,4.0,1.0,1.0,1.0,4.0,4.0,1.0,1.0,4.0,4.0,9.0,2.0,8.0,1.0,1.0,1.0,1.0,1.0,1.0,1.0,1.0,1.0,4.0,5.0,5.0,4.0,5.0,5.0,4.0,5.0,5.0,5.0,5.0,3.05
R_2uCmA0yMTap3yqB,utah,mindful_breathing,1,19.0,female,United States,Germany,0,3.0,1,1280,100,1,30.0,3.0,3.0,1.0,1.0,3.0,1.0,1.0,3.0,1.0,3.0,3.0,1.0,1.0,1.0,4.0,3.0,1.0,1.0,2.0,3.0,7.0,4.0,7.0,3.0,1.0,3.0,3.0,4.0,4.0,3.0,4.0,1.0,4.0,3.0,4.0,2.0,2.0,4.0,3.0,2.0,2.0,4.0,4.0,3.0
R_3fjcGRnv3oEcNXf,utah,control_book,0,87.0,male,Ys,United States,1,3.0,1,1954,100,1,50.0,1.0,1.0,1.0,1.0,1.0,1.0,1.0,1.0,1.0,1.0,1.0,1.0,1.0,1.0,1.0,1.0,1.0,1.0,1.0,1.0,5.0,5.0,5.0,1.0,1.0,1.0,1.0,1.0,1.0,1.0,1.0,1.0,1.0,1.0,1.0,1.0,1.0,1.0,1.0,1.0,1.0,1.0,1.0,1.0
R_ulSDWSAYmAxbZsd,suny,loving_kindness,1,,female,United States,United States,1,3.0,1,1442,100,1,26.0,4.0,3.0,1.0,1.0,4.0,1.0,1.0,3.0,1.0,4.0,4.0,1.0,2.0,2.0,3.0,4.0,1.0,1.0,3.0,4.0,9.0,2.0,8.0,1.0,1.0,2.0,1.0,1.0,2.0,1.0,2.0,1.0,3.0,5.0,5.0,3.0,3.0,4.0,4.0,4.0,4.0,4.0,4.0,2.75
R_1oirry7o9eNox4F,radb,mindful_breathing,1,19.0,female,Netherlands,Germany,0,2.0,1,1527,100,1,29.0,4.0,3.0,1.0,1.0,4.0,1.0,1.0,3.0,1.0,1.0,2.0,1.0,1.0,1.0,4.0,3.0,1.0,1.0,4.0,3.0,9.0,3.0,9.0,3.0,1.0,2.0,4.0,1.0,3.0,2.0,1.0,1.0,4.0,4.0,5.0,3.0,3.0,5.0,5.0,1.0,3.0,5.0,2.0,2.9
R_UhwrCpGGX8mRCqB,indi,mindful_walking,1,19.0,female,United States,United States,1,3.0,1,1307,100,1,33.0,3.0,2.0,1.0,1.0,3.0,1.0,1.0,2.0,1.0,3.0,3.0,1.0,1.0,1.0,4.0,2.0,2.0,1.0,2.0,4.0,8.0,2.0,7.0,3.0,1.0,2.0,1.0,3.0,3.0,2.0,4.0,2.0,4.0,2.0,4.0,1.0,3.0,4.0,4.0,4.0,4.0,3.0,5.0,2.95
R_2P4JGTfc10lFpHK,olaf,control_book,0,19.0,male,United States,United States,1,3.0,1,1276,100,1,25.0,4.0,4.0,1.0,1.0,4.0,1.0,1.0,2.0,1.0,3.0,3.0,1.0,1.0,1.0,4.0,3.0,1.0,1.0,4.0,4.0,8.0,3.0,7.0,1.0,1.0,1.0,2.0,4.0,4.0,2.0,4.0,4.0,4.0,5.0,5.0,4.0,5.0,5.0,5.0,5.0,4.0,4.0,4.0,3.65
R_1GB5FNp46xQiMUK,olaf,loving_kindness,1,19.0,male,United States,Untied States,1,3.0,1,1089,100,1,23.0,4.0,3.0,1.0,1.0,4.0,1.0,1.0,3.0,1.0,4.0,4.0,1.0,1.0,1.0,4.0,4.0,1.0,1.0,3.0,4.0,8.0,3.0,7.0,1.0,1.0,1.0,2.0,4.0,4.0,2.0,4.0,1.0,4.0,5.0,5.0,5.0,4.0,5.0,5.0,5.0,4.0,4.0,5.0,3.55
R_3ee5k0qGBoY1f5Z,utah,control_book,0,23.0,female,United States,United States,0,3.0,1,1157,100,1,39.0,2.0,4.0,2.0,2.0,3.0,1.0,1.0,3.0,1.0,3.0,2.0,2.0,1.0,2.0,2.0,3.0,2.0,2.0,2.0,3.0,6.0,5.0,8.0,2.0,1.0,1.0,3.0,3.0,3.0,2.0,4.0,4.0,4.0,2.0,2.0,2.0,3.0,4.0,4.0,4.0,4.0,3.0,4.0,2.95
R_1LYimddEqmCRvZu,hous,body_scan,1,21.0,female,United States,United States,1,2.0,1,5641,100,1,20.0,4.0,4.0,1.0,1.0,4.0,1.0,1.0,4.0,1.0,4.0,4.0,1.0,1.0,1.0,4.0,4.0,1.0,1.0,4.0,4.0,9.0,1.0,7.0,2.0,2.0,2.0,3.0,2.0,2.0,2.0,4.0,4.0,4.0,2.0,4.0,4.0,4.0,4.0,4.0,2.0,3.0,5.0,2.0,3.05
R_1CeIDHps6Jvm0GF,flor,body_scan,1,19.0,female,United States,United States,1,3.0,1,1407,100,1,53.0,3.0,1.0,2.0,4.0,2.0,1.0,3.0,1.0,1.0,2.0,2.0,3.0,1.0,4.0,2.0,2.0,1.0,4.0,3.0,3.0,5.0,7.0,1.0,5.0,5.0,3.0,4.0,5.0,5.0,5.0,5.0,5.0,5.0,5.0,1.0,4.0,1.0,3.0,1.0,3.0,1.0,3.0,3.0,3.6
R_1BvOsCO6rmE5y6J,wurz,mindful_breathing,1,21.0,female,Germany,Germany,0,2.0,1,1597,100,1,39.0,3.0,2.0,1.0,2.0,3.0,2.0,2.0,3.0,1.0,3.0,2.0,1.0,2.0,2.0,3.0,3.0,2.0,2.0,3.0,3.0,6.0,2.0,5.0,5.0,4.0,4.0,5.0,4.0,5.0,3.0,4.0,4.0,4.0,2.0,2.0,2.0,2.0,2.0,2.0,4.0,2.0,3.0,4.0,3.35
R_2y2sNNvfLXQmGc2,flor,mindful_walking,1,22.0,female,United States,Philippines,0,2.0,1,1146,100,1,32.0,4.0,4.0,1.0,1.0,3.0,1.0,1.0,2.0,1.0,3.0,2.0,1.0,1.0,1.0,3.0,3.0,1.0,3.0,2.0,4.0,6.0,3.0,8.0,3.0,3.0,3.0,5.0,1.0,4.0,4.0,4.0,2.0,5.0,2.0,4.0,2.0,2.0,4.0,4.0,2.0,2.0,4.0,1.0,3.05
R_3lt1T4qPdHsEIFN,utah,control_book,0,19.0,male,United Stated,United States,1,3.0,1,1377,100,1,27.0,4.0,3.0,1.0,1.0,3.0,1.0,1.0,3.0,1.0,4.0,3.0,1.0,1.0,1.0,4.0,3.0,1.0,2.0,3.0,4.0,7.0,1.0,5.0,4.0,2.0,2.0,5.0,3.0,4.0,3.0,2.0,4.0,4.0,2.0,4.0,2.0,4.0,3.0,4.0,2.0,2.0,3.0,5.0,3.2
R_1pzAQO04il3pVzO,ryer,loving_kindness,1,19.0,female,Canada,Canada,1,3.0,1,1543,100,1,50.0,2.0,4.0,2.0,1.0,1.0,1.0,2.0,2.0,1.0,3.0,3.0,3.0,2.0,2.0,1.0,1.0,2.0,3.0,1.0,1.0,5.0,6.0,6.0,2.0,1.0,2.0,2.0,2.0,5.0,1.0,4.0,5.0,5.0,4.0,4.0,3.0,3.0,4.0,2.0,3.0,2.0,3.0,3.0,3.0
R_DIXOLv2gxW9mwlb,utah,mindful_walking,1,23.0,female,United States,United States,0,3.0,1,1370,100,1,24.0,4.0,3.0,1.0,1.0,4.0,1.0,1.0,3.0,1.0,4.0,3.0,2.0,1.0,1.0,4.0,4.0,1.0,1.0,4.0,4.0,7.0,3.0,8.0,2.0,2.0,1.0,3.0,4.0,4.0,3.0,4.0,3.0,5.0,1.0,4.0,2.0,4.0,4.0,4.0,3.0,3.0,2.0,5.0,3.15
R_12alkqf9JzM1quD,utah,mindful_breathing,1,18.0,female,United States,United States,1,3.0,1,1241,100,1,33.0,4.0,3.0,1.0,1.0,3.0,2.0,2.0,3.0,1.0,4.0,2.0,2.0,1.0,1.0,4.0,3.0,2.0,2.0,3.0,3.0,6.0,5.0,6.0,4.0,4.0,3.0,4.0,4.0,4.0,4.0,4.0,4.0,5.0,3.0,3.0,2.0,2.0,2.0,2.0,2.0,2.0,3.0,2.0,3.15
R_1rqUeGInqJOJ4kq,utah,loving_kindness,1,19.0,male,United States,United States,1,3.0,1,1556,100,1,28.0,4.0,3.0,1.0,1.0,4.0,1.0,1.0,3.0,1.0,4.0,2.0,1.0,1.0,2.0,4.0,3.0,1.0,1.0,3.0,3.0,7.0,4.0,4.0,2.0,1.0,1.0,2.0,2.0,4.0,2.0,4.0,2.0,4.0,4.0,5.0,2.0,3.0,4.0,4.0,3.0,2.0,4.0,2.0,2.85
R_b9mtHUIU3l8jmtr,iowa,mindful_walking,1,18.0,male,United States,United States,1,3.0,1,1497,100,1,29.0,4.0,3.0,2.0,2.0,4.0,1.0,1.0,4.0,1.0,3.0,3.0,1.0,2.0,1.0,3.0,4.0,1.0,1.0,3.0,3.0,8.0,3.0,7.0,1.0,1.0,1.0,1.0,1.0,2.0,1.0,3.0,2.0,2.0,2.0,5.0,4.0,4.0,4.0,4.0,1.0,3.0,4.0,4.0,2.5
R_2ttyTG5mhObuQPM,utah,control_book,0,48.0,male,United States,United States,1,3.0,1,1246,100,1,36.0,2.0,2.0,2.0,1.0,3.0,1.0,1.0,2.0,1.0,3.0,3.0,1.0,1.0,2.0,2.0,3.0,1.0,1.0,3.0,3.0,6.0,4.0,5.0,3.0,1.0,2.0,3.0,2.0,2.0,2.0,3.0,3.0,2.0,3.0,4.0,3.0,3.0,4.0,4.0,3.0,4.0,4.0,5.0,3.0
R_DGLeQ3klSFYBYFH,oreg,mindful_walking,1,,male,United States,United States,1,3.0,1,1354,100,1,30.0,3.0,3.0,1.0,1.0,2.0,1.0,1.0,2.0,1.0,4.0,3.0,1.0,1.0,1.0,3.0,4.0,1.0,1.0,3.0,3.0,7.0,4.0,7.0,2.0,1.0,2.0,4.0,1.0,3.0,3.0,4.0,3.0,4.0,3.0,4.0,4.0,4.0,4.0,4.0,5.0,4.0,4.0,5.0,3.4
R_2Pd14GRCVUst4Kp,spri,loving_kindness,1,18.0,female,United States,United States,1,3.0,1,1234,100,1,28.0,3.0,4.0,2.0,1.0,3.0,1.0,1.0,4.0,1.0,4.0,3.0,1.0,1.0,3.0,3.0,4.0,1.0,1.0,4.0,3.0,8.0,4.0,7.0,1.0,2.0,1.0,1.0,2.0,1.0,1.0,3.0,2.0,4.0,4.0,5.0,3.0,5.0,5.0,4.0,4.0,2.0,4.0,5.0,2.95
R_2XnbjA0Cwm7MdCU,utah,mindful_breathing,1,18.0,female,United States,United States,1,2.0,1,1250,100,1,30.0,4.0,3.0,1.0,1.0,4.0,1.0,3.0,3.0,1.0,3.0,3.0,1.0,1.0,2.0,4.0,2.0,2.0,1.0,4.0,4.0,8.0,3.0,9.0,2.0,1.0,3.0,4.0,4.0,5.0,4.0,5.0,5.0,5.0,4.0,5.0,2.0,4.0,5.0,4.0,4.0,5.0,1.0,5.0,3.85
R_1pS6GLrxx9vTTcQ,utah,control_book,0,18.0,female,United States,United States,1,2.0,1,1323,100,1,31.0,4.0,3.0,1.0,1.0,3.0,1.0,3.0,4.0,1.0,3.0,4.0,2.0,1.0,2.0,3.0,4.0,1.0,1.0,2.0,3.0,7.0,3.0,9.0,2.0,1.0,2.0,4.0,5.0,5.0,5.0,5.0,5.0,5.0,4.0,5.0,2.0,5.0,5.0,4.0,2.0,3.0,1.0,5.0,3.75
R_2zOrWop9GYyGc3y,gold,body_scan,1,20.0,female,United States,United States,1,3.0,1,1289,100,1,39.0,3.0,3.0,2.0,2.0,3.0,1.0,2.0,2.0,1.0,3.0,3.0,2.0,2.0,1.0,3.0,3.0,2.0,2.0,2.0,3.0,7.0,5.0,6.0,2.0,2.0,4.0,3.0,5.0,5.0,4.0,5.0,5.0,5.0,4.0,4.0,2.0,2.0,4.0,4.0,2.0,1.0,1.0,1.0,3.25
R_2f3yDknFLxA9xoX,loyo,mindful_breathing,1,18.0,female,United States,United States,1,3.0,1,1081,100,1,25.0,4.0,4.0,1.0,1.0,3.0,1.0,1.0,4.0,1.0,3.0,3.0,1.0,2.0,1.0,4.0,4.0,1.0,1.0,4.0,3.0,8.0,3.0,7.0,3.0,2.0,4.0,2.0,4.0,4.0,3.0,4.0,4.0,4.0,2.0,2.0,2.0,1.0,4.0,4.0,3.0,2.0,1.0,4.0,2.95
R_1dnyDzWwMfw9KG4,utah,control_book,0,19.0,female,United States,United States,1,3.0,1,100250,100,1,40.0,3.0,3.0,1.0,2.0,3.0,1.0,2.0,2.0,1.0,2.0,1.0,1.0,2.0,1.0,2.0,2.0,1.0,1.0,3.0,2.0,5.0,5.0,6.0,5.0,5.0,4.0,4.0,4.0,5.0,2.0,4.0,2.0,5.0,2.0,2.0,2.0,5.0,1.0,1.0,5.0,3.0,1.0,5.0,3.35
R_1d1aZzaWoKAMnd4,utah,mindful_walking,1,19.0,female,United States,United States,1,3.0,1,1219,100,1,41.0,3.0,2.0,2.0,2.0,3.0,1.0,2.0,2.0,1.0,3.0,1.0,1.0,2.0,1.0,2.0,2.0,2.0,1.0,3.0,3.0,5.0,5.0,4.0,5.0,5.0,4.0,3.0,4.0,4.0,2.0,4.0,4.0,5.0,2.0,2.0,2.0,2.0,1.0,1.0,5.0,2.0,1.0,5.0,3.15
R_2XhweQYytaap97X,utah,loving_kindness,1,20.0,female,,,1,3.0,1,1059,100,1,38.0,2.0,2.0,2.0,1.0,3.0,1.0,1.0,2.0,1.0,3.0,1.0,1.0,2.0,1.0,3.0,3.0,2.0,1.0,4.0,2.0,5.0,6.0,4.0,4.0,5.0,4.0,3.0,3.0,4.0,1.0,5.0,3.0,4.0,1.0,1.0,3.0,4.0,1.0,3.0,5.0,3.0,2.0,5.0,3.2
R_1DCfPrUo1qbFpZK,utah,mindful_walking,1,18.0,female,United States,United States,0,2.0,1,1276,100,1,30.0,4.0,3.0,1.0,2.0,4.0,1.0,1.0,2.0,1.0,4.0,2.0,1.0,1.0,1.0,4.0,3.0,1.0,2.0,3.0,3.0,7.0,2.0,5.0,2.0,4.0,2.0,2.0,4.0,4.0,1.0,5.0,4.0,5.0,2.0,2.0,4.0,2.0,2.0,4.0,4.0,5.0,4.0,4.0,3.3
R_1AnKm8JO0pSS8wh,macq,control_book,0,35.0,male,Australia,Australia,1,3.0,1,1469,100,1,42.0,2.0,2.0,1.0,1.0,2.0,1.0,2.0,2.0,1.0,3.0,2.0,1.0,1.0,2.0,2.0,2.0,1.0,2.0,2.0,2.0,6.0,4.0,5.0,3.0,4.0,2.0,4.0,4.0,4.0,4.0,4.0,4.0,4.0,3.0,4.0,4.0,4.0,2.0,4.0,5.0,4.0,4.0,4.0,3.75
R_2OJzkISsnayFIup,seeb,loving_kindness,1,22.0,female,Austria,Austria,0,2.0,1,1487,100,1,35.0,3.0,3.0,2.0,2.0,2.0,2.0,1.0,3.0,1.0,3.0,3.0,1.0,1.0,1.0,3.0,3.0,1.0,1.0,2.0,3.0,6.0,3.0,6.0,2.0,2.0,2.0,4.0,3.0,4.0,1.0,4.0,2.0,4.0,2.0,4.0,4.0,4.0,3.0,2.0,3.0,4.0,3.0,5.0,3.1
R_3qjPtHxmzRb7iGU,fras,body_scan,1,18.0,male,Canada,Canada,1,3.0,1,3148,100,1,36.0,3.0,2.0,1.0,1.0,3.0,1.0,1.0,3.0,1.0,3.0,1.0,1.0,1.0,1.0,4.0,2.0,1.0,4.0,3.0,3.0,6.0,3.0,7.0,3.0,3.0,3.0,3.0,3.0,5.0,3.0,3.0,4.0,4.0,3.0,3.0,3.0,3.0,2.0,3.0,3.0,4.0,4.0,5.0,3.35
R_1g5vTXjL7ot1pj4,utah,loving_kindness,1,22.0,female,United States,United States,1,3.0,1,1195,100,1,29.0,3.0,4.0,1.0,1.0,4.0,1.0,2.0,3.0,1.0,4.0,3.0,1.0,2.0,1.0,3.0,3.0,1.0,1.0,3.0,3.0,6.0,4.0,5.0,2.0,2.0,2.0,3.0,3.0,4.0,4.0,3.0,4.0,4.0,3.0,4.0,3.0,2.0,4.0,4.0,4.0,2.0,3.0,1.0,3.05
R_7PTnRVEnzndwpAR,witt,body_scan,1,18.0,male,United States,United States,1,3.0,1,1395,100,1,30.0,3.0,3.0,1.0,1.0,3.0,1.0,2.0,4.0,1.0,3.0,3.0,1.0,1.0,1.0,3.0,3.0,2.0,1.0,4.0,3.0,8.0,7.0,7.0,2.0,2.0,3.0,2.0,4.0,4.0,3.0,4.0,4.0,4.0,4.0,4.0,2.0,3.0,2.0,4.0,3.0,2.0,4.0,4.0,3.2
R_12x1tUEDsMxeVKs,jose,mindful_breathing,1,,female,United States,United States,1,3.0,1,4303,100,1,64.0,2.0,1.0,4.0,4.0,1.0,2.0,3.0,2.0,3.0,2.0,1.0,4.0,2.0,4.0,2.0,3.0,2.0,4.0,2.0,2.0,6.0,5.0,3.0,3.0,3.0,3.0,4.0,4.0,5.0,3.0,5.0,3.0,4.0,3.0,4.0,4.0,3.0,3.0,3.0,1.0,3.0,4.0,3.0,3.4
R_3Rly7GH43cxbaMF,flor,control_book,0,18.0,female,United States,United States,1,3.0,1,1168,100,1,43.0,3.0,3.0,1.0,3.0,3.0,1.0,2.0,2.0,1.0,2.0,2.0,1.0,2.0,3.0,2.0,3.0,2.0,2.0,3.0,2.0,5.0,7.0,5.0,4.0,5.0,4.0,4.0,4.0,4.0,3.0,4.0,5.0,5.0,3.0,4.0,2.0,1.0,1.0,2.0,3.0,2.0,2.0,2.0,3.2
R_3I6KvaCGOUR874Z,macq,mindful_breathing,1,43.0,female,Australia,Australia,1,3.0,1,1380,100,1,23.0,4.0,4.0,1.0,1.0,4.0,1.0,1.0,4.0,1.0,4.0,3.0,1.0,1.0,1.0,4.0,4.0,1.0,1.0,3.0,3.0,8.0,1.0,8.0,3.0,4.0,3.0,2.0,2.0,3.0,2.0,2.0,3.0,4.0,3.0,1.0,4.0,2.0,1.0,3.0,1.0,2.0,4.0,4.0,2.65
R_2atnJt7umA6E1SZ,illi,mindful_walking,1,20.0,male,United States,United States,1,3.0,1,1138,100,1,41.0,2.0,2.0,1.0,1.0,2.0,1.0,1.0,2.0,1.0,2.0,2.0,1.0,2.0,1.0,2.0,2.0,1.0,1.0,2.0,2.0,6.0,1.0,5.0,1.0,1.0,1.0,1.0,1.0,1.0,1.0,1.0,1.0,1.0,4.0,5.0,4.0,5.0,4.0,4.0,4.0,5.0,5.0,3.0,2.65
R_6G2c34iyGZH1q2l,jose,control_book,0,18.0,female,United States,United States,0,3.0,1,1409,100,1,55.0,2.0,1.0,2.0,1.0,1.0,1.0,4.0,3.0,1.0,3.0,1.0,3.0,1.0,3.0,2.0,2.0,4.0,2.0,1.0,1.0,4.0,5.0,3.0,4.0,4.0,5.0,4.0,5.0,5.0,4.0,5.0,4.0,5.0,3.0,2.0,3.0,4.0,2.0,4.0,2.0,5.0,2.0,4.0,3.8
R_1CxOChrbFzMyEPa,loyo,mindful_walking,1,18.0,female,United States,United States,1,3.0,1,1310,100,1,42.0,2.0,2.0,1.0,2.0,2.0,1.0,3.0,3.0,1.0,2.0,3.0,1.0,2.0,2.0,3.0,2.0,2.0,1.0,2.0,3.0,7.0,4.0,6.0,4.0,4.0,4.0,4.0,4.0,4.0,4.0,4.0,4.0,4.0,2.0,2.0,2.0,2.0,2.0,2.0,2.0,2.0,2.0,2.0,3.0
R_2EoEqtgrpIdRGci,radb,body_scan,1,18.0,female,The United States,Netherlands,0,3.0,1,1256,100,1,29.0,4.0,3.0,1.0,1.0,3.0,1.0,2.0,4.0,1.0,4.0,3.0,1.0,1.0,1.0,3.0,3.0,2.0,2.0,4.0,3.0,7.0,3.0,3.0,4.0,2.0,4.0,4.0,3.0,4.0,3.0,4.0,4.0,5.0,4.0,4.0,2.0,2.0,2.0,2.0,3.0,3.0,2.0,4.0,3.25
R_23fPNSIRXDQzdKG,radb,mindful_breathing,1,19.0,female,Netherlands,Germany,1,2.0,1,1284,100,1,35.0,4.0,2.0,1.0,3.0,4.0,1.0,2.0,4.0,1.0,3.0,2.0,1.0,1.0,2.0,3.0,2.0,1.0,1.0,2.0,3.0,7.0,2.0,4.0,2.0,4.0,3.0,4.0,4.0,5.0,3.0,5.0,3.0,4.0,3.0,3.0,3.0,2.0,3.0,3.0,3.0,2.0,2.0,3.0,3.2
R_2cuaYE9PoGfULRN,nort1,body_scan,1,30.0,female,United Kingdom,United Kingdom,1,3.0,1,2683,100,1,41.0,4.0,2.0,2.0,2.0,2.0,2.0,2.0,2.0,1.0,3.0,2.0,2.0,2.0,2.0,4.0,2.0,2.0,1.0,2.0,4.0,7.0,6.0,4.0,4.0,4.0,4.0,3.0,4.0,5.0,2.0,4.0,5.0,5.0,2.0,2.0,2.0,2.0,2.0,2.0,4.0,4.0,4.0,4.0,3.4
R_22VVRD2BILgOfOC,aust,control_book,0,39.0,female,Australia,Australia,1,3.0,1,1752,100,1,31.0,4.0,1.0,2.0,1.0,4.0,1.0,2.0,3.0,1.0,4.0,3.0,1.0,1.0,1.0,4.0,3.0,3.0,1.0,3.0,4.0,7.0,1.0,4.0,1.0,2.0,1.0,2.0,1.0,2.0,3.0,1.0,2.0,3.0,5.0,4.0,4.0,2.0,3.0,4.0,4.0,2.0,5.0,5.0,2.8
R_2R48xsYnTCOXvsU,nort1,loving_kindness,1,24.0,male,United Kingdom,United Kingdom,1,3.0,1,1445,100,1,29.0,4.0,3.0,1.0,1.0,4.0,1.0,1.0,2.0,1.0,4.0,3.0,1.0,1.0,1.0,4.0,2.0,1.0,1.0,3.0,2.0,7.0,3.0,7.0,2.0,1.0,1.0,1.0,1.0,1.0,1.0,1.0,1.0,2.0,4.0,5.0,4.0,5.0,4.0,5.0,3.0,2.0,4.0,4.0,2.6
R_32Q40XnnSu4cD1N,flor,loving_kindness,1,21.0,female,United States,United States,1,3.0,1,1250,100,1,47.0,2.0,3.0,3.0,4.0,2.0,2.0,2.0,3.0,2.0,3.0,3.0,4.0,2.0,1.0,3.0,4.0,2.0,2.0,2.0,2.0,8.0,5.0,8.0,2.0,2.0,1.0,2.0,1.0,4.0,2.0,3.0,1.0,5.0,3.0,4.0,4.0,3.0,4.0,2.0,3.0,3.0,4.0,4.0,2.85
R_3DiS7axqiRR3r0Y,radb,body_scan,1,20.0,female,Netherlands,Netherlands,0,2.0,1,1137,100,1,38.0,3.0,2.0,1.0,2.0,2.0,1.0,2.0,3.0,1.0,3.0,2.0,1.0,1.0,2.0,3.0,3.0,1.0,1.0,2.0,2.0,7.0,6.0,5.0,4.0,3.0,3.0,4.0,4.0,4.0,2.0,4.0,2.0,4.0,2.0,4.0,1.0,3.0,2.0,2.0,4.0,2.0,2.0,4.0,3.0
R_10w6VSbYfyxm4sw,radb,mindful_breathing,1,18.0,female,Netherlands,Netherlands,0,2.0,1,1359,100,1,48.0,2.0,4.0,2.0,2.0,2.0,1.0,3.0,3.0,2.0,3.0,3.0,3.0,3.0,3.0,2.0,3.0,3.0,3.0,2.0,3.0,6.0,7.0,7.0,4.0,2.0,4.0,4.0,3.0,5.0,2.0,5.0,3.0,5.0,2.0,4.0,4.0,4.0,4.0,2.0,5.0,4.0,4.0,4.0,3.7
R_2VxaPkqlxCfPpgY,iowa,control_book,0,19.0,female,United States,United States,1,3.0,1,1275,100,1,43.0,3.0,1.0,1.0,2.0,2.0,1.0,1.0,1.0,1.0,3.0,2.0,1.0,1.0,2.0,2.0,3.0,1.0,3.0,2.0,2.0,5.0,1.0,3.0,1.0,1.0,1.0,2.0,1.0,2.0,1.0,2.0,1.0,3.0,1.0,5.0,3.0,4.0,5.0,3.0,1.0,2.0,5.0,5.0,2.45
R_1kIHKBb8x5JkoPk,wurz,mindful_walking,1,21.0,female,Germany,Germany,0,2.0,1,1271,100,1,42.0,2.0,2.0,2.0,1.0,3.0,2.0,3.0,3.0,2.0,2.0,2.0,1.0,1.0,2.0,2.0,3.0,3.0,1.0,4.0,3.0,5.0,5.0,5.0,3.0,3.0,4.0,4.0,4.0,4.0,4.0,5.0,5.0,5.0,3.0,3.0,1.0,1.0,3.0,2.0,3.0,2.0,4.0,3.0,3.3
R_cOBmfl2y7i7tLnH,cali,mindful_breathing,1,24.0,female,United States,United States,1,3.0,1,1182,100,1,29.0,3.0,3.0,1.0,2.0,3.0,1.0,1.0,4.0,1.0,4.0,4.0,1.0,1.0,2.0,4.0,3.0,2.0,1.0,3.0,3.0,7.0,3.0,7.0,2.0,1.0,1.0,2.0,3.0,4.0,2.0,4.0,1.0,4.0,4.0,5.0,3.0,3.0,5.0,3.0,4.0,2.0,4.0,2.0,2.95
R_cBcYJ55rkoRKNCF,radb,control_book,0,22.0,female,Netherlands,Netherlands,0,2.0,1,1463,100,1,38.0,3.0,2.0,1.0,1.0,3.0,1.0,1.0,2.0,2.0,3.0,1.0,1.0,1.0,1.0,3.0,2.0,1.0,3.0,4.0,2.0,7.0,3.0,7.0,2.0,1.0,2.0,1.0,1.0,2.0,2.0,2.0,4.0,2.0,4.0,4.0,4.0,2.0,4.0,4.0,5.0,1.0,4.0,4.0,2.75
R_27jolAmdgawjSzF,nort1,mindful_breathing,1,23.0,female,United Kingdom,United Kingdom,1,3.0,1,1395,100,1,32.0,3.0,3.0,1.0,1.0,3.0,1.0,2.0,4.0,1.0,3.0,3.0,1.0,2.0,2.0,4.0,3.0,2.0,1.0,3.0,3.0,8.0,4.0,5.0,4.0,4.0,2.0,3.0,5.0,4.0,2.0,5.0,4.0,5.0,2.0,3.0,3.0,3.0,1.0,2.0,4.0,2.0,2.0,3.0,3.15
R_2aymZJQ6rUgtXA5,canb,mindful_walking,1,18.0,female,Australia,India,1,3.0,1,2157,100,1,44.0,2.0,2.0,1.0,3.0,2.0,1.0,2.0,2.0,1.0,2.0,3.0,1.0,1.0,3.0,3.0,3.0,2.0,2.0,2.0,2.0,6.0,5.0,4.0,4.0,3.0,3.0,4.0,3.0,4.0,3.0,4.0,3.0,3.0,3.0,2.0,2.0,3.0,2.0,4.0,3.0,3.0,3.0,2.0,3.05
R_3NPBaHougj9bEW2,utah,body_scan,1,45.0,male,United States,United States,1,3.0,1,2025,100,1,50.0,1.0,1.0,1.0,1.0,1.0,1.0,1.0,1.0,1.0,1.0,1.0,1.0,1.0,1.0,1.0,1.0,1.0,1.0,1.0,1.0,5.0,5.0,5.0,1.0,1.0,1.0,1.0,1.0,1.0,1.0,1.0,1.0,1.0,1.0,1.0,1.0,1.0,1.0,1.0,1.0,1.0,1.0,1.0,1.0
R_3nkE2K9ir1Z8zaI,illi,loving_kindness,1,19.0,male,United States,United States,1,3.0,1,1227,100,1,28.0,4.0,3.0,1.0,1.0,3.0,1.0,1.0,3.0,1.0,4.0,3.0,1.0,1.0,2.0,3.0,3.0,1.0,2.0,4.0,4.0,6.0,3.0,6.0,1.0,2.0,2.0,1.0,2.0,4.0,1.0,3.0,2.0,4.0,2.0,4.0,4.0,2.0,3.0,3.0,2.0,2.0,4.0,5.0,2.65
R_3oRYwUL3mDaunou,flor,control_book,0,19.0,female,United States,United Kingdom,1,3.0,1,1361,100,1,26.0,4.0,4.0,1.0,1.0,3.0,1.0,2.0,4.0,1.0,4.0,3.0,2.0,1.0,1.0,4.0,4.0,2.0,1.0,4.0,3.0,7.0,5.0,7.0,1.0,2.0,1.0,1.0,2.0,1.0,1.0,4.0,1.0,2.0,5.0,4.0,4.0,5.0,4.0,5.0,5.0,2.0,5.0,1.0,2.8
R_2rOBZ2mhPg6AMJl,utah,loving_kindness,1,24.0,female,United States,United States,1,3.0,1,1203,100,1,30.0,3.0,3.0,1.0,1.0,4.0,1.0,2.0,3.0,1.0,4.0,2.0,1.0,3.0,1.0,4.0,3.0,2.0,1.0,4.0,4.0,8.0,7.0,7.0,3.0,4.0,4.0,2.0,1.0,4.0,3.0,2.0,4.0,5.0,2.0,2.0,3.0,5.0,2.0,4.0,4.0,4.0,4.0,4.0,3.3
R_XnfYTLYIEQTx2U1,utah,mindful_breathing,1,20.0,female,Utah,United States,1,3.0,1,1324,100,1,30.0,3.0,3.0,2.0,2.0,4.0,1.0,1.0,4.0,1.0,4.0,3.0,2.0,1.0,2.0,4.0,3.0,1.0,2.0,3.0,4.0,8.0,3.0,9.0,2.0,1.0,3.0,2.0,2.0,4.0,3.0,4.0,4.0,4.0,2.0,5.0,2.0,1.0,4.0,3.0,3.0,4.0,4.0,4.0,3.05
R_DIxtqtzev3H1dGp,radb,body_scan,1,20.0,female,Netherlands,Germany,0,2.0,1,1365,100,1,28.0,3.0,4.0,1.0,1.0,4.0,1.0,2.0,3.0,1.0,4.0,3.0,1.0,2.0,1.0,3.0,4.0,1.0,1.0,3.0,3.0,8.0,4.0,8.0,2.0,1.0,2.0,2.0,2.0,2.0,2.0,3.0,2.0,3.0,4.0,4.0,2.0,3.0,4.0,2.0,3.0,2.0,4.0,4.0,2.65
R_RxgIFyf8CU8A0vv,seeb,mindful_walking,1,22.0,male,Austria,Austria,0,2.0,1,1387,100,1,39.0,3.0,2.0,2.0,1.0,3.0,1.0,1.0,2.0,1.0,3.0,2.0,1.0,2.0,2.0,3.0,2.0,1.0,2.0,3.0,2.0,4.0,5.0,7.0,3.0,1.0,3.0,4.0,1.0,3.0,2.0,1.0,2.0,4.0,3.0,3.0,4.0,4.0,4.0,2.0,2.0,3.0,4.0,3.0,2.8
R_yUSsZDVAP1UJ5YJ,radb,control_book,0,24.0,female,Netherlands,Germany,0,2.0,1,1222,100,1,62.0,3.0,2.0,2.0,4.0,1.0,3.0,2.0,1.0,3.0,1.0,1.0,3.0,1.0,4.0,3.0,1.0,2.0,4.0,2.0,1.0,2.0,9.0,1.0,5.0,5.0,5.0,5.0,5.0,5.0,4.0,5.0,4.0,5.0,4.0,5.0,2.0,2.0,1.0,1.0,2.0,3.0,4.0,1.0,3.65
R_3fl6wDj5uDBDFvn,radb,mindful_breathing,1,21.0,female,Netherlands,Germany,0,2.0,1,2526,100,1,32.0,3.0,4.0,1.0,2.0,2.0,1.0,2.0,4.0,1.0,3.0,4.0,1.0,2.0,3.0,4.0,3.0,1.0,1.0,3.0,3.0,8.0,6.0,6.0,2.0,1.0,3.0,2.0,2.0,2.0,2.0,3.0,2.0,2.0,4.0,5.0,4.0,3.0,5.0,4.0,3.0,3.0,3.0,3.0,2.9
R_3IbKfAtCal40pBs,iowa,loving_kindness,1,18.0,male,United States,United States,1,3.0,1,1172,100,1,23.0,4.0,4.0,1.0,1.0,4.0,1.0,1.0,4.0,1.0,4.0,3.0,1.0,2.0,2.0,4.0,4.0,1.0,1.0,4.0,4.0,8.0,3.0,7.0,1.0,1.0,1.0,1.0,1.0,1.0,1.0,2.0,2.0,2.0,1.0,4.0,4.0,4.0,4.0,4.0,1.0,4.0,4.0,4.0,2.35
R_1FDJHGDlJHgaZTv,iowa,body_scan,1,18.0,male,United States,United States,1,3.0,1,1218,100,1,21.0,4.0,4.0,1.0,1.0,4.0,1.0,1.0,4.0,1.0,4.0,4.0,1.0,2.0,1.0,4.0,4.0,1.0,1.0,4.0,4.0,8.0,3.0,7.0,1.0,1.0,1.0,1.0,1.0,1.0,1.0,2.0,1.0,2.0,1.0,4.0,4.0,4.0,4.0,4.0,1.0,4.0,4.0,4.0,2.3
R_eFFBQHQkmSUk23v,olaf,loving_kindness,1,31.0,female,United States,United States,1,2.0,1,1162,100,1,30.0,2.0,4.0,3.0,1.0,4.0,1.0,2.0,4.0,1.0,2.0,4.0,1.0,2.0,2.0,4.0,4.0,1.0,1.0,3.0,4.0,9.0,1.0,7.0,1.0,1.0,1.0,1.0,2.0,2.0,1.0,1.0,1.0,2.0,2.0,5.0,1.0,2.0,4.0,4.0,5.0,2.0,4.0,4.0,2.3
R_22VodWVuvZ3Qxzq,radb,loving_kindness,1,21.0,female,Germany,Germany,0,2.0,1,1346,100,1,34.0,4.0,3.0,2.0,2.0,3.0,1.0,1.0,3.0,1.0,4.0,3.0,2.0,1.0,1.0,3.0,2.0,1.0,2.0,2.0,3.0,7.0,3.0,7.0,4.0,4.0,3.0,3.0,4.0,5.0,4.0,5.0,5.0,5.0,2.0,2.0,3.0,1.0,3.0,3.0,3.0,2.0,3.0,4.0,3.4
R_A6Th5Lh8s2g3ZAJ,cali,mindful_walking,1,21.0,female,United States,United States,1,3.0,1,1133,100,1,42.0,3.0,3.0,2.0,2.0,2.0,1.0,2.0,2.0,1.0,3.0,3.0,3.0,2.0,2.0,2.0,3.0,3.0,1.0,3.0,3.0,7.0,3.0,5.0,4.0,4.0,4.0,4.0,4.0,2.0,3.0,2.0,3.0,4.0,3.0,3.0,3.0,2.0,4.0,3.0,4.0,2.0,4.0,3.0,3.25
R_28YwNl4y0nIvX8B,utah,control_book,0,19.0,female,United States,United States,1,2.0,1,1266,100,1,48.0,2.0,2.0,1.0,3.0,2.0,1.0,2.0,2.0,1.0,3.0,3.0,1.0,3.0,4.0,3.0,3.0,3.0,3.0,2.0,2.0,8.0,7.0,6.0,4.0,1.0,2.0,5.0,1.0,4.0,2.0,5.0,4.0,5.0,2.0,5.0,4.0,4.0,4.0,4.0,4.0,4.0,2.0,3.0,3.45
R_PBccCNqKgJzzM9r,utah,body_scan,1,19.0,female,United States,United States,1,3.0,1,1361,100,1,27.0,4.0,4.0,1.0,1.0,4.0,1.0,1.0,4.0,1.0,4.0,3.0,1.0,1.0,3.0,4.0,3.0,4.0,1.0,4.0,4.0,8.0,2.0,7.0,2.0,2.0,2.0,2.0,2.0,2.0,2.0,2.0,2.0,4.0,4.0,5.0,4.0,4.0,4.0,4.0,4.0,4.0,4.0,5.0,3.2
R_XAfWBtiryEO5wNH,witt,mindful_breathing,1,19.0,male,United States,United States,1,2.0,1,3231,100,1,36.0,4.0,3.0,2.0,1.0,2.0,1.0,1.0,3.0,1.0,4.0,2.0,3.0,2.0,2.0,2.0,3.0,1.0,1.0,3.0,3.0,7.0,6.0,8.0,1.0,1.0,2.0,4.0,4.0,2.0,2.0,4.0,2.0,5.0,3.0,4.0,1.0,3.0,5.0,5.0,3.0,2.0,3.0,5.0,3.05
R_1OVqUSJsnVkaYbX,utah,loving_kindness,1,20.0,female,,,1,3.0,1,1422,100,1,46.0,2.0,2.0,2.0,2.0,2.0,1.0,2.0,2.0,1.0,2.0,1.0,1.0,2.0,1.0,1.0,3.0,2.0,1.0,2.0,2.0,5.0,5.0,5.0,4.0,5.0,5.0,3.0,4.0,3.0,3.0,5.0,3.0,4.0,1.0,2.0,3.0,3.0,1.0,2.0,5.0,3.0,1.0,5.0,3.25
R_UPDO2stfmxl1SXT,utah,control_book,0,19.0,female,United States,United States,1,2.0,1,1155,100,1,28.0,4.0,3.0,1.0,1.0,3.0,1.0,2.0,3.0,1.0,4.0,3.0,1.0,1.0,2.0,3.0,4.0,1.0,1.0,3.0,4.0,7.0,5.0,6.0,4.0,1.0,1.0,5.0,2.0,4.0,1.0,5.0,4.0,5.0,3.0,5.0,3.0,4.0,4.0,4.0,3.0,3.0,2.0,1.0,3.2
R_1E07xC5enhpAQr3,utah,mindful_breathing,1,18.0,female,United States,United States,1,2.0,1,14168,100,1,24.0,4.0,4.0,1.0,1.0,4.0,1.0,2.0,4.0,1.0,3.0,4.0,1.0,3.0,1.0,4.0,4.0,1.0,1.0,4.0,4.0,7.0,3.0,8.0,4.0,1.0,4.0,3.0,2.0,4.0,2.0,5.0,4.0,5.0,4.0,5.0,2.0,4.0,5.0,4.0,2.0,4.0,2.0,4.0,3.5
R_22GrtjLZXTFGlpo,macq,body_scan,1,18.0,female,Australia,Australia,1,3.0,1,1271,100,1,26.0,3.0,3.0,2.0,1.0,4.0,1.0,1.0,3.0,1.0,4.0,3.0,1.0,1.0,1.0,4.0,4.0,1.0,2.0,4.0,4.0,7.0,3.0,5.0,4.0,3.0,4.0,2.0,4.0,4.0,2.0,5.0,5.0,5.0,4.0,3.0,2.0,3.0,2.0,4.0,2.0,3.0,2.0,3.0,3.3
R_Cfaw7iyh3HBDNEl,utah,body_scan,1,21.0,female,Utah,United States,0,3.0,1,1120,100,1,33.0,4.0,4.0,1.0,2.0,3.0,1.0,2.0,3.0,1.0,3.0,3.0,1.0,2.0,2.0,4.0,3.0,2.0,1.0,2.0,3.0,6.0,4.0,7.0,2.0,2.0,1.0,3.0,1.0,4.0,1.0,2.0,2.0,4.0,3.0,4.0,3.0,2.0,4.0,4.0,3.0,2.0,4.0,4.0,2.75
R_2Wu5afQTU0NfcoY,utah,mindful_walking,1,19.0,female,United States,United States,0,3.0,1,1284,100,1,21.0,4.0,4.0,1.0,1.0,4.0,1.0,1.0,4.0,1.0,4.0,3.0,1.0,1.0,1.0,4.0,4.0,1.0,1.0,4.0,4.0,9.0,1.0,8.0,2.0,2.0,2.0,1.0,5.0,5.0,1.0,4.0,4.0,5.0,2.0,4.0,2.0,4.0,4.0,5.0,2.0,3.0,4.0,4.0,3.25
R_2w69RYSHm81xwuc,indi,mindful_breathing,1,19.0,male,United States,United States,1,3.0,1,1101,100,1,50.0,2.0,2.0,3.0,2.0,2.0,2.0,2.0,2.0,1.0,3.0,2.0,2.0,3.0,3.0,2.0,2.0,2.0,2.0,3.0,2.0,5.0,5.0,6.0,4.0,2.0,4.0,2.0,3.0,4.0,4.0,4.0,2.0,4.0,2.0,4.0,2.0,2.0,3.0,4.0,2.0,2.0,4.0,3.0,3.05
R_21tQzj335EX0UVl,glen,mindful_breathing,1,18.0,female,United States,United States,1,2.0,1,1303,100,1,53.0,2.0,1.0,3.0,2.0,2.0,1.0,3.0,1.0,1.0,2.0,1.0,1.0,3.0,2.0,2.0,1.0,2.0,1.0,2.0,2.0,6.0,5.0,7.0,4.0,2.0,1.0,2.0,1.0,5.0,1.0,4.0,4.0,5.0,4.0,4.0,4.0,5.0,4.0,5.0,1.0,5.0,4.0,2.0,3.35
R_1HehsGjEPc1us1l,hous,mindful_walking,1,25.0,female,United States,United States,0,3.0,1,1442,100,1,36.0,3.0,3.0,2.0,2.0,3.0,1.0,1.0,3.0,1.0,3.0,3.0,1.0,1.0,3.0,3.0,3.0,1.0,2.0,3.0,2.0,6.0,3.0,4.0,2.0,2.0,2.0,2.0,2.0,5.0,2.0,4.0,4.0,5.0,4.0,4.0,4.0,4.0,3.0,3.0,4.0,4.0,4.0,5.0,3.45
R_3oO67UMFpuSQSuS,cali,control_book,0,21.0,female,United States,United States,1,3.0,1,1213,100,1,27.0,4.0,3.0,1.0,2.0,4.0,1.0,1.0,3.0,1.0,4.0,4.0,1.0,1.0,2.0,4.0,3.0,1.0,1.0,3.0,3.0,7.0,3.0,7.0,2.0,1.0,2.0,2.0,2.0,2.0,1.0,3.0,2.0,4.0,3.0,5.0,3.0,4.0,5.0,4.0,3.0,4.0,3.0,4.0,2.95
R_2DUpBiHz4iCdAds,loyo,mindful_breathing,1,18.0,female,United States,United States,1,2.0,1,1118,100,1,35.0,3.0,3.0,1.0,1.0,3.0,1.0,2.0,2.0,1.0,4.0,2.0,1.0,2.0,1.0,3.0,3.0,1.0,2.0,2.0,3.0,6.0,5.0,4.0,3.0,4.0,2.0,3.0,2.0,3.0,5.0,2.0,2.0,4.0,2.0,2.0,4.0,4.0,2.0,4.0,4.0,4.0,4.0,3.0,3.15
R_2TNs3zVIGrkemx6,utah,mindful_walking,1,19.0,female,United States,United States,1,3.0,1,1101,100,1,25.0,3.0,3.0,1.0,1.0,3.0,1.0,1.0,3.0,1.0,4.0,4.0,1.0,1.0,1.0,4.0,4.0,1.0,1.0,3.0,4.0,8.0,3.0,7.0,2.0,2.0,1.0,3.0,1.0,3.0,2.0,3.0,3.0,3.0,2.0,4.0,2.0,4.0,4.0,4.0,4.0,4.0,4.0,2.0,2.85
R_2rvmhbFjN1bZpbV,merc,body_scan,1,18.0,female,United States,Unites States,1,3.0,1,1157,100,1,35.0,3.0,3.0,1.0,1.0,3.0,1.0,1.0,2.0,1.0,1.0,2.0,1.0,1.0,1.0,3.0,3.0,1.0,1.0,3.0,2.0,7.0,3.0,6.0,3.0,3.0,3.0,4.0,4.0,4.0,2.0,5.0,4.0,4.0,4.0,3.0,2.0,2.0,3.0,4.0,4.0,3.0,4.0,3.0,3.4
R_2Xnx6QTQgJa7e8q,utah,loving_kindness,1,19.0,female,United States,United States,1,2.0,1,1188,100,1,33.0,3.0,2.0,1.0,1.0,3.0,1.0,2.0,4.0,1.0,3.0,3.0,1.0,1.0,1.0,4.0,2.0,1.0,2.0,2.0,3.0,6.0,3.0,7.0,4.0,2.0,2.0,3.0,3.0,4.0,2.0,3.0,3.0,2.0,3.0,4.0,2.0,3.0,4.0,3.0,4.0,1.0,2.0,4.0,2.9
R_23TSlawOQyBb0zG,merc,control_book,0,18.0,female,United States,United States,0,2.0,1,1589,100,1,51.0,2.0,3.0,1.0,2.0,2.0,1.0,3.0,2.0,1.0,2.0,1.0,2.0,2.0,2.0,2.0,1.0,2.0,3.0,1.0,2.0,5.0,6.0,4.0,4.0,3.0,3.0,1.0,4.0,4.0,3.0,4.0,4.0,5.0,2.0,3.0,2.0,3.0,2.0,2.0,4.0,3.0,3.0,3.0,3.1
R_1hW6sd50F0xMjsK,utah,loving_kindness,1,19.0,female,United States,United States,1,3.0,1,1282,100,1,52.0,2.0,1.0,2.0,3.0,2.0,1.0,3.0,2.0,1.0,2.0,2.0,2.0,4.0,2.0,2.0,3.0,2.0,3.0,2.0,3.0,6.0,5.0,2.0,4.0,4.0,4.0,2.0,5.0,5.0,2.0,5.0,5.0,5.0,4.0,4.0,2.0,5.0,2.0,1.0,2.0,5.0,2.0,4.0,3.6
R_xybKes0ejoeCK5z,utah,body_scan,1,22.0,female,United States,United States,1,3.0,1,1430,100,1,25.0,3.0,4.0,1.0,1.0,4.0,1.0,1.0,4.0,1.0,4.0,2.0,1.0,1.0,1.0,3.0,3.0,1.0,1.0,4.0,4.0,7.0,2.0,9.0,4.0,3.0,4.0,4.0,5.0,5.0,4.0,5.0,5.0,5.0,2.0,2.0,2.0,4.0,2.0,2.0,4.0,2.0,1.0,4.0,3.45
R_XBPWQOHYDpROhVf,olaf,mindful_walking,1,21.0,male,United States,China,0,2.0,1,1528,100,1,46.0,3.0,2.0,2.0,2.0,2.0,1.0,3.0,3.0,2.0,2.0,2.0,3.0,1.0,3.0,3.0,2.0,1.0,1.0,2.0,2.0,7.0,5.0,6.0,4.0,5.0,4.0,4.0,2.0,4.0,4.0,3.0,1.0,3.0,2.0,5.0,2.0,2.0,2.0,2.0,4.0,3.0,2.0,2.0,3.0
R_C78ubZkCPPBaks9,ryer,control_book,0,18.0,female,Canada,Canada,1,3.0,1,1289,100,1,41.0,2.0,4.0,1.0,2.0,2.0,1.0,2.0,2.0,1.0,3.0,1.0,1.0,1.0,1.0,2.0,2.0,1.0,1.0,1.0,2.0,6.0,6.0,8.0,4.0,5.0,5.0,2.0,4.0,4.0,1.0,4.0,3.0,5.0,1.0,2.0,4.0,1.0,1.0,2.0,4.0,2.0,4.0,4.0,3.1
R_32KIlYJZf5LsMLf,spri,mindful_breathing,1,19.0,female,United States,United States,1,3.0,1,1160,100,1,30.0,4.0,3.0,2.0,1.0,3.0,2.0,2.0,3.0,1.0,4.0,4.0,1.0,1.0,1.0,3.0,3.0,2.0,1.0,4.0,3.0,7.0,5.0,7.0,2.0,1.0,2.0,2.0,2.0,2.0,1.0,2.0,3.0,4.0,4.0,5.0,4.0,4.0,5.0,4.0,4.0,4.0,4.0,3.0,3.1
R_2TFasr61UNGdLDY,olaf,control_book,0,21.0,male,United States,China,0,2.0,1,1785,100,1,47.0,2.0,2.0,2.0,2.0,3.0,3.0,1.0,3.0,1.0,2.0,3.0,2.0,2.0,3.0,3.0,1.0,3.0,1.0,2.0,2.0,5.0,5.0,6.0,3.0,4.0,2.0,2.0,4.0,2.0,4.0,3.0,2.0,2.0,4.0,2.0,3.0,2.0,2.0,3.0,3.0,3.0,4.0,3.0,2.85
R_W97okgZ9ojMPtHr,indi,loving_kindness,1,18.0,male,United States,United States,1,2.0,1,1170,100,1,26.0,4.0,3.0,1.0,1.0,4.0,1.0,1.0,3.0,1.0,3.0,3.0,1.0,1.0,1.0,4.0,4.0,1.0,1.0,3.0,3.0,8.0,3.0,8.0,2.0,1.0,2.0,2.0,2.0,2.0,2.0,2.0,2.0,3.0,2.0,4.0,2.0,4.0,4.0,4.0,2.0,4.0,4.0,4.0,2.7
R_3PYruVFxLLiDBKz,utah,mindful_walking,1,19.0,male,United States,United States,1,3.0,1,1600,100,1,20.0,4.0,4.0,1.0,1.0,4.0,1.0,1.0,4.0,1.0,4.0,4.0,1.0,1.0,1.0,4.0,4.0,1.0,1.0,4.0,4.0,9.0,6.0,8.0,2.0,1.0,1.0,1.0,2.0,1.0,3.0,3.0,4.0,4.0,4.0,4.0,2.0,2.0,4.0,4.0,2.0,2.0,4.0,4.0,2.7
R_6PtECMOUJzOhPOx,merc,body_scan,1,21.0,female,United States,United States,1,3.0,1,3838,100,1,51.0,3.0,2.0,3.0,1.0,3.0,2.0,2.0,2.0,1.0,2.0,2.0,3.0,3.0,3.0,2.0,2.0,2.0,3.0,2.0,2.0,7.0,3.0,3.0,4.0,2.0,4.0,1.0,3.0,2.0,2.0,3.0,2.0,3.0,2.0,4.0,2.0,4.0,2.0,3.0,4.0,4.0,4.0,1.0,2.8
R_Rf29WJgwXUWyNH3,utah,mindful_breathing,1,21.0,male,United States,United States,1,3.0,1,1222,100,1,34.0,3.0,3.0,1.0,1.0,2.0,1.0,2.0,2.0,1.0,1.0,4.0,2.0,1.0,1.0,3.0,3.0,2.0,1.0,4.0,4.0,7.0,4.0,6.0,4.0,4.0,4.0,1.0,4.0,2.0,5.0,5.0,5.0,5.0,2.0,4.0,1.0,2.0,4.0,2.0,2.0,2.0,2.0,2.0,3.1
R_1rcdefla8opnJTA,merc,body_scan,1,21.0,female,United States,United States,1,3.0,1,1376,100,1,35.0,2.0,3.0,1.0,1.0,3.0,1.0,1.0,3.0,1.0,3.0,3.0,2.0,1.0,2.0,3.0,3.0,1.0,2.0,3.0,2.0,8.0,2.0,3.0,4.0,4.0,4.0,2.0,4.0,3.0,2.0,4.0,3.0,3.0,4.0,4.0,2.0,3.0,2.0,3.0,1.0,4.0,4.0,4.0,3.2
R_ONBFaWmhOLlPEJz,iowa,control_book,0,19.0,female,United States,United States,1,3.0,1,1223,100,1,46.0,4.0,2.0,2.0,3.0,3.0,1.0,3.0,2.0,1.0,2.0,2.0,3.0,1.0,1.0,2.0,2.0,3.0,3.0,3.0,3.0,7.0,5.0,5.0,1.0,1.0,2.0,3.0,3.0,4.0,3.0,3.0,5.0,4.0,3.0,5.0,4.0,3.0,5.0,4.0,3.0,2.0,4.0,4.0,3.3
R_Qp1gku90QzDbL8t,iowa,loving_kindness,1,18.0,female,United States,United States,1,3.0,1,1163,100,1,44.0,2.0,2.0,1.0,1.0,2.0,1.0,2.0,2.0,1.0,2.0,1.0,1.0,1.0,1.0,2.0,2.0,1.0,2.0,2.0,1.0,6.0,2.0,6.0,2.0,3.0,2.0,2.0,2.0,3.0,2.0,2.0,2.0,4.0,4.0,4.0,4.0,4.0,4.0,5.0,5.0,4.0,4.0,5.0,3.35
R_3g72V9aA3jNL0ep,seeb,body_scan,1,21.0,female,Austria,Austria,0,2.0,1,1500,100,1,28.0,4.0,2.0,1.0,1.0,2.0,1.0,1.0,4.0,1.0,3.0,3.0,1.0,1.0,2.0,4.0,3.0,1.0,1.0,4.0,4.0,7.0,5.0,8.0,1.0,1.0,2.0,2.0,1.0,1.0,1.0,3.0,2.0,5.0,1.0,5.0,4.0,1.0,4.0,4.0,1.0,4.0,4.0,1.0,2.4
R_1d79Tf7FbcK0rh9,wurz,mindful_walking,1,18.0,self_describe,Germany,Germany,0,2.0,1,1663,100,1,38.0,4.0,3.0,2.0,1.0,3.0,1.0,1.0,3.0,1.0,2.0,1.0,1.0,2.0,1.0,3.0,2.0,1.0,3.0,2.0,3.0,5.0,1.0,5.0,4.0,4.0,4.0,5.0,4.0,5.0,3.0,5.0,5.0,5.0,2.0,3.0,2.0,2.0,1.0,2.0,4.0,2.0,2.0,4.0,3.4
R_siKzT0PGuR3RpQt,radb,mindful_walking,1,22.0,male,Netherlands,Netherlands,0,2.0,1,277167,100,1,31.0,4.0,3.0,2.0,2.0,4.0,1.0,2.0,3.0,2.0,3.0,4.0,2.0,1.0,2.0,4.0,3.0,1.0,1.0,4.0,3.0,7.0,2.0,7.0,2.0,2.0,2.0,2.0,2.0,2.0,2.0,1.0,2.0,2.0,4.0,4.0,4.0,4.0,5.0,4.0,4.0,4.0,5.0,4.0,3.05
R_TdunNkflPhIByGl,wurz,control_book,0,19.0,female,Germany,Germany,0,2.0,1,3893,100,1,39.0,4.0,4.0,3.0,3.0,4.0,2.0,3.0,3.0,2.0,4.0,4.0,1.0,1.0,4.0,3.0,2.0,1.0,2.0,3.0,2.0,5.0,2.0,8.0,4.0,1.0,2.0,5.0,1.0,4.0,3.0,5.0,1.0,5.0,2.0,5.0,2.0,2.0,5.0,4.0,2.0,1.0,4.0,3.0,3.05
R_2YP1c7Rj5RDEYpU,radb,loving_kindness,1,19.0,male,Netherlands,Netherlands,0,2.0,1,1076,100,1,46.0,3.0,3.0,3.0,3.0,2.0,2.0,3.0,2.0,1.0,3.0,2.0,2.0,2.0,3.0,2.0,3.0,3.0,1.0,4.0,3.0,5.0,7.0,7.0,2.0,2.0,2.0,2.0,1.0,1.0,3.0,2.0,2.0,2.0,3.0,4.0,2.0,4.0,4.0,4.0,4.0,4.0,4.0,2.0,2.7
R_3eraZca6FXvp6SV,witt,body_scan,1,18.0,female,United States,United States,1,3.0,1,1525,99,0,24.0,4.0,4.0,1.0,1.0,4.0,1.0,1.0,3.0,1.0,4.0,4.0,1.0,2.0,1.0,4.0,4.0,1.0,1.0,3.0,3.0,7.0,3.0,7.0,3.0,1.0,2.0,3.0,1.0,2.0,1.0,4.0,1.0,2.0,3.0,5.0,2.0,5.0,5.0,5.0,4.0,2.0,5.0,5.0,3.05
R_1rljaTvQxRRxosY,radb,body_scan,1,21.0,female,Netherlands,Turkey,0,2.0,1,1206,100,1,38.0,3.0,2.0,2.0,1.0,2.0,2.0,2.0,3.0,1.0,3.0,2.0,2.0,1.0,1.0,3.0,3.0,2.0,1.0,3.0,3.0,4.0,7.0,2.0,5.0,4.0,4.0,4.0,2.0,5.0,4.0,3.0,5.0,4.0,1.0,3.0,2.0,2.0,2.0,2.0,5.0,5.0,3.0,5.0,3.5
R_ZaZjKTDJhidcRMt,wurz,body_scan,1,21.0,female,Germany,Germany,0,2.0,1,1735,100,1,21.0,4.0,4.0,1.0,1.0,4.0,1.0,1.0,4.0,1.0,4.0,3.0,1.0,1.0,1.0,4.0,4.0,1.0,1.0,4.0,4.0,8.0,2.0,6.0,4.0,2.0,2.0,2.0,2.0,4.0,2.0,2.0,2.0,4.0,2.0,4.0,4.0,4.0,2.0,1.0,4.0,4.0,2.0,5.0,2.9
R_1QfnrdCDyS8F5qW,utah,mindful_breathing,1,22.0,male,United States,United States,1,3.0,1,1743,100,1,26.0,4.0,4.0,1.0,2.0,4.0,1.0,3.0,3.0,1.0,4.0,2.0,1.0,1.0,1.0,4.0,4.0,1.0,1.0,4.0,4.0,6.0,3.0,4.0,2.0,1.0,1.0,1.0,5.0,1.0,1.0,5.0,2.0,5.0,4.0,5.0,5.0,4.0,5.0,5.0,3.0,5.0,4.0,3.0,3.35
R_3e4XdKvELywe28H,utah,loving_kindness,1,21.0,female,United States,United States,1,3.0,1,1034,100,1,35.0,2.0,3.0,1.0,1.0,2.0,1.0,1.0,3.0,1.0,3.0,2.0,1.0,1.0,1.0,2.0,3.0,1.0,1.0,2.0,3.0,7.0,3.0,6.0,4.0,4.0,3.0,3.0,3.0,3.0,2.0,4.0,2.0,4.0,3.0,4.0,2.0,3.0,4.0,2.0,5.0,2.0,4.0,4.0,3.25
R_28G8i5XTXjlTLna,jose,mindful_walking,1,19.0,female,United States,United States,1,3.0,1,1200,100,1,29.0,4.0,3.0,1.0,1.0,3.0,1.0,1.0,3.0,1.0,3.0,3.0,1.0,1.0,1.0,3.0,3.0,1.0,1.0,3.0,3.0,8.0,1.0,6.0,4.0,4.0,4.0,4.0,5.0,5.0,2.0,4.0,4.0,5.0,1.0,2.0,2.0,2.0,2.0,1.0,2.0,2.0,2.0,4.0,3.05
R_28U8IbPkQAQgbfJ,nort2,mindful_walking,1,75.0,male,United Kingdom,United Kingdom,1,3.0,1,1827,100,1,20.0,4.0,4.0,1.0,1.0,4.0,1.0,1.0,4.0,1.0,4.0,4.0,1.0,1.0,1.0,4.0,4.0,1.0,1.0,4.0,4.0,9.0,5.0,7.0,1.0,3.0,1.0,1.0,1.0,1.0,1.0,1.0,1.0,2.0,5.0,5.0,5.0,4.0,3.0,5.0,5.0,5.0,5.0,5.0,3.0
R_cLQQhXH5ZcCfHvH,radb,body_scan,1,20.0,female,Germane,Germany,0,2.0,1,1280,100,1,28.0,4.0,3.0,1.0,1.0,3.0,1.0,2.0,4.0,1.0,4.0,3.0,1.0,1.0,1.0,4.0,4.0,2.0,1.0,3.0,2.0,7.0,1.0,8.0,3.0,2.0,1.0,1.0,4.0,4.0,3.0,4.0,4.0,4.0,3.0,4.0,2.0,2.0,4.0,4.0,3.0,2.0,3.0,3.0,3.0
R_3I04ezMIsH7VRlP,kons,loving_kindness,1,20.0,female,Germany,Germany,0,2.0,1,1498,100,1,40.0,3.0,2.0,1.0,2.0,3.0,1.0,1.0,2.0,1.0,2.0,2.0,1.0,1.0,2.0,2.0,2.0,1.0,1.0,2.0,2.0,6.0,5.0,6.0,2.0,4.0,3.0,4.0,1.0,4.0,2.0,4.0,1.0,4.0,4.0,3.0,2.0,4.0,3.0,3.0,2.0,2.0,3.0,4.0,2.95
R_2tcbw38yoFZBo6O,radb,mindful_breathing,1,19.0,female,Netherlands,Netherlands,0,2.0,1,1431,100,1,34.0,4.0,2.0,1.0,1.0,3.0,1.0,1.0,3.0,1.0,3.0,2.0,1.0,1.0,2.0,4.0,2.0,2.0,1.0,2.0,3.0,7.0,3.0,7.0,3.0,4.0,2.0,2.0,3.0,4.0,2.0,4.0,4.0,4.0,3.0,3.0,5.0,4.0,2.0,3.0,4.0,4.0,2.0,3.0,3.25
R_3kNFCp3SLdXH7LJ,wurz,body_scan,1,22.0,female,Germany,Germany,0,2.0,1,1682,100,1,34.0,3.0,4.0,2.0,2.0,3.0,1.0,2.0,3.0,1.0,3.0,3.0,2.0,1.0,1.0,4.0,3.0,2.0,1.0,3.0,2.0,7.0,5.0,6.0,2.0,4.0,3.0,4.0,4.0,4.0,4.0,5.0,4.0,4.0,4.0,2.0,2.0,3.0,3.0,2.0,4.0,2.0,2.0,4.0,3.3
R_ai2WnBUDjmk6bw5,suny,mindful_walking,1,18.0,female,United States,United States,1,3.0,1,1685,100,1,40.0,3.0,3.0,2.0,2.0,2.0,1.0,2.0,2.0,1.0,3.0,3.0,1.0,1.0,2.0,2.0,2.0,3.0,1.0,3.0,3.0,6.0,6.0,5.0,4.0,4.0,4.0,4.0,3.0,2.0,2.0,2.0,2.0,4.0,4.0,4.0,4.0,4.0,4.0,4.0,2.0,4.0,4.0,4.0,3.45
R_3GqzMRtZ1F3IyUe,glen,mindful_breathing,1,22.0,female,United States,United States,1,3.0,1,1768,100,1,39.0,2.0,4.0,1.0,2.0,3.0,1.0,1.0,2.0,1.0,2.0,2.0,2.0,1.0,1.0,2.0,3.0,2.0,1.0,2.0,2.0,6.0,4.0,5.0,4.0,2.0,4.0,5.0,5.0,4.0,4.0,5.0,5.0,5.0,4.0,4.0,1.0,1.0,3.0,3.0,4.0,2.0,2.0,2.0,3.45
R_27Uw7Wo4zLGjG86,spri,control_book,0,20.0,male,United States,United States,0,2.0,1,1464,100,1,30.0,4.0,4.0,1.0,2.0,4.0,1.0,1.0,1.0,1.0,4.0,3.0,1.0,3.0,1.0,4.0,3.0,1.0,1.0,3.0,3.0,8.0,7.0,7.0,3.0,2.0,2.0,3.0,1.0,4.0,1.0,1.0,4.0,4.0,3.0,4.0,2.0,2.0,4.0,5.0,2.0,2.0,2.0,4.0,2.75
R_enZbBHwRaTsCzSN,radb,loving_kindness,1,20.0,female,Germany,Germany,0,2.0,1,7687,100,1,40.0,2.0,2.0,1.0,1.0,2.0,1.0,1.0,2.0,1.0,2.0,2.0,1.0,1.0,1.0,2.0,2.0,1.0,1.0,2.0,2.0,7.0,3.0,5.0,4.0,2.0,2.0,4.0,4.0,4.0,4.0,2.0,4.0,5.0,2.0,4.0,2.0,2.0,2.0,4.0,2.0,2.0,2.0,3.0,3.0
R_3Hhkl6VQlbCGPQO,utah,body_scan,1,28.0,female,United States,United States,1,3.0,1,1253,100,1,21.0,4.0,4.0,1.0,1.0,4.0,1.0,1.0,4.0,1.0,4.0,4.0,1.0,1.0,1.0,4.0,4.0,1.0,1.0,3.0,4.0,8.0,7.0,5.0,1.0,3.0,1.0,1.0,3.0,4.0,3.0,2.0,4.0,4.0,4.0,3.0,4.0,4.0,3.0,5.0,4.0,4.0,4.0,3.0,3.2
R_wNp6ZcC93jcBMCl,cali,mindful_walking,1,23.0,female,United States,United States,1,3.0,1,1257,100,1,29.0,4.0,4.0,2.0,1.0,4.0,2.0,2.0,3.0,1.0,4.0,3.0,2.0,1.0,1.0,4.0,4.0,2.0,2.0,3.0,4.0,8.0,2.0,6.0,4.0,2.0,2.0,4.0,2.0,2.0,2.0,4.0,2.0,4.0,4.0,4.0,4.0,4.0,4.0,4.0,4.0,4.0,3.0,4.0,3.35
R_1jcBFjFG45nhPNN,olaf,loving_kindness,1,19.0,female,United States,United States,1,3.0,1,1339,100,1,26.0,3.0,4.0,1.0,1.0,3.0,1.0,1.0,4.0,1.0,4.0,3.0,1.0,1.0,1.0,3.0,3.0,1.0,1.0,3.0,4.0,8.0,3.0,7.0,4.0,1.0,2.0,2.0,2.0,4.0,2.0,4.0,4.0,5.0,4.0,4.0,4.0,4.0,4.0,1.0,4.0,4.0,4.0,4.0,3.35
R_3Mg8GgFbvgVISCy,utah,mindful_breathing,1,48.0,male,United States,United States,1,3.0,1,1269,100,1,25.0,4.0,3.0,1.0,1.0,4.0,1.0,1.0,2.0,1.0,4.0,3.0,1.0,1.0,1.0,4.0,4.0,1.0,1.0,4.0,3.0,8.0,3.0,6.0,2.0,1.0,2.0,2.0,1.0,2.0,2.0,2.0,2.0,2.0,4.0,4.0,4.0,4.0,4.0,4.0,4.0,4.0,4.0,4.0,2.9
R_2yqMm7cY5Lww5kW,flor,control_book,0,19.0,female,United States,United States,1,3.0,1,1143,100,1,29.0,4.0,3.0,1.0,2.0,3.0,1.0,1.0,3.0,1.0,4.0,4.0,1.0,1.0,1.0,3.0,3.0,1.0,2.0,3.0,3.0,6.0,3.0,9.0,2.0,1.0,3.0,4.0,5.0,4.0,1.0,5.0,5.0,4.0,2.0,5.0,1.0,4.0,5.0,4.0,2.0,2.0,4.0,2.0,3.25
R_1rqtrcQsotU1tg7,loyo,mindful_walking,1,20.0,non_binary,United States,United States,1,3.0,1,1522,100,1,46.0,2.0,2.0,2.0,2.0,2.0,3.0,1.0,2.0,1.0,2.0,1.0,1.0,1.0,1.0,3.0,2.0,1.0,2.0,1.0,2.0,6.0,2.0,7.0,4.0,2.0,5.0,4.0,1.0,4.0,4.0,3.0,4.0,4.0,2.0,3.0,2.0,3.0,3.0,1.0,2.0,2.0,5.0,4.0,3.1
R_1C8fS2IuzYCBFZE,aust,body_scan,1,18.0,female,Australia,South Korea,1,3.0,1,2768,100,1,41.0,3.0,3.0,1.0,2.0,2.0,1.0,4.0,3.0,2.0,4.0,1.0,2.0,1.0,1.0,3.0,3.0,2.0,3.0,3.0,3.0,4.0,5.0,5.0,3.0,5.0,3.0,4.0,3.0,4.0,4.0,4.0,3.0,4.0,2.0,2.0,3.0,3.0,1.0,2.0,4.0,2.0,4.0,4.0,3.2
R_sh4maWpf9zZSvex,ryer,mindful_breathing,1,18.0,male,Canada,Canada,0,3.0,1,1303,100,1,43.0,2.0,2.0,1.0,1.0,2.0,1.0,1.0,3.0,1.0,2.0,2.0,1.0,2.0,2.0,2.0,2.0,2.0,1.0,1.0,2.0,5.0,5.0,4.0,3.0,3.0,4.0,2.0,3.0,4.0,2.0,4.0,4.0,4.0,3.0,4.0,5.0,4.0,4.0,2.0,3.0,4.0,4.0,4.0,3.5
R_8elx15EozAnHUOJ,loyo,control_book,0,21.0,female,United States,United States,1,3.0,1,1257,100,1,43.0,3.0,3.0,2.0,2.0,3.0,1.0,1.0,1.0,1.0,2.0,3.0,1.0,3.0,2.0,3.0,2.0,1.0,3.0,2.0,2.0,6.0,8.0,5.0,3.0,1.0,1.0,5.0,4.0,3.0,2.0,5.0,3.0,4.0,3.0,5.0,2.0,2.0,4.0,1.0,4.0,2.0,4.0,2.0,3.0
R_2wbfOg7ufp7CzHr,utah,control_book,0,23.0,female,United States,South Korea,0,2.0,1,1133,100,1,39.0,4.0,3.0,2.0,3.0,3.0,2.0,2.0,3.0,2.0,3.0,3.0,2.0,1.0,2.0,4.0,3.0,1.0,2.0,1.0,3.0,6.0,2.0,7.0,2.0,2.0,4.0,4.0,4.0,4.0,4.0,3.0,3.0,4.0,4.0,2.0,4.0,2.0,2.0,2.0,3.0,2.0,2.0,4.0,3.05
R_24wTT1jGYmKWqTN,hous,loving_kindness,1,27.0,female,Yes,United States,1,3.0,1,1345,100,1,37.0,4.0,2.0,1.0,1.0,3.0,1.0,1.0,1.0,1.0,2.0,2.0,1.0,1.0,1.0,4.0,3.0,1.0,3.0,2.0,2.0,7.0,3.0,8.0,1.0,1.0,1.0,1.0,2.0,2.0,1.0,4.0,1.0,2.0,4.0,5.0,5.0,5.0,4.0,5.0,5.0,5.0,4.0,5.0,3.15
R_9HLspxRvAEDPxf3,seeb,mindful_walking,1,23.0,female,Austria,Austria,0,2.0,1,2292,100,1,21.0,4.0,4.0,1.0,1.0,4.0,1.0,1.0,4.0,1.0,4.0,4.0,1.0,1.0,1.0,4.0,4.0,1.0,1.0,3.0,4.0,8.0,6.0,9.0,4.0,2.0,2.0,1.0,2.0,4.0,1.0,4.0,1.0,5.0,2.0,4.0,4.0,2.0,3.0,4.0,5.0,2.0,4.0,5.0,3.05
R_3EHm8FP4XjYuBor,macq,mindful_breathing,1,18.0,female,Australia,Pakistan,1,3.0,1,1353,100,1,61.0,1.0,1.0,2.0,2.0,1.0,1.0,3.0,1.0,1.0,1.0,1.0,1.0,2.0,3.0,1.0,1.0,2.0,4.0,1.0,1.0,4.0,3.0,9.0,5.0,3.0,4.0,5.0,4.0,4.0,3.0,5.0,3.0,5.0,1.0,4.0,2.0,1.0,2.0,3.0,1.0,2.0,3.0,2.0,3.1
R_3RlIZemK7oSh0sS,kons,body_scan,1,20.0,female,Germany,Germany,0,2.0,1,1424,100,1,39.0,3.0,2.0,2.0,2.0,1.0,1.0,1.0,3.0,1.0,3.0,3.0,1.0,1.0,1.0,2.0,2.0,2.0,1.0,2.0,3.0,6.0,5.0,4.0,3.0,4.0,3.0,2.0,4.0,4.0,2.0,5.0,4.0,5.0,3.0,2.0,3.0,2.0,2.0,2.0,4.0,4.0,1.0,2.0,3.05
R_2UaBu7A0xAwIksm,seeb,loving_kindness,1,20.0,female,Österreich,Österreich,0,2.0,1,1691,100,1,28.0,3.0,4.0,1.0,2.0,3.0,1.0,1.0,3.0,1.0,4.0,4.0,1.0,1.0,1.0,3.0,3.0,1.0,1.0,3.0,3.0,8.0,6.0,8.0,2.0,1.0,1.0,1.0,1.0,2.0,1.0,2.0,2.0,2.0,4.0,4.0,4.0,4.0,4.0,5.0,2.0,3.0,4.0,3.0,2.6
R_2CvN9hEu4laigWk,spri,mindful_walking,1,18.0,male,United States,United States,1,3.0,1,1596,100,1,34.0,3.0,3.0,2.0,1.0,3.0,1.0,1.0,3.0,1.0,3.0,2.0,1.0,1.0,3.0,3.0,3.0,1.0,1.0,3.0,3.0,7.0,2.0,3.0,4.0,3.0,3.0,3.0,4.0,4.0,3.0,4.0,4.0,4.0,4.0,3.0,3.0,3.0,3.0,3.0,3.0,4.0,3.0,3.0,3.4
R_2AZ3vfZ2Sd0R1NW,wurz,control_book,0,19.0,female,Germany,Armenia,0,2.0,1,1372,100,1,44.0,3.0,2.0,1.0,1.0,2.0,1.0,3.0,1.0,1.0,2.0,2.0,1.0,1.0,2.0,2.0,2.0,2.0,1.0,2.0,2.0,5.0,6.0,4.0,5.0,4.0,5.0,5.0,4.0,4.0,4.0,5.0,5.0,5.0,1.0,2.0,4.0,2.0,1.0,2.0,3.0,2.0,3.0,3.0,3.45
R_2V4TJLsB83ogFm2,wurz,body_scan,1,21.0,female,Germany,Germany,0,2.0,1,1311,100,1,23.0,4.0,3.0,1.0,1.0,4.0,1.0,1.0,4.0,1.0,4.0,3.0,1.0,1.0,1.0,4.0,4.0,1.0,1.0,3.0,4.0,8.0,2.0,7.0,3.0,1.0,2.0,2.0,2.0,4.0,1.0,2.0,2.0,2.0,3.0,4.0,2.0,3.0,4.0,4.0,3.0,3.0,4.0,4.0,2.75
R_3kNCoNJcIGAZgpw,nort2,mindful_breathing,1,76.0,female,United Kingdom,United Kingdom,1,3.0,1,1592,100,1,39.0,3.0,3.0,2.0,1.0,2.0,1.0,1.0,2.0,1.0,2.0,2.0,1.0,1.0,2.0,2.0,2.0,1.0,1.0,3.0,2.0,7.0,5.0,7.0,1.0,3.0,1.0,1.0,2.0,4.0,2.0,2.0,3.0,3.0,3.0,2.0,3.0,2.0,1.0,4.0,4.0,3.0,4.0,4.0,2.6
R_1pzLFrqandrjYYo,aust,loving_kindness,1,18.0,female,Australia,Malaysia,1,3.0,1,1723,100,1,43.0,3.0,2.0,2.0,3.0,3.0,1.0,2.0,2.0,1.0,2.0,2.0,2.0,1.0,2.0,3.0,2.0,1.0,2.0,2.0,3.0,5.0,6.0,4.0,4.0,2.0,3.0,4.0,2.0,4.0,2.0,4.0,2.0,4.0,2.0,4.0,3.0,2.0,3.0,2.0,2.0,3.0,3.0,4.0,2.95
R_D15ARX7lYzW3VJf,ryer,control_book,0,19.0,female,Canada,United States,0,3.0,1,1198,100,1,48.0,2.0,2.0,2.0,1.0,2.0,1.0,2.0,2.0,1.0,2.0,1.0,2.0,2.0,2.0,2.0,2.0,1.0,3.0,2.0,2.0,4.0,5.0,6.0,3.0,3.0,4.0,2.0,4.0,4.0,3.0,4.0,4.0,4.0,2.0,1.0,2.0,2.0,3.0,3.0,2.0,2.0,3.0,2.0,2.85
R_1ImJkcTBMGKsEm7,ryer,mindful_breathing,1,33.0,male,Canada,Nigeria,1,3.0,1,1399,100,1,27.0,4.0,3.0,1.0,1.0,3.0,1.0,1.0,3.0,1.0,4.0,3.0,1.0,1.0,1.0,4.0,3.0,1.0,1.0,3.0,3.0,7.0,1.0,7.0,1.0,1.0,1.0,2.0,1.0,2.0,2.0,1.0,1.0,4.0,5.0,2.0,2.0,3.0,4.0,5.0,3.0,2.0,3.0,2.0,2.35
R_27TOMZQijj1hYhA,suny,mindful_walking,1,18.0,female,United States,United States,1,3.0,1,3298,100,1,34.0,4.0,3.0,1.0,1.0,2.0,1.0,1.0,2.0,1.0,3.0,2.0,2.0,1.0,1.0,3.0,2.0,1.0,1.0,3.0,3.0,6.0,4.0,5.0,2.0,2.0,2.0,2.0,2.0,2.0,2.0,3.0,2.0,4.0,2.0,4.0,4.0,4.0,4.0,2.0,4.0,4.0,4.0,4.0,2.95
R_1IsB3SOJFheQBQe,witt,body_scan,1,21.0,male,United States,United States,1,2.0,1,3284,100,1,51.0,2.0,2.0,2.0,2.0,2.0,2.0,2.0,2.0,2.0,2.0,2.0,3.0,2.0,2.0,2.0,2.0,2.0,2.0,2.0,2.0,5.0,4.0,5.0,3.0,3.0,3.0,3.0,3.0,3.0,3.0,3.0,3.0,3.0,3.0,3.0,4.0,3.0,3.0,4.0,3.0,3.0,4.0,4.0,3.2
R_4MzH4MmCECeME13,suny,loving_kindness,1,19.0,self_describe,United States,United States,1,3.0,1,1105,100,1,24.0,4.0,4.0,1.0,1.0,4.0,1.0,1.0,4.0,2.0,4.0,3.0,1.0,1.0,1.0,4.0,4.0,2.0,1.0,3.0,4.0,7.0,3.0,5.0,4.0,4.0,4.0,2.0,3.0,4.0,2.0,4.0,3.0,5.0,2.0,5.0,2.0,4.0,3.0,5.0,3.0,5.0,5.0,2.0,3.55
R_3M3C4xsx3bUr1Fk,flor,control_book,0,23.0,female,United States,Cuba,0,2.0,1,2639,100,1,52.0,1.0,1.0,4.0,2.0,2.0,2.0,2.0,2.0,1.0,2.0,1.0,1.0,2.0,2.0,2.0,3.0,2.0,3.0,2.0,3.0,5.0,6.0,4.0,4.0,3.0,3.0,4.0,2.0,4.0,2.0,4.0,2.0,4.0,4.0,4.0,2.0,2.0,2.0,4.0,3.0,2.0,2.0,2.0,2.95
R_2YqUHWgRIsYZ1EH,utah,mindful_walking,1,21.0,male,United States,United States,1,3.0,1,1414,100,1,45.0,2.0,3.0,3.0,4.0,1.0,1.0,1.0,2.0,1.0,2.0,3.0,1.0,1.0,1.0,2.0,1.0,1.0,2.0,4.0,1.0,4.0,1.0,7.0,1.0,1.0,1.0,1.0,1.0,1.0,2.0,1.0,1.0,1.0,5.0,5.0,5.0,5.0,5.0,5.0,5.0,5.0,5.0,5.0,3.05
R_9t4E2r3cHBPePjX,merc,mindful_breathing,1,21.0,female,Merced,United States,1,3.0,1,1015,100,1,29.0,4.0,3.0,1.0,1.0,3.0,1.0,1.0,2.0,1.0,4.0,3.0,1.0,1.0,2.0,4.0,3.0,1.0,1.0,3.0,3.0,8.0,5.0,6.0,3.0,2.0,4.0,4.0,4.0,4.0,3.0,4.0,4.0,5.0,3.0,4.0,2.0,4.0,4.0,3.0,2.0,2.0,4.0,4.0,3.45
R_b3jeQHp8NSgr7Ed,merc,body_scan,1,21.0,male,United States,United States,1,3.0,1,1304,100,1,31.0,3.0,3.0,1.0,1.0,4.0,3.0,1.0,3.0,1.0,3.0,3.0,1.0,2.0,2.0,3.0,4.0,1.0,1.0,3.0,4.0,7.0,5.0,5.0,2.0,1.0,2.0,3.0,2.0,4.0,4.0,4.0,2.0,4.0,2.0,5.0,2.0,2.0,5.0,4.0,2.0,2.0,4.0,4.0,3.0
R_1IM25cyY6VnIygh,merc,mindful_walking,1,21.0,male,United States,United States,1,3.0,1,2196,100,1,33.0,4.0,3.0,1.0,1.0,2.0,1.0,2.0,3.0,1.0,4.0,2.0,2.0,1.0,2.0,3.0,3.0,1.0,1.0,3.0,3.0,7.0,6.0,7.0,4.0,4.0,4.0,1.0,4.0,4.0,4.0,4.0,5.0,5.0,4.0,4.0,4.0,2.0,4.0,4.0,1.0,2.0,4.0,3.0,3.55
R_1LnSc0zF7DN2gWb,illi,control_book,0,20.0,male,United States,United States,0,3.0,1,1263,100,1,39.0,3.0,3.0,2.0,1.0,2.0,2.0,4.0,3.0,1.0,4.0,1.0,1.0,1.0,3.0,3.0,4.0,2.0,1.0,3.0,3.0,7.0,4.0,3.0,4.0,4.0,5.0,4.0,3.0,4.0,3.0,4.0,3.0,2.0,4.0,2.0,4.0,5.0,2.0,2.0,5.0,4.0,5.0,4.0,3.65
R_9TdygUs25023U9H,hous,loving_kindness,1,21.0,female,United States,United States,1,3.0,1,1117,100,1,31.0,3.0,3.0,1.0,1.0,3.0,1.0,1.0,3.0,1.0,3.0,2.0,1.0,1.0,1.0,3.0,3.0,1.0,1.0,3.0,3.0,7.0,6.0,6.0,3.0,3.0,3.0,3.0,3.0,3.0,3.0,3.0,3.0,3.0,3.0,3.0,3.0,3.0,3.0,3.0,3.0,3.0,3.0,3.0,3.0
R_0x0QoB7sHx5oRLr,merc,mindful_walking,1,21.0,male,United States,Mexico,0,3.0,1,1097,100,1,44.0,2.0,2.0,2.0,1.0,3.0,1.0,3.0,1.0,1.0,3.0,2.0,1.0,1.0,2.0,3.0,1.0,1.0,1.0,2.0,1.0,5.0,2.0,3.0,5.0,2.0,4.0,5.0,3.0,4.0,2.0,4.0,3.0,5.0,4.0,3.0,2.0,5.0,2.0,3.0,3.0,2.0,3.0,3.0,3.35
R_3eac4WyWgASExS3,loyo,mindful_breathing,1,20.0,female,United States,United States,1,3.0,1,1231,100,1,21.0,4.0,4.0,1.0,1.0,4.0,1.0,1.0,4.0,1.0,4.0,3.0,1.0,1.0,1.0,4.0,4.0,1.0,1.0,4.0,4.0,7.0,3.0,7.0,2.0,1.0,1.0,1.0,4.0,2.0,2.0,4.0,4.0,4.0,4.0,5.0,4.0,4.0,5.0,4.0,4.0,4.0,4.0,4.0,3.35
R_3I9l1yClHILe77S,loyo,body_scan,1,18.0,female,United States,United States,1,3.0,1,1707,100,1,44.0,4.0,1.0,2.0,3.0,2.0,1.0,2.0,3.0,1.0,2.0,1.0,2.0,1.0,3.0,4.0,2.0,2.0,2.0,3.0,3.0,6.0,4.0,3.0,4.0,3.0,4.0,3.0,4.0,5.0,4.0,3.0,4.0,5.0,3.0,2.0,2.0,1.0,4.0,3.0,3.0,2.0,4.0,2.0,3.25
R_O0PsKgiaktAk2Hf,merc,mindful_breathing,1,20.0,male,United States,United States,1,3.0,1,1367,100,1,39.0,2.0,2.0,1.0,1.0,2.0,1.0,1.0,2.0,1.0,2.0,2.0,1.0,1.0,1.0,3.0,2.0,1.0,1.0,2.0,2.0,7.0,1.0,5.0,2.0,1.0,3.0,3.0,3.0,4.0,2.0,4.0,4.0,2.0,3.0,4.0,3.0,4.0,4.0,4.0,4.0,3.0,3.0,4.0,3.2
R_1j7zT16ZX3ao5BU,utah,loving_kindness,1,20.0,female,United States,United States,1,3.0,1,1545,100,1,26.0,4.0,3.0,1.0,1.0,4.0,1.0,1.0,4.0,1.0,4.0,3.0,2.0,1.0,1.0,3.0,4.0,2.0,1.0,3.0,4.0,7.0,4.0,9.0,2.0,2.0,2.0,2.0,1.0,2.0,2.0,5.0,2.0,5.0,4.0,4.0,2.0,2.0,4.0,2.0,2.0,2.0,2.0,4.0,2.65
R_1OBRjp7eoY21OB6,illi,body_scan,1,20.0,female,Illinois,Illinois,1,3.0,1,1279,100,1,31.0,4.0,3.0,1.0,2.0,4.0,1.0,2.0,2.0,1.0,4.0,3.0,1.0,1.0,1.0,4.0,2.0,2.0,1.0,4.0,2.0,8.0,6.0,3.0,1.0,1.0,1.0,5.0,1.0,4.0,1.0,4.0,2.0,4.0,1.0,5.0,2.0,2.0,4.0,4.0,2.0,2.0,4.0,2.0,2.6
R_2Y3odO8FINaqQXz,hous,mindful_walking,1,19.0,female,United States,United States,1,3.0,1,1096,100,1,27.0,3.0,2.0,1.0,1.0,4.0,1.0,1.0,4.0,1.0,3.0,2.0,1.0,1.0,1.0,4.0,4.0,1.0,2.0,4.0,4.0,8.0,1.0,5.0,2.0,4.0,2.0,4.0,4.0,5.0,1.0,4.0,4.0,5.0,4.0,1.0,4.0,1.0,1.0,2.0,2.0,1.0,1.0,4.0,2.8
R_2bWfXtaIZb0yatk,canb,control_book,0,18.0,female,Australia,Australia,1,2.0,1,1337,100,1,51.0,2.0,1.0,2.0,2.0,2.0,2.0,3.0,2.0,1.0,2.0,1.0,1.0,1.0,3.0,1.0,3.0,1.0,3.0,2.0,2.0,5.0,5.0,4.0,4.0,3.0,4.0,4.0,4.0,1.0,4.0,5.0,4.0,5.0,2.0,4.0,2.0,2.0,2.0,2.0,1.0,1.0,2.0,1.0,2.85
R_UlotYxeJ8QuPHzj,canb,mindful_breathing,1,20.0,male,Australia,Australia,1,3.0,1,1225,100,1,29.0,3.0,3.0,1.0,1.0,4.0,1.0,1.0,3.0,1.0,3.0,3.0,1.0,1.0,1.0,3.0,3.0,1.0,1.0,3.0,3.0,5.0,5.0,7.0,3.0,1.0,2.0,4.0,1.0,4.0,4.0,3.0,4.0,5.0,2.0,4.0,2.0,4.0,4.0,4.0,2.0,2.0,4.0,4.0,3.15
R_3MrGIPcpLgstfkw,hous,control_book,0,57.0,female,United States,United States,1,3.0,1,1223,100,1,34.0,3.0,3.0,1.0,1.0,2.0,1.0,1.0,2.0,1.0,3.0,2.0,1.0,1.0,1.0,2.0,4.0,1.0,1.0,2.0,3.0,7.0,5.0,6.0,2.0,1.0,2.0,2.0,2.0,4.0,3.0,2.0,2.0,2.0,3.0,4.0,2.0,4.0,4.0,4.0,2.0,3.0,3.0,3.0,2.7
R_1K3USQRqnZcaUzE,seeb,loving_kindness,1,24.0,male,Austria,Austria,0,2.0,1,1313,100,1,29.0,4.0,4.0,1.0,1.0,4.0,1.0,2.0,3.0,1.0,4.0,3.0,1.0,3.0,1.0,4.0,2.0,1.0,1.0,3.0,3.0,7.0,5.0,7.0,2.0,1.0,1.0,1.0,1.0,2.0,1.0,1.0,2.0,2.0,5.0,5.0,5.0,4.0,4.0,3.0,5.0,4.0,4.0,5.0,2.9
R_11WTNz6ln1SPubg,glen,mindful_walking,1,20.0,female,United States,United States,1,3.0,1,1113,100,1,40.0,2.0,3.0,2.0,2.0,3.0,1.0,2.0,2.0,1.0,3.0,2.0,2.0,2.0,2.0,3.0,3.0,1.0,1.0,2.0,3.0,6.0,4.0,4.0,3.0,3.0,3.0,4.0,4.0,4.0,4.0,4.0,4.0,4.0,2.0,2.0,2.0,2.0,3.0,2.0,2.0,2.0,2.0,2.0,2.9
R_2SiCkmm6rWJYDzF,merc,body_scan,1,21.0,male,United States,United States,0,2.0,1,1201,100,1,34.0,4.0,2.0,1.0,1.0,2.0,1.0,1.0,2.0,1.0,3.0,1.0,1.0,1.0,2.0,4.0,3.0,1.0,1.0,3.0,3.0,6.0,6.0,5.0,3.0,3.0,2.0,2.0,2.0,3.0,2.0,2.0,2.0,4.0,2.0,3.0,2.0,4.0,3.0,4.0,1.0,3.0,4.0,4.0,2.75
R_3hsvymDVhVFSEDl,macq,loving_kindness,1,22.0,male,Australia,Australia,1,3.0,1,1383,100,1,33.0,4.0,3.0,1.0,1.0,2.0,2.0,2.0,3.0,1.0,3.0,3.0,1.0,1.0,1.0,3.0,3.0,2.0,1.0,3.0,3.0,5.0,3.0,5.0,3.0,4.0,3.0,2.0,2.0,2.0,3.0,2.0,2.0,2.0,2.0,4.0,2.0,2.0,2.0,4.0,4.0,4.0,3.0,4.0,2.8
R_3ixsifT0EFzdDRO,olaf,control_book,0,18.0,female,United States,China,0,3.0,1,1420,100,1,54.0,2.0,2.0,1.0,2.0,2.0,3.0,2.0,2.0,2.0,2.0,1.0,1.0,2.0,2.0,2.0,1.0,2.0,4.0,2.0,1.0,5.0,3.0,3.0,4.0,5.0,2.0,1.0,3.0,4.0,4.0,3.0,5.0,5.0,2.0,2.0,5.0,3.0,2.0,4.0,5.0,5.0,4.0,4.0,3.6
R_XoL5ATDu44YiEOl,hous,mindful_breathing,1,22.0,female,United States,United States,1,3.0,1,1192,100,1,42.0,2.0,3.0,2.0,2.0,2.0,1.0,2.0,2.0,1.0,2.0,1.0,2.0,1.0,1.0,3.0,3.0,2.0,1.0,2.0,3.0,6.0,3.0,4.0,5.0,5.0,5.0,5.0,4.0,5.0,3.0,5.0,5.0,5.0,1.0,1.0,1.0,1.0,2.0,3.0,4.0,1.0,2.0,4.0,3.35
R_2YA041KIJ5gVf52,hous,loving_kindness,1,,male,United States,United States,1,3.0,1,1923,100,1,21.0,4.0,4.0,1.0,1.0,4.0,1.0,2.0,4.0,1.0,4.0,4.0,1.0,1.0,1.0,4.0,4.0,1.0,1.0,4.0,4.0,9.0,2.0,8.0,2.0,2.0,2.0,1.0,2.0,4.0,1.0,4.0,1.0,4.0,2.0,4.0,2.0,4.0,4.0,5.0,4.0,4.0,4.0,2.0,2.9
R_1CqOfw2u73M7hnc,suny,control_book,0,19.0,female,United States,United States,1,3.0,1,1310,100,1,38.0,3.0,2.0,1.0,1.0,2.0,1.0,1.0,2.0,1.0,2.0,3.0,1.0,1.0,2.0,2.0,2.0,1.0,1.0,2.0,3.0,6.0,3.0,7.0,2.0,2.0,2.0,2.0,4.0,4.0,2.0,4.0,3.0,4.0,2.0,4.0,4.0,2.0,3.0,2.0,2.0,2.0,2.0,5.0,2.85
R_7WY2GsDMQGNMnZf,jose,body_scan,1,18.0,female,United States,United States,1,3.0,1,1256,100,1,41.0,1.0,2.0,2.0,1.0,3.0,1.0,1.0,2.0,1.0,3.0,2.0,1.0,2.0,1.0,2.0,2.0,1.0,2.0,3.0,2.0,7.0,4.0,7.0,2.0,3.0,2.0,3.0,2.0,4.0,2.0,2.0,4.0,4.0,2.0,4.0,4.0,2.0,4.0,4.0,4.0,4.0,4.0,3.0,3.15
R_3L52d82X3AhGRsf,hous,mindful_breathing,1,18.0,female,United States,United States,1,3.0,1,1094,100,1,41.0,2.0,2.0,1.0,1.0,2.0,1.0,3.0,2.0,1.0,3.0,2.0,2.0,2.0,2.0,3.0,2.0,1.0,1.0,3.0,3.0,6.0,3.0,6.0,2.0,2.0,2.0,2.0,4.0,4.0,2.0,4.0,4.0,4.0,2.0,4.0,2.0,4.0,4.0,2.0,2.0,4.0,2.0,4.0,3.0
R_1mLedXVBafp1ZwO,jose,body_scan,1,18.0,female,United States,United States,1,3.0,1,1198,100,1,44.0,2.0,2.0,2.0,3.0,2.0,1.0,1.0,2.0,1.0,2.0,2.0,1.0,1.0,1.0,2.0,2.0,1.0,1.0,2.0,1.0,7.0,3.0,7.0,3.0,3.0,2.0,4.0,4.0,4.0,4.0,4.0,5.0,5.0,3.0,4.0,2.0,2.0,3.0,4.0,3.0,3.0,3.0,5.0,3.5
R_1GDYfHcdWr7B2Dv,glen,mindful_walking,1,25.0,female,United States,United States,1,3.0,1,1199,100,1,48.0,2.0,2.0,2.0,4.0,2.0,2.0,1.0,2.0,1.0,2.0,1.0,1.0,1.0,2.0,2.0,2.0,2.0,2.0,4.0,1.0,5.0,5.0,9.0,4.0,5.0,2.0,4.0,2.0,4.0,1.0,2.0,3.0,5.0,4.0,5.0,2.0,4.0,2.0,4.0,4.0,4.0,4.0,4.0,3.45
R_1q4B5rszekoS7Se,glen,loving_kindness,1,,female,United States,United States,1,3.0,1,1267,100,1,22.0,4.0,4.0,1.0,1.0,3.0,1.0,1.0,3.0,1.0,4.0,4.0,1.0,1.0,1.0,4.0,4.0,1.0,1.0,4.0,4.0,8.0,9.0,6.0,1.0,1.0,1.0,2.0,3.0,4.0,1.0,2.0,2.0,3.0,4.0,5.0,5.0,3.0,2.0,5.0,5.0,5.0,3.0,5.0,3.1
R_2YVWGr8YQq9kKlg,glen,control_book,0,27.0,male,United States,United States,1,3.0,1,2279,100,1,24.0,4.0,4.0,1.0,1.0,3.0,1.0,1.0,3.0,1.0,4.0,4.0,1.0,1.0,1.0,4.0,3.0,1.0,1.0,4.0,3.0,9.0,2.0,9.0,1.0,1.0,1.0,1.0,1.0,1.0,1.0,1.0,2.0,1.0,1.0,4.0,5.0,5.0,4.0,5.0,5.0,5.0,5.0,5.0,2.75
R_VJgwl5ppu3eGzMB,utah,mindful_walking,1,25.0,male,United States,United States,0,3.0,1,1105,100,1,35.0,3.0,3.0,2.0,1.0,3.0,1.0,1.0,3.0,1.0,3.0,3.0,3.0,2.0,1.0,3.0,2.0,2.0,1.0,4.0,3.0,6.0,4.0,5.0,2.0,2.0,2.0,2.0,1.0,3.0,2.0,2.0,2.0,3.0,4.0,4.0,3.0,2.0,4.0,4.0,4.0,4.0,5.0,5.0,3.0
R_XZI8g0WuJJ2SIrT,glen,mindful_breathing,1,30.0,male,United States,United States,1,2.0,1,1699,100,1,40.0,2.0,3.0,4.0,1.0,2.0,1.0,3.0,3.0,1.0,3.0,2.0,1.0,1.0,2.0,3.0,2.0,1.0,1.0,3.0,3.0,6.0,4.0,6.0,1.0,3.0,1.0,1.0,1.0,2.0,1.0,2.0,1.0,3.0,5.0,3.0,4.0,4.0,3.0,4.0,4.0,5.0,4.0,3.0,2.75
R_Rmjk14RfmklYfuh,iowa,mindful_breathing,1,19.0,female,United States,United States,1,3.0,1,1238,100,1,42.0,3.0,2.0,1.0,1.0,2.0,1.0,2.0,2.0,1.0,3.0,1.0,2.0,1.0,2.0,3.0,2.0,2.0,1.0,2.0,2.0,6.0,4.0,5.0,4.0,3.0,4.0,3.0,4.0,5.0,4.0,4.0,4.0,4.0,1.0,3.0,2.0,2.0,2.0,2.0,2.0,2.0,2.0,4.0,3.05
R_1gcjv1ZJUsiAGv1,glen,control_book,0,25.0,male,United States,United States,1,3.0,1,1345,100,1,32.0,4.0,4.0,2.0,1.0,3.0,1.0,1.0,4.0,2.0,4.0,4.0,2.0,1.0,1.0,2.0,4.0,1.0,4.0,1.0,4.0,9.0,1.0,9.0,1.0,1.0,1.0,1.0,2.0,1.0,1.0,1.0,1.0,1.0,5.0,5.0,4.0,5.0,5.0,5.0,5.0,2.0,4.0,5.0,2.8
R_1pJopQ0r9Vr0Thz,glen,body_scan,1,28.0,female,United States,Romania,1,3.0,1,1382,100,1,35.0,4.0,2.0,1.0,1.0,4.0,1.0,3.0,2.0,1.0,4.0,2.0,1.0,1.0,2.0,4.0,2.0,1.0,1.0,2.0,2.0,7.0,5.0,5.0,2.0,2.0,3.0,4.0,2.0,4.0,2.0,3.0,4.0,3.0,3.0,4.0,4.0,4.0,2.0,4.0,2.0,3.0,3.0,4.0,3.1
R_2awTrEA5ks4H12d,merc,loving_kindness,1,20.0,female,United States,Philippines,1,3.0,1,1352,100,1,49.0,2.0,2.0,2.0,2.0,2.0,2.0,2.0,2.0,2.0,2.0,1.0,2.0,1.0,2.0,3.0,2.0,2.0,2.0,2.0,2.0,5.0,6.0,5.0,4.0,5.0,4.0,5.0,5.0,5.0,4.0,5.0,5.0,5.0,2.0,2.0,1.0,1.0,2.0,2.0,4.0,1.0,2.0,2.0,3.3
R_2V2BS93YxoZw7El,glen,mindful_breathing,1,32.0,female,United States,United States,1,3.0,1,1381,100,1,31.0,3.0,3.0,1.0,1.0,3.0,1.0,1.0,3.0,1.0,3.0,3.0,1.0,1.0,1.0,3.0,3.0,2.0,1.0,3.0,3.0,7.0,3.0,6.0,4.0,2.0,4.0,2.0,4.0,3.0,3.0,4.0,2.0,4.0,4.0,4.0,3.0,3.0,4.0,3.0,3.0,3.0,3.0,3.0,3.25
R_1cY2X6YyDocCxuY,glen,mindful_walking,1,18.0,female,United States,United States,1,3.0,1,98178,100,1,29.0,4.0,3.0,1.0,1.0,3.0,1.0,1.0,4.0,1.0,3.0,3.0,1.0,1.0,1.0,3.0,3.0,1.0,1.0,2.0,3.0,8.0,2.0,7.0,2.0,2.0,2.0,2.0,2.0,3.0,2.0,3.0,3.0,4.0,4.0,4.0,4.0,3.0,4.0,4.0,4.0,4.0,4.0,4.0,3.2
R_3GqfveSXPGVDGiW,merc,body_scan,1,21.0,female,United States,United States,1,2.0,1,1494,100,1,26.0,4.0,3.0,1.0,1.0,4.0,1.0,1.0,3.0,1.0,3.0,3.0,1.0,1.0,1.0,4.0,3.0,1.0,1.0,3.0,4.0,6.0,2.0,9.0,2.0,2.0,1.0,4.0,1.0,3.0,1.0,2.0,2.0,2.0,4.0,4.0,2.0,4.0,4.0,4.0,2.0,2.0,4.0,4.0,2.7
R_1fmbMfyyBlFO4pX,flor,mindful_breathing,1,20.0,male,United States,Philippines,1,2.0,1,1385,100,1,28.0,4.0,3.0,2.0,1.0,4.0,1.0,2.0,4.0,1.0,4.0,3.0,1.0,1.0,2.0,4.0,3.0,1.0,1.0,3.0,3.0,7.0,3.0,8.0,3.0,3.0,4.0,4.0,3.0,5.0,4.0,5.0,4.0,5.0,3.0,3.0,3.0,1.0,3.0,2.0,2.0,2.0,4.0,2.0,3.25
R_1MM55Kpo76RzDEz,glen,control_book,0,30.0,female,United States,United States,1,3.0,1,1060,100,1,28.0,4.0,4.0,1.0,2.0,4.0,1.0,1.0,3.0,1.0,4.0,3.0,1.0,2.0,1.0,4.0,3.0,1.0,2.0,3.0,3.0,7.0,4.0,9.0,2.0,1.0,4.0,3.0,2.0,5.0,4.0,4.0,5.0,5.0,2.0,4.0,2.0,2.0,4.0,3.0,2.0,2.0,4.0,4.0,3.2
R_3jeyL8G99mDmFFz,merc,loving_kindness,1,18.0,female,United States,United States,1,2.0,1,4205,100,1,72.0,1.0,4.0,4.0,4.0,1.0,4.0,4.0,3.0,4.0,2.0,2.0,4.0,4.0,4.0,2.0,1.0,4.0,4.0,1.0,1.0,5.0,5.0,3.0,5.0,4.0,4.0,5.0,5.0,5.0,5.0,4.0,5.0,5.0,1.0,1.0,1.0,1.0,4.0,1.0,1.0,1.0,1.0,2.0,3.05
R_1eEKqVsiuXFFwYm,iowa,body_scan,1,21.0,male,United States,United States,1,2.0,1,2151,100,1,29.0,3.0,3.0,1.0,1.0,3.0,1.0,1.0,3.0,1.0,3.0,3.0,1.0,1.0,1.0,4.0,3.0,1.0,1.0,3.0,3.0,7.0,1.0,9.0,1.0,1.0,2.0,3.0,1.0,2.0,1.0,3.0,3.0,3.0,3.0,3.0,1.0,1.0,5.0,3.0,3.0,3.0,5.0,2.0,2.45
R_PvvelGUgEqgUWeR,glen,control_book,0,29.0,female,United States,United States,1,2.0,1,7471,100,1,29.0,4.0,2.0,1.0,1.0,4.0,1.0,2.0,4.0,1.0,4.0,3.0,1.0,1.0,2.0,4.0,3.0,2.0,2.0,4.0,3.0,5.0,5.0,4.0,4.0,2.0,3.0,4.0,3.0,3.0,2.0,2.0,3.0,3.0,4.0,4.0,3.0,3.0,3.0,2.0,3.0,4.0,3.0,3.0,3.05
R_2dRffePzXt8Ei4r,suny,mindful_breathing,1,20.0,male,United States,,1,2.0,1,1894,100,1,32.0,3.0,3.0,1.0,2.0,3.0,1.0,2.0,3.0,1.0,3.0,3.0,1.0,1.0,1.0,4.0,3.0,2.0,1.0,3.0,3.0,7.0,7.0,4.0,2.0,1.0,2.0,2.0,4.0,2.0,1.0,2.0,4.0,2.0,2.0,5.0,4.0,3.0,5.0,3.0,4.0,2.0,3.0,2.0,2.75
R_27x2nE4fQaxmNJa,illi,loving_kindness,1,21.0,female,North America,North America,1,3.0,1,2158,100,1,30.0,4.0,3.0,1.0,2.0,4.0,1.0,1.0,4.0,1.0,3.0,2.0,1.0,1.0,2.0,4.0,3.0,2.0,1.0,3.0,3.0,6.0,7.0,5.0,4.0,5.0,4.0,1.0,2.0,4.0,3.0,1.0,1.0,5.0,5.0,3.0,5.0,4.0,4.0,3.0,3.0,2.0,1.0,2.0,3.1
R_1rv3GPHyK8hvfJ6,utah,control_book,0,20.0,female,United States,United States,1,3.0,1,1198,100,1,24.0,4.0,4.0,1.0,1.0,4.0,1.0,2.0,3.0,1.0,4.0,4.0,1.0,1.0,1.0,4.0,4.0,1.0,3.0,4.0,4.0,8.0,5.0,7.0,1.0,1.0,1.0,4.0,2.0,2.0,1.0,3.0,1.0,4.0,1.0,5.0,2.0,3.0,5.0,4.0,2.0,3.0,5.0,3.0,2.65
R_We4vWydMvRplaOR,hous,mindful_walking,1,18.0,female,United States,United States,1,3.0,1,6768,100,1,43.0,3.0,2.0,2.0,2.0,2.0,1.0,1.0,3.0,1.0,2.0,1.0,2.0,1.0,1.0,2.0,3.0,2.0,3.0,3.0,2.0,5.0,5.0,6.0,2.0,2.0,2.0,3.0,2.0,4.0,2.0,4.0,2.0,4.0,2.0,4.0,2.0,3.0,3.0,2.0,2.0,2.0,2.0,2.0,2.55
R_1DvWVYSAGxTHUr7,iowa,mindful_walking,1,18.0,male,,,1,3.0,1,1451,100,1,27.0,4.0,4.0,1.0,1.0,3.0,1.0,1.0,3.0,1.0,4.0,4.0,1.0,1.0,1.0,4.0,1.0,1.0,1.0,2.0,4.0,9.0,1.0,9.0,1.0,1.0,1.0,1.0,1.0,1.0,1.0,1.0,1.0,1.0,1.0,5.0,1.0,3.0,5.0,5.0,2.0,5.0,5.0,5.0,2.35
R_Br1QbPcomWbLVxD,glen,body_scan,1,35.0,female,United States,United States,1,3.0,1,1326,100,1,22.0,4.0,4.0,1.0,1.0,3.0,1.0,1.0,4.0,1.0,4.0,4.0,1.0,1.0,1.0,4.0,4.0,1.0,1.0,4.0,3.0,9.0,2.0,8.0,1.0,1.0,1.0,3.0,3.0,2.0,2.0,4.0,4.0,4.0,4.0,5.0,4.0,4.0,5.0,2.0,5.0,4.0,5.0,5.0,3.4
R_paweYzvV9xPGKu5,hous,mindful_breathing,1,21.0,female,United States,United States,1,3.0,1,1282,100,1,34.0,3.0,1.0,1.0,1.0,3.0,1.0,1.0,2.0,1.0,3.0,1.0,1.0,1.0,1.0,4.0,3.0,2.0,1.0,4.0,3.0,7.0,5.0,6.0,3.0,3.0,4.0,2.0,1.0,4.0,2.0,4.0,3.0,4.0,4.0,2.0,3.0,3.0,2.0,4.0,1.0,3.0,4.0,4.0,3.0
R_1Fxl8xXGbpBnqkm,glen,control_book,0,26.0,female,United States,United States,1,2.0,1,1598,100,1,40.0,4.0,2.0,1.0,1.0,2.0,1.0,1.0,1.0,2.0,2.0,2.0,1.0,1.0,1.0,4.0,2.0,1.0,3.0,2.0,2.0,7.0,1.0,5.0,3.0,5.0,4.0,2.0,3.0,5.0,1.0,4.0,2.0,5.0,3.0,4.0,3.0,3.0,2.0,2.0,3.0,4.0,3.0,2.0,3.15
R_2pLVH1nIA13StUG,spri,loving_kindness,1,,female,United States,Colombia,1,3.0,1,1164,100,1,37.0,4.0,3.0,1.0,1.0,2.0,1.0,2.0,3.0,1.0,4.0,2.0,1.0,1.0,4.0,2.0,3.0,1.0,1.0,2.0,2.0,6.0,5.0,9.0,2.0,3.0,3.0,5.0,5.0,4.0,2.0,5.0,5.0,4.0,3.0,2.0,5.0,1.0,2.0,2.0,3.0,2.0,4.0,3.0,3.25
R_1laTJujw6Ol2Jgn,macq,body_scan,1,18.0,female,Australia,Australia,1,3.0,1,1067,100,1,30.0,4.0,2.0,1.0,1.0,2.0,1.0,2.0,2.0,1.0,4.0,2.0,1.0,1.0,1.0,4.0,4.0,1.0,1.0,3.0,4.0,7.0,3.0,5.0,4.0,2.0,2.0,4.0,4.0,4.0,4.0,4.0,4.0,4.0,2.0,4.0,2.0,4.0,5.0,4.0,2.0,4.0,2.0,2.0,3.35
R_2CmsU500TJ7TyM2,iowa,mindful_walking,1,21.0,male,United States,United States,1,3.0,1,1588,100,1,28.0,4.0,4.0,1.0,1.0,4.0,1.0,2.0,3.0,1.0,4.0,3.0,1.0,1.0,1.0,4.0,3.0,2.0,1.0,1.0,4.0,7.0,2.0,4.0,1.0,2.0,1.0,1.0,1.0,3.0,1.0,1.0,2.0,2.0,5.0,4.0,5.0,2.0,4.0,5.0,5.0,4.0,5.0,4.0,2.9
R_2sdOvLsBJ8qyclW,iowa,mindful_walking,1,19.0,female,United States,United States,1,3.0,1,1173,100,1,38.0,3.0,2.0,1.0,1.0,3.0,1.0,2.0,1.0,1.0,3.0,3.0,1.0,1.0,2.0,3.0,2.0,1.0,1.0,2.0,2.0,7.0,3.0,5.0,2.0,1.0,2.0,4.0,4.0,3.0,1.0,5.0,2.0,5.0,4.0,5.0,4.0,4.0,4.0,4.0,5.0,5.0,2.0,5.0,3.55
R_2yeIjK39hBNptj7,nort2,mindful_walking,1,67.0,female,United Kingdom,United Kingdom,1,3.0,1,151933,99,0,20.0,4.0,4.0,1.0,1.0,4.0,1.0,1.0,4.0,1.0,4.0,4.0,1.0,1.0,1.0,4.0,4.0,1.0,1.0,4.0,4.0,9.0,2.0,7.0,2.0,2.0,2.0,1.0,2.0,2.0,2.0,4.0,2.0,4.0,4.0,4.0,3.0,2.0,2.0,5.0,5.0,3.0,2.0,4.0,2.85
R_NVzOpOrCElSk0Xn,illi,mindful_breathing,1,19.0,self_describe,United States,United States,1,3.0,1,9399,100,1,39.0,2.0,2.0,1.0,2.0,3.0,1.0,2.0,3.0,1.0,3.0,3.0,2.0,1.0,4.0,4.0,2.0,1.0,2.0,3.0,3.0,7.0,5.0,3.0,4.0,4.0,3.0,3.0,4.0,5.0,2.0,4.0,4.0,4.0,2.0,3.0,4.0,3.0,3.0,3.0,4.0,2.0,2.0,5.0,3.4
R_tYXVeQNWn03LT4R,macq,control_book,0,21.0,female,Australia,Australia,1,3.0,1,2401,100,1,27.0,4.0,4.0,1.0,1.0,4.0,1.0,2.0,3.0,1.0,4.0,3.0,1.0,1.0,2.0,3.0,3.0,1.0,1.0,3.0,4.0,7.0,3.0,5.0,2.0,2.0,2.0,2.0,2.0,2.0,2.0,2.0,2.0,2.0,2.0,4.0,2.0,4.0,3.0,4.0,2.0,2.0,4.0,3.0,2.5
R_3R3McW0B6BTUvjK,macq,body_scan,1,18.0,female,Australia,India,1,3.0,1,1280,100,1,25.0,4.0,3.0,2.0,1.0,4.0,1.0,1.0,4.0,1.0,4.0,2.0,1.0,1.0,1.0,4.0,4.0,1.0,1.0,4.0,3.0,6.0,3.0,6.0,3.0,4.0,3.0,2.0,4.0,5.0,2.0,4.0,3.0,5.0,2.0,2.0,2.0,4.0,2.0,2.0,2.0,4.0,3.0,4.0,3.1
R_3p5tH6J1NGvBRa6,illi,mindful_walking,1,19.0,female,United States,United States,0,3.0,1,1244,100,1,39.0,3.0,2.0,1.0,1.0,3.0,1.0,1.0,2.0,1.0,2.0,2.0,1.0,1.0,1.0,2.0,2.0,1.0,1.0,1.0,2.0,6.0,5.0,6.0,3.0,4.0,3.0,1.0,2.0,3.0,2.0,4.0,4.0,4.0,3.0,2.0,2.0,3.0,3.0,3.0,2.0,3.0,4.0,3.0,2.9
R_2b2Tkuyx5oXz3Fz,seeb,loving_kindness,1,51.0,female,Austria,Austria,0,2.0,1,1464,100,1,40.0,2.0,4.0,3.0,2.0,3.0,1.0,2.0,1.0,1.0,3.0,3.0,1.0,2.0,1.0,3.0,3.0,1.0,3.0,2.0,3.0,9.0,3.0,5.0,3.0,1.0,1.0,4.0,1.0,4.0,1.0,2.0,1.0,3.0,4.0,4.0,3.0,2.0,4.0,4.0,2.0,5.0,4.0,1.0,2.7
R_1WYREUgtjPp7axz,iowa,mindful_breathing,1,19.0,female,United States,United States,1,2.0,1,1126,100,1,26.0,4.0,4.0,1.0,1.0,3.0,1.0,1.0,4.0,1.0,3.0,3.0,1.0,1.0,2.0,4.0,4.0,1.0,1.0,3.0,3.0,8.0,2.0,6.0,2.0,2.0,2.0,3.0,2.0,2.0,1.0,4.0,1.0,4.0,1.0,4.0,2.0,4.0,4.0,3.0,3.0,2.0,4.0,4.0,2.7
R_1LxOapEgrOYXWxP,jose,loving_kindness,1,18.0,female,United States,United States,1,3.0,1,29236,100,1,59.0,2.0,2.0,3.0,3.0,2.0,2.0,3.0,2.0,2.0,2.0,1.0,3.0,3.0,3.0,2.0,2.0,3.0,3.0,2.0,2.0,6.0,5.0,6.0,3.0,4.0,4.0,5.0,4.0,4.0,3.0,3.0,4.0,4.0,3.0,2.0,1.0,2.0,3.0,3.0,3.0,1.0,4.0,2.0,3.1
R_p5vUi4eh6PtJZ29,illi,control_book,0,19.0,female,United States,United States,1,3.0,1,2074,100,1,34.0,2.0,4.0,1.0,1.0,3.0,1.0,1.0,2.0,1.0,2.0,4.0,1.0,1.0,1.0,2.0,2.0,1.0,2.0,3.0,3.0,9.0,2.0,9.0,1.0,1.0,2.0,1.0,2.0,1.0,3.0,4.0,4.0,4.0,1.0,5.0,5.0,2.0,5.0,4.0,4.0,2.0,4.0,5.0,3.0
R_2cpGK6uU0qljB5a,spri,body_scan,1,19.0,female,United States,United States,1,3.0,1,1655,100,1,22.0,4.0,4.0,1.0,1.0,4.0,1.0,1.0,3.0,1.0,3.0,4.0,1.0,1.0,1.0,4.0,4.0,1.0,1.0,4.0,4.0,7.0,1.0,6.0,1.0,1.0,1.0,3.0,1.0,2.0,3.0,2.0,1.0,1.0,4.0,5.0,3.0,4.0,5.0,2.0,4.0,3.0,4.0,3.0,2.65
R_6mwHQ0Ke69gnMtj,nort2,mindful_walking,1,64.0,female,United Kingdom,South Africa,1,3.0,1,1565,99,0,20.0,4.0,4.0,1.0,1.0,4.0,1.0,1.0,4.0,1.0,4.0,4.0,1.0,1.0,1.0,4.0,4.0,1.0,1.0,4.0,4.0,9.0,6.0,8.0,1.0,1.0,1.0,1.0,2.0,1.0,2.0,1.0,2.0,2.0,5.0,5.0,4.0,4.0,3.0,4.0,4.0,4.0,5.0,5.0,2.85
R_26nc41Cd171kc01,iowa,mindful_breathing,1,19.0,male,United States,United States,1,3.0,1,1317,100,1,30.0,4.0,3.0,1.0,1.0,2.0,1.0,1.0,3.0,1.0,4.0,3.0,1.0,1.0,1.0,3.0,3.0,1.0,1.0,3.0,2.0,6.0,4.0,8.0,1.0,1.0,1.0,1.0,1.0,1.0,1.0,1.0,1.0,2.0,3.0,4.0,3.0,5.0,4.0,5.0,3.0,4.0,4.0,5.0,2.55
R_1mnhzj9aqSN8EDl,iowa,control_book,0,18.0,female,United States,United States,1,3.0,1,1474,100,1,26.0,4.0,4.0,1.0,1.0,3.0,1.0,1.0,3.0,1.0,4.0,3.0,1.0,1.0,1.0,4.0,4.0,1.0,2.0,3.0,3.0,7.0,2.0,7.0,1.0,1.0,2.0,1.0,1.0,3.0,2.0,3.0,3.0,4.0,2.0,5.0,4.0,4.0,4.0,3.0,1.0,4.0,4.0,4.0,2.8
R_2aSzfQbVaIelXfX,iowa,mindful_walking,1,18.0,female,United States,United States,1,3.0,1,1232,100,1,21.0,4.0,4.0,1.0,1.0,4.0,1.0,1.0,4.0,1.0,4.0,4.0,1.0,1.0,1.0,4.0,4.0,1.0,1.0,3.0,4.0,7.0,2.0,7.0,1.0,1.0,1.0,1.0,1.0,2.0,1.0,1.0,2.0,2.0,1.0,5.0,4.0,4.0,4.0,3.0,1.0,5.0,4.0,5.0,2.45
R_2tD99XsD30ITqZw,iowa,mindful_walking,1,18.0,male,United States,United States,1,3.0,1,1463,100,1,39.0,3.0,3.0,1.0,1.0,2.0,1.0,3.0,2.0,1.0,3.0,3.0,1.0,1.0,1.0,3.0,2.0,1.0,3.0,2.0,2.0,7.0,2.0,8.0,3.0,2.0,3.0,2.0,2.0,4.0,2.0,3.0,3.0,4.0,3.0,4.0,4.0,4.0,4.0,4.0,1.0,4.0,4.0,5.0,3.25
R_2TAI03N3Ogib304,witt,mindful_breathing,1,19.0,female,United States,United States,1,3.0,1,1580,100,1,21.0,4.0,4.0,1.0,1.0,4.0,1.0,1.0,4.0,1.0,4.0,3.0,1.0,1.0,1.0,4.0,4.0,1.0,1.0,4.0,4.0,9.0,1.0,9.0,2.0,1.0,2.0,3.0,4.0,4.0,2.0,2.0,4.0,5.0,4.0,4.0,4.0,2.0,4.0,5.0,4.0,2.0,4.0,5.0,3.35
R_1FG4jTaSVAg6hqr,iowa,control_book,0,18.0,female,United States,United States,1,3.0,1,1217,100,1,20.0,4.0,4.0,1.0,1.0,4.0,1.0,1.0,4.0,1.0,4.0,4.0,1.0,1.0,1.0,4.0,4.0,1.0,1.0,4.0,4.0,7.0,2.0,7.0,1.0,1.0,1.0,1.0,1.0,2.0,1.0,3.0,1.0,3.0,1.0,5.0,3.0,4.0,4.0,3.0,1.0,4.0,4.0,4.0,2.4
R_2BlpbG2Y9F43Yuq,iowa,loving_kindness,1,18.0,female,United States,United States,1,3.0,1,1362,100,1,20.0,4.0,4.0,1.0,1.0,4.0,1.0,1.0,4.0,1.0,4.0,4.0,1.0,1.0,1.0,4.0,4.0,1.0,1.0,4.0,4.0,7.0,3.0,8.0,1.0,1.0,2.0,1.0,1.0,2.0,1.0,1.0,2.0,3.0,2.0,5.0,5.0,4.0,4.0,4.0,2.0,5.0,3.0,5.0,2.7
R_3j2sJIag3HSo78e,spri,body_scan,1,19.0,female,United States,United States,1,3.0,1,1271,100,1,30.0,4.0,2.0,1.0,1.0,4.0,1.0,2.0,4.0,1.0,4.0,3.0,2.0,1.0,1.0,4.0,3.0,2.0,1.0,2.0,3.0,9.0,6.0,6.0,1.0,2.0,1.0,1.0,1.0,4.0,1.0,1.0,2.0,4.0,1.0,4.0,5.0,5.0,4.0,5.0,1.0,5.0,5.0,5.0,2.9
R_Odr6czZjAtI6s2B,wayn,body_scan,1,45.0,male,United States,United States,1,3.0,1,1288,100,1,28.0,4.0,3.0,1.0,1.0,4.0,1.0,2.0,3.0,1.0,3.0,3.0,1.0,1.0,1.0,4.0,3.0,1.0,1.0,2.0,4.0,7.0,5.0,5.0,3.0,3.0,3.0,3.0,4.0,2.0,4.0,4.0,4.0,5.0,3.0,2.0,2.0,2.0,4.0,2.0,2.0,2.0,4.0,3.0,3.05
R_2pRACgsIh41OmQZ,wayn,mindful_breathing,1,,prefer_not_say,Data Not To Be Used... Test,Data Not To Be Used... Test,1,2.0,1,976,100,1,50.0,1.0,1.0,1.0,1.0,1.0,1.0,1.0,1.0,1.0,1.0,1.0,1.0,1.0,1.0,1.0,1.0,1.0,1.0,1.0,1.0,1.0,1.0,1.0,1.0,1.0,1.0,1.0,1.0,1.0,1.0,1.0,1.0,1.0,1.0,1.0,1.0,1.0,1.0,1.0,1.0,1.0,1.0,1.0,1.0
R_pfmGk7cnTHR8b5L,spri,control_book,0,19.0,male,Mass,United States,1,2.0,1,1510,100,1,42.0,4.0,2.0,1.0,1.0,2.0,1.0,2.0,3.0,4.0,3.0,3.0,1.0,1.0,2.0,3.0,2.0,4.0,3.0,3.0,3.0,7.0,6.0,7.0,2.0,2.0,3.0,4.0,4.0,2.0,4.0,2.0,2.0,4.0,3.0,4.0,2.0,1.0,4.0,2.0,2.0,2.0,5.0,2.0,2.8
R_27pad8w5hHx6tT4,spri,loving_kindness,1,20.0,male,United States,United States,1,3.0,1,1171,100,1,30.0,4.0,3.0,1.0,1.0,3.0,1.0,1.0,3.0,1.0,3.0,4.0,1.0,3.0,1.0,3.0,3.0,1.0,1.0,3.0,3.0,8.0,2.0,7.0,1.0,1.0,1.0,3.0,1.0,1.0,1.0,1.0,1.0,2.0,1.0,5.0,3.0,2.0,5.0,2.0,2.0,2.0,1.0,2.0,1.9
R_cuu2Wj55wWrIkHT,indi,mindful_breathing,1,18.0,female,United States,United States,1,3.0,1,1210,100,1,28.0,3.0,4.0,1.0,1.0,4.0,1.0,1.0,3.0,1.0,4.0,3.0,1.0,1.0,2.0,4.0,3.0,2.0,1.0,3.0,3.0,7.0,4.0,6.0,3.0,1.0,2.0,3.0,4.0,5.0,2.0,4.0,3.0,4.0,2.0,4.0,2.0,3.0,4.0,4.0,3.0,2.0,3.0,3.0,3.05
R_b70aJ60LL1i9XYl,spri,control_book,0,18.0,male,United States,United States,1,3.0,1,1238,100,1,29.0,4.0,4.0,1.0,2.0,3.0,1.0,1.0,3.0,1.0,3.0,4.0,1.0,1.0,1.0,3.0,3.0,1.0,2.0,3.0,3.0,8.0,3.0,7.0,2.0,1.0,2.0,1.0,2.0,3.0,1.0,2.0,2.0,3.0,3.0,5.0,4.0,2.0,5.0,4.0,1.0,4.0,5.0,4.0,2.8
R_3R8dPKyDHPARhFm,macq,body_scan,1,18.0,female,Australia,Australia,1,3.0,1,30737,100,1,34.0,4.0,3.0,3.0,1.0,3.0,2.0,1.0,3.0,2.0,4.0,3.0,1.0,2.0,3.0,4.0,3.0,1.0,2.0,4.0,3.0,8.0,3.0,4.0,2.0,2.0,2.0,4.0,1.0,2.0,1.0,2.0,2.0,2.0,2.0,5.0,3.0,2.0,4.0,5.0,4.0,3.0,4.0,4.0,2.8
R_2aY3hAMnau9n2KF,iowa,body_scan,1,18.0,self_describe,United States,United States,1,3.0,1,1168,100,1,35.0,4.0,2.0,1.0,1.0,4.0,1.0,1.0,1.0,1.0,2.0,2.0,2.0,1.0,3.0,4.0,3.0,1.0,1.0,3.0,3.0,6.0,5.0,3.0,4.0,3.0,4.0,2.0,3.0,4.0,3.0,4.0,3.0,4.0,2.0,1.0,4.0,1.0,2.0,2.0,4.0,3.0,4.0,5.0,3.1
R_1C293JQ95RF1CpD,iowa,loving_kindness,1,20.0,female,United States,United States,1,3.0,1,1267,100,1,52.0,1.0,2.0,4.0,3.0,2.0,3.0,1.0,1.0,1.0,3.0,1.0,1.0,1.0,1.0,1.0,2.0,1.0,3.0,2.0,2.0,4.0,8.0,9.0,4.0,2.0,4.0,1.0,3.0,2.0,1.0,3.0,2.0,4.0,2.0,5.0,5.0,2.0,2.0,3.0,1.0,4.0,5.0,4.0,2.95
R_1CHCxznIpMsdedR,flor,body_scan,1,20.0,female,United States,United States,1,3.0,1,1212,100,1,25.0,4.0,3.0,1.0,1.0,4.0,1.0,1.0,4.0,1.0,4.0,3.0,1.0,1.0,1.0,4.0,3.0,2.0,1.0,3.0,4.0,7.0,2.0,6.0,4.0,4.0,3.0,4.0,4.0,4.0,4.0,4.0,4.0,4.0,3.0,4.0,2.0,3.0,3.0,3.0,4.0,2.0,2.0,2.0,3.35
R_129jJZbtMFnyHWC,iowa,control_book,0,18.0,male,United States,United States,1,2.0,1,1660,100,1,48.0,2.0,1.0,1.0,1.0,1.0,2.0,2.0,2.0,2.0,2.0,1.0,1.0,2.0,2.0,3.0,1.0,1.0,1.0,2.0,2.0,5.0,4.0,4.0,3.0,2.0,3.0,3.0,2.0,2.0,2.0,2.0,3.0,2.0,3.0,2.0,3.0,3.0,2.0,4.0,3.0,3.0,4.0,3.0,2.7
R_3m2KlDLflOBslxH,flor,mindful_breathing,1,22.0,female,United States,United States,1,3.0,1,1159,100,1,30.0,3.0,3.0,1.0,1.0,3.0,1.0,1.0,3.0,1.0,3.0,3.0,1.0,1.0,1.0,3.0,3.0,1.0,1.0,3.0,3.0,7.0,2.0,7.0,2.0,2.0,1.0,2.0,2.0,4.0,1.0,2.0,4.0,4.0,4.0,5.0,2.0,2.0,4.0,4.0,2.0,2.0,4.0,2.0,2.75
R_2aeRALSq1WQ6H8s,iowa,loving_kindness,1,19.0,male,United States,United States,1,3.0,1,973,100,1,50.0,3.0,3.0,3.0,3.0,3.0,3.0,3.0,3.0,3.0,3.0,3.0,3.0,3.0,3.0,3.0,3.0,3.0,3.0,3.0,3.0,5.0,5.0,5.0,3.0,3.0,3.0,3.0,3.0,3.0,3.0,3.0,3.0,3.0,3.0,3.0,3.0,3.0,3.0,3.0,3.0,3.0,3.0,3.0,3.0
R_UouuEopfEsO3R2F,iowa,mindful_walking,1,19.0,male,United States,United States,1,3.0,1,1043,100,1,51.0,3.0,3.0,3.0,3.0,3.0,3.0,3.0,3.0,3.0,3.0,3.0,3.0,4.0,3.0,3.0,3.0,3.0,3.0,3.0,3.0,5.0,5.0,5.0,3.0,3.0,3.0,3.0,3.0,3.0,3.0,3.0,3.0,3.0,3.0,3.0,3.0,3.0,3.0,3.0,3.0,3.0,3.0,3.0,3.0
R_z6zopsQEQ8Qi3br,iowa,control_book,0,,male,United States,United States,1,3.0,1,1284,100,1,35.0,3.0,2.0,1.0,1.0,3.0,1.0,1.0,2.0,1.0,3.0,2.0,1.0,1.0,1.0,3.0,2.0,1.0,1.0,2.0,3.0,7.0,4.0,6.0,4.0,5.0,4.0,3.0,2.0,4.0,2.0,4.0,4.0,5.0,3.0,2.0,4.0,4.0,2.0,2.0,2.0,4.0,2.0,3.0,3.25
R_2zAoUca33LIedd8,indi,loving_kindness,1,18.0,male,United States,United States,1,2.0,1,1553,100,1,26.0,4.0,3.0,1.0,1.0,4.0,1.0,1.0,3.0,1.0,3.0,3.0,1.0,1.0,1.0,4.0,4.0,1.0,1.0,3.0,3.0,8.0,2.0,7.0,2.0,1.0,3.0,1.0,2.0,2.0,2.0,2.0,2.0,3.0,2.0,4.0,3.0,4.0,4.0,4.0,2.0,4.0,4.0,4.0,2.75
R_3L6DL30Y2nLWO32,glen,mindful_breathing,1,28.0,male,United States,United States,1,3.0,1,1259,100,1,34.0,3.0,2.0,1.0,1.0,3.0,1.0,1.0,3.0,1.0,3.0,3.0,1.0,1.0,1.0,3.0,3.0,1.0,3.0,2.0,3.0,7.0,5.0,5.0,4.0,3.0,4.0,1.0,1.0,3.0,3.0,2.0,3.0,2.0,2.0,4.0,4.0,4.0,4.0,4.0,4.0,4.0,4.0,4.0,3.2
R_3sbinC5yAdVRuhr,glen,body_scan,1,23.0,female,United States,United States,1,2.0,1,363585,100,1,25.0,4.0,3.0,1.0,1.0,4.0,1.0,1.0,4.0,1.0,3.0,3.0,1.0,1.0,1.0,4.0,3.0,1.0,1.0,3.0,4.0,9.0,2.0,8.0,1.0,1.0,2.0,2.0,1.0,2.0,1.0,2.0,1.0,4.0,3.0,3.0,3.0,4.0,2.0,4.0,2.0,4.0,4.0,4.0,2.5
R_124JMqODPSXGBcx,hous,mindful_breathing,1,20.0,female,United States,United States,0,3.0,1,1093,100,1,26.0,4.0,4.0,1.0,1.0,4.0,1.0,3.0,4.0,1.0,4.0,4.0,1.0,1.0,2.0,4.0,3.0,2.0,1.0,4.0,3.0,7.0,3.0,5.0,4.0,3.0,3.0,2.0,4.0,4.0,3.0,3.0,3.0,4.0,3.0,3.0,3.0,3.0,3.0,3.0,3.0,3.0,3.0,3.0,3.15
R_5aUy77y0X6wRZtL,canb,mindful_walking,1,20.0,female,Australia,Australia,1,3.0,1,1215,100,1,30.0,4.0,3.0,1.0,1.0,3.0,1.0,1.0,2.0,1.0,3.0,3.0,1.0,1.0,2.0,4.0,3.0,1.0,1.0,3.0,3.0,7.0,5.0,6.0,3.0,4.0,3.0,2.0,4.0,5.0,1.0,4.0,5.0,4.0,2.0,2.0,2.0,2.0,4.0,4.0,5.0,2.0,2.0,5.0,3.25
R_21zHheznN7YgkoB,glen,loving_kindness,1,18.0,male,United States,United States,1,2.0,1,1678,100,1,47.0,3.0,2.0,2.0,2.0,3.0,2.0,3.0,1.0,2.0,3.0,2.0,2.0,1.0,2.0,3.0,2.0,3.0,2.0,2.0,3.0,5.0,3.0,5.0,2.0,3.0,3.0,2.0,1.0,5.0,1.0,4.0,3.0,4.0,1.0,3.0,4.0,4.0,3.0,4.0,3.0,3.0,3.0,4.0,3.0
R_2fxrTVxfF8PZjIL,canb,control_book,0,19.0,female,Australia,Australia,1,3.0,1,1452,100,1,30.0,4.0,2.0,1.0,1.0,3.0,1.0,1.0,3.0,1.0,4.0,2.0,1.0,1.0,1.0,4.0,3.0,1.0,2.0,3.0,3.0,6.0,5.0,3.0,4.0,3.0,4.0,4.0,4.0,4.0,4.0,4.0,3.0,5.0,2.0,3.0,4.0,3.0,3.0,2.0,3.0,3.0,4.0,4.0,3.5
R_2WA9wQXKmDQbOyi,glen,body_scan,1,26.0,female,United States,United States,1,3.0,1,1652,100,1,35.0,3.0,2.0,1.0,1.0,3.0,1.0,1.0,3.0,1.0,3.0,1.0,2.0,1.0,1.0,3.0,3.0,1.0,1.0,2.0,3.0,6.0,7.0,5.0,2.0,2.0,3.0,3.0,1.0,3.0,3.0,3.0,2.0,3.0,2.0,4.0,4.0,4.0,3.0,4.0,4.0,4.0,5.0,4.0,3.15
R_2cjASahBMisD40p,seeb,control_book,0,20.0,female,Austria,Austria,0,2.0,1,2125,100,1,39.0,3.0,3.0,2.0,2.0,3.0,1.0,2.0,3.0,1.0,3.0,3.0,2.0,2.0,1.0,2.0,3.0,2.0,3.0,3.0,3.0,7.0,5.0,8.0,1.0,1.0,1.0,2.0,2.0,2.0,2.0,2.0,3.0,3.0,5.0,4.0,4.0,4.0,4.0,3.0,5.0,4.0,4.0,5.0,3.05
R_3oWPrG0YGFm0ODN,nort2,control_book,0,75.0,female,United Kingdom,United Kingdom,1,3.0,1,312361,99,0,24.0,4.0,4.0,1.0,1.0,4.0,1.0,2.0,3.0,1.0,4.0,3.0,1.0,1.0,1.0,4.0,3.0,1.0,1.0,4.0,4.0,8.0,2.0,8.0,1.0,1.0,1.0,1.0,4.0,4.0,1.0,4.0,1.0,5.0,2.0,4.0,2.0,2.0,4.0,5.0,5.0,2.0,4.0,5.0,2.9
R_2oBb1wnKOOs8yWJ,seeb,loving_kindness,1,21.0,female,Austria,Austria,0,2.0,1,1994,100,1,21.0,4.0,4.0,1.0,1.0,4.0,1.0,1.0,4.0,1.0,4.0,3.0,1.0,1.0,1.0,4.0,4.0,1.0,1.0,4.0,4.0,8.0,3.0,7.0,2.0,1.0,1.0,2.0,4.0,5.0,4.0,5.0,4.0,5.0,4.0,4.0,3.0,5.0,4.0,2.0,5.0,4.0,2.0,1.0,3.35
R_3duGTw2AzJOPUFb,wurz,mindful_walking,1,19.0,female,Germany,Germany,0,2.0,1,2667,100,1,33.0,3.0,4.0,1.0,1.0,3.0,1.0,2.0,3.0,1.0,3.0,3.0,1.0,2.0,2.0,2.0,3.0,1.0,1.0,3.0,3.0,8.0,2.0,5.0,4.0,2.0,3.0,4.0,4.0,4.0,4.0,4.0,2.0,5.0,2.0,4.0,2.0,2.0,4.0,3.0,4.0,4.0,2.0,3.0,3.3
R_1luuZOCKkg6tbTA,seeb,mindful_breathing,1,31.0,male,Austria,Austria,0,2.0,1,1973,100,1,42.0,3.0,3.0,1.0,1.0,2.0,1.0,4.0,3.0,1.0,2.0,3.0,1.0,1.0,3.0,3.0,2.0,3.0,3.0,3.0,3.0,7.0,2.0,9.0,3.0,2.0,3.0,3.0,1.0,4.0,2.0,1.0,2.0,3.0,3.0,4.0,4.0,4.0,4.0,4.0,4.0,4.0,5.0,5.0,3.25
R_1BQ36a5ciXflPzy,nort2,mindful_breathing,1,73.0,female,United Kingdom,United Kingdom,1,3.0,1,1342,99,0,20.0,4.0,4.0,1.0,1.0,4.0,1.0,1.0,4.0,1.0,4.0,4.0,1.0,1.0,1.0,4.0,4.0,1.0,1.0,4.0,4.0,9.0,7.0,8.0,1.0,1.0,1.0,1.0,2.0,1.0,4.0,1.0,1.0,2.0,5.0,5.0,2.0,2.0,5.0,4.0,2.0,2.0,4.0,1.0,2.35
R_umt1Jz8UHcIGdaN,suny,mindful_walking,1,18.0,male,United States,United States,1,3.0,1,2905,100,1,21.0,4.0,4.0,2.0,1.0,4.0,1.0,1.0,4.0,1.0,4.0,4.0,1.0,1.0,1.0,4.0,4.0,1.0,1.0,4.0,4.0,9.0,2.0,9.0,1.0,1.0,1.0,2.0,1.0,3.0,1.0,2.0,1.0,3.0,5.0,5.0,3.0,3.0,5.0,5.0,4.0,5.0,4.0,5.0,3.0
R_1Nm5gVBeCS7YZXg,utah,mindful_breathing,1,21.0,female,United States,United States,1,3.0,1,1204,100,1,32.0,3.0,3.0,1.0,1.0,3.0,1.0,1.0,3.0,1.0,3.0,2.0,1.0,1.0,1.0,3.0,3.0,2.0,1.0,3.0,3.0,7.0,3.0,5.0,3.0,2.0,2.0,4.0,5.0,4.0,3.0,5.0,5.0,5.0,3.0,4.0,2.0,2.0,3.0,2.0,2.0,2.0,2.0,4.0,3.2
R_wTz8fNDGNn2wXFD,lime,control_book,0,22.0,male,Ireland,Ireland,1,3.0,1,1987,99,0,33.0,3.0,3.0,1.0,2.0,3.0,1.0,1.0,3.0,1.0,3.0,3.0,1.0,1.0,3.0,3.0,3.0,1.0,1.0,3.0,3.0,7.0,4.0,6.0,2.0,4.0,2.0,2.0,2.0,2.0,2.0,2.0,2.0,2.0,4.0,4.0,4.0,4.0,2.0,4.0,4.0,4.0,4.0,4.0,3.0
R_QfyphaQUdy4Lom5,spri,body_scan,1,18.0,female,United States,United States,1,2.0,1,1230,100,1,36.0,3.0,3.0,2.0,1.0,3.0,2.0,2.0,3.0,1.0,3.0,3.0,1.0,2.0,2.0,4.0,3.0,2.0,2.0,3.0,3.0,7.0,2.0,9.0,3.0,2.0,3.0,4.0,4.0,4.0,1.0,4.0,4.0,4.0,3.0,4.0,2.0,3.0,4.0,4.0,4.0,2.0,3.0,2.0,3.2
R_0O3AEnmPUbe3P7r,merc,control_book,0,20.0,female,United States,United States,1,3.0,1,1347,100,1,55.0,2.0,2.0,2.0,1.0,2.0,1.0,4.0,2.0,1.0,2.0,1.0,3.0,4.0,1.0,2.0,2.0,3.0,4.0,2.0,2.0,5.0,7.0,5.0,4.0,5.0,4.0,4.0,5.0,4.0,2.0,5.0,4.0,5.0,3.0,2.0,4.0,4.0,2.0,3.0,4.0,2.0,3.0,4.0,3.65
R_3HAHQmmGhQL5Tvb,merc,control_book,0,20.0,male,United States,United States,1,3.0,1,1052,100,1,51.0,1.0,1.0,1.0,1.0,1.0,1.0,1.0,1.0,3.0,1.0,1.0,1.0,1.0,1.0,2.0,1.0,1.0,1.0,1.0,1.0,5.0,5.0,5.0,4.0,2.0,5.0,4.0,4.0,4.0,3.0,5.0,5.0,5.0,3.0,4.0,4.0,3.0,3.0,3.0,3.0,2.0,2.0,2.0,3.5
R_1K26vPuQkXbVjTu,lime,loving_kindness,1,20.0,female,Ireland,Ireland,1,3.0,1,1446,99,0,29.0,3.0,4.0,1.0,1.0,3.0,1.0,2.0,4.0,1.0,4.0,3.0,2.0,1.0,1.0,4.0,3.0,2.0,1.0,3.0,3.0,7.0,4.0,6.0,4.0,3.0,3.0,2.0,4.0,5.0,3.0,4.0,5.0,5.0,2.0,3.0,2.0,2.0,2.0,1.0,3.0,2.0,3.0,3.0,3.05
R_2Y54udjCT8YT3tn,spri,mindful_walking,1,20.0,female,United States,United States,1,3.0,1,2763,100,1,45.0,2.0,2.0,2.0,1.0,3.0,1.0,1.0,2.0,1.0,2.0,2.0,1.0,3.0,2.0,2.0,2.0,2.0,2.0,2.0,2.0,7.0,5.0,5.0,3.0,3.0,2.0,2.0,4.0,4.0,2.0,4.0,4.0,4.0,3.0,3.0,4.0,3.0,3.0,2.0,3.0,2.0,3.0,4.0,3.1
R_1pYCtJmYDZPmVyF,glen,mindful_breathing,1,41.0,female,United States,United States,1,3.0,1,1375,100,1,26.0,4.0,2.0,1.0,1.0,3.0,1.0,1.0,4.0,1.0,3.0,3.0,1.0,1.0,1.0,4.0,3.0,1.0,1.0,4.0,4.0,9.0,4.0,7.0,3.0,3.0,3.0,2.0,2.0,3.0,1.0,2.0,3.0,5.0,3.0,2.0,2.0,3.0,2.0,1.0,2.0,3.0,5.0,4.0,2.7
R_2zYnrg3MnguQC46,loyo,body_scan,1,20.0,female,United States,United States,1,3.0,1,1301,100,1,24.0,4.0,3.0,1.0,1.0,4.0,1.0,1.0,3.0,1.0,4.0,4.0,1.0,1.0,1.0,4.0,3.0,1.0,1.0,3.0,4.0,8.0,4.0,8.0,2.0,1.0,1.0,2.0,2.0,1.0,2.0,4.0,1.0,2.0,4.0,5.0,4.0,4.0,4.0,3.0,4.0,4.0,4.0,4.0,2.9
R_24iyiq69TaAgDLa,spri,body_scan,1,19.0,female,United States,United States,1,3.0,1,1198,100,1,50.0,2.0,2.0,2.0,2.0,2.0,2.0,2.0,2.0,2.0,2.0,2.0,2.0,2.0,2.0,2.0,2.0,2.0,2.0,2.0,2.0,6.0,2.0,5.0,3.0,3.0,3.0,3.0,3.0,3.0,3.0,3.0,3.0,3.0,3.0,3.0,3.0,3.0,3.0,3.0,3.0,3.0,3.0,3.0,3.0
R_2fJ6vZD3WGHAlC0,nort2,control_book,0,80.0,male,United Kingdom,Egypt,1,3.0,1,1423,100,1,34.0,2.0,4.0,1.0,1.0,2.0,1.0,1.0,3.0,1.0,2.0,2.0,1.0,1.0,1.0,2.0,2.0,1.0,1.0,4.0,3.0,8.0,5.0,8.0,2.0,2.0,2.0,1.0,2.0,2.0,1.0,1.0,2.0,4.0,2.0,5.0,4.0,4.0,3.0,4.0,5.0,3.0,4.0,5.0,2.9
R_24P1KuqegqtlwY9,witt,loving_kindness,1,21.0,male,United States,United Kingdom,1,3.0,1,1333,100,1,40.0,3.0,2.0,2.0,1.0,3.0,1.0,1.0,2.0,1.0,2.0,2.0,2.0,1.0,2.0,3.0,2.0,1.0,2.0,2.0,3.0,7.0,3.0,6.0,4.0,3.0,4.0,3.0,4.0,5.0,5.0,5.0,5.0,5.0,3.0,2.0,1.0,1.0,2.0,3.0,1.0,2.0,3.0,3.0,3.2
R_2Qiz5N3qOm4RzbO,seeb,control_book,0,24.0,female,Germany,Germany,0,2.0,1,1261,100,1,61.0,2.0,2.0,3.0,3.0,2.0,4.0,2.0,1.0,2.0,2.0,2.0,4.0,3.0,3.0,2.0,1.0,3.0,3.0,2.0,3.0,7.0,6.0,3.0,5.0,5.0,4.0,4.0,2.0,5.0,4.0,5.0,3.0,4.0,1.0,2.0,4.0,2.0,2.0,2.0,3.0,2.0,3.0,3.0,3.25
R_OGSK0giblZNjnmV,flor,mindful_breathing,1,18.0,female,United States,United States,1,3.0,1,3090,100,1,42.0,2.0,3.0,3.0,2.0,4.0,1.0,2.0,3.0,1.0,2.0,3.0,2.0,2.0,2.0,2.0,3.0,3.0,1.0,2.0,3.0,6.0,4.0,6.0,2.0,1.0,2.0,2.0,2.0,3.0,1.0,4.0,2.0,4.0,4.0,4.0,4.0,4.0,4.0,2.0,4.0,3.0,4.0,4.0,3.0
R_2YQEYlpoh3q7NTn,suny,body_scan,1,22.0,male,United States,United States,1,3.0,1,1217,100,1,23.0,3.0,4.0,1.0,1.0,4.0,1.0,1.0,3.0,1.0,4.0,4.0,1.0,1.0,2.0,4.0,4.0,1.0,1.0,4.0,4.0,8.0,2.0,3.0,2.0,2.0,4.0,2.0,4.0,4.0,2.0,4.0,4.0,4.0,2.0,4.0,2.0,4.0,4.0,4.0,4.0,4.0,4.0,4.0,3.4
R_3FLqVfly4WYO0xR,glen,mindful_walking,1,20.0,female,United States,United States,1,3.0,1,3407,100,1,36.0,2.0,3.0,1.0,2.0,3.0,1.0,2.0,3.0,1.0,4.0,2.0,1.0,1.0,2.0,3.0,3.0,3.0,1.0,3.0,3.0,7.0,4.0,8.0,4.0,3.0,5.0,4.0,4.0,4.0,4.0,5.0,5.0,5.0,2.0,4.0,5.0,5.0,3.0,3.0,2.0,2.0,3.0,3.0,3.75
R_2cilriiAK9GC11W,glen,mindful_breathing,1,23.0,female,United States,United States,1,3.0,1,1316,100,1,44.0,2.0,2.0,1.0,2.0,2.0,1.0,2.0,2.0,1.0,2.0,3.0,1.0,1.0,2.0,2.0,2.0,3.0,1.0,2.0,2.0,6.0,5.0,7.0,4.0,3.0,4.0,3.0,3.0,4.0,1.0,5.0,4.0,4.0,3.0,4.0,3.0,3.0,4.0,4.0,3.0,4.0,2.0,4.0,3.45
R_27dvPEe2uqWcNRO,hous,loving_kindness,1,19.0,female,United States,United States,0,2.0,1,2178,100,1,52.0,2.0,3.0,3.0,3.0,1.0,3.0,3.0,2.0,2.0,2.0,3.0,4.0,1.0,4.0,2.0,3.0,2.0,1.0,3.0,3.0,5.0,3.0,2.0,4.0,4.0,4.0,5.0,5.0,5.0,3.0,5.0,4.0,4.0,2.0,2.0,1.0,1.0,2.0,1.0,3.0,1.0,4.0,2.0,3.1
R_2R82YTtfgUTo27f,hous,mindful_walking,1,21.0,male,United States,United States,1,3.0,1,1237,100,1,27.0,3.0,3.0,1.0,1.0,3.0,1.0,1.0,3.0,1.0,4.0,3.0,1.0,1.0,1.0,4.0,3.0,1.0,1.0,4.0,3.0,8.0,2.0,7.0,2.0,2.0,2.0,2.0,2.0,3.0,2.0,2.0,2.0,2.0,4.0,4.0,4.0,4.0,4.0,4.0,4.0,4.0,4.0,4.0,3.05
R_3jcz0FYzX0tYWwW,wurz,loving_kindness,1,23.0,female,Germany,Germany,0,2.0,1,7566,100,1,38.0,4.0,3.0,3.0,3.0,2.0,1.0,1.0,2.0,1.0,3.0,3.0,2.0,2.0,2.0,3.0,3.0,1.0,1.0,3.0,3.0,6.0,3.0,5.0,4.0,3.0,3.0,5.0,2.0,4.0,4.0,5.0,2.0,4.0,2.0,2.0,2.0,3.0,2.0,1.0,3.0,1.0,2.0,3.0,2.85
R_1QLYD80JpsPgngo,glen,mindful_walking,1,36.0,female,United States,United States,1,3.0,1,1263,100,1,42.0,2.0,3.0,2.0,2.0,2.0,1.0,2.0,3.0,1.0,2.0,2.0,2.0,1.0,1.0,2.0,2.0,1.0,1.0,2.0,2.0,6.0,3.0,6.0,2.0,2.0,1.0,1.0,4.0,2.0,1.0,2.0,2.0,2.0,4.0,4.0,4.0,4.0,2.0,4.0,4.0,4.0,4.0,4.0,2.85
R_D1rUu5ht2gg7odP,merc,body_scan,1,21.0,female,United States,United States,1,3.0,1,1209,100,1,39.0,3.0,2.0,2.0,1.0,2.0,1.0,1.0,2.0,1.0,3.0,2.0,1.0,1.0,1.0,2.0,2.0,1.0,1.0,2.0,2.0,6.0,4.0,7.0,3.0,3.0,3.0,5.0,4.0,5.0,2.0,4.0,4.0,5.0,3.0,3.0,2.0,2.0,4.0,2.0,3.0,3.0,2.0,3.0,3.25
R_3r2RUcYJUtoio2R,spri,mindful_walking,1,20.0,female,United States,China,0,2.0,1,1170,100,1,36.0,4.0,3.0,1.0,1.0,2.0,1.0,2.0,3.0,1.0,3.0,3.0,1.0,2.0,1.0,3.0,1.0,2.0,1.0,3.0,2.0,7.0,6.0,9.0,2.0,2.0,1.0,2.0,2.0,4.0,2.0,2.0,4.0,4.0,3.0,4.0,4.0,4.0,3.0,4.0,4.0,4.0,4.0,4.0,3.15
R_3DtKKchk2jb4cyU,merc,control_book,0,22.0,female,United States,United States,1,3.0,1,1191,100,1,33.0,3.0,2.0,1.0,1.0,3.0,2.0,1.0,3.0,1.0,3.0,2.0,1.0,1.0,2.0,4.0,3.0,1.0,1.0,3.0,3.0,7.0,2.0,5.0,4.0,4.0,4.0,4.0,4.0,4.0,3.0,4.0,4.0,4.0,2.0,4.0,2.0,2.0,4.0,4.0,3.0,3.0,5.0,2.0,3.5
R_pa9qViZw1scK1Xz,glen,body_scan,1,26.0,female,United States,United States,1,3.0,1,5115,100,1,71.0,1.0,1.0,4.0,4.0,1.0,3.0,4.0,1.0,4.0,2.0,1.0,4.0,3.0,1.0,1.0,1.0,4.0,1.0,1.0,1.0,1.0,7.0,6.0,4.0,4.0,5.0,4.0,5.0,4.0,3.0,5.0,5.0,5.0,2.0,3.0,2.0,1.0,1.0,1.0,2.0,1.0,1.0,3.0,3.05
R_2BlX9kuBVRlH112,loyo,mindful_breathing,1,19.0,female,United States,United States,1,2.0,1,1042,100,1,34.0,3.0,3.0,1.0,2.0,3.0,1.0,2.0,3.0,2.0,3.0,2.0,2.0,1.0,1.0,3.0,4.0,1.0,1.0,3.0,3.0,7.0,3.0,5.0,2.0,2.0,2.0,3.0,2.0,3.0,1.0,4.0,4.0,4.0,2.0,4.0,3.0,2.0,4.0,4.0,4.0,2.0,4.0,3.0,2.95
R_1DJdlhH62rw81P6,utah,loving_kindness,1,45.0,female,United States,United States,1,3.0,1,1491,100,1,29.0,4.0,3.0,2.0,2.0,4.0,2.0,1.0,3.0,1.0,4.0,3.0,1.0,1.0,1.0,4.0,4.0,2.0,1.0,4.0,2.0,7.0,5.0,5.0,2.0,2.0,2.0,1.0,1.0,1.0,1.0,2.0,1.0,4.0,4.0,4.0,4.0,4.0,4.0,4.0,4.0,4.0,5.0,4.0,2.9
R_RwclHiDhU9IEwtr,merc,body_scan,1,20.0,female,United States,United States,1,3.0,1,1285,100,1,44.0,2.0,2.0,2.0,2.0,3.0,1.0,2.0,2.0,1.0,3.0,2.0,2.0,2.0,1.0,2.0,3.0,2.0,2.0,2.0,2.0,6.0,5.0,4.0,4.0,3.0,4.0,4.0,4.0,4.0,3.0,5.0,5.0,1.0,3.0,3.0,1.0,2.0,3.0,2.0,3.0,1.0,3.0,3.0,3.05
R_12R4tSX5uMANvbQ,jose,control_book,0,18.0,female,United States,United States,1,3.0,1,9334,100,1,48.0,2.0,2.0,2.0,2.0,2.0,1.0,4.0,2.0,2.0,3.0,3.0,1.0,2.0,2.0,2.0,2.0,2.0,2.0,2.0,2.0,5.0,4.0,5.0,4.0,3.0,3.0,3.0,4.0,4.0,3.0,4.0,3.0,4.0,2.0,4.0,2.0,3.0,2.0,3.0,3.0,2.0,2.0,3.0,3.05
R_1GQEoruFatA0QTm,glen,mindful_walking,1,22.0,female,United States,United States,1,3.0,1,1152,100,1,69.0,1.0,1.0,4.0,4.0,2.0,3.0,4.0,2.0,4.0,2.0,1.0,4.0,4.0,4.0,2.0,2.0,4.0,2.0,2.0,3.0,3.0,9.0,2.0,5.0,5.0,4.0,5.0,5.0,4.0,2.0,5.0,5.0,5.0,2.0,2.0,2.0,2.0,2.0,1.0,3.0,1.0,1.0,4.0,3.25
R_3JgWsrh1u55nykl,glen,mindful_breathing,1,20.0,female,United States,United States,1,3.0,1,1333,100,1,54.0,2.0,2.0,4.0,3.0,3.0,1.0,1.0,2.0,4.0,3.0,2.0,4.0,4.0,2.0,2.0,2.0,4.0,1.0,3.0,3.0,3.0,7.0,4.0,4.0,2.0,2.0,2.0,5.0,4.0,3.0,5.0,5.0,5.0,3.0,4.0,4.0,4.0,4.0,3.0,2.0,3.0,2.0,2.0,3.4
R_2EF3wkWJszULE1c,glen,control_book,0,18.0,female,Arizona,United States,1,2.0,1,1863,100,1,33.0,3.0,3.0,1.0,1.0,4.0,1.0,3.0,4.0,1.0,4.0,4.0,2.0,1.0,2.0,3.0,3.0,2.0,4.0,4.0,3.0,7.0,4.0,9.0,3.0,3.0,2.0,2.0,5.0,5.0,1.0,5.0,4.0,5.0,3.0,5.0,4.0,1.0,4.0,4.0,3.0,1.0,2.0,3.0,3.25
R_3pmbDV3SZYcxvVv,utah,loving_kindness,1,,male,"South Korea (For The Moment, I Am Studying In The University Of Utah, So You Could Say That I Am Living In The U.S. For The Moment)",South Korea,0,2.0,1,4280,100,1,31.0,3.0,2.0,1.0,1.0,3.0,1.0,1.0,3.0,1.0,2.0,4.0,1.0,1.0,1.0,3.0,4.0,1.0,2.0,3.0,3.0,7.0,4.0,7.0,3.0,3.0,3.0,3.0,3.0,4.0,3.0,4.0,3.0,3.0,3.0,4.0,4.0,4.0,3.0,4.0,3.0,4.0,4.0,3.0,3.4
R_r28K3qgs2sGAIud,cali,mindful_walking,1,18.0,female,Canada,Romania,0,2.0,1,1228,100,1,27.0,3.0,4.0,1.0,1.0,3.0,1.0,1.0,3.0,1.0,3.0,4.0,1.0,1.0,1.0,4.0,2.0,1.0,1.0,3.0,4.0,7.0,2.0,5.0,2.0,1.0,1.0,1.0,1.0,2.0,1.0,4.0,2.0,4.0,3.0,5.0,3.0,2.0,4.0,4.0,3.0,3.0,3.0,3.0,2.6
R_2v7U4NBfpMRCN1w,glen,mindful_breathing,1,38.0,female,United States,United States,1,3.0,1,1319,100,1,44.0,2.0,3.0,2.0,2.0,2.0,1.0,2.0,2.0,1.0,2.0,2.0,2.0,1.0,1.0,2.0,2.0,2.0,1.0,2.0,2.0,5.0,1.0,7.0,1.0,3.0,1.0,2.0,5.0,4.0,2.0,5.0,4.0,5.0,5.0,4.0,2.0,3.0,4.0,2.0,4.0,2.0,1.0,4.0,3.15
R_2YgDCZkw4MW8GC8,jose,mindful_walking,1,19.0,male,United States,United States,1,3.0,1,1385,100,1,30.0,3.0,3.0,1.0,1.0,4.0,1.0,2.0,3.0,1.0,4.0,2.0,2.0,1.0,2.0,4.0,3.0,1.0,1.0,3.0,4.0,7.0,3.0,6.0,5.0,5.0,4.0,2.0,2.0,5.0,3.0,5.0,5.0,5.0,4.0,2.0,3.0,4.0,1.0,2.0,4.0,2.0,4.0,4.0,3.55
R_zdHeqGe284wMNUJ,glen,body_scan,1,18.0,female,United States,United States,1,3.0,1,2518,100,1,44.0,3.0,1.0,1.0,1.0,2.0,1.0,3.0,1.0,1.0,4.0,1.0,2.0,1.0,1.0,3.0,2.0,2.0,1.0,1.0,2.0,8.0,6.0,9.0,5.0,5.0,4.0,5.0,4.0,4.0,5.0,4.0,4.0,5.0,2.0,2.0,1.0,1.0,2.0,2.0,1.0,1.0,1.0,2.0,3.0
R_28GMjTIWbxBvoOy,glen,control_book,0,37.0,female,United States,United States,1,3.0,1,1379,100,1,24.0,4.0,4.0,2.0,2.0,4.0,1.0,1.0,3.0,1.0,4.0,4.0,1.0,2.0,1.0,4.0,4.0,1.0,1.0,4.0,4.0,9.0,3.0,4.0,1.0,1.0,1.0,2.0,2.0,4.0,2.0,4.0,1.0,2.0,5.0,4.0,4.0,4.0,5.0,4.0,5.0,2.0,4.0,5.0,3.1
R_2SGZ83aaXmTSYGl,loyo,body_scan,1,18.0,male,United States,United States,1,3.0,1,1383,100,1,40.0,2.0,3.0,2.0,1.0,2.0,2.0,3.0,2.0,1.0,3.0,4.0,1.0,1.0,2.0,2.0,3.0,2.0,1.0,3.0,2.0,4.0,2.0,7.0,4.0,5.0,3.0,3.0,1.0,2.0,3.0,1.0,5.0,4.0,2.0,5.0,4.0,4.0,2.0,4.0,5.0,5.0,5.0,5.0,3.6
R_3KIBvE93W6nkwF3,hous,loving_kindness,1,25.0,female,United States,Serbia,0,3.0,1,1222,100,1,40.0,3.0,3.0,2.0,2.0,2.0,1.0,2.0,1.0,1.0,4.0,3.0,1.0,2.0,2.0,2.0,2.0,2.0,1.0,3.0,3.0,6.0,5.0,5.0,2.0,1.0,2.0,2.0,2.0,4.0,2.0,4.0,3.0,4.0,4.0,4.0,2.0,2.0,4.0,1.0,3.0,2.0,5.0,4.0,2.85
R_zdLOwLNb214AUHT,spri,mindful_breathing,1,20.0,male,United States,United States,1,3.0,1,1123,100,1,27.0,4.0,3.0,2.0,1.0,3.0,1.0,2.0,4.0,1.0,3.0,3.0,1.0,1.0,1.0,4.0,3.0,1.0,1.0,4.0,4.0,8.0,3.0,7.0,1.0,1.0,2.0,1.0,1.0,2.0,1.0,1.0,4.0,3.0,4.0,5.0,4.0,5.0,5.0,5.0,2.0,4.0,5.0,4.0,3.0
R_qLoB9yVHfkvf0SR,illi,mindful_breathing,1,22.0,male,United States,United States,1,2.0,1,1163,100,1,32.0,4.0,2.0,1.0,1.0,4.0,1.0,2.0,2.0,1.0,3.0,2.0,1.0,1.0,2.0,4.0,3.0,2.0,1.0,4.0,3.0,7.0,2.0,6.0,4.0,4.0,4.0,5.0,2.0,5.0,4.0,5.0,4.0,5.0,2.0,2.0,1.0,2.0,2.0,4.0,1.0,1.0,4.0,1.0,3.1
R_22wQneKESQLMpKP,loyo,body_scan,1,21.0,female,United States,United States,1,3.0,1,1161,100,1,32.0,4.0,3.0,1.0,3.0,3.0,1.0,1.0,4.0,1.0,2.0,2.0,1.0,1.0,2.0,3.0,3.0,1.0,2.0,4.0,4.0,7.0,5.0,6.0,3.0,3.0,3.0,3.0,4.0,3.0,4.0,4.0,1.0,5.0,3.0,3.0,2.0,3.0,3.0,3.0,2.0,4.0,2.0,4.0,3.1
R_3D89Rn0yLu8Vfd0,loyo,mindful_walking,1,21.0,female,United States,United States,1,3.0,1,1192,100,1,26.0,3.0,2.0,1.0,1.0,4.0,1.0,2.0,4.0,1.0,4.0,3.0,1.0,1.0,1.0,4.0,4.0,2.0,1.0,4.0,4.0,9.0,3.0,6.0,4.0,2.0,2.0,4.0,5.0,4.0,5.0,4.0,5.0,5.0,2.0,4.0,2.0,4.0,4.0,4.0,4.0,2.0,1.0,4.0,3.55
R_31QvGrJ5Uknerdc,illi,control_book,0,19.0,male,United States,United States,1,3.0,1,1320,100,1,49.0,2.0,3.0,2.0,2.0,3.0,1.0,3.0,4.0,1.0,2.0,3.0,2.0,3.0,3.0,2.0,2.0,3.0,3.0,1.0,2.0,5.0,5.0,6.0,3.0,3.0,3.0,3.0,1.0,3.0,1.0,3.0,1.0,3.0,3.0,1.0,1.0,1.0,2.0,1.0,2.0,3.0,1.0,1.0,2.0
R_2ZHtvkZCKGmQX6t,suny,mindful_breathing,1,18.0,female,United States,United States,1,3.0,1,1190,100,1,27.0,4.0,3.0,1.0,1.0,3.0,1.0,2.0,3.0,1.0,4.0,2.0,1.0,1.0,1.0,4.0,4.0,1.0,1.0,3.0,4.0,8.0,3.0,4.0,4.0,5.0,4.0,3.0,4.0,4.0,2.0,4.0,5.0,2.0,4.0,2.0,4.0,2.0,2.0,2.0,2.0,2.0,4.0,2.0,3.15
R_p4LfUKRI91Z7237,glen,mindful_walking,1,19.0,female,United States,United States,1,3.0,1,1395,100,1,35.0,3.0,3.0,1.0,1.0,3.0,1.0,2.0,3.0,1.0,3.0,3.0,2.0,1.0,3.0,2.0,3.0,2.0,1.0,4.0,3.0,7.0,2.0,6.0,2.0,3.0,2.0,2.0,2.0,3.0,2.0,3.0,2.0,4.0,2.0,4.0,4.0,2.0,2.0,4.0,2.0,2.0,4.0,1.0,2.6
R_2cw5IGLJn0nODgj,utah,body_scan,1,21.0,male,United States,United States,1,3.0,1,1140,100,1,20.0,4.0,4.0,1.0,1.0,4.0,1.0,1.0,4.0,1.0,4.0,4.0,1.0,1.0,1.0,4.0,4.0,1.0,1.0,4.0,4.0,9.0,1.0,9.0,1.0,1.0,1.0,1.0,1.0,1.0,1.0,5.0,1.0,1.0,5.0,5.0,4.0,5.0,5.0,5.0,4.0,5.0,5.0,5.0,3.1
R_svNJRJvisPtFCUN,glen,control_book,0,40.0,prefer_not_say,United States,United States,1,3.0,1,1750,100,1,52.0,2.0,2.0,2.0,3.0,2.0,3.0,2.0,3.0,1.0,2.0,2.0,3.0,3.0,2.0,2.0,3.0,3.0,2.0,2.0,2.0,5.0,4.0,6.0,3.0,2.0,2.0,1.0,2.0,4.0,3.0,3.0,3.0,4.0,3.0,4.0,3.0,4.0,3.0,3.0,4.0,4.0,4.0,5.0,3.2
R_2TEIgJFQsT8czxe,illi,mindful_walking,1,18.0,self_describe,United States,United States,1,3.0,1,1134,100,1,24.0,4.0,3.0,1.0,1.0,4.0,1.0,1.0,4.0,1.0,4.0,3.0,1.0,1.0,1.0,4.0,4.0,1.0,1.0,3.0,3.0,7.0,3.0,8.0,2.0,3.0,2.0,4.0,4.0,4.0,4.0,4.0,4.0,4.0,5.0,4.0,1.0,1.0,3.0,2.0,1.0,1.0,2.0,1.0,2.8
R_1giS7INi6aYCGCs,illi,body_scan,1,19.0,female,United States,United States,1,3.0,1,2479,100,1,22.0,4.0,4.0,1.0,1.0,4.0,1.0,1.0,4.0,1.0,4.0,3.0,1.0,1.0,1.0,4.0,3.0,1.0,1.0,4.0,4.0,8.0,3.0,8.0,2.0,2.0,2.0,4.0,3.0,4.0,3.0,4.0,4.0,5.0,3.0,5.0,1.0,1.0,4.0,4.0,2.0,3.0,3.0,3.0,3.1
R_1FhSkvWai1FL7gy,illi,control_book,0,19.0,female,United States,United States,1,3.0,1,1188,100,1,35.0,3.0,3.0,2.0,1.0,3.0,1.0,1.0,2.0,1.0,3.0,2.0,1.0,1.0,2.0,3.0,3.0,1.0,1.0,2.0,3.0,6.0,3.0,6.0,3.0,2.0,2.0,4.0,4.0,4.0,4.0,4.0,4.0,5.0,3.0,5.0,1.0,1.0,4.0,4.0,2.0,2.0,3.0,3.0,3.2
R_2Bzdw0cFU13DAdt,jose,loving_kindness,1,19.0,female,United States,United States,0,3.0,1,9993,100,1,48.0,4.0,2.0,1.0,1.0,2.0,1.0,4.0,3.0,1.0,3.0,1.0,1.0,1.0,4.0,1.0,1.0,4.0,1.0,2.0,2.0,5.0,4.0,9.0,4.0,5.0,4.0,3.0,4.0,4.0,4.0,5.0,4.0,5.0,2.0,2.0,2.0,2.0,2.0,4.0,3.0,3.0,1.0,2.0,3.25
R_ugGHukgm36Matup,iowa,loving_kindness,1,19.0,female,United State,United States,1,2.0,1,4239,100,1,47.0,3.0,3.0,3.0,1.0,2.0,1.0,2.0,1.0,1.0,2.0,1.0,3.0,3.0,1.0,2.0,3.0,1.0,1.0,2.0,1.0,5.0,9.0,6.0,4.0,4.0,4.0,3.0,5.0,5.0,3.0,5.0,4.0,5.0,3.0,3.0,2.0,2.0,3.0,2.0,2.0,2.0,3.0,4.0,3.4
R_2y4te61mqjAvp7g,seeb,mindful_breathing,1,52.0,male,Belgium,Austria,0,2.0,1,1237,100,1,27.0,4.0,3.0,1.0,1.0,3.0,1.0,1.0,3.0,1.0,3.0,4.0,1.0,1.0,1.0,4.0,3.0,1.0,2.0,3.0,4.0,7.0,3.0,7.0,1.0,1.0,1.0,2.0,2.0,1.0,1.0,2.0,1.0,2.0,4.0,4.0,4.0,4.0,3.0,4.0,5.0,4.0,4.0,4.0,2.7
R_p6k3xhoahjtZdex,seeb,mindful_walking,1,21.0,male,Germany,Austria,0,2.0,1,1483,100,1,30.0,4.0,3.0,1.0,1.0,4.0,1.0,1.0,3.0,1.0,3.0,3.0,2.0,2.0,1.0,3.0,3.0,1.0,2.0,4.0,3.0,7.0,6.0,7.0,2.0,1.0,2.0,2.0,1.0,5.0,2.0,2.0,2.0,2.0,4.0,4.0,3.0,4.0,4.0,4.0,5.0,4.0,4.0,4.0,3.05
R_2wcVmrSW1DOQ27C,spri,loving_kindness,1,18.0,male,United States,United States,1,2.0,1,1204,100,1,35.0,3.0,3.0,2.0,1.0,3.0,1.0,2.0,3.0,1.0,3.0,4.0,3.0,2.0,2.0,4.0,4.0,2.0,2.0,3.0,3.0,5.0,6.0,5.0,2.0,1.0,2.0,3.0,5.0,2.0,2.0,3.0,2.0,5.0,2.0,4.0,3.0,4.0,4.0,2.0,2.0,4.0,4.0,4.0,3.0
R_1hEDv1wi4vMQZ4X,spri,body_scan,1,18.0,female,United States,United States,1,3.0,1,1292,100,1,33.0,3.0,2.0,1.0,1.0,4.0,1.0,1.0,2.0,1.0,3.0,2.0,1.0,1.0,1.0,3.0,2.0,1.0,1.0,3.0,3.0,5.0,3.0,4.0,4.0,3.0,4.0,4.0,4.0,4.0,3.0,4.0,4.0,4.0,4.0,2.0,3.0,3.0,3.0,4.0,1.0,2.0,2.0,3.0,3.25
R_25ZNpftKyE9c8Av,suny,mindful_breathing,1,21.0,female,United States,United States,1,3.0,1,1965,100,1,30.0,4.0,2.0,1.0,1.0,3.0,1.0,1.0,2.0,1.0,3.0,2.0,1.0,1.0,1.0,4.0,3.0,1.0,1.0,3.0,4.0,8.0,2.0,6.0,1.0,3.0,1.0,1.0,3.0,4.0,1.0,4.0,3.0,4.0,1.0,4.0,5.0,4.0,4.0,4.0,2.0,4.0,4.0,4.0,3.05
R_82Pb1iBHXsKlm93,spri,control_book,0,18.0,female,United States,China,1,3.0,1,2399,100,1,41.0,3.0,3.0,3.0,2.0,2.0,2.0,2.0,2.0,2.0,3.0,3.0,1.0,1.0,2.0,3.0,2.0,1.0,2.0,3.0,3.0,5.0,5.0,5.0,3.0,3.0,3.0,4.0,4.0,3.0,3.0,5.0,4.0,5.0,3.0,4.0,3.0,3.0,2.0,4.0,4.0,2.0,5.0,4.0,3.55
R_eai3mD5QpzFI3L3,suny,mindful_walking,1,20.0,male,United States,United States,1,3.0,1,1375,100,1,26.0,4.0,4.0,1.0,1.0,4.0,1.0,1.0,3.0,1.0,4.0,2.0,1.0,1.0,1.0,3.0,3.0,2.0,1.0,4.0,4.0,9.0,1.0,9.0,3.0,1.0,1.0,3.0,2.0,2.0,2.0,4.0,4.0,3.0,5.0,5.0,4.0,2.0,5.0,5.0,4.0,5.0,3.0,4.0,3.35
R_bC5FCTfpvZWpU4N,wurz,mindful_breathing,1,25.0,female,Germany,Bulgaria,0,2.0,1,1321,100,1,37.0,3.0,3.0,1.0,2.0,3.0,1.0,2.0,2.0,1.0,2.0,2.0,1.0,2.0,1.0,3.0,2.0,1.0,1.0,3.0,3.0,7.0,3.0,5.0,3.0,3.0,4.0,4.0,4.0,5.0,4.0,4.0,4.0,4.0,3.0,3.0,4.0,2.0,2.0,2.0,3.0,2.0,2.0,3.0,3.25
R_1H2HREAfj6RDyIx,flor,loving_kindness,1,33.0,female,United States,United States,1,3.0,1,2000,100,1,20.0,4.0,4.0,1.0,1.0,4.0,1.0,1.0,4.0,1.0,4.0,4.0,1.0,1.0,1.0,4.0,4.0,1.0,1.0,4.0,4.0,8.0,1.0,5.0,2.0,5.0,1.0,1.0,2.0,2.0,1.0,2.0,2.0,2.0,4.0,5.0,4.0,4.0,4.0,4.0,4.0,4.0,4.0,4.0,3.05
R_Dk2aWEhk820Xrd7,suny,body_scan,1,18.0,female,United States,United States,1,3.0,1,1178,100,1,39.0,3.0,1.0,1.0,2.0,3.0,1.0,2.0,2.0,1.0,2.0,2.0,1.0,1.0,1.0,3.0,2.0,1.0,1.0,3.0,2.0,7.0,3.0,5.0,4.0,4.0,4.0,2.0,4.0,4.0,3.0,4.0,4.0,4.0,2.0,1.0,2.0,2.0,2.0,2.0,4.0,3.0,4.0,3.0,3.1
R_2zGtCAKRPVKeo3K,loyo,loving_kindness,1,18.0,female,United States,United States,1,3.0,1,1982,100,1,29.0,4.0,3.0,1.0,1.0,3.0,1.0,1.0,3.0,1.0,3.0,3.0,1.0,2.0,1.0,3.0,3.0,1.0,1.0,3.0,4.0,7.0,3.0,5.0,2.0,1.0,2.0,4.0,2.0,2.0,2.0,3.0,3.0,4.0,3.0,5.0,2.0,3.0,5.0,4.0,3.0,4.0,4.0,4.0,3.1
R_808OMQE6OvybjZ7,illi,mindful_walking,1,18.0,female,United States,United States,1,2.0,1,1223,100,1,37.0,2.0,2.0,1.0,1.0,3.0,1.0,1.0,3.0,1.0,3.0,1.0,1.0,1.0,2.0,3.0,2.0,1.0,2.0,4.0,2.0,7.0,3.0,5.0,4.0,4.0,4.0,4.0,4.0,4.0,3.0,4.0,5.0,4.0,3.0,4.0,2.0,2.0,2.0,2.0,3.0,2.0,3.0,3.0,3.3
R_1HjKmh86ewUF67s,seeb,body_scan,1,20.0,female,Austria,Austria,0,2.0,1,2868,100,1,31.0,3.0,3.0,1.0,1.0,3.0,1.0,1.0,3.0,1.0,3.0,3.0,1.0,1.0,1.0,3.0,3.0,1.0,1.0,2.0,3.0,7.0,6.0,7.0,2.0,1.0,2.0,2.0,2.0,4.0,4.0,4.0,4.0,4.0,4.0,4.0,4.0,2.0,4.0,4.0,2.0,2.0,4.0,2.0,3.05
R_1FrAPpgcsJcw97s,utah,control_book,0,18.0,female,United States,United States,1,3.0,1,1431,100,1,47.0,4.0,3.0,4.0,2.0,2.0,2.0,3.0,2.0,2.0,4.0,3.0,4.0,2.0,3.0,2.0,4.0,4.0,1.0,2.0,4.0,8.0,6.0,2.0,1.0,3.0,1.0,1.0,5.0,5.0,5.0,5.0,5.0,5.0,1.0,5.0,1.0,1.0,4.0,2.0,1.0,1.0,1.0,1.0,2.7
R_1FJHQElhY0tItuM,hous,mindful_breathing,1,20.0,female,United States,United States,0,3.0,1,1293,100,1,33.0,3.0,3.0,1.0,1.0,3.0,1.0,1.0,3.0,1.0,3.0,2.0,1.0,1.0,1.0,3.0,2.0,1.0,1.0,2.0,3.0,7.0,3.0,6.0,4.0,4.0,4.0,4.0,4.0,4.0,4.0,4.0,4.0,4.0,1.0,1.0,2.0,1.0,1.0,2.0,1.0,1.0,3.0,1.0,2.7
R_0P4wLmjBLLMa6dP,hous,control_book,0,18.0,female,United States,United States,1,3.0,1,1357,100,1,45.0,2.0,2.0,2.0,3.0,2.0,1.0,2.0,2.0,1.0,2.0,2.0,1.0,1.0,3.0,3.0,3.0,2.0,1.0,2.0,2.0,5.0,4.0,5.0,3.0,2.0,3.0,3.0,4.0,4.0,4.0,3.0,4.0,4.0,2.0,2.0,2.0,2.0,2.0,3.0,3.0,3.0,2.0,3.0,2.9
R_3Mu7aZ5SKi624Et,iowa,mindful_breathing,1,19.0,female,United States,United States,1,3.0,1,1232,100,1,30.0,3.0,4.0,1.0,2.0,3.0,1.0,2.0,3.0,1.0,4.0,3.0,1.0,1.0,2.0,4.0,3.0,1.0,1.0,3.0,3.0,8.0,6.0,8.0,2.0,1.0,2.0,3.0,3.0,2.0,2.0,3.0,2.0,3.0,2.0,5.0,3.0,4.0,5.0,4.0,4.0,3.0,3.0,3.0,2.95
R_02IPm8WWt3Mnadb,jose,mindful_walking,1,18.0,female,United States,United States,1,3.0,1,1317,100,1,32.0,3.0,2.0,1.0,1.0,3.0,1.0,1.0,3.0,1.0,3.0,2.0,1.0,1.0,1.0,4.0,3.0,1.0,1.0,2.0,3.0,7.0,2.0,6.0,3.0,3.0,2.0,2.0,3.0,4.0,2.0,5.0,2.0,4.0,3.0,4.0,3.0,3.0,4.0,4.0,3.0,3.0,3.0,4.0,3.2
R_24i0sCX1BWaNWpO,illi,loving_kindness,1,19.0,female,United States,United States,1,3.0,1,3288,100,1,25.0,4.0,4.0,1.0,1.0,4.0,1.0,1.0,4.0,1.0,4.0,2.0,1.0,1.0,2.0,4.0,3.0,1.0,1.0,3.0,4.0,7.0,4.0,8.0,4.0,4.0,4.0,2.0,1.0,4.0,1.0,4.0,4.0,2.0,2.0,2.0,4.0,4.0,3.0,2.0,2.0,1.0,5.0,2.0,2.85
R_2OZ8uisoCCxgvmI,suny,control_book,0,18.0,female,United States,United States,1,3.0,1,107293,100,1,36.0,3.0,3.0,1.0,2.0,3.0,3.0,1.0,3.0,1.0,2.0,3.0,1.0,1.0,2.0,3.0,3.0,2.0,1.0,3.0,3.0,4.0,1.0,5.0,2.0,2.0,3.0,3.0,1.0,3.0,2.0,3.0,3.0,4.0,3.0,3.0,2.0,3.0,3.0,4.0,4.0,3.0,4.0,1.0,2.8
R_2rkpixnZOq6iPmo,loyo,loving_kindness,1,18.0,male,United States,United States,1,3.0,1,71121,100,1,48.0,2.0,3.0,3.0,3.0,3.0,2.0,4.0,1.0,1.0,2.0,3.0,2.0,1.0,2.0,4.0,3.0,4.0,2.0,2.0,3.0,6.0,3.0,3.0,5.0,4.0,4.0,4.0,2.0,4.0,2.0,5.0,5.0,5.0,2.0,4.0,4.0,5.0,3.0,2.0,5.0,5.0,2.0,4.0,3.8
R_1jBukrTBNz8S2oP,illi,loving_kindness,1,21.0,male,United States,United States,1,2.0,1,1039,100,1,42.0,2.0,2.0,2.0,1.0,3.0,1.0,3.0,3.0,2.0,2.0,3.0,1.0,2.0,3.0,4.0,3.0,2.0,2.0,2.0,3.0,6.0,3.0,4.0,1.0,1.0,3.0,4.0,1.0,2.0,1.0,2.0,1.0,3.0,3.0,2.0,3.0,3.0,3.0,4.0,3.0,3.0,5.0,4.0,2.6
R_2WZHi8vRSdHd1le,indi,mindful_walking,1,19.0,male,United States,United States,1,2.0,1,1247,100,1,41.0,3.0,2.0,2.0,2.0,3.0,2.0,2.0,3.0,2.0,3.0,3.0,2.0,1.0,2.0,3.0,2.0,2.0,2.0,3.0,3.0,6.0,7.0,8.0,2.0,2.0,4.0,4.0,3.0,3.0,2.0,4.0,3.0,4.0,2.0,4.0,3.0,3.0,3.0,3.0,4.0,3.0,4.0,3.0,3.15
R_2zGSfrGAL1JHHuz,suny,body_scan,1,18.0,female,United States,United States,1,3.0,1,1182,100,1,20.0,4.0,4.0,1.0,1.0,4.0,1.0,1.0,4.0,1.0,4.0,4.0,1.0,1.0,1.0,4.0,4.0,1.0,1.0,4.0,4.0,9.0,1.0,9.0,2.0,2.0,1.0,2.0,2.0,1.0,2.0,4.0,2.0,2.0,2.0,4.0,4.0,4.0,3.0,3.0,2.0,4.0,4.0,4.0,2.7
R_1F8ku7M7wsrmO7Z,iowa,mindful_breathing,1,19.0,female,United States,United States,1,3.0,1,1146,100,1,26.0,3.0,3.0,1.0,1.0,4.0,1.0,1.0,3.0,1.0,4.0,3.0,1.0,1.0,1.0,4.0,3.0,1.0,1.0,3.0,4.0,8.0,2.0,7.0,3.0,2.0,3.0,2.0,4.0,4.0,3.0,4.0,3.0,5.0,4.0,4.0,4.0,3.0,4.0,4.0,5.0,3.0,4.0,3.0,3.55
R_3iEWMgr6a6CcceF,spri,mindful_breathing,1,19.0,female,U.S,U.S,0,2.0,1,1855,100,1,57.0,2.0,2.0,3.0,3.0,2.0,3.0,3.0,2.0,2.0,2.0,2.0,3.0,2.0,3.0,2.0,2.0,2.0,3.0,2.0,2.0,5.0,7.0,5.0,4.0,4.0,3.0,4.0,4.0,4.0,4.0,4.0,4.0,4.0,3.0,4.0,4.0,2.0,2.0,3.0,3.0,2.0,2.0,4.0,3.4
R_3oQSQdqwBPZRy0D,kons,mindful_walking,1,31.0,female,Germany,Romania,0,2.0,1,1638,100,1,25.0,4.0,4.0,1.0,1.0,4.0,1.0,2.0,3.0,1.0,4.0,3.0,2.0,1.0,1.0,4.0,4.0,1.0,1.0,3.0,4.0,8.0,7.0,7.0,2.0,2.0,2.0,1.0,1.0,2.0,1.0,2.0,1.0,2.0,4.0,4.0,4.0,4.0,3.0,4.0,5.0,4.0,4.0,4.0,2.8
R_ZyI5MyEoEWspgDn,flor,body_scan,1,24.0,female,United States,United States Of American,1,3.0,1,1340,100,1,24.0,4.0,3.0,2.0,1.0,4.0,1.0,2.0,4.0,1.0,4.0,4.0,1.0,1.0,2.0,4.0,4.0,1.0,1.0,4.0,4.0,7.0,3.0,7.0,3.0,1.0,1.0,1.0,1.0,2.0,1.0,1.0,1.0,1.0,4.0,5.0,4.0,4.0,5.0,5.0,5.0,5.0,4.0,5.0,2.95
R_2PsYsHhGYdWhR4g,witt,loving_kindness,1,21.0,female,United States,United States,1,3.0,1,1283,100,1,34.0,2.0,3.0,1.0,1.0,3.0,1.0,1.0,3.0,1.0,3.0,2.0,1.0,2.0,2.0,3.0,3.0,1.0,1.0,3.0,3.0,7.0,5.0,7.0,4.0,4.0,4.0,4.0,4.0,4.0,3.0,4.0,4.0,5.0,2.0,4.0,4.0,2.0,2.0,2.0,2.0,2.0,4.0,5.0,3.45
R_OBvprrMKzRWXbLb,witt,control_book,0,18.0,female,United States,United States,1,3.0,1,1211,100,1,49.0,2.0,2.0,2.0,3.0,2.0,1.0,2.0,1.0,1.0,2.0,2.0,1.0,4.0,1.0,2.0,2.0,1.0,3.0,3.0,2.0,6.0,4.0,5.0,4.0,2.0,2.0,3.0,4.0,2.0,1.0,4.0,4.0,5.0,3.0,4.0,2.0,3.0,4.0,5.0,3.0,2.0,3.0,4.0,3.2
R_3ndgJ97oKQw7pzy,witt,mindful_walking,1,20.0,male,United States,United States,1,3.0,1,1949,100,1,25.0,3.0,3.0,1.0,1.0,4.0,1.0,1.0,4.0,1.0,4.0,3.0,1.0,1.0,1.0,4.0,3.0,1.0,1.0,3.0,4.0,7.0,5.0,7.0,4.0,3.0,3.0,3.0,2.0,2.0,2.0,2.0,3.0,4.0,3.0,4.0,5.0,5.0,4.0,5.0,5.0,5.0,4.0,5.0,3.65
R_22IZEHLc02KdEe8,iowa,body_scan,1,20.0,female,United States,United States,1,3.0,1,1475,100,1,23.0,4.0,3.0,1.0,1.0,4.0,1.0,1.0,4.0,1.0,4.0,4.0,1.0,1.0,1.0,4.0,3.0,1.0,1.0,3.0,4.0,8.0,3.0,8.0,1.0,1.0,1.0,1.0,1.0,2.0,2.0,2.0,2.0,4.0,5.0,5.0,5.0,4.0,4.0,2.0,5.0,5.0,4.0,4.0,3.0
R_4ObAo8OYHhpafux,glen,loving_kindness,1,20.0,female,United States,United States,1,3.0,1,1344,100,1,39.0,2.0,2.0,2.0,1.0,1.0,1.0,1.0,3.0,1.0,3.0,2.0,1.0,1.0,1.0,2.0,3.0,1.0,1.0,2.0,2.0,5.0,2.0,6.0,3.0,3.0,2.0,2.0,4.0,4.0,1.0,2.0,4.0,5.0,3.0,3.0,2.0,2.0,3.0,2.0,2.0,2.0,2.0,2.0,2.65
R_1ouri63O1jiqSGE,spri,control_book,0,19.0,female,United States,United States,1,3.0,1,1331,100,1,29.0,4.0,3.0,3.0,1.0,4.0,1.0,1.0,3.0,1.0,4.0,2.0,1.0,1.0,1.0,4.0,3.0,1.0,1.0,3.0,3.0,7.0,3.0,5.0,4.0,4.0,3.0,3.0,5.0,4.0,1.0,5.0,4.0,5.0,3.0,2.0,1.0,2.0,3.0,2.0,3.0,2.0,2.0,5.0,3.15
R_Y3sUPQVZUJoXqY9,jose,loving_kindness,1,19.0,female,United States,United States,1,3.0,1,1189,100,1,38.0,3.0,2.0,1.0,2.0,2.0,1.0,1.0,3.0,1.0,3.0,2.0,1.0,2.0,1.0,2.0,2.0,1.0,1.0,2.0,3.0,7.0,2.0,7.0,4.0,3.0,3.0,4.0,4.0,4.0,4.0,4.0,4.0,4.0,4.0,3.0,2.0,2.0,2.0,4.0,3.0,2.0,2.0,4.0,3.3
R_25ARTuUryCoOee4,iowa,body_scan,1,20.0,male,United States,United States,1,3.0,1,1430,100,1,32.0,3.0,3.0,1.0,2.0,3.0,1.0,1.0,3.0,1.0,3.0,3.0,1.0,1.0,2.0,3.0,3.0,1.0,1.0,3.0,3.0,8.0,1.0,7.0,2.0,1.0,2.0,1.0,2.0,3.0,1.0,3.0,3.0,3.0,2.0,4.0,4.0,2.0,4.0,4.0,2.0,2.0,4.0,4.0,2.65
R_2an3gpTxsnWJ8op,hous,loving_kindness,1,27.0,male,United States,Jamaica,1,3.0,1,134438,100,1,20.0,4.0,4.0,1.0,1.0,4.0,1.0,1.0,4.0,1.0,4.0,4.0,1.0,1.0,1.0,4.0,4.0,1.0,1.0,4.0,4.0,9.0,1.0,9.0,1.0,1.0,1.0,1.0,1.0,2.0,2.0,4.0,3.0,1.0,4.0,5.0,2.0,5.0,4.0,5.0,4.0,5.0,5.0,5.0,3.05
R_2ta5zPxh2bnFsY0,indi,control_book,0,18.0,female,United States,United States,1,3.0,1,1656,100,1,53.0,2.0,3.0,3.0,2.0,2.0,2.0,2.0,3.0,2.0,2.0,2.0,4.0,2.0,4.0,2.0,2.0,3.0,2.0,3.0,2.0,6.0,6.0,5.0,3.0,4.0,3.0,4.0,5.0,3.0,1.0,5.0,2.0,5.0,3.0,2.0,1.0,5.0,2.0,2.0,4.0,3.0,2.0,4.0,3.15
R_3HS2lrehvCzMB3w,glen,mindful_breathing,1,30.0,female,United States,United States,0,3.0,1,3035,100,1,38.0,3.0,3.0,2.0,2.0,2.0,2.0,2.0,3.0,1.0,3.0,3.0,1.0,1.0,2.0,3.0,2.0,2.0,1.0,3.0,3.0,7.0,3.0,6.0,3.0,3.0,3.0,4.0,3.0,3.0,2.0,4.0,3.0,4.0,3.0,3.0,2.0,3.0,4.0,2.0,4.0,3.0,3.0,3.0,3.1
R_2SuWxQy3UjYJAmx,spri,mindful_walking,1,19.0,male,United States,United States,1,3.0,1,1079,100,1,22.0,4.0,3.0,1.0,1.0,4.0,1.0,1.0,3.0,1.0,4.0,4.0,1.0,1.0,1.0,4.0,4.0,1.0,1.0,4.0,4.0,8.0,2.0,7.0,1.0,1.0,1.0,1.0,1.0,2.0,2.0,3.0,3.0,4.0,5.0,5.0,4.0,4.0,5.0,5.0,4.0,4.0,4.0,5.0,3.2
R_cZRfh7s2dKtvaoN,loyo,body_scan,1,19.0,female,United States,United States,1,3.0,1,1271,100,1,31.0,4.0,3.0,1.0,1.0,4.0,1.0,2.0,3.0,1.0,4.0,2.0,1.0,1.0,2.0,4.0,3.0,2.0,2.0,3.0,3.0,7.0,3.0,4.0,3.0,2.0,2.0,1.0,2.0,4.0,3.0,4.0,3.0,4.0,3.0,3.0,2.0,3.0,3.0,2.0,4.0,3.0,4.0,5.0,3.0
R_1FJtGExanZfgw4Y,hous,mindful_walking,1,18.0,male,United States,United States,1,3.0,1,1211,100,1,31.0,4.0,3.0,1.0,1.0,3.0,1.0,1.0,3.0,1.0,3.0,3.0,1.0,3.0,1.0,3.0,3.0,1.0,1.0,3.0,3.0,7.0,3.0,9.0,5.0,2.0,4.0,5.0,2.0,2.0,4.0,4.0,1.0,1.0,2.0,4.0,1.0,1.0,4.0,3.0,1.0,1.0,4.0,1.0,2.6
R_3JsohodTiZ24pwa,flor,mindful_breathing,1,19.0,female,United States,United States,1,2.0,1,1114,100,1,35.0,3.0,3.0,1.0,2.0,3.0,1.0,1.0,3.0,1.0,3.0,3.0,2.0,3.0,1.0,3.0,3.0,1.0,1.0,2.0,3.0,6.0,4.0,7.0,4.0,1.0,3.0,2.0,1.0,3.0,1.0,2.0,2.0,1.0,3.0,4.0,4.0,5.0,4.0,4.0,2.0,4.0,4.0,4.0,2.9
R_3hhU7mRSqn92TCI,hous,control_book,0,23.0,female,United States,Mexico,0,2.0,1,1216,100,1,41.0,2.0,3.0,2.0,2.0,3.0,1.0,1.0,2.0,2.0,3.0,2.0,2.0,1.0,1.0,3.0,2.0,1.0,3.0,3.0,2.0,5.0,1.0,3.0,2.0,1.0,1.0,2.0,2.0,3.0,1.0,2.0,1.0,3.0,2.0,2.0,4.0,4.0,4.0,1.0,2.0,4.0,5.0,4.0,2.5
R_1CHI8LF3FPBovTi,witt,control_book,0,20.0,male,United States,United States,1,3.0,1,1290,100,1,27.0,4.0,4.0,1.0,1.0,4.0,1.0,1.0,3.0,1.0,3.0,4.0,1.0,1.0,2.0,4.0,3.0,1.0,2.0,3.0,3.0,7.0,3.0,7.0,1.0,1.0,1.0,2.0,1.0,2.0,1.0,3.0,1.0,3.0,2.0,5.0,4.0,5.0,5.0,5.0,3.0,4.0,4.0,4.0,2.85
R_2TLA7YFZBeDRn3A,loyo,mindful_breathing,1,20.0,male,United States,United States,1,3.0,1,1408,100,1,24.0,4.0,4.0,2.0,2.0,4.0,1.0,2.0,4.0,1.0,4.0,4.0,1.0,1.0,1.0,4.0,4.0,1.0,1.0,3.0,4.0,7.0,3.0,7.0,5.0,2.0,4.0,2.0,3.0,5.0,3.0,4.0,4.0,4.0,1.0,4.0,3.0,1.0,2.0,2.0,3.0,2.0,2.0,2.0,2.9
R_1MQHSyrV85A5OFy,wurz,body_scan,1,22.0,female,Germany,Germany,0,2.0,1,1704,100,1,34.0,4.0,3.0,1.0,2.0,1.0,1.0,2.0,3.0,2.0,4.0,3.0,1.0,1.0,2.0,4.0,4.0,2.0,2.0,3.0,3.0,7.0,2.0,7.0,2.0,2.0,2.0,2.0,2.0,3.0,2.0,4.0,2.0,4.0,4.0,3.0,3.0,2.0,3.0,3.0,3.0,3.0,3.0,4.0,2.8
R_1NgHWM7Ebm1vSV2,loyo,mindful_walking,1,19.0,male,United States,United States,1,3.0,1,1138,100,1,50.0,3.0,2.0,2.0,2.0,3.0,3.0,2.0,2.0,1.0,3.0,1.0,3.0,1.0,4.0,2.0,1.0,2.0,2.0,2.0,3.0,4.0,6.0,5.0,5.0,5.0,5.0,4.0,3.0,4.0,3.0,4.0,3.0,3.0,1.0,1.0,1.0,3.0,1.0,3.0,3.0,3.0,5.0,3.0,3.15
R_2PyWWQuJ0jGA9Vc,hous,mindful_breathing,1,24.0,female,United States,United States,0,2.0,1,1315,100,1,38.0,4.0,1.0,1.0,1.0,1.0,1.0,1.0,2.0,1.0,2.0,2.0,1.0,1.0,1.0,4.0,2.0,1.0,1.0,2.0,2.0,9.0,3.0,2.0,3.0,3.0,2.0,2.0,4.0,5.0,1.0,5.0,4.0,4.0,3.0,4.0,4.0,2.0,3.0,3.0,4.0,4.0,2.0,2.0,3.2
R_1r1Gxsdfjsevpm5,canb,mindful_walking,1,18.0,male,Australia,Australia,1,3.0,1,1031,100,1,54.0,3.0,4.0,3.0,4.0,2.0,3.0,3.0,3.0,2.0,2.0,3.0,4.0,2.0,3.0,1.0,2.0,3.0,3.0,3.0,3.0,5.0,4.0,6.0,3.0,3.0,4.0,4.0,4.0,4.0,3.0,2.0,2.0,4.0,3.0,2.0,2.0,2.0,3.0,4.0,3.0,3.0,2.0,3.0,3.0
R_1M6QAtpvwcvp4Vt,witt,loving_kindness,1,19.0,male,United States,United States,1,3.0,1,1231,100,1,27.0,3.0,3.0,1.0,1.0,4.0,1.0,1.0,2.0,1.0,4.0,3.0,1.0,1.0,1.0,4.0,3.0,1.0,1.0,4.0,3.0,7.0,3.0,5.0,4.0,4.0,4.0,2.0,4.0,5.0,2.0,5.0,5.0,5.0,2.0,5.0,2.0,2.0,2.0,3.0,4.0,2.0,4.0,2.0,3.4
R_8C7Op25FKXr7Cs9,hous,mindful_breathing,1,19.0,female,United States,United States,0,2.0,1,1150,100,1,43.0,2.0,4.0,3.0,2.0,2.0,1.0,4.0,3.0,1.0,3.0,2.0,3.0,1.0,2.0,3.0,3.0,1.0,2.0,2.0,3.0,6.0,5.0,2.0,4.0,3.0,4.0,4.0,4.0,4.0,4.0,5.0,4.0,3.0,2.0,5.0,2.0,2.0,2.0,2.0,1.0,4.0,4.0,2.0,3.25
R_3D6F7nBZUaA1ddn,glen,control_book,0,28.0,female,United States,United States,1,3.0,1,1397,100,1,37.0,3.0,3.0,3.0,1.0,3.0,1.0,2.0,3.0,1.0,3.0,3.0,2.0,2.0,2.0,3.0,3.0,2.0,1.0,3.0,3.0,7.0,4.0,6.0,2.0,2.0,2.0,1.0,4.0,4.0,2.0,4.0,4.0,4.0,3.0,4.0,3.0,2.0,4.0,2.0,4.0,3.0,5.0,4.0,3.15
R_1jHD5ldLGZSYR7E,illi,loving_kindness,1,18.0,female,United States,United States,1,3.0,1,1376,100,1,44.0,2.0,2.0,1.0,2.0,2.0,1.0,3.0,2.0,1.0,3.0,2.0,1.0,1.0,2.0,3.0,2.0,1.0,2.0,1.0,2.0,6.0,5.0,5.0,2.0,4.0,2.0,2.0,4.0,4.0,4.0,4.0,2.0,4.0,4.0,3.0,4.0,4.0,2.0,2.0,4.0,4.0,2.0,4.0,3.25
R_1DOOqjJUWQCYXDr,illi,body_scan,1,20.0,female,United States,United States,1,3.0,1,1594,100,1,31.0,4.0,2.0,1.0,1.0,4.0,1.0,1.0,3.0,1.0,3.0,2.0,1.0,1.0,2.0,3.0,3.0,1.0,1.0,3.0,3.0,7.0,2.0,8.0,3.0,3.0,2.0,2.0,3.0,4.0,1.0,3.0,5.0,4.0,3.0,3.0,4.0,4.0,3.0,4.0,4.0,4.0,3.0,4.0,3.3
R_3DwDmCFrdigNkVl,illi,control_book,0,19.0,female,United States,United States,1,2.0,1,1532,100,1,44.0,2.0,2.0,1.0,1.0,2.0,1.0,3.0,1.0,1.0,2.0,2.0,1.0,1.0,1.0,2.0,2.0,2.0,1.0,2.0,2.0,5.0,2.0,5.0,4.0,2.0,2.0,2.0,4.0,4.0,5.0,4.0,5.0,5.0,3.0,3.0,1.0,1.0,2.0,2.0,3.0,1.0,3.0,4.0,3.0
R_Y9RvsRbaRcseTLP,hous,mindful_walking,1,19.0,female,United States,United States,1,3.0,1,1332,100,1,59.0,1.0,2.0,2.0,3.0,2.0,3.0,3.0,2.0,3.0,3.0,1.0,2.0,1.0,2.0,1.0,2.0,4.0,3.0,2.0,1.0,4.0,7.0,4.0,4.0,3.0,3.0,3.0,2.0,4.0,2.0,5.0,4.0,5.0,3.0,3.0,2.0,2.0,2.0,2.0,2.0,4.0,3.0,2.0,3.0
R_2tbTDTCEeB83Kop,illi,control_book,0,19.0,male,United States,United States,1,3.0,1,4216,100,1,31.0,3.0,3.0,1.0,1.0,3.0,1.0,1.0,3.0,1.0,4.0,3.0,1.0,1.0,1.0,2.0,2.0,1.0,1.0,3.0,3.0,7.0,6.0,7.0,2.0,3.0,3.0,2.0,1.0,4.0,3.0,3.0,2.0,4.0,4.0,4.0,4.0,4.0,4.0,4.0,4.0,4.0,4.0,4.0,3.35
R_3I5eNY8SvYiBzIq,utah,mindful_walking,1,22.0,male,United States,United States,1,3.0,1,1276,100,1,33.0,3.0,2.0,1.0,1.0,3.0,1.0,1.0,2.0,1.0,3.0,2.0,1.0,1.0,1.0,4.0,2.0,1.0,2.0,3.0,4.0,7.0,4.0,9.0,3.0,3.0,3.0,1.0,1.0,3.0,3.0,2.0,4.0,3.0,3.0,3.0,2.0,3.0,2.0,3.0,5.0,4.0,4.0,5.0,3.0
R_qymxQzwNfd1y9QB,flor,body_scan,1,23.0,female,United States,United States,1,3.0,1,1465,100,1,30.0,3.0,3.0,1.0,1.0,3.0,1.0,2.0,3.0,1.0,4.0,4.0,2.0,1.0,1.0,3.0,3.0,1.0,1.0,3.0,3.0,7.0,2.0,7.0,2.0,2.0,2.0,2.0,1.0,2.0,2.0,2.0,2.0,2.0,4.0,4.0,4.0,2.0,4.0,4.0,5.0,4.0,4.0,5.0,2.95
R_2azeqyZ9Stm27pM,flor,loving_kindness,1,20.0,female,United States,United States,1,2.0,1,1276,100,1,26.0,4.0,4.0,2.0,1.0,4.0,1.0,2.0,4.0,1.0,3.0,4.0,1.0,1.0,2.0,4.0,4.0,2.0,1.0,3.0,4.0,7.0,2.0,6.0,3.0,3.0,4.0,3.0,2.0,5.0,3.0,2.0,3.0,4.0,2.0,4.0,4.0,3.0,2.0,4.0,4.0,4.0,4.0,4.0,3.35
R_2CPmNFnHYi49LsB,illi,mindful_walking,1,19.0,female,United States,United States,1,3.0,1,1211,100,1,50.0,2.0,2.0,2.0,2.0,2.0,2.0,2.0,2.0,2.0,2.0,2.0,2.0,2.0,2.0,2.0,2.0,2.0,2.0,2.0,2.0,9.0,5.0,5.0,3.0,3.0,3.0,3.0,3.0,3.0,3.0,3.0,3.0,3.0,3.0,3.0,3.0,3.0,3.0,3.0,3.0,3.0,3.0,3.0,3.0
R_3dMTvlqZ9UX7Kqo,loyo,body_scan,1,19.0,female,United States,Belgium,1,2.0,1,1282,100,1,29.0,4.0,3.0,1.0,1.0,4.0,1.0,2.0,4.0,1.0,3.0,3.0,1.0,1.0,2.0,4.0,3.0,2.0,1.0,2.0,4.0,7.0,3.0,5.0,1.0,1.0,1.0,2.0,2.0,2.0,1.0,4.0,2.0,4.0,4.0,4.0,2.0,4.0,4.0,4.0,4.0,5.0,4.0,1.0,2.8
R_bKKmAMb5xrxcrgB,loyo,mindful_breathing,1,18.0,male,United States,United States,1,3.0,1,1312,100,1,36.0,4.0,4.0,1.0,1.0,4.0,1.0,4.0,2.0,2.0,2.0,2.0,1.0,2.0,2.0,4.0,3.0,2.0,2.0,4.0,3.0,5.0,6.0,6.0,5.0,5.0,5.0,3.0,5.0,5.0,3.0,5.0,5.0,5.0,5.0,5.0,5.0,3.0,1.0,4.0,5.0,2.0,2.0,4.0,4.1
R_2RUGkZYjgbm8FOz,hous,control_book,0,18.0,female,United States,United States,1,3.0,1,1233,100,1,41.0,2.0,2.0,2.0,1.0,2.0,1.0,2.0,2.0,1.0,2.0,3.0,1.0,1.0,2.0,2.0,2.0,1.0,1.0,2.0,3.0,6.0,3.0,6.0,3.0,3.0,2.0,3.0,2.0,3.0,3.0,4.0,3.0,3.0,4.0,4.0,5.0,3.0,4.0,3.0,4.0,5.0,4.0,3.0,3.4
R_3lEWYz0VKyeyyIx,utah,mindful_walking,1,21.0,male,United States,United States,1,3.0,1,1370,100,1,23.0,4.0,4.0,1.0,1.0,4.0,1.0,2.0,4.0,1.0,4.0,4.0,1.0,1.0,2.0,3.0,4.0,1.0,1.0,4.0,4.0,7.0,2.0,8.0,2.0,1.0,2.0,4.0,1.0,2.0,2.0,3.0,4.0,3.0,4.0,4.0,3.0,4.0,4.0,3.0,4.0,4.0,4.0,4.0,3.1
R_2R2Zv7OuDcwDLrL,seeb,loving_kindness,1,22.0,male,Austria,Austria,,2.0,1,1240,100,1,33.0,3.0,1.0,1.0,1.0,3.0,1.0,1.0,3.0,1.0,3.0,3.0,1.0,2.0,1.0,3.0,3.0,1.0,1.0,3.0,3.0,8.0,3.0,7.0,1.0,2.0,3.0,2.0,2.0,1.0,2.0,2.0,2.0,1.0,2.0,3.0,3.0,4.0,2.0,5.0,1.0,2.0,2.0,1.0,2.15
R_UhKfIya9GneMhjz,jose,control_book,0,21.0,self_describe,United States,United States,1,3.0,1,1970,100,1,37.0,3.0,2.0,2.0,1.0,2.0,1.0,2.0,2.0,1.0,3.0,3.0,1.0,1.0,1.0,3.0,2.0,1.0,1.0,2.0,3.0,5.0,6.0,4.0,5.0,4.0,4.0,3.0,1.0,4.0,2.0,4.0,1.0,4.0,1.0,3.0,3.0,3.0,2.0,2.0,4.0,2.0,4.0,5.0,3.05
R_2QmR6njadLLwbmx,suny,body_scan,1,18.0,female,United States,United Stated,1,3.0,1,1529,100,1,38.0,3.0,2.0,1.0,1.0,2.0,1.0,1.0,3.0,1.0,3.0,2.0,1.0,1.0,2.0,2.0,2.0,1.0,3.0,3.0,3.0,7.0,1.0,5.0,1.0,3.0,1.0,1.0,1.0,2.0,1.0,3.0,1.0,3.0,1.0,5.0,2.0,3.0,3.0,5.0,1.0,4.0,4.0,5.0,2.5
R_1K11yJbGl8Y50kg,illi,mindful_breathing,1,19.0,female,United States,United States,1,3.0,1,1218,100,1,42.0,3.0,3.0,2.0,2.0,3.0,2.0,2.0,3.0,2.0,3.0,3.0,2.0,2.0,4.0,3.0,3.0,2.0,2.0,3.0,3.0,7.0,4.0,5.0,2.0,2.0,3.0,3.0,4.0,2.0,2.0,4.0,2.0,4.0,3.0,4.0,3.0,2.0,4.0,3.0,4.0,2.0,4.0,4.0,3.05
R_eEG2ebIxFUBw5KV,illi,body_scan,1,19.0,male,United States,United States,1,3.0,1,1256,100,1,28.0,4.0,3.0,1.0,1.0,3.0,1.0,1.0,3.0,1.0,4.0,3.0,1.0,1.0,1.0,3.0,3.0,1.0,1.0,3.0,3.0,8.0,7.0,7.0,2.0,2.0,2.0,2.0,3.0,2.0,1.0,2.0,3.0,4.0,4.0,4.0,4.0,4.0,4.0,4.0,4.0,4.0,4.0,4.0,3.15
R_300mR3L5BGW9IHN,hous,loving_kindness,1,19.0,female,United States,United States,1,3.0,1,1227,100,1,22.0,4.0,3.0,1.0,1.0,4.0,1.0,1.0,4.0,1.0,4.0,3.0,1.0,1.0,1.0,4.0,4.0,1.0,1.0,4.0,4.0,8.0,2.0,7.0,5.0,3.0,3.0,4.0,4.0,5.0,3.0,4.0,4.0,5.0,2.0,2.0,2.0,2.0,3.0,1.0,2.0,2.0,3.0,2.0,3.05
R_2zSUtigVFvUZiLy,hous,control_book,0,21.0,female,United States,United States,0,3.0,1,1422,100,1,51.0,2.0,2.0,2.0,1.0,1.0,2.0,1.0,1.0,1.0,2.0,1.0,1.0,1.0,3.0,2.0,2.0,3.0,3.0,2.0,2.0,5.0,3.0,4.0,4.0,4.0,2.0,3.0,2.0,4.0,1.0,3.0,2.0,4.0,3.0,2.0,4.0,4.0,1.0,3.0,2.0,3.0,4.0,4.0,2.95
R_9Bn57GwHHPsCxeF,utah,mindful_walking,1,24.0,female,United States,United States,1,3.0,1,1277,100,1,30.0,3.0,3.0,1.0,1.0,3.0,1.0,1.0,3.0,1.0,4.0,3.0,1.0,1.0,1.0,3.0,3.0,1.0,1.0,3.0,2.0,6.0,3.0,6.0,2.0,2.0,2.0,1.0,2.0,3.0,2.0,2.0,2.0,2.0,4.0,4.0,4.0,4.0,3.0,4.0,5.0,4.0,4.0,5.0,3.05
R_3qsADpjLVDbMbrH,illi,mindful_breathing,1,21.0,male,United States,United States,1,3.0,1,1413,100,1,37.0,3.0,3.0,1.0,2.0,2.0,1.0,1.0,2.0,1.0,2.0,3.0,1.0,2.0,1.0,2.0,2.0,1.0,1.0,3.0,3.0,6.0,8.0,5.0,3.0,4.0,2.0,2.0,1.0,3.0,2.0,1.0,2.0,2.0,2.0,1.0,4.0,3.0,2.0,3.0,4.0,4.0,4.0,5.0,2.7
R_2VIl4kbluheRJLd,illi,body_scan,1,21.0,male,United States,United States,1,3.0,1,1246,100,1,35.0,3.0,3.0,2.0,1.0,3.0,1.0,1.0,3.0,1.0,2.0,2.0,1.0,1.0,1.0,2.0,2.0,1.0,1.0,3.0,3.0,7.0,7.0,5.0,3.0,4.0,3.0,2.0,1.0,3.0,2.0,3.0,2.0,3.0,3.0,2.0,4.0,4.0,2.0,3.0,4.0,4.0,4.0,5.0,3.05
R_9YrLZxKwePXU9q1,iowa,control_book,0,19.0,male,United States,United States,1,3.0,1,1231,100,1,31.0,3.0,3.0,2.0,1.0,3.0,1.0,1.0,4.0,1.0,4.0,2.0,1.0,1.0,1.0,3.0,4.0,1.0,3.0,3.0,3.0,7.0,4.0,7.0,1.0,1.0,1.0,1.0,1.0,1.0,2.0,4.0,1.0,2.0,4.0,4.0,4.0,4.0,4.0,3.0,2.0,2.0,4.0,4.0,2.5
R_DOgEa0bVcEwfqtb,loyo,loving_kindness,1,19.0,female,United States,China,1,3.0,1,1554,100,1,70.0,1.0,2.0,4.0,4.0,1.0,3.0,4.0,2.0,3.0,2.0,1.0,4.0,4.0,3.0,1.0,2.0,4.0,3.0,2.0,2.0,6.0,7.0,3.0,5.0,5.0,5.0,5.0,5.0,5.0,4.0,5.0,5.0,5.0,1.0,2.0,1.0,1.0,1.0,1.0,1.0,1.0,1.0,2.0,3.05
R_1n9BIJJBqLe4Ntu,utah,body_scan,1,21.0,female,United States,Puerto Rico,0,2.0,1,2419,100,1,47.0,2.0,3.0,2.0,3.0,2.0,2.0,2.0,2.0,1.0,2.0,2.0,2.0,1.0,2.0,2.0,2.0,2.0,1.0,2.0,2.0,7.0,6.0,7.0,2.0,2.0,1.0,1.0,2.0,2.0,1.0,3.0,3.0,4.0,3.0,4.0,2.0,3.0,4.0,3.0,3.0,4.0,4.0,5.0,2.8
R_12hHwyfY36pKCES,utah,loving_kindness,1,19.0,self_describe,United States,United States,1,3.0,1,2174,100,1,38.0,3.0,2.0,1.0,1.0,2.0,1.0,1.0,2.0,1.0,2.0,2.0,2.0,1.0,1.0,3.0,2.0,1.0,1.0,3.0,2.0,6.0,3.0,6.0,4.0,4.0,3.0,4.0,2.0,5.0,2.0,4.0,5.0,5.0,2.0,2.0,4.0,1.0,2.0,2.0,5.0,4.0,3.0,5.0,3.4
R_6lONVoIhlgBqCM9,illi,mindful_walking,1,19.0,male,United States,United States,1,3.0,1,1465,100,1,55.0,2.0,2.0,4.0,4.0,2.0,2.0,2.0,1.0,2.0,2.0,1.0,2.0,1.0,1.0,2.0,2.0,2.0,1.0,1.0,1.0,5.0,2.0,9.0,3.0,3.0,3.0,1.0,4.0,4.0,1.0,4.0,5.0,5.0,2.0,4.0,4.0,4.0,3.0,2.0,5.0,2.0,4.0,5.0,3.4
R_78NJ0AZUD0KMaWJ,utah,mindful_breathing,1,23.0,male,United States,United States,1,3.0,1,1287,100,1,42.0,4.0,3.0,1.0,3.0,2.0,1.0,3.0,2.0,1.0,4.0,3.0,2.0,1.0,2.0,2.0,1.0,2.0,1.0,2.0,2.0,6.0,4.0,6.0,3.0,2.0,2.0,3.0,2.0,4.0,3.0,2.0,4.0,5.0,3.0,4.0,3.0,2.0,4.0,3.0,2.0,3.0,4.0,3.0,3.05
R_YQ66nn8O6pqMCqt,flor,control_book,0,19.0,female,United States,United States,1,3.0,1,1362,100,1,75.0,1.0,1.0,4.0,3.0,1.0,4.0,4.0,1.0,4.0,1.0,1.0,4.0,4.0,3.0,1.0,1.0,4.0,1.0,1.0,1.0,2.0,7.0,1.0,4.0,1.0,4.0,2.0,2.0,5.0,1.0,4.0,4.0,5.0,2.0,5.0,4.0,5.0,4.0,5.0,5.0,5.0,4.0,5.0,3.8
R_3LcqncZfG5lvSJw,hous,control_book,0,20.0,male,United States,United Kingdom,1,3.0,1,1071,100,1,40.0,3.0,3.0,2.0,4.0,3.0,4.0,2.0,2.0,1.0,3.0,4.0,1.0,1.0,2.0,4.0,3.0,2.0,3.0,3.0,4.0,7.0,7.0,8.0,2.0,2.0,2.0,4.0,2.0,4.0,4.0,2.0,2.0,4.0,4.0,4.0,4.0,2.0,4.0,5.0,2.0,4.0,4.0,4.0,3.25
R_2qjwczJzn1w8R1V,utah,body_scan,1,20.0,female,United States,United States,1,2.0,1,1351,100,1,33.0,3.0,2.0,1.0,1.0,3.0,1.0,3.0,2.0,2.0,4.0,4.0,1.0,1.0,1.0,4.0,4.0,3.0,1.0,3.0,3.0,7.0,3.0,7.0,2.0,2.0,2.0,1.0,4.0,2.0,1.0,5.0,5.0,5.0,5.0,4.0,3.0,4.0,4.0,2.0,4.0,2.0,1.0,5.0,3.15
R_yUr8CZ9SoeigyBz,merc,control_book,0,18.0,female,United States,United States,0,2.0,1,1296,97,0,48.0,2.0,2.0,1.0,1.0,2.0,2.0,2.0,2.0,1.0,1.0,1.0,2.0,1.0,1.0,2.0,2.0,2.0,3.0,2.0,2.0,5.0,4.0,4.0,4.0,3.0,3.0,2.0,4.0,4.0,3.0,4.0,4.0,4.0,3.0,3.0,3.0,2.0,3.0,2.0,4.0,3.0,3.0,3.0,3.2
R_2zjzIPpxOU0YbZx,glen,mindful_walking,1,19.0,female,United States,United States,1,3.0,1,1401,100,1,28.0,4.0,3.0,1.0,2.0,4.0,1.0,1.0,3.0,1.0,4.0,4.0,1.0,2.0,3.0,4.0,4.0,1.0,2.0,3.0,4.0,8.0,2.0,6.0,4.0,2.0,2.0,2.0,2.0,2.0,4.0,5.0,3.0,4.0,4.0,5.0,4.0,2.0,4.0,4.0,2.0,4.0,4.0,5.0,3.4
R_VVd5HjYpeGCyxot,hous,mindful_breathing,1,21.0,female,United States,Guatemala,0,2.0,1,1420,100,1,26.0,4.0,3.0,1.0,1.0,4.0,1.0,1.0,3.0,1.0,4.0,3.0,1.0,1.0,1.0,4.0,4.0,2.0,1.0,3.0,3.0,7.0,2.0,7.0,2.0,2.0,2.0,2.0,3.0,2.0,2.0,4.0,2.0,4.0,2.0,4.0,4.0,4.0,4.0,3.0,4.0,4.0,2.0,4.0,3.0
R_tFgZmmCGzmyubSh,flor,loving_kindness,1,19.0,male,United States,United States,1,3.0,1,1213,100,1,42.0,3.0,2.0,2.0,3.0,3.0,1.0,2.0,3.0,1.0,3.0,3.0,2.0,2.0,2.0,2.0,3.0,2.0,2.0,2.0,3.0,6.0,4.0,7.0,2.0,1.0,2.0,1.0,2.0,4.0,1.0,4.0,2.0,4.0,4.0,5.0,4.0,4.0,4.0,2.0,4.0,4.0,5.0,4.0,3.15
R_2Sf6xZcfQV908qx,utah,mindful_breathing,1,23.0,female,United States,United States,1,3.0,1,1153,100,1,37.0,3.0,2.0,1.0,1.0,2.0,1.0,2.0,2.0,1.0,2.0,3.0,1.0,1.0,2.0,3.0,3.0,1.0,1.0,3.0,2.0,6.0,4.0,5.0,2.0,2.0,1.0,2.0,2.0,4.0,2.0,2.0,1.0,4.0,4.0,4.0,4.0,4.0,4.0,4.0,4.0,5.0,4.0,5.0,3.2
R_qKhHiAjDSeLIsdr,hous,body_scan,1,20.0,male,United States,United Kingdom,1,3.0,1,1401,100,1,50.0,3.0,3.0,3.0,2.0,3.0,3.0,3.0,1.0,2.0,3.0,3.0,3.0,2.0,2.0,2.0,3.0,3.0,3.0,2.0,3.0,6.0,7.0,7.0,2.0,3.0,4.0,2.0,2.0,4.0,4.0,4.0,4.0,4.0,4.0,4.0,2.0,4.0,4.0,2.0,2.0,2.0,4.0,4.0,3.25
R_1Ne5I12fVFl6Q0v,digi,loving_kindness,1,19.0,female,United States,United States,1,3.0,1,2330,100,1,37.0,3.0,3.0,1.0,1.0,3.0,1.0,1.0,2.0,1.0,2.0,2.0,1.0,1.0,2.0,3.0,2.0,1.0,1.0,2.0,2.0,6.0,3.0,5.0,2.0,3.0,2.0,2.0,2.0,4.0,3.0,3.0,2.0,4.0,2.0,4.0,4.0,4.0,4.0,3.0,5.0,3.0,4.0,4.0,3.2
R_BKdytPZyzm4iaQh,seeb,control_book,0,22.0,male,Austria,Austria,0,2.0,1,1359,100,1,33.0,3.0,3.0,1.0,1.0,3.0,1.0,2.0,3.0,1.0,3.0,3.0,2.0,1.0,1.0,3.0,3.0,1.0,1.0,2.0,3.0,7.0,3.0,5.0,2.0,2.0,2.0,1.0,4.0,4.0,2.0,4.0,4.0,5.0,4.0,4.0,4.0,4.0,4.0,4.0,5.0,4.0,4.0,5.0,3.6
R_29QwJsmGbNFmuiJ,suny,control_book,0,18.0,male,United States,United States,1,3.0,1,1179,100,1,43.0,3.0,4.0,2.0,2.0,3.0,1.0,4.0,3.0,2.0,4.0,3.0,4.0,4.0,3.0,3.0,3.0,2.0,1.0,2.0,4.0,7.0,4.0,8.0,2.0,2.0,2.0,4.0,1.0,4.0,1.0,1.0,5.0,5.0,3.0,3.0,2.0,2.0,5.0,4.0,2.0,2.0,4.0,4.0,2.9
R_31AQYIcX1jdrQRs,illi,loving_kindness,1,20.0,male,United States,United States,1,2.0,1,1444,100,1,21.0,4.0,4.0,2.0,1.0,4.0,1.0,1.0,4.0,1.0,4.0,4.0,1.0,1.0,1.0,4.0,4.0,1.0,1.0,4.0,4.0,8.0,1.0,9.0,1.0,1.0,1.0,1.0,2.0,4.0,1.0,3.0,3.0,5.0,5.0,5.0,4.0,4.0,5.0,4.0,4.0,4.0,4.0,5.0,3.3
R_1GIasMjoVjQ3RQG,flor,mindful_walking,1,22.0,male,United States,Puerto Rico,1,3.0,1,1375,100,1,24.0,4.0,4.0,1.0,1.0,3.0,1.0,1.0,4.0,1.0,3.0,4.0,1.0,1.0,1.0,3.0,3.0,1.0,1.0,4.0,4.0,9.0,2.0,9.0,1.0,1.0,1.0,1.0,1.0,1.0,1.0,1.0,1.0,5.0,5.0,5.0,5.0,5.0,4.0,5.0,5.0,5.0,5.0,5.0,3.15
R_ZxZcVwDtOydLO2B,witt,mindful_breathing,1,18.0,female,U. S.,U. S.,1,2.0,1,1719,100,1,41.0,3.0,2.0,1.0,1.0,2.0,1.0,2.0,2.0,1.0,2.0,1.0,1.0,1.0,1.0,2.0,2.0,1.0,1.0,2.0,2.0,7.0,3.0,7.0,2.0,4.0,4.0,4.0,2.0,4.0,2.0,4.0,4.0,4.0,3.0,2.0,2.0,4.0,2.0,2.0,3.0,2.0,2.0,5.0,3.05
R_1ozjqKm7r98monw,jose,mindful_walking,1,19.0,male,United States,United States,1,3.0,1,1292,100,1,24.0,4.0,4.0,1.0,1.0,4.0,1.0,1.0,3.0,1.0,4.0,4.0,1.0,2.0,1.0,4.0,4.0,1.0,1.0,3.0,3.0,8.0,2.0,7.0,3.0,4.0,4.0,3.0,2.0,4.0,2.0,2.0,3.0,2.0,4.0,2.0,2.0,2.0,3.0,4.0,4.0,2.0,2.0,4.0,2.9
R_smT4XM87x7U1Lih,spri,body_scan,1,19.0,male,United States,United States,1,3.0,1,1296,100,1,29.0,4.0,3.0,1.0,1.0,4.0,1.0,1.0,3.0,1.0,3.0,3.0,1.0,1.0,2.0,4.0,3.0,1.0,2.0,3.0,3.0,7.0,4.0,7.0,3.0,2.0,3.0,4.0,4.0,4.0,3.0,4.0,2.0,4.0,3.0,3.0,2.0,3.0,2.0,2.0,3.0,3.0,4.0,3.0,3.05
R_1H0oPxELYdI1ZCV,indi,loving_kindness,1,19.0,female,United States,United States,1,3.0,1,1106,100,1,39.0,3.0,2.0,1.0,1.0,2.0,1.0,2.0,2.0,1.0,3.0,2.0,1.0,2.0,1.0,2.0,3.0,1.0,1.0,2.0,2.0,7.0,3.0,7.0,4.0,4.0,4.0,4.0,4.0,4.0,3.0,1.0,4.0,4.0,2.0,1.0,1.0,1.0,1.0,1.0,2.0,2.0,3.0,2.0,2.6
R_2Ebm5uLJSrd0q5J,loyo,control_book,0,22.0,male,United States,United States,1,3.0,1,1233,100,1,30.0,4.0,4.0,2.0,2.0,3.0,1.0,2.0,3.0,1.0,3.0,3.0,1.0,1.0,1.0,3.0,3.0,1.0,1.0,4.0,3.0,5.0,3.0,6.0,2.0,2.0,1.0,1.0,2.0,3.0,4.0,3.0,3.0,3.0,4.0,4.0,3.0,4.0,4.0,4.0,3.0,4.0,5.0,5.0,3.2
R_2DZUaSlouSulIcv,hous,mindful_walking,1,22.0,female,United States,United States,1,3.0,1,1309,100,1,35.0,3.0,3.0,1.0,1.0,2.0,1.0,1.0,2.0,1.0,3.0,2.0,1.0,1.0,1.0,2.0,2.0,1.0,1.0,3.0,3.0,6.0,3.0,5.0,3.0,4.0,2.0,2.0,2.0,4.0,2.0,4.0,2.0,4.0,2.0,3.0,3.0,3.0,1.0,4.0,4.0,3.0,2.0,2.0,2.8
R_21Huul5lm888JKb,loyo,control_book,0,19.0,female,United States,United States,1,3.0,1,1290,100,1,41.0,2.0,2.0,1.0,1.0,2.0,1.0,1.0,1.0,1.0,3.0,2.0,1.0,1.0,1.0,3.0,2.0,1.0,3.0,2.0,2.0,7.0,3.0,3.0,2.0,3.0,3.0,4.0,2.0,4.0,2.0,4.0,2.0,1.0,3.0,4.0,2.0,2.0,4.0,3.0,2.0,2.0,2.0,2.0,2.65
R_12QkEUjfasUUKBk,oreg,loving_kindness,1,56.0,male,United States,United States,1,3.0,1,1672,100,1,22.0,4.0,3.0,1.0,1.0,4.0,1.0,1.0,4.0,1.0,4.0,3.0,1.0,1.0,1.0,4.0,4.0,1.0,1.0,4.0,4.0,8.0,3.0,7.0,2.0,1.0,2.0,2.0,1.0,3.0,2.0,3.0,1.0,4.0,4.0,4.0,3.0,3.0,4.0,5.0,3.0,3.0,4.0,4.0,2.9
R_6nWrOpnIrr1FAfD,wurz,body_scan,1,29.0,male,Germany,Germany,0,2.0,1,1296,100,1,40.0,3.0,3.0,2.0,2.0,3.0,3.0,1.0,2.0,1.0,3.0,4.0,2.0,1.0,2.0,1.0,3.0,2.0,2.0,3.0,3.0,4.0,3.0,7.0,4.0,1.0,3.0,1.0,1.0,1.0,1.0,1.0,2.0,1.0,4.0,5.0,2.0,5.0,5.0,3.0,5.0,5.0,5.0,5.0,3.0
R_3fy52H6jWOYAu3S,flor,mindful_breathing,1,34.0,female,United State,Venezuela,0,3.0,1,1416,100,1,25.0,4.0,3.0,1.0,1.0,3.0,1.0,1.0,4.0,1.0,4.0,4.0,2.0,1.0,2.0,4.0,4.0,2.0,1.0,4.0,4.0,9.0,4.0,7.0,2.0,1.0,2.0,2.0,3.0,2.0,2.0,3.0,2.0,2.0,2.0,4.0,3.0,4.0,4.0,4.0,2.0,4.0,4.0,4.0,2.8
R_12zp8w7hxvaryVB,flor,body_scan,1,20.0,female,United States,United States,1,3.0,1,1793,100,1,36.0,3.0,3.0,2.0,2.0,3.0,2.0,2.0,3.0,1.0,3.0,3.0,1.0,1.0,2.0,3.0,2.0,1.0,1.0,3.0,3.0,5.0,4.0,4.0,2.0,1.0,2.0,3.0,4.0,3.0,2.0,4.0,3.0,5.0,3.0,4.0,3.0,3.0,4.0,2.0,2.0,2.0,1.0,2.0,2.75
R_1Qs96mlwYKELLt0,digi,loving_kindness,1,22.0,male,United States,United States,1,3.0,1,1665,100,1,22.0,4.0,4.0,1.0,1.0,4.0,1.0,1.0,4.0,1.0,4.0,4.0,1.0,2.0,2.0,4.0,4.0,1.0,1.0,4.0,4.0,7.0,1.0,5.0,4.0,2.0,2.0,3.0,4.0,4.0,4.0,4.0,2.0,3.0,2.0,4.0,2.0,3.0,4.0,2.0,3.0,3.0,2.0,4.0,3.05
R_CgyuL5zJgK8erOF,iowa,mindful_walking,1,18.0,female,United States,United States,1,3.0,1,1065,100,1,32.0,4.0,3.0,1.0,2.0,4.0,1.0,1.0,4.0,2.0,4.0,3.0,2.0,3.0,3.0,4.0,4.0,2.0,2.0,3.0,4.0,7.0,6.0,5.0,1.0,4.0,2.0,4.0,2.0,4.0,2.0,2.0,2.0,4.0,2.0,4.0,2.0,2.0,2.0,4.0,2.0,2.0,4.0,2.0,2.65
R_27xK51HbHx3FOqM,hous,control_book,0,26.0,female,United States,United States,1,3.0,1,1389,100,1,32.0,2.0,3.0,1.0,1.0,3.0,1.0,2.0,3.0,1.0,3.0,3.0,1.0,1.0,1.0,3.0,3.0,1.0,1.0,3.0,3.0,5.0,3.0,7.0,3.0,1.0,3.0,1.0,2.0,3.0,3.0,4.0,4.0,5.0,1.0,4.0,3.0,2.0,4.0,3.0,2.0,1.0,4.0,3.0,2.8
R_265MQhtS9KtGrht,hous,mindful_breathing,1,19.0,female,United States,United States,0,3.0,1,1267,100,1,42.0,4.0,3.0,1.0,4.0,1.0,2.0,2.0,2.0,1.0,3.0,3.0,2.0,1.0,2.0,4.0,2.0,2.0,1.0,2.0,2.0,6.0,7.0,8.0,4.0,2.0,3.0,1.0,2.0,4.0,1.0,4.0,3.0,5.0,3.0,4.0,4.0,4.0,3.0,2.0,2.0,3.0,4.0,5.0,3.15
R_2DT5sbUQIzDl08l,hous,loving_kindness,1,20.0,female,United States,United States,1,3.0,1,2403,100,1,20.0,4.0,4.0,1.0,1.0,4.0,1.0,1.0,4.0,1.0,4.0,4.0,1.0,1.0,1.0,4.0,4.0,1.0,1.0,4.0,4.0,9.0,1.0,9.0,2.0,1.0,2.0,3.0,3.0,2.0,2.0,3.0,2.0,4.0,4.0,4.0,4.0,3.0,4.0,5.0,2.0,4.0,4.0,1.0,2.95
R_2P1Yri21KwWkf7I,hous,mindful_breathing,1,19.0,female,United States,United States,0,3.0,1,1538,100,1,30.0,4.0,3.0,1.0,1.0,3.0,1.0,2.0,4.0,1.0,3.0,2.0,1.0,1.0,1.0,4.0,3.0,1.0,1.0,1.0,4.0,7.0,3.0,5.0,4.0,3.0,4.0,3.0,2.0,4.0,2.0,4.0,4.0,5.0,3.0,3.0,2.0,3.0,3.0,2.0,2.0,2.0,3.0,3.0,3.05
R_2DUpKPNjfxg64bd,hous,body_scan,1,22.0,female,United States,Lebanon,0,3.0,1,183547,100,1,24.0,4.0,3.0,1.0,1.0,4.0,1.0,1.0,4.0,1.0,3.0,3.0,1.0,1.0,1.0,4.0,4.0,1.0,1.0,3.0,4.0,6.0,1.0,7.0,2.0,1.0,2.0,1.0,1.0,4.0,1.0,5.0,1.0,4.0,3.0,2.0,2.0,1.0,4.0,2.0,3.0,3.0,3.0,3.0,2.4
R_3GeVoomVFdRnJCU,hous,control_book,0,27.0,male,United States,Jamaica,1,3.0,1,5874,100,1,20.0,4.0,4.0,1.0,1.0,4.0,1.0,1.0,4.0,1.0,4.0,4.0,1.0,1.0,1.0,4.0,4.0,1.0,1.0,4.0,4.0,7.0,2.0,9.0,1.0,1.0,2.0,1.0,1.0,1.0,1.0,2.0,1.0,1.0,5.0,4.0,4.0,4.0,4.0,4.0,4.0,4.0,4.0,1.0,2.5
R_3RyiSzUcxODcuEc,utah,mindful_walking,1,20.0,female,United States,United States,1,3.0,1,1254,100,1,21.0,4.0,4.0,1.0,1.0,4.0,1.0,1.0,4.0,1.0,4.0,4.0,1.0,1.0,1.0,4.0,3.0,1.0,1.0,4.0,4.0,8.0,2.0,7.0,4.0,1.0,3.0,1.0,2.0,2.0,5.0,5.0,2.0,4.0,2.0,5.0,4.0,5.0,4.0,2.0,5.0,5.0,4.0,5.0,3.5
R_1ooMZa9oD9gyuaP,illi,control_book,0,19.0,female,United States,United States,1,2.0,1,1402,100,1,37.0,3.0,2.0,1.0,1.0,3.0,1.0,2.0,2.0,1.0,2.0,3.0,1.0,1.0,1.0,3.0,2.0,1.0,1.0,2.0,2.0,7.0,3.0,5.0,4.0,1.0,3.0,1.0,2.0,2.0,2.0,4.0,1.0,4.0,2.0,5.0,2.0,4.0,3.0,4.0,1.0,4.0,2.0,4.0,2.75
R_2TYHRNQhr6jqg0Q,cali,loving_kindness,1,20.0,male,United States,United States,1,3.0,1,1075,100,1,30.0,4.0,3.0,1.0,1.0,4.0,2.0,1.0,4.0,1.0,3.0,3.0,1.0,1.0,2.0,4.0,3.0,1.0,4.0,3.0,4.0,7.0,3.0,5.0,1.0,1.0,2.0,2.0,2.0,1.0,2.0,4.0,4.0,4.0,2.0,5.0,2.0,4.0,4.0,4.0,2.0,3.0,4.0,3.0,2.8
R_2ARWXgkQwXtxYg3,hous,body_scan,1,22.0,female,United States,United States,1,3.0,1,1212,100,1,32.0,3.0,3.0,2.0,1.0,3.0,1.0,1.0,3.0,1.0,3.0,2.0,2.0,1.0,1.0,3.0,3.0,1.0,1.0,3.0,4.0,7.0,3.0,5.0,2.0,2.0,1.0,1.0,2.0,4.0,1.0,5.0,3.0,4.0,4.0,4.0,2.0,3.0,4.0,2.0,4.0,2.0,4.0,5.0,2.95
R_qFcaFhYFsmiFHGh,hous,mindful_breathing,1,22.0,female,United States,United States,1,3.0,1,1181,100,1,25.0,4.0,3.0,1.0,1.0,4.0,1.0,1.0,3.0,1.0,4.0,3.0,1.0,1.0,1.0,4.0,4.0,2.0,1.0,3.0,4.0,7.0,3.0,5.0,2.0,3.0,1.0,1.0,1.0,2.0,1.0,2.0,2.0,4.0,2.0,4.0,2.0,2.0,3.0,2.0,5.0,4.0,4.0,5.0,2.6
R_2D6MIKvPcASj1Oh,flor,mindful_walking,1,30.0,female,United States,United States,1,3.0,1,1479,100,1,32.0,3.0,3.0,2.0,1.0,3.0,1.0,1.0,3.0,1.0,3.0,2.0,1.0,1.0,1.0,3.0,3.0,1.0,1.0,3.0,3.0,8.0,2.0,8.0,2.0,2.0,2.0,2.0,2.0,4.0,4.0,4.0,3.0,5.0,2.0,4.0,2.0,4.0,3.0,2.0,4.0,4.0,4.0,2.0,3.05
R_79islD4IAQMiAkF,flor,loving_kindness,1,25.0,female,United States,United States,1,3.0,1,1438,100,1,35.0,3.0,2.0,2.0,1.0,3.0,1.0,2.0,3.0,1.0,3.0,2.0,1.0,1.0,1.0,3.0,3.0,1.0,2.0,3.0,3.0,5.0,3.0,5.0,2.0,3.0,2.0,2.0,2.0,4.0,4.0,2.0,4.0,2.0,2.0,4.0,4.0,5.0,2.0,4.0,4.0,4.0,4.0,5.0,3.25
R_3KCJ9BN966NlTvc,flor,mindful_breathing,1,19.0,female,United States,United States,1,3.0,1,1229,100,1,68.0,1.0,1.0,3.0,3.0,2.0,3.0,4.0,2.0,2.0,1.0,1.0,3.0,4.0,3.0,1.0,2.0,4.0,3.0,1.0,2.0,2.0,9.0,1.0,4.0,5.0,4.0,4.0,5.0,5.0,4.0,5.0,5.0,4.0,1.0,3.0,1.0,1.0,1.0,1.0,1.0,1.0,2.0,2.0,2.95
R_1DNAiTANcOU2Vkq,utah,control_book,0,20.0,female,United States,United States,1,3.0,1,1144,100,1,22.0,4.0,3.0,1.0,1.0,4.0,1.0,1.0,4.0,1.0,4.0,3.0,1.0,1.0,1.0,4.0,4.0,1.0,1.0,4.0,4.0,8.0,3.0,5.0,4.0,2.0,3.0,5.0,5.0,4.0,1.0,5.0,5.0,5.0,2.0,4.0,2.0,3.0,3.0,3.0,4.0,2.0,2.0,2.0,3.3
R_3lRBndY2aNJS7m9,indi,body_scan,1,21.0,male,United States,Panama,0,2.0,1,1656,100,1,26.0,4.0,3.0,1.0,1.0,3.0,1.0,1.0,4.0,1.0,3.0,4.0,1.0,1.0,1.0,3.0,4.0,1.0,1.0,3.0,3.0,8.0,1.0,9.0,1.0,1.0,1.0,3.0,1.0,2.0,1.0,1.0,3.0,1.0,5.0,5.0,5.0,4.0,5.0,4.0,5.0,5.0,4.0,5.0,3.1
R_1Cm53HCSVnPzMT4,jose,mindful_walking,1,18.0,female,United States,United States,0,3.0,1,9546,100,1,50.0,3.0,2.0,2.0,3.0,3.0,2.0,2.0,3.0,3.0,2.0,2.0,2.0,2.0,2.0,2.0,2.0,3.0,2.0,2.0,2.0,5.0,2.0,6.0,3.0,3.0,4.0,5.0,3.0,4.0,2.0,4.0,4.0,5.0,3.0,4.0,4.0,4.0,3.0,4.0,4.0,4.0,4.0,3.0,3.7
R_1drVKM5hKkHrlQ0,iowa,mindful_walking,1,19.0,male,United States,United States,1,3.0,1,1198,100,1,30.0,4.0,3.0,1.0,1.0,3.0,1.0,1.0,2.0,1.0,3.0,3.0,1.0,1.0,1.0,4.0,3.0,1.0,1.0,3.0,2.0,7.0,4.0,6.0,2.0,1.0,1.0,1.0,1.0,2.0,2.0,2.0,2.0,3.0,4.0,4.0,5.0,5.0,5.0,4.0,5.0,5.0,4.0,2.0,3.0
R_27ezEEbdJOtXiDy,hous,control_book,0,21.0,female,United States,Australia,1,3.0,1,2382,100,1,40.0,2.0,2.0,1.0,1.0,2.0,1.0,2.0,3.0,1.0,3.0,2.0,1.0,1.0,1.0,3.0,2.0,1.0,3.0,2.0,2.0,5.0,2.0,7.0,5.0,5.0,4.0,5.0,5.0,5.0,4.0,3.0,3.0,4.0,2.0,1.0,2.0,1.0,1.0,3.0,2.0,3.0,4.0,4.0,3.3
R_2OGXjlNcjYpFayT,flor,body_scan,1,18.0,female,United States,United States,1,3.0,1,1227,100,1,25.0,4.0,3.0,1.0,1.0,4.0,1.0,1.0,3.0,1.0,3.0,3.0,1.0,1.0,1.0,4.0,4.0,1.0,1.0,4.0,3.0,7.0,4.0,8.0,4.0,2.0,2.0,2.0,3.0,4.0,2.0,2.0,2.0,2.0,2.0,4.0,2.0,4.0,4.0,4.0,4.0,3.0,4.0,4.0,3.0
R_42EE9yM4uBpX6Ap,flor,loving_kindness,1,20.0,female,U.S,U.S,1,3.0,1,17366,100,1,30.0,3.0,3.0,1.0,1.0,3.0,1.0,1.0,3.0,1.0,3.0,3.0,1.0,1.0,1.0,3.0,3.0,1.0,1.0,3.0,3.0,8.0,1.0,5.0,4.0,4.0,4.0,4.0,3.0,4.0,3.0,4.0,4.0,5.0,2.0,3.0,2.0,2.0,3.0,2.0,2.0,2.0,2.0,2.0,3.05
R_3rTWgbLeo60hV9n,hous,mindful_breathing,1,22.0,male,United States,Vietnam,0,2.0,1,1265,100,1,27.0,4.0,3.0,1.0,1.0,4.0,1.0,1.0,3.0,1.0,3.0,2.0,1.0,1.0,1.0,3.0,4.0,1.0,1.0,4.0,3.0,8.0,3.0,9.0,3.0,3.0,2.0,1.0,1.0,3.0,2.0,2.0,3.0,2.0,3.0,4.0,3.0,4.0,4.0,4.0,4.0,3.0,4.0,4.0,2.95
R_22EKgQ7N79ycGmd,hous,body_scan,1,22.0,female,United States,United States,0,3.0,1,1535,100,1,40.0,2.0,2.0,1.0,1.0,2.0,1.0,1.0,2.0,1.0,3.0,3.0,1.0,1.0,1.0,1.0,2.0,1.0,2.0,2.0,2.0,7.0,2.0,5.0,4.0,5.0,3.0,5.0,2.0,4.0,2.0,5.0,3.0,4.0,2.0,1.0,1.0,1.0,2.0,2.0,2.0,2.0,3.0,4.0,2.85
R_8exw5FpoTZOcuWt,hous,loving_kindness,1,24.0,female,United States,Pakistan,0,3.0,1,1247,100,1,27.0,4.0,3.0,1.0,1.0,4.0,1.0,1.0,2.0,1.0,4.0,3.0,1.0,1.0,1.0,4.0,2.0,1.0,1.0,4.0,3.0,7.0,4.0,6.0,2.0,2.0,3.0,4.0,4.0,4.0,2.0,5.0,4.0,4.0,2.0,2.0,2.0,2.0,3.0,1.0,2.0,2.0,4.0,3.0,2.85
R_2WweaZRp7L0aNRu,illi,mindful_breathing,1,18.0,male,United States,United States,1,3.0,1,1180,100,1,31.0,3.0,3.0,1.0,1.0,4.0,1.0,2.0,3.0,1.0,4.0,2.0,1.0,2.0,1.0,3.0,3.0,1.0,1.0,3.0,3.0,6.0,3.0,5.0,2.0,2.0,4.0,1.0,2.0,2.0,1.0,5.0,2.0,4.0,2.0,4.0,4.0,4.0,3.0,4.0,5.0,4.0,4.0,4.0,3.15
R_3J3s3qRIzLtFJSA,hous,control_book,0,18.0,female,United States,United States,0,3.0,1,1140,100,1,61.0,1.0,1.0,2.0,2.0,3.0,2.0,3.0,1.0,1.0,1.0,1.0,3.0,2.0,4.0,1.0,1.0,2.0,3.0,1.0,2.0,4.0,4.0,1.0,2.0,4.0,3.0,3.0,2.0,4.0,2.0,2.0,5.0,3.0,4.0,2.0,2.0,3.0,2.0,2.0,2.0,2.0,3.0,4.0,2.8
R_2tha3Jy48WXI4BK,hous,mindful_walking,1,22.0,female,United States,United States,0,3.0,1,1222,100,1,35.0,3.0,3.0,1.0,1.0,3.0,1.0,1.0,2.0,1.0,2.0,2.0,1.0,1.0,2.0,3.0,2.0,1.0,1.0,4.0,2.0,7.0,2.0,5.0,4.0,3.0,3.0,4.0,3.0,3.0,3.0,4.0,3.0,5.0,2.0,2.0,1.0,3.0,2.0,2.0,2.0,2.0,3.0,2.0,2.8
R_1CI7b7QZkieOaoU,spri,mindful_breathing,1,21.0,female,United States,United States,1,3.0,1,1079,100,1,48.0,2.0,3.0,1.0,2.0,2.0,2.0,2.0,1.0,2.0,2.0,3.0,2.0,2.0,3.0,2.0,3.0,2.0,3.0,2.0,3.0,6.0,6.0,5.0,4.0,4.0,4.0,2.0,2.0,4.0,4.0,2.0,4.0,4.0,4.0,2.0,2.0,3.0,2.0,4.0,2.0,4.0,4.0,2.0,3.15
R_z23iMKfdC8Arwzv,flor,control_book,0,20.0,male,United States,United Stares,1,3.0,1,1431,100,1,32.0,3.0,3.0,2.0,1.0,4.0,1.0,3.0,3.0,1.0,4.0,3.0,1.0,2.0,1.0,4.0,3.0,2.0,1.0,3.0,3.0,7.0,6.0,5.0,2.0,1.0,2.0,2.0,1.0,4.0,3.0,4.0,5.0,5.0,3.0,5.0,2.0,4.0,5.0,4.0,2.0,3.0,4.0,4.0,3.25
R_rlS9tHR0Im5cXe1,flor,body_scan,1,19.0,female,United States,United States,1,3.0,1,1769,100,1,30.0,3.0,3.0,1.0,1.0,3.0,1.0,1.0,3.0,1.0,3.0,3.0,1.0,1.0,1.0,3.0,3.0,1.0,1.0,3.0,3.0,7.0,5.0,5.0,3.0,3.0,3.0,3.0,3.0,4.0,3.0,4.0,3.0,4.0,3.0,2.0,2.0,2.0,3.0,3.0,3.0,2.0,2.0,2.0,2.85
R_UfL0xLaGag8RiAF,jose,mindful_walking,1,18.0,female,United States,United States,1,3.0,1,1201,100,1,32.0,3.0,3.0,2.0,1.0,3.0,1.0,1.0,3.0,1.0,4.0,2.0,1.0,2.0,2.0,3.0,3.0,1.0,1.0,3.0,4.0,8.0,5.0,7.0,2.0,2.0,2.0,4.0,3.0,2.0,4.0,4.0,2.0,4.0,3.0,5.0,3.0,5.0,3.0,4.0,4.0,3.0,3.0,3.0,3.25
R_12tlBvnzuqrlUti,flor,control_book,0,21.0,female,United States,United States,1,3.0,1,1465,100,1,58.0,2.0,2.0,3.0,3.0,2.0,2.0,3.0,1.0,1.0,1.0,1.0,1.0,3.0,1.0,2.0,1.0,3.0,3.0,2.0,1.0,2.0,5.0,4.0,2.0,1.0,2.0,3.0,1.0,1.0,2.0,1.0,2.0,4.0,2.0,5.0,2.0,4.0,4.0,4.0,4.0,4.0,4.0,5.0,2.85
R_3qTNFx7tJ6yvBLS,flor,loving_kindness,1,19.0,female,United States,United States,1,3.0,1,1136,100,1,30.0,3.0,3.0,1.0,1.0,3.0,1.0,1.0,3.0,1.0,3.0,3.0,1.0,1.0,1.0,3.0,3.0,1.0,1.0,3.0,3.0,7.0,4.0,7.0,3.0,3.0,3.0,3.0,3.0,4.0,3.0,4.0,3.0,4.0,3.0,2.0,3.0,3.0,3.0,3.0,3.0,2.0,2.0,2.0,2.95
R_1C8S37L23yjbDPU,jose,mindful_breathing,1,20.0,male,California,United States,1,3.0,1,8328,100,1,27.0,4.0,3.0,2.0,1.0,4.0,1.0,1.0,3.0,1.0,4.0,2.0,1.0,1.0,1.0,4.0,3.0,1.0,1.0,4.0,3.0,7.0,6.0,5.0,3.0,3.0,2.0,1.0,2.0,3.0,2.0,3.0,4.0,4.0,3.0,4.0,4.0,4.0,3.0,4.0,3.0,3.0,2.0,3.0,3.0
R_2ZP0JX6bqYboSdM,jose,control_book,0,20.0,male,California,United States,1,3.0,1,1118,100,1,31.0,4.0,3.0,2.0,1.0,3.0,1.0,1.0,3.0,1.0,4.0,2.0,1.0,1.0,1.0,3.0,3.0,1.0,1.0,2.0,3.0,8.0,6.0,5.0,3.0,3.0,2.0,1.0,3.0,3.0,2.0,3.0,3.0,4.0,3.0,4.0,3.0,3.0,4.0,4.0,3.0,3.0,2.0,3.0,2.95
R_2wFZWivDkQsFFOR,kons,mindful_walking,1,21.0,female,Germany,Germany,0,2.0,1,1429,100,1,29.0,4.0,3.0,1.0,3.0,2.0,1.0,1.0,3.0,1.0,4.0,4.0,1.0,1.0,1.0,4.0,3.0,1.0,2.0,3.0,4.0,7.0,5.0,8.0,2.0,1.0,3.0,4.0,2.0,4.0,2.0,4.0,2.0,5.0,4.0,5.0,2.0,2.0,4.0,4.0,4.0,3.0,2.0,5.0,3.2
R_3MGuK6nezQgrNTF,flor,body_scan,1,19.0,female,United States,United States,0,3.0,1,1211,100,1,35.0,3.0,2.0,2.0,1.0,4.0,1.0,1.0,2.0,1.0,4.0,2.0,1.0,1.0,1.0,3.0,2.0,1.0,2.0,2.0,3.0,7.0,3.0,6.0,1.0,2.0,2.0,1.0,1.0,3.0,1.0,4.0,4.0,4.0,2.0,4.0,2.0,4.0,3.0,3.0,1.0,3.0,3.0,4.0,2.6
R_1eKmXgJf8uMJaTf,flor,loving_kindness,1,19.0,female,United States,United States,1,3.0,1,1059,100,1,30.0,3.0,3.0,1.0,1.0,3.0,1.0,1.0,3.0,1.0,3.0,3.0,1.0,1.0,1.0,3.0,3.0,1.0,1.0,3.0,3.0,7.0,6.0,6.0,3.0,3.0,3.0,3.0,3.0,4.0,3.0,3.0,3.0,4.0,3.0,3.0,3.0,3.0,3.0,3.0,3.0,2.0,2.0,3.0,3.0
R_eG2FOEI6Zk260Ap,utah,loving_kindness,1,31.0,female,United States,United States,1,3.0,1,1269,100,1,37.0,3.0,2.0,1.0,2.0,3.0,1.0,2.0,3.0,1.0,3.0,2.0,2.0,1.0,2.0,3.0,3.0,2.0,1.0,3.0,3.0,7.0,4.0,6.0,2.0,4.0,2.0,1.0,4.0,4.0,2.0,4.0,3.0,5.0,4.0,3.0,4.0,3.0,2.0,2.0,5.0,4.0,4.0,5.0,3.35
R_3En9njqHHCMF0Gp,wurz,body_scan,1,21.0,self_describe,Germany,Germany,0,2.0,1,1309,100,1,34.0,3.0,3.0,1.0,2.0,3.0,1.0,1.0,2.0,1.0,4.0,3.0,1.0,2.0,2.0,4.0,3.0,2.0,2.0,3.0,3.0,6.0,1.0,6.0,4.0,3.0,4.0,2.0,4.0,4.0,2.0,4.0,5.0,5.0,2.0,4.0,2.0,3.0,2.0,2.0,2.0,2.0,3.0,4.0,3.15
R_3KHniMH3kVS9A3T,gold,mindful_walking,1,42.0,male,United Kingdom,United Kingdom,1,3.0,1,1320,100,1,25.0,4.0,4.0,1.0,1.0,4.0,1.0,1.0,3.0,1.0,3.0,3.0,1.0,1.0,2.0,4.0,4.0,1.0,1.0,4.0,3.0,8.0,5.0,7.0,2.0,1.0,2.0,2.0,2.0,2.0,3.0,2.0,2.0,2.0,4.0,4.0,4.0,3.0,4.0,4.0,4.0,4.0,4.0,4.0,2.95
R_0pjoclGLXtyJSq5,spri,mindful_breathing,1,20.0,male,United States,United Stares,1,3.0,1,73845,100,1,35.0,4.0,3.0,1.0,1.0,2.0,1.0,2.0,2.0,1.0,4.0,2.0,1.0,1.0,1.0,4.0,2.0,2.0,1.0,1.0,3.0,6.0,6.0,6.0,4.0,3.0,5.0,5.0,2.0,5.0,3.0,4.0,5.0,5.0,3.0,2.0,2.0,4.0,2.0,2.0,3.0,2.0,4.0,3.0,3.4
R_1RJgXu9jOWRSG65,utah,control_book,0,22.0,male,United States,United States,1,3.0,1,1482,100,1,28.0,4.0,3.0,1.0,1.0,3.0,1.0,1.0,2.0,1.0,4.0,4.0,1.0,1.0,1.0,4.0,3.0,2.0,1.0,3.0,3.0,8.0,2.0,6.0,1.0,1.0,1.0,1.0,1.0,4.0,1.0,2.0,2.0,4.0,5.0,5.0,5.0,4.0,4.0,4.0,5.0,5.0,5.0,5.0,3.25
R_2agbf6xmEwDzm8U,suny,control_book,0,19.0,female,United States,United States,1,3.0,1,2706,100,1,39.0,2.0,2.0,1.0,3.0,2.0,1.0,2.0,2.0,1.0,4.0,2.0,1.0,1.0,1.0,2.0,2.0,1.0,1.0,4.0,2.0,7.0,3.0,8.0,4.0,3.0,4.0,4.0,4.0,2.0,2.0,4.0,4.0,3.0,4.0,2.0,2.0,4.0,3.0,3.0,3.0,1.0,4.0,3.0,3.15
R_2dYoEubmjB8vLJ2,glen,body_scan,1,,female,North America,Mexico,1,2.0,1,1440,100,1,33.0,3.0,2.0,1.0,1.0,2.0,1.0,1.0,3.0,1.0,3.0,3.0,1.0,1.0,2.0,3.0,3.0,1.0,1.0,3.0,3.0,7.0,5.0,3.0,1.0,3.0,1.0,2.0,3.0,2.0,2.0,4.0,4.0,4.0,2.0,3.0,4.0,4.0,4.0,4.0,4.0,5.0,4.0,4.0,3.2
R_3FWZQn1Dy3uomPI,glen,mindful_breathing,1,19.0,female,Maricopa,United States,1,3.0,1,1965,100,1,36.0,3.0,3.0,4.0,2.0,2.0,1.0,3.0,4.0,1.0,3.0,4.0,2.0,1.0,1.0,3.0,4.0,3.0,1.0,3.0,4.0,8.0,3.0,2.0,3.0,2.0,2.0,1.0,4.0,3.0,3.0,5.0,5.0,5.0,2.0,5.0,3.0,3.0,5.0,2.0,3.0,3.0,4.0,4.0,3.35
R_2e3ksH1j32rTxxZ,glen,loving_kindness,1,33.0,female,United States,United States,1,3.0,1,1235,100,1,34.0,3.0,4.0,2.0,2.0,3.0,2.0,2.0,3.0,1.0,4.0,3.0,1.0,1.0,1.0,3.0,2.0,2.0,1.0,3.0,3.0,5.0,3.0,5.0,3.0,2.0,2.0,1.0,1.0,3.0,1.0,2.0,1.0,4.0,3.0,4.0,2.0,4.0,3.0,3.0,4.0,4.0,5.0,4.0,2.8
R_3NJvJEtVPdKVFrb,olaf,mindful_walking,1,20.0,female,United States,United States,1,3.0,1,1153,100,1,30.0,4.0,2.0,1.0,1.0,3.0,1.0,1.0,3.0,1.0,3.0,3.0,1.0,1.0,2.0,4.0,3.0,1.0,1.0,3.0,3.0,5.0,4.0,3.0,3.0,3.0,3.0,4.0,2.0,4.0,2.0,4.0,2.0,4.0,3.0,3.0,2.0,2.0,3.0,4.0,2.0,2.0,4.0,4.0,3.0
R_1jxhMJFpG2hwpty,flor,control_book,0,20.0,female,United States,India,0,2.0,1,1469,100,1,58.0,1.0,2.0,3.0,3.0,2.0,3.0,2.0,2.0,1.0,2.0,1.0,3.0,1.0,3.0,3.0,2.0,3.0,4.0,1.0,2.0,5.0,5.0,3.0,4.0,4.0,4.0,5.0,5.0,4.0,4.0,5.0,4.0,4.0,2.0,2.0,2.0,2.0,1.0,2.0,1.0,2.0,1.0,2.0,3.0
R_1Iyo3XXke2PfS4F,utah,mindful_breathing,1,20.0,female,United States,United States,1,3.0,1,1505,100,1,31.0,3.0,3.0,1.0,1.0,3.0,1.0,2.0,3.0,1.0,3.0,3.0,1.0,2.0,1.0,4.0,3.0,1.0,1.0,3.0,3.0,7.0,6.0,2.0,1.0,3.0,2.0,2.0,2.0,4.0,2.0,2.0,4.0,4.0,4.0,4.0,4.0,5.0,4.0,4.0,4.0,5.0,4.0,4.0,3.4
R_2VQibgfoIwQecEo,flor,body_scan,1,19.0,female,United States,United States,1,3.0,1,1775,100,1,29.0,4.0,3.0,1.0,1.0,3.0,1.0,2.0,3.0,1.0,4.0,2.0,1.0,1.0,1.0,4.0,4.0,2.0,1.0,3.0,3.0,7.0,4.0,6.0,4.0,5.0,3.0,3.0,5.0,5.0,5.0,5.0,4.0,5.0,4.0,1.0,2.0,2.0,1.0,2.0,2.0,1.0,1.0,2.0,3.1
R_2a9xVUDb5fkqCgF,flor,loving_kindness,1,23.0,female,United States,United States,1,3.0,1,1150,100,1,31.0,3.0,3.0,1.0,2.0,3.0,1.0,1.0,3.0,1.0,3.0,3.0,1.0,1.0,1.0,3.0,3.0,1.0,1.0,3.0,3.0,7.0,2.0,5.0,2.0,2.0,4.0,4.0,2.0,2.0,2.0,4.0,2.0,4.0,2.0,4.0,2.0,4.0,4.0,4.0,2.0,2.0,2.0,3.0,2.85
R_1GDDRndXat7dNwd,loyo,mindful_breathing,1,18.0,female,United States,Unites States,1,3.0,1,1303,100,1,31.0,4.0,3.0,2.0,1.0,4.0,1.0,1.0,3.0,1.0,4.0,3.0,2.0,2.0,1.0,3.0,4.0,2.0,2.0,3.0,3.0,8.0,3.0,7.0,2.0,4.0,2.0,4.0,3.0,3.0,3.0,4.0,3.0,4.0,4.0,4.0,4.0,4.0,4.0,3.0,4.0,4.0,4.0,4.0,3.55
R_3rSSGhk9KchRxrJ,hous,control_book,0,19.0,female,U.S,U.S,1,2.0,1,1387,100,1,47.0,2.0,2.0,1.0,1.0,1.0,1.0,2.0,2.0,1.0,2.0,1.0,1.0,1.0,2.0,1.0,3.0,1.0,2.0,1.0,1.0,5.0,2.0,7.0,5.0,1.0,3.0,5.0,2.0,4.0,3.0,4.0,5.0,5.0,2.0,5.0,4.0,2.0,2.0,2.0,2.0,1.0,4.0,2.0,3.15
R_3FJoFi09F8caTsd,utah,body_scan,1,19.0,female,United States,United States,1,3.0,1,1103,100,1,40.0,3.0,2.0,2.0,2.0,3.0,1.0,2.0,3.0,1.0,3.0,3.0,2.0,3.0,3.0,3.0,3.0,2.0,2.0,4.0,3.0,7.0,3.0,7.0,5.0,4.0,4.0,3.0,3.0,3.0,2.0,3.0,2.0,4.0,4.0,4.0,3.0,4.0,4.0,3.0,4.0,3.0,4.0,3.0,3.45
R_QgdYKIpvc1A4jjr,loyo,loving_kindness,1,19.0,male,United States,South Korea,1,3.0,1,1325,100,1,42.0,2.0,3.0,2.0,2.0,3.0,1.0,3.0,2.0,2.0,3.0,3.0,2.0,1.0,1.0,2.0,2.0,2.0,2.0,3.0,3.0,7.0,6.0,7.0,2.0,2.0,2.0,2.0,2.0,2.0,1.0,2.0,2.0,2.0,2.0,4.0,4.0,2.0,4.0,4.0,2.0,2.0,4.0,4.0,2.55
R_bI9OtWno4qoWHPb,illi,mindful_walking,1,18.0,female,United States,United States,1,3.0,1,1187,100,1,38.0,2.0,3.0,1.0,2.0,3.0,1.0,1.0,2.0,2.0,2.0,3.0,1.0,1.0,1.0,3.0,2.0,2.0,1.0,3.0,2.0,7.0,4.0,7.0,2.0,4.0,3.0,4.0,4.0,3.0,2.0,2.0,4.0,2.0,2.0,2.0,2.0,2.0,4.0,4.0,2.0,3.0,4.0,4.0,2.95
R_3Rq3YtYjp34w7UW,hous,loving_kindness,1,50.0,female,United States,United States,1,3.0,1,1297,100,1,30.0,3.0,4.0,1.0,2.0,3.0,1.0,1.0,3.0,1.0,4.0,1.0,2.0,1.0,1.0,3.0,3.0,1.0,1.0,4.0,4.0,9.0,2.0,8.0,1.0,1.0,1.0,1.0,1.0,1.0,1.0,1.0,1.0,1.0,5.0,5.0,1.0,5.0,5.0,4.0,5.0,4.0,5.0,1.0,2.5
R_Os2lYRQDbxqxB0R,illi,control_book,0,18.0,female,United States,United States,1,3.0,1,1137,100,1,34.0,3.0,2.0,1.0,1.0,4.0,1.0,2.0,2.0,2.0,3.0,3.0,2.0,1.0,1.0,3.0,4.0,2.0,1.0,3.0,3.0,7.0,4.0,7.0,3.0,2.0,1.0,3.0,4.0,4.0,2.0,4.0,3.0,4.0,2.0,3.0,1.0,2.0,4.0,3.0,3.0,2.0,4.0,3.0,2.85
R_u3sLKhybq7ZYJbj,utah,mindful_breathing,1,23.0,male,United States,United States,0,3.0,1,1308,100,1,43.0,3.0,2.0,2.0,2.0,2.0,1.0,2.0,2.0,1.0,2.0,2.0,1.0,1.0,2.0,2.0,2.0,1.0,1.0,2.0,2.0,4.0,3.0,5.0,2.0,3.0,3.0,3.0,1.0,3.0,3.0,3.0,3.0,4.0,2.0,3.0,2.0,2.0,4.0,4.0,2.0,2.0,3.0,2.0,2.7
R_2Ua2xCjqwRXp10W,glen,loving_kindness,1,29.0,female,United States,United States,0,2.0,1,499800,100,1,36.0,3.0,1.0,2.0,1.0,2.0,1.0,1.0,2.0,1.0,4.0,3.0,1.0,1.0,1.0,2.0,3.0,1.0,1.0,2.0,3.0,7.0,2.0,7.0,1.0,3.0,2.0,5.0,2.0,1.0,1.0,4.0,5.0,3.0,5.0,4.0,4.0,5.0,4.0,4.0,5.0,3.0,4.0,5.0,3.5
R_1hHk7ICzQQ6HIlY,hous,body_scan,1,19.0,female,United States,United States,1,3.0,1,1181,100,1,27.0,3.0,3.0,1.0,1.0,3.0,1.0,1.0,3.0,1.0,4.0,2.0,1.0,1.0,1.0,4.0,4.0,1.0,1.0,4.0,3.0,8.0,1.0,9.0,2.0,3.0,2.0,2.0,2.0,3.0,2.0,3.0,2.0,4.0,3.0,3.0,3.0,4.0,3.0,4.0,3.0,3.0,3.0,4.0,2.9
R_2EGjvqJOJVkRhb1,iowa,mindful_walking,1,20.0,male,United States,United States,1,2.0,1,29330,100,1,31.0,4.0,4.0,1.0,1.0,3.0,1.0,2.0,3.0,1.0,3.0,4.0,2.0,2.0,2.0,4.0,2.0,2.0,2.0,4.0,4.0,7.0,3.0,9.0,2.0,1.0,1.0,2.0,1.0,4.0,1.0,2.0,2.0,2.0,1.0,4.0,3.0,4.0,4.0,5.0,3.0,3.0,4.0,4.0,2.65
R_2EE95U0y9uG8scA,flor,mindful_walking,1,19.0,female,United States,United States,1,3.0,1,1120,100,1,51.0,2.0,2.0,3.0,3.0,2.0,2.0,3.0,3.0,1.0,3.0,3.0,3.0,3.0,1.0,1.0,2.0,3.0,1.0,2.0,2.0,5.0,3.0,5.0,2.0,3.0,2.0,1.0,4.0,4.0,4.0,5.0,4.0,5.0,4.0,4.0,2.0,2.0,4.0,2.0,4.0,2.0,4.0,4.0,3.3
R_BKYllb4g1jFlvGh,hous,body_scan,1,19.0,female,United States,United States,0,3.0,1,1262,100,1,32.0,3.0,3.0,1.0,1.0,3.0,1.0,2.0,3.0,1.0,3.0,2.0,1.0,1.0,1.0,3.0,3.0,1.0,1.0,3.0,3.0,7.0,2.0,5.0,2.0,2.0,2.0,2.0,5.0,4.0,3.0,4.0,2.0,4.0,2.0,4.0,1.0,1.0,3.0,4.0,2.0,1.0,3.0,4.0,2.75
R_1kYp3xhbESNO3sf,glen,mindful_breathing,1,50.0,male,United States,United States,1,3.0,1,1522,100,1,31.0,3.0,3.0,1.0,3.0,4.0,1.0,1.0,3.0,1.0,3.0,4.0,1.0,1.0,1.0,4.0,3.0,2.0,1.0,2.0,3.0,8.0,4.0,8.0,3.0,2.0,3.0,3.0,3.0,4.0,3.0,4.0,4.0,4.0,3.0,4.0,3.0,3.0,4.0,3.0,4.0,3.0,3.0,3.0,3.3
R_ufB6z03tGcy2i2J,hous,loving_kindness,1,21.0,female,United States,United States,0,2.0,1,1232,100,1,45.0,3.0,3.0,2.0,2.0,2.0,2.0,2.0,2.0,2.0,3.0,3.0,2.0,2.0,2.0,2.0,2.0,2.0,2.0,3.0,2.0,5.0,4.0,6.0,2.0,2.0,2.0,2.0,2.0,3.0,1.0,2.0,2.0,2.0,2.0,4.0,2.0,2.0,4.0,2.0,4.0,4.0,4.0,4.0,2.6
R_12FsqNZlrEBl9jh,suny,mindful_walking,1,18.0,male,United States,United States,1,3.0,1,1241,100,1,37.0,4.0,2.0,1.0,2.0,3.0,1.0,1.0,3.0,1.0,2.0,1.0,1.0,1.0,1.0,2.0,2.0,3.0,1.0,3.0,4.0,7.0,5.0,4.0,5.0,5.0,5.0,2.0,4.0,4.0,1.0,4.0,5.0,5.0,1.0,2.0,2.0,3.0,1.0,2.0,3.0,2.0,1.0,2.0,2.95
R_2VeSYHEBQkVhjET,olaf,control_book,0,20.0,female,United States,Belarus,0,2.0,1,3396,100,1,48.0,2.0,3.0,3.0,2.0,2.0,1.0,2.0,1.0,1.0,2.0,3.0,3.0,1.0,2.0,2.0,2.0,2.0,2.0,2.0,2.0,5.0,6.0,7.0,3.0,2.0,3.0,2.0,2.0,4.0,2.0,2.0,3.0,4.0,3.0,4.0,4.0,2.0,4.0,3.0,3.0,4.0,4.0,3.0,3.05
R_CaAfBf26Sls0cYF,flor,control_book,0,19.0,female,United States,United States,1,3.0,1,1334,100,1,36.0,3.0,3.0,1.0,1.0,3.0,1.0,2.0,2.0,1.0,3.0,2.0,1.0,1.0,3.0,3.0,3.0,1.0,2.0,3.0,3.0,6.0,3.0,3.0,4.0,4.0,4.0,4.0,2.0,4.0,2.0,3.0,4.0,4.0,2.0,3.0,2.0,2.0,2.0,4.0,2.0,2.0,4.0,4.0,3.1
R_2D174bW0ZDBz9Mx,flor,body_scan,1,21.0,female,United States,United States,1,3.0,1,1246,100,1,31.0,3.0,3.0,1.0,1.0,4.0,1.0,1.0,3.0,1.0,3.0,3.0,2.0,1.0,1.0,4.0,2.0,1.0,1.0,2.0,3.0,7.0,3.0,7.0,2.0,1.0,1.0,4.0,2.0,4.0,2.0,2.0,2.0,5.0,3.0,5.0,2.0,4.0,4.0,4.0,3.0,4.0,4.0,4.0,3.1
R_PO0c6zTWEmNKIRr,olaf,mindful_breathing,1,19.0,male,United States,United States,1,3.0,1,1284,100,1,34.0,4.0,2.0,1.0,1.0,3.0,1.0,1.0,3.0,1.0,3.0,2.0,2.0,1.0,1.0,3.0,2.0,1.0,1.0,3.0,2.0,8.0,3.0,7.0,2.0,2.0,2.0,1.0,4.0,3.0,3.0,3.0,3.0,5.0,3.0,2.0,5.0,2.0,4.0,3.0,4.0,4.0,4.0,5.0,3.2
R_ZDCJIAr7PVSVf6p,utah,mindful_breathing,1,20.0,female,United States,United States,1,3.0,1,1038,100,1,25.0,4.0,3.0,1.0,1.0,4.0,1.0,3.0,4.0,1.0,4.0,3.0,1.0,1.0,2.0,4.0,4.0,1.0,1.0,4.0,4.0,7.0,3.0,6.0,4.0,2.0,4.0,4.0,5.0,5.0,2.0,5.0,4.0,5.0,2.0,4.0,2.0,1.0,4.0,2.0,4.0,1.0,3.0,3.0,3.3
R_D13fvscUxREuoJb,utah,loving_kindness,1,22.0,female,United States,United States,1,3.0,1,1169,100,1,35.0,3.0,3.0,1.0,1.0,4.0,1.0,1.0,2.0,1.0,4.0,4.0,1.0,2.0,4.0,4.0,2.0,2.0,1.0,2.0,2.0,6.0,4.0,7.0,3.0,3.0,2.0,1.0,2.0,4.0,2.0,4.0,2.0,4.0,2.0,4.0,2.0,3.0,4.0,3.0,2.0,3.0,4.0,3.0,2.85
R_3JrUmbOZilbp7s7,jose,body_scan,1,19.0,male,United States,United States,1,3.0,1,1303,100,1,30.0,3.0,3.0,1.0,1.0,3.0,1.0,1.0,3.0,1.0,4.0,2.0,1.0,1.0,1.0,3.0,2.0,1.0,1.0,3.0,4.0,6.0,3.0,5.0,2.0,1.0,3.0,1.0,4.0,2.0,2.0,1.0,5.0,4.0,3.0,5.0,3.0,5.0,4.0,4.0,4.0,5.0,2.0,2.0,3.1
R_2wgcXuwobKS9HiI,hous,mindful_walking,1,23.0,male,United States,United States,1,3.0,1,1285,100,1,52.0,2.0,2.0,3.0,1.0,1.0,2.0,4.0,2.0,2.0,2.0,4.0,2.0,1.0,2.0,1.0,2.0,3.0,1.0,1.0,2.0,5.0,6.0,7.0,2.0,1.0,2.0,1.0,4.0,5.0,1.0,5.0,4.0,5.0,3.0,5.0,2.0,2.0,4.0,1.0,3.0,5.0,4.0,4.0,3.15
R_2wRoLNDGl008IIK,jose,control_book,0,19.0,female,United States,United States,1,3.0,1,1115,100,1,20.0,4.0,4.0,1.0,1.0,4.0,1.0,1.0,4.0,1.0,4.0,4.0,1.0,1.0,1.0,4.0,4.0,1.0,1.0,4.0,4.0,9.0,1.0,9.0,1.0,1.0,2.0,2.0,1.0,4.0,1.0,2.0,4.0,5.0,1.0,4.0,2.0,2.0,5.0,4.0,1.0,2.0,4.0,5.0,2.65
R_3Gv1HR5j4TTSuBa,hous,body_scan,1,25.0,female,United States,United States,1,3.0,1,2602,100,1,54.0,1.0,2.0,2.0,1.0,2.0,3.0,3.0,2.0,1.0,1.0,2.0,2.0,2.0,2.0,2.0,2.0,2.0,2.0,1.0,1.0,6.0,6.0,5.0,4.0,5.0,4.0,3.0,4.0,4.0,4.0,5.0,4.0,4.0,2.0,2.0,4.0,2.0,1.0,2.0,3.0,2.0,1.0,4.0,3.2
R_1XJ0HpfwVUS92h3,iowa,control_book,0,19.0,male,United States,United States,1,2.0,1,1154,100,1,20.0,4.0,4.0,1.0,1.0,4.0,1.0,1.0,4.0,1.0,4.0,4.0,1.0,1.0,1.0,4.0,4.0,1.0,1.0,4.0,4.0,9.0,2.0,9.0,2.0,2.0,2.0,2.0,2.0,2.0,2.0,2.0,2.0,2.0,3.0,4.0,4.0,4.0,4.0,4.0,3.0,4.0,4.0,4.0,2.9
R_3ixylQ3IYEn67Ha,utah,mindful_walking,1,21.0,female,United States,United States,1,3.0,1,1121,100,1,28.0,4.0,3.0,2.0,1.0,3.0,1.0,2.0,4.0,1.0,4.0,3.0,1.0,1.0,3.0,4.0,4.0,1.0,2.0,4.0,4.0,8.0,5.0,1.0,3.0,4.0,3.0,3.0,5.0,3.0,3.0,5.0,4.0,5.0,3.0,3.0,4.0,3.0,2.0,1.0,3.0,1.0,2.0,2.0,3.1
R_2xS64kXR2mfENMW,flor,mindful_breathing,1,19.0,female,United States,United States,1,3.0,1,1203,100,1,30.0,3.0,3.0,2.0,1.0,3.0,1.0,1.0,3.0,1.0,4.0,3.0,1.0,1.0,1.0,4.0,3.0,1.0,2.0,3.0,3.0,7.0,4.0,5.0,2.0,3.0,3.0,2.0,4.0,2.0,4.0,4.0,2.0,5.0,3.0,5.0,2.0,2.0,4.0,3.0,4.0,2.0,2.0,5.0,3.15
R_2OTSi22ZgDmQYjo,hous,loving_kindness,1,19.0,female,United States,United States,1,3.0,1,1698,100,1,34.0,3.0,3.0,1.0,1.0,3.0,1.0,1.0,3.0,1.0,3.0,2.0,2.0,1.0,1.0,3.0,3.0,2.0,1.0,2.0,3.0,7.0,4.0,4.0,4.0,4.0,4.0,5.0,4.0,5.0,4.0,5.0,5.0,5.0,2.0,2.0,2.0,3.0,2.0,1.0,2.0,2.0,2.0,2.0,3.25
R_1JOAVuQAGzETQEu,aust,loving_kindness,1,33.0,female,Australia,Australia,1,3.0,1,1637,100,1,33.0,3.0,3.0,1.0,2.0,2.0,2.0,1.0,3.0,1.0,3.0,3.0,1.0,1.0,1.0,2.0,3.0,1.0,1.0,4.0,3.0,7.0,3.0,8.0,2.0,2.0,2.0,4.0,1.0,4.0,4.0,1.0,1.0,2.0,2.0,5.0,4.0,4.0,4.0,5.0,4.0,4.0,5.0,5.0,3.25
R_pbmbhzl80bpXOut,nort2,mindful_walking,1,64.0,female,Englad,United Kingdom,1,3.0,1,1736,100,1,31.0,3.0,3.0,1.0,1.0,3.0,1.0,1.0,3.0,1.0,4.0,2.0,1.0,1.0,1.0,3.0,3.0,2.0,1.0,3.0,3.0,8.0,4.0,7.0,2.0,3.0,1.0,1.0,1.0,2.0,3.0,2.0,2.0,3.0,5.0,4.0,3.0,2.0,2.0,3.0,4.0,3.0,5.0,3.0,2.7
R_AtvoDH4144w2FsB,seeb,mindful_breathing,1,22.0,female,Austria,Austria,0,2.0,1,1471,100,1,33.0,3.0,2.0,1.0,1.0,3.0,1.0,1.0,2.0,1.0,3.0,3.0,1.0,1.0,1.0,3.0,3.0,1.0,2.0,3.0,3.0,8.0,3.0,6.0,3.0,2.0,3.0,4.0,5.0,5.0,5.0,4.0,4.0,5.0,3.0,4.0,2.0,1.0,4.0,2.0,3.0,2.0,2.0,3.0,3.3
R_3OcAF2iSYTmdu7X,kons,body_scan,1,20.0,female,Germany,Germany,0,2.0,1,1543,100,1,29.0,4.0,3.0,2.0,1.0,3.0,1.0,1.0,4.0,1.0,3.0,3.0,1.0,1.0,2.0,4.0,3.0,2.0,1.0,3.0,4.0,8.0,4.0,8.0,1.0,1.0,1.0,1.0,4.0,4.0,1.0,3.0,4.0,4.0,5.0,4.0,4.0,2.0,4.0,2.0,5.0,4.0,3.0,5.0,3.1
R_3fpAsqofB83CIet,utah,control_book,0,18.0,female,Utah,United States,1,3.0,1,1200,100,1,46.0,3.0,2.0,2.0,2.0,3.0,3.0,2.0,2.0,2.0,3.0,2.0,2.0,2.0,3.0,3.0,3.0,2.0,3.0,3.0,3.0,6.0,4.0,5.0,4.0,4.0,4.0,3.0,4.0,4.0,2.0,4.0,4.0,4.0,2.0,3.0,5.0,4.0,4.0,3.0,5.0,2.0,2.0,4.0,3.55
R_73anD7xsh5S8u9r,flor,body_scan,1,19.0,female,United States,United States,1,3.0,1,1428,100,1,32.0,4.0,3.0,3.0,2.0,4.0,1.0,2.0,3.0,1.0,4.0,3.0,1.0,1.0,2.0,4.0,3.0,3.0,1.0,3.0,4.0,7.0,3.0,5.0,4.0,3.0,4.0,3.0,2.0,5.0,2.0,4.0,4.0,5.0,2.0,2.0,2.0,2.0,3.0,2.0,4.0,2.0,4.0,5.0,3.2
R_1LvrtuVDLlOpP1N,utah,mindful_walking,1,22.0,male,United States,United States,1,3.0,1,1077,100,1,30.0,3.0,3.0,1.0,2.0,4.0,1.0,2.0,3.0,1.0,4.0,3.0,1.0,1.0,2.0,3.0,3.0,1.0,1.0,4.0,3.0,7.0,3.0,7.0,2.0,4.0,2.0,2.0,2.0,4.0,1.0,3.0,2.0,4.0,2.0,4.0,5.0,4.0,3.0,4.0,5.0,4.0,4.0,5.0,3.3
R_3oRCiO3PJmzKXYV,illi,control_book,0,18.0,female,United States,United States,1,3.0,1,1474,100,1,37.0,3.0,3.0,2.0,2.0,3.0,1.0,1.0,3.0,1.0,4.0,3.0,2.0,1.0,2.0,2.0,3.0,2.0,2.0,3.0,2.0,6.0,6.0,6.0,2.0,3.0,2.0,3.0,2.0,4.0,4.0,4.0,4.0,4.0,3.0,4.0,2.0,3.0,3.0,4.0,3.0,4.0,3.0,4.0,3.25
R_2yrN2pT05gbOCLz,flor,loving_kindness,1,19.0,female,United States,United States,1,3.0,1,1110,100,1,26.0,4.0,3.0,2.0,1.0,4.0,1.0,2.0,3.0,1.0,4.0,4.0,1.0,1.0,2.0,4.0,4.0,1.0,2.0,4.0,4.0,7.0,3.0,5.0,4.0,2.0,3.0,5.0,4.0,3.0,4.0,4.0,4.0,5.0,2.0,4.0,2.0,3.0,3.0,2.0,4.0,2.0,4.0,4.0,3.4
R_2VdpWmYmP0FO3BT,iowa,body_scan,1,19.0,female,United States,United States,1,3.0,1,1046,100,1,25.0,4.0,3.0,1.0,1.0,4.0,1.0,1.0,3.0,1.0,4.0,3.0,1.0,1.0,1.0,4.0,4.0,1.0,1.0,3.0,3.0,8.0,1.0,8.0,3.0,1.0,2.0,2.0,2.0,3.0,2.0,4.0,2.0,4.0,3.0,4.0,3.0,2.0,4.0,4.0,4.0,4.0,3.0,4.0,3.0
R_9zQJPcsRnRu91hD,utah,mindful_breathing,1,20.0,male,United States,United States,1,3.0,1,2848,100,1,33.0,2.0,1.0,1.0,1.0,4.0,1.0,1.0,2.0,1.0,4.0,3.0,1.0,1.0,1.0,3.0,4.0,1.0,1.0,1.0,3.0,8.0,3.0,7.0,1.0,1.0,2.0,1.0,1.0,1.0,1.0,2.0,1.0,2.0,1.0,4.0,3.0,1.0,4.0,4.0,1.0,2.0,4.0,4.0,2.05
R_2TGhkyTy4z8x4q9,utah,loving_kindness,1,19.0,female,United States,United States,1,3.0,1,1107,100,1,26.0,4.0,3.0,1.0,3.0,4.0,1.0,1.0,3.0,1.0,3.0,3.0,1.0,1.0,1.0,4.0,4.0,1.0,1.0,4.0,4.0,8.0,2.0,8.0,2.0,4.0,1.0,2.0,4.0,2.0,2.0,4.0,4.0,4.0,2.0,2.0,2.0,4.0,2.0,3.0,2.0,2.0,4.0,1.0,2.65
R_3FIofy6XU9MmKuk,illi,control_book,0,18.0,male,United States,United States,1,3.0,1,1207,100,1,36.0,4.0,3.0,1.0,2.0,2.0,1.0,1.0,3.0,1.0,2.0,2.0,2.0,2.0,3.0,4.0,3.0,1.0,1.0,3.0,3.0,8.0,6.0,7.0,2.0,2.0,2.0,2.0,2.0,2.0,3.0,2.0,2.0,2.0,4.0,4.0,4.0,5.0,4.0,5.0,4.0,4.0,4.0,4.0,3.15
R_1Qz45odycfQvSz6,flor,mindful_walking,1,20.0,female,United States,United States,1,3.0,1,2263,100,1,54.0,3.0,1.0,2.0,2.0,2.0,3.0,3.0,1.0,2.0,2.0,2.0,2.0,1.0,3.0,2.0,2.0,2.0,3.0,2.0,2.0,4.0,5.0,4.0,4.0,4.0,4.0,3.0,3.0,4.0,3.0,4.0,4.0,4.0,1.0,3.0,3.0,3.0,3.0,3.0,3.0,2.0,4.0,3.0,3.25
R_WfyxzSYUIovlLqN,witt,body_scan,1,19.0,male,United States,United States,1,3.0,1,1707,100,1,24.0,4.0,4.0,2.0,1.0,4.0,1.0,1.0,3.0,1.0,4.0,4.0,1.0,1.0,1.0,4.0,4.0,1.0,2.0,4.0,3.0,8.0,3.0,8.0,1.0,1.0,1.0,2.0,1.0,2.0,2.0,3.0,2.0,4.0,5.0,4.0,4.0,4.0,5.0,2.0,4.0,4.0,4.0,5.0,3.0
R_viOKKJFfulMzOXD,suny,control_book,0,19.0,female,United States,United States,1,3.0,1,1428,100,1,20.0,4.0,4.0,1.0,1.0,4.0,1.0,1.0,4.0,1.0,4.0,4.0,1.0,1.0,1.0,4.0,4.0,1.0,1.0,4.0,4.0,9.0,5.0,9.0,1.0,1.0,1.0,3.0,1.0,1.0,1.0,3.0,2.0,3.0,4.0,5.0,2.0,4.0,4.0,4.0,3.0,4.0,5.0,5.0,2.85
R_3sj2ABF2YTrWi0J,suny,mindful_walking,1,19.0,female,United States,United States,1,3.0,1,1276,100,1,40.0,2.0,2.0,2.0,1.0,2.0,1.0,1.0,2.0,1.0,3.0,2.0,1.0,1.0,1.0,2.0,2.0,1.0,1.0,2.0,2.0,6.0,2.0,5.0,3.0,3.0,3.0,3.0,2.0,3.0,2.0,3.0,3.0,3.0,3.0,4.0,2.0,2.0,3.0,3.0,2.0,2.0,4.0,3.0,2.8
R_07cFhCrARgrkccp,utah,mindful_breathing,1,19.0,female,United States,United States,1,3.0,1,1211,100,1,50.0,3.0,3.0,3.0,3.0,3.0,2.0,4.0,3.0,1.0,2.0,2.0,4.0,3.0,2.0,3.0,2.0,2.0,2.0,2.0,3.0,7.0,5.0,6.0,5.0,5.0,5.0,4.0,3.0,4.0,3.0,5.0,2.0,5.0,2.0,2.0,2.0,5.0,3.0,1.0,4.0,2.0,4.0,4.0,3.5
R_2pMKd0YQ6UxUaGE,utah,loving_kindness,1,24.0,male,United States,United States,1,2.0,1,2314,100,1,32.0,4.0,2.0,1.0,1.0,4.0,1.0,1.0,3.0,1.0,4.0,3.0,1.0,1.0,4.0,4.0,3.0,2.0,3.0,3.0,4.0,7.0,3.0,5.0,4.0,2.0,5.0,4.0,1.0,5.0,1.0,5.0,1.0,4.0,1.0,4.0,1.0,1.0,1.0,4.0,2.0,1.0,5.0,5.0,2.85
R_sSEMjKMcF2fAcPD,iowa,control_book,0,19.0,female,United States,United States,1,3.0,1,1568,100,1,31.0,2.0,4.0,1.0,1.0,3.0,1.0,1.0,4.0,1.0,3.0,2.0,1.0,1.0,1.0,2.0,4.0,2.0,1.0,3.0,3.0,7.0,4.0,6.0,2.0,3.0,2.0,2.0,4.0,4.0,2.0,4.0,3.0,4.0,4.0,4.0,3.0,3.0,3.0,4.0,4.0,3.0,3.0,3.0,3.2
R_125B7f1fnmTGVRz,suny,body_scan,1,18.0,female,United States,United States,1,3.0,1,1152,100,1,45.0,3.0,2.0,2.0,2.0,2.0,1.0,3.0,2.0,1.0,2.0,2.0,2.0,1.0,3.0,2.0,2.0,1.0,1.0,3.0,2.0,5.0,5.0,5.0,4.0,3.0,3.0,4.0,4.0,4.0,2.0,4.0,4.0,4.0,3.0,2.0,2.0,2.0,3.0,3.0,3.0,3.0,3.0,4.0,3.2
R_2S2ZRNTj23vxWaK,utah,mindful_breathing,1,18.0,female,United States,United States,1,3.0,1,1171,100,1,48.0,4.0,2.0,2.0,2.0,4.0,4.0,4.0,2.0,2.0,3.0,1.0,2.0,1.0,2.0,3.0,2.0,2.0,3.0,3.0,2.0,3.0,2.0,4.0,4.0,5.0,5.0,3.0,3.0,4.0,3.0,2.0,5.0,5.0,4.0,3.0,2.0,2.0,2.0,4.0,3.0,4.0,3.0,3.0,3.45
R_zc1paTBwHTYn3iN,suny,mindful_walking,1,18.0,male,United States,Ecuador,0,2.0,1,1397,100,1,37.0,3.0,3.0,1.0,3.0,4.0,1.0,2.0,4.0,1.0,3.0,3.0,3.0,2.0,2.0,3.0,3.0,2.0,2.0,3.0,3.0,7.0,5.0,9.0,2.0,2.0,3.0,2.0,2.0,2.0,2.0,2.0,2.0,2.0,3.0,3.0,2.0,3.0,3.0,2.0,2.0,2.0,2.0,2.0,2.25
R_DutQnnb56gFMid3,flor,loving_kindness,1,21.0,female,United States,United States,1,3.0,1,1284,100,1,35.0,3.0,1.0,1.0,1.0,3.0,1.0,1.0,3.0,1.0,3.0,2.0,1.0,1.0,1.0,3.0,2.0,1.0,1.0,2.0,3.0,7.0,2.0,6.0,3.0,3.0,3.0,3.0,3.0,3.0,3.0,3.0,3.0,3.0,3.0,3.0,3.0,3.0,3.0,3.0,3.0,3.0,3.0,3.0,3.0
R_1BxJP9nojYN5l4d,jose,control_book,0,22.0,female,United States,United States,1,3.0,1,1447,100,1,46.0,2.0,2.0,1.0,2.0,2.0,1.0,3.0,2.0,1.0,3.0,2.0,2.0,1.0,2.0,3.0,2.0,4.0,1.0,2.0,2.0,5.0,6.0,4.0,1.0,5.0,2.0,3.0,3.0,4.0,2.0,5.0,3.0,5.0,2.0,4.0,4.0,2.0,2.0,2.0,1.0,3.0,4.0,5.0,3.1
R_1hTqg6sZuUXjBqa,iowa,mindful_breathing,1,19.0,male,United States,United States,1,2.0,1,1065,100,1,20.0,4.0,4.0,1.0,1.0,4.0,1.0,1.0,4.0,1.0,4.0,4.0,1.0,1.0,1.0,4.0,4.0,1.0,1.0,4.0,4.0,9.0,3.0,7.0,1.0,1.0,1.0,1.0,1.0,1.0,1.0,1.0,1.0,1.0,3.0,5.0,5.0,4.0,5.0,5.0,3.0,5.0,5.0,5.0,2.75
R_3kBXkGjchj5dALT,illi,mindful_walking,1,18.0,male,United States,United States,1,3.0,1,1108,100,1,27.0,4.0,4.0,1.0,1.0,3.0,1.0,1.0,3.0,1.0,3.0,3.0,1.0,1.0,1.0,4.0,3.0,1.0,1.0,4.0,2.0,7.0,2.0,6.0,4.0,4.0,4.0,1.0,1.0,4.0,1.0,2.0,1.0,2.0,2.0,2.0,4.0,4.0,2.0,4.0,4.0,5.0,5.0,3.0,2.95
R_3j2JtMIe3j5OaOO,iowa,loving_kindness,1,20.0,male,United States,United States,1,3.0,1,3620,100,1,20.0,4.0,4.0,1.0,1.0,4.0,1.0,1.0,4.0,1.0,4.0,4.0,1.0,1.0,1.0,4.0,4.0,1.0,1.0,4.0,4.0,6.0,5.0,6.0,2.0,3.0,4.0,4.0,2.0,3.0,2.0,4.0,4.0,3.0,3.0,5.0,2.0,2.0,2.0,2.0,4.0,3.0,4.0,4.0,3.1
R_1GCj97xKSpGUku4,flor,body_scan,1,19.0,male,United States,United States,1,3.0,1,1153,100,1,39.0,3.0,3.0,1.0,2.0,3.0,1.0,1.0,2.0,2.0,3.0,2.0,1.0,1.0,1.0,3.0,2.0,1.0,3.0,2.0,2.0,6.0,5.0,4.0,4.0,3.0,2.0,2.0,2.0,5.0,2.0,4.0,4.0,5.0,2.0,4.0,3.0,2.0,3.0,2.0,2.0,3.0,5.0,2.0,3.05
R_1jl9S4bEJV4aPpw,utah,body_scan,1,18.0,female,United States,United States,1,3.0,1,1418,100,1,74.0,2.0,1.0,4.0,4.0,1.0,4.0,4.0,2.0,2.0,1.0,1.0,4.0,4.0,4.0,2.0,2.0,4.0,4.0,1.0,1.0,4.0,1.0,5.0,5.0,5.0,5.0,4.0,3.0,5.0,2.0,5.0,3.0,5.0,1.0,3.0,2.0,3.0,3.0,2.0,3.0,2.0,5.0,3.0,3.45
R_124nZnPiyRGFEaF,hous,mindful_breathing,1,20.0,female,U.S,U.S,1,3.0,1,1121,100,1,42.0,2.0,3.0,2.0,3.0,2.0,2.0,3.0,2.0,1.0,3.0,3.0,1.0,1.0,1.0,3.0,3.0,3.0,1.0,3.0,2.0,4.0,4.0,6.0,5.0,3.0,5.0,5.0,1.0,2.0,1.0,4.0,2.0,4.0,4.0,4.0,1.0,2.0,3.0,2.0,5.0,4.0,2.0,2.0,3.05
R_1r2NzRdbYmTJds4,utah,control_book,0,20.0,female,United States,United States,1,3.0,1,1293,100,1,32.0,3.0,4.0,1.0,1.0,3.0,1.0,1.0,3.0,2.0,3.0,2.0,1.0,1.0,2.0,3.0,4.0,2.0,1.0,3.0,3.0,7.0,4.0,5.0,4.0,1.0,4.0,2.0,4.0,2.0,2.0,2.0,3.0,4.0,2.0,5.0,4.0,3.0,4.0,4.0,5.0,4.0,3.0,5.0,3.35
R_2P86U4tI1pvrnkq,jose,control_book,0,21.0,male,United States,United States,1,3.0,1,8642,100,1,32.0,3.0,3.0,1.0,1.0,3.0,1.0,1.0,2.0,1.0,3.0,2.0,1.0,1.0,1.0,3.0,3.0,1.0,1.0,3.0,3.0,6.0,4.0,4.0,4.0,4.0,4.0,2.0,3.0,4.0,1.0,2.0,4.0,2.0,2.0,2.0,4.0,4.0,2.0,4.0,3.0,4.0,3.0,4.0,3.1
R_2wAlWxAD7NX3UWI,niow,body_scan,1,39.0,female,United States,United States,1,3.0,1,1373,100,1,22.0,4.0,3.0,1.0,1.0,4.0,1.0,1.0,4.0,1.0,4.0,3.0,1.0,1.0,1.0,4.0,4.0,1.0,1.0,4.0,4.0,7.0,1.0,5.0,2.0,2.0,2.0,4.0,1.0,3.0,2.0,1.0,1.0,2.0,2.0,4.0,4.0,2.0,4.0,2.0,4.0,4.0,4.0,5.0,2.75
R_3kHyJ0rsEV4LJQL,utah,loving_kindness,1,,female,United States,Mexico,0,2.0,1,4465,100,1,32.0,4.0,2.0,1.0,1.0,3.0,1.0,1.0,3.0,1.0,3.0,2.0,1.0,1.0,2.0,3.0,3.0,1.0,1.0,3.0,3.0,7.0,3.0,6.0,4.0,4.0,3.0,4.0,5.0,5.0,2.0,5.0,4.0,5.0,3.0,2.0,3.0,2.0,2.0,3.0,5.0,2.0,3.0,4.0,3.5
R_1gcp9AM4eGWPOVA,kons,mindful_walking,1,25.0,other,Germany,Germany,0,2.0,1,1107,100,1,39.0,4.0,2.0,2.0,3.0,2.0,2.0,1.0,3.0,2.0,1.0,2.0,2.0,1.0,1.0,4.0,3.0,2.0,1.0,3.0,4.0,7.0,2.0,8.0,4.0,3.0,4.0,1.0,1.0,5.0,1.0,2.0,3.0,5.0,1.0,1.0,1.0,5.0,1.0,3.0,4.0,3.0,5.0,4.0,2.85
R_115ybmFMOVERD1h,hous,mindful_breathing,1,19.0,female,United States,United States,0,3.0,1,1263,100,1,32.0,3.0,2.0,1.0,1.0,2.0,1.0,2.0,3.0,1.0,4.0,2.0,1.0,1.0,1.0,4.0,3.0,1.0,1.0,3.0,3.0,7.0,5.0,5.0,2.0,3.0,3.0,3.0,2.0,4.0,2.0,3.0,4.0,4.0,4.0,3.0,2.0,4.0,3.0,4.0,3.0,3.0,3.0,4.0,3.15
R_3saDpapzXzN3d7X,flor,mindful_walking,1,18.0,male,United States,United States,1,3.0,1,1563,100,1,35.0,4.0,3.0,1.0,2.0,3.0,1.0,2.0,2.0,1.0,3.0,3.0,2.0,2.0,2.0,4.0,4.0,1.0,2.0,2.0,3.0,8.0,5.0,5.0,3.0,3.0,3.0,3.0,2.0,4.0,3.0,3.0,5.0,4.0,3.0,5.0,3.0,2.0,3.0,3.0,4.0,2.0,3.0,3.0,3.2
R_1PbWMAaQWA4DbhH,flor,body_scan,1,21.0,male,United States,United States,0,3.0,1,1247,100,1,38.0,3.0,3.0,2.0,1.0,2.0,1.0,1.0,3.0,1.0,2.0,3.0,2.0,1.0,2.0,2.0,2.0,2.0,2.0,4.0,3.0,6.0,5.0,8.0,2.0,4.0,2.0,4.0,2.0,5.0,2.0,2.0,2.0,4.0,4.0,2.0,4.0,4.0,2.0,4.0,1.0,4.0,4.0,4.0,3.1
R_3n922RgzXieRU76,illi,mindful_breathing,1,20.0,male,United States,United States,1,3.0,1,1123,100,1,23.0,4.0,4.0,1.0,1.0,4.0,1.0,2.0,4.0,1.0,4.0,4.0,1.0,1.0,2.0,4.0,3.0,1.0,1.0,4.0,4.0,8.0,2.0,8.0,1.0,1.0,1.0,1.0,2.0,3.0,2.0,2.0,2.0,3.0,5.0,5.0,4.0,4.0,5.0,5.0,4.0,4.0,4.0,5.0,3.15
R_3Kqpc3Wk1Bl0mQO,jose,mindful_walking,1,18.0,female,United States,Philippines,0,3.0,1,1286,100,1,23.0,4.0,3.0,1.0,1.0,4.0,1.0,1.0,4.0,1.0,4.0,4.0,1.0,1.0,3.0,4.0,4.0,1.0,1.0,4.0,4.0,7.0,3.0,9.0,4.0,2.0,3.0,4.0,5.0,3.0,5.0,5.0,4.0,5.0,3.0,5.0,2.0,2.0,4.0,3.0,3.0,2.0,4.0,3.0,3.55
R_a990LiiALNNDKSZ,glen,control_book,0,20.0,female,United States,United States,1,3.0,1,1325,100,1,35.0,4.0,3.0,1.0,3.0,2.0,1.0,1.0,2.0,1.0,4.0,2.0,1.0,1.0,1.0,4.0,2.0,1.0,1.0,2.0,2.0,7.0,3.0,7.0,4.0,3.0,3.0,4.0,1.0,4.0,3.0,5.0,1.0,4.0,2.0,1.0,2.0,2.0,1.0,2.0,2.0,2.0,2.0,3.0,2.55
R_31z1srou8gIROML,hous,body_scan,1,23.0,male,United States,United States,1,3.0,1,1721,100,1,32.0,4.0,1.0,2.0,1.0,3.0,1.0,1.0,2.0,1.0,4.0,3.0,1.0,3.0,2.0,4.0,4.0,2.0,1.0,4.0,4.0,7.0,4.0,6.0,2.0,5.0,2.0,2.0,4.0,5.0,3.0,5.0,4.0,5.0,3.0,1.0,4.0,4.0,2.0,3.0,5.0,4.0,2.0,2.0,3.35
R_wXJ6ls9rVC278Hf,wurz,loving_kindness,1,19.0,male,Germany,Germany,0,2.0,1,1239,100,1,25.0,4.0,4.0,1.0,1.0,4.0,1.0,1.0,2.0,1.0,4.0,3.0,1.0,1.0,1.0,4.0,4.0,1.0,1.0,3.0,3.0,7.0,2.0,5.0,3.0,1.0,2.0,1.0,3.0,2.0,1.0,3.0,2.0,4.0,3.0,5.0,2.0,2.0,4.0,3.0,2.0,1.0,3.0,2.0,2.45
R_2q7Y5OnUkS3CGAM,utah,control_book,0,20.0,female,United States,United States,1,2.0,1,1145,100,1,34.0,3.0,3.0,3.0,2.0,3.0,1.0,2.0,4.0,1.0,4.0,3.0,2.0,1.0,2.0,2.0,3.0,1.0,1.0,4.0,3.0,7.0,4.0,5.0,2.0,1.0,1.0,1.0,1.0,2.0,1.0,2.0,2.0,2.0,2.0,5.0,3.0,4.0,4.0,4.0,3.0,4.0,4.0,4.0,2.6
R_111RxMfEBGtIhO8,jose,mindful_walking,1,21.0,male,United States,United States,1,3.0,1,1064,100,1,37.0,3.0,3.0,2.0,2.0,3.0,1.0,2.0,3.0,1.0,3.0,2.0,2.0,1.0,1.0,3.0,3.0,2.0,2.0,3.0,3.0,7.0,5.0,5.0,4.0,5.0,4.0,4.0,3.0,4.0,2.0,4.0,4.0,4.0,2.0,2.0,2.0,2.0,2.0,4.0,2.0,2.0,4.0,2.0,3.1
R_27khFJbvJfImWkE,seeb,mindful_breathing,1,22.0,female,Germany,Austria,0,2.0,1,1790,99,0,30.0,3.0,2.0,1.0,1.0,4.0,1.0,2.0,3.0,1.0,3.0,3.0,1.0,1.0,1.0,3.0,3.0,1.0,1.0,4.0,3.0,9.0,3.0,7.0,3.0,2.0,3.0,1.0,2.0,1.0,1.0,4.0,3.0,4.0,3.0,4.0,5.0,4.0,3.0,2.0,5.0,4.0,4.0,5.0,3.15
R_33jSqqv2XUcmfxx,flor,body_scan,1,20.0,female,United States,United States,1,3.0,1,1436,100,1,31.0,3.0,3.0,1.0,2.0,4.0,1.0,2.0,3.0,1.0,3.0,2.0,1.0,1.0,1.0,3.0,4.0,1.0,1.0,2.0,4.0,7.0,2.0,4.0,4.0,3.0,3.0,4.0,4.0,5.0,4.0,5.0,5.0,5.0,2.0,4.0,2.0,2.0,2.0,3.0,4.0,2.0,2.0,2.0,3.35
R_2P0VDsC4fEsiOzX,flor,mindful_breathing,1,19.0,female,United States,United States,1,3.0,1,1188,100,1,39.0,3.0,4.0,3.0,3.0,3.0,2.0,1.0,3.0,2.0,3.0,3.0,2.0,2.0,2.0,3.0,4.0,2.0,2.0,3.0,3.0,9.0,9.0,9.0,2.0,2.0,2.0,2.0,2.0,2.0,1.0,2.0,2.0,3.0,2.0,5.0,2.0,2.0,4.0,4.0,2.0,2.0,4.0,4.0,2.55
R_2Qmr7VldKPmXyQB,utah,loving_kindness,1,22.0,female,United States,United States,1,3.0,1,4269,100,1,32.0,3.0,2.0,1.0,1.0,3.0,1.0,3.0,3.0,1.0,4.0,3.0,1.0,1.0,1.0,4.0,3.0,2.0,1.0,2.0,4.0,7.0,4.0,5.0,4.0,3.0,4.0,4.0,3.0,4.0,2.0,4.0,2.0,5.0,3.0,4.0,2.0,2.0,2.0,2.0,2.0,2.0,4.0,2.0,3.0
R_9AZz1ViFqoR4cFP,illi,control_book,0,19.0,female,United States,Uniates States,1,3.0,1,1071,100,1,38.0,2.0,3.0,2.0,1.0,2.0,1.0,1.0,3.0,1.0,3.0,2.0,1.0,1.0,3.0,2.0,3.0,2.0,1.0,3.0,3.0,7.0,3.0,7.0,3.0,2.0,3.0,4.0,3.0,4.0,3.0,5.0,3.0,4.0,3.0,2.0,4.0,4.0,2.0,2.0,4.0,3.0,2.0,3.0,3.15
R_3EgLWCjRZE30E9i,flor,mindful_breathing,1,22.0,female,United States,United States,1,3.0,1,1433,100,1,30.0,3.0,3.0,1.0,1.0,3.0,1.0,1.0,3.0,1.0,3.0,3.0,1.0,1.0,1.0,3.0,3.0,1.0,1.0,3.0,3.0,7.0,2.0,5.0,2.0,2.0,2.0,2.0,2.0,2.0,4.0,3.0,2.0,4.0,4.0,3.0,2.0,4.0,4.0,4.0,2.0,2.0,4.0,4.0,2.9
R_XhQHgkQATj6kQY9,niow,loving_kindness,1,21.0,female,United States,United States,1,3.0,1,1338,100,1,35.0,3.0,1.0,1.0,1.0,3.0,1.0,1.0,2.0,1.0,3.0,2.0,2.0,1.0,3.0,4.0,4.0,1.0,1.0,2.0,4.0,8.0,3.0,5.0,4.0,5.0,4.0,2.0,4.0,4.0,4.0,4.0,5.0,4.0,2.0,1.0,2.0,4.0,3.0,2.0,4.0,2.0,2.0,5.0,3.35
R_4O6tyST6myiooXT,illi,mindful_walking,1,19.0,female,United States,United States,1,3.0,1,2294,100,1,34.0,3.0,3.0,1.0,2.0,3.0,1.0,3.0,3.0,1.0,3.0,3.0,1.0,1.0,1.0,3.0,3.0,2.0,1.0,3.0,3.0,6.0,5.0,5.0,3.0,2.0,4.0,3.0,4.0,3.0,2.0,4.0,4.0,4.0,3.0,4.0,2.0,2.0,4.0,3.0,3.0,2.0,4.0,4.0,3.2
R_1JW6V58r0152Zkh,niow,body_scan,1,20.0,female,United States,United States,1,3.0,1,1480,100,1,40.0,3.0,2.0,1.0,1.0,2.0,1.0,3.0,2.0,1.0,4.0,1.0,1.0,1.0,2.0,4.0,2.0,2.0,1.0,2.0,2.0,5.0,5.0,1.0,2.0,3.0,4.0,2.0,4.0,5.0,5.0,5.0,4.0,5.0,4.0,2.0,5.0,2.0,2.0,2.0,5.0,4.0,2.0,5.0,3.6
R_2b0Ovc0HE6UqJaD,indi,loving_kindness,1,18.0,female,United States,United States,1,3.0,1,1674,100,1,40.0,3.0,3.0,1.0,1.0,2.0,1.0,2.0,2.0,1.0,2.0,3.0,2.0,2.0,2.0,3.0,2.0,2.0,1.0,3.0,2.0,7.0,4.0,7.0,4.0,2.0,2.0,4.0,4.0,4.0,2.0,4.0,4.0,5.0,2.0,5.0,4.0,2.0,4.0,4.0,4.0,2.0,4.0,4.0,3.5
R_3DoT6tPeBw5og0H,illi,mindful_breathing,1,19.0,male,United States,United States,1,2.0,1,1125,100,1,30.0,3.0,3.0,1.0,1.0,3.0,1.0,2.0,4.0,1.0,2.0,4.0,2.0,1.0,1.0,3.0,4.0,1.0,1.0,3.0,3.0,8.0,4.0,9.0,2.0,1.0,2.0,4.0,3.0,4.0,1.0,4.0,4.0,5.0,4.0,5.0,2.0,3.0,5.0,4.0,2.0,4.0,4.0,4.0,3.35
R_3fxZqRsC0UE8mQs,hous,control_book,0,19.0,female,United States,United States,1,3.0,1,1131,100,1,40.0,2.0,3.0,2.0,1.0,3.0,1.0,1.0,2.0,1.0,2.0,3.0,1.0,1.0,1.0,2.0,2.0,1.0,3.0,2.0,2.0,6.0,3.0,5.0,3.0,2.0,2.0,3.0,2.0,2.0,4.0,5.0,2.0,3.0,4.0,4.0,4.0,3.0,4.0,4.0,3.0,2.0,4.0,2.0,3.1
R_32QjharMB4QFaDQ,utah,body_scan,1,20.0,female,United States,United States,1,3.0,1,1152,100,1,49.0,2.0,2.0,4.0,3.0,3.0,1.0,3.0,3.0,1.0,3.0,2.0,1.0,2.0,4.0,3.0,2.0,3.0,1.0,2.0,2.0,6.0,5.0,6.0,5.0,5.0,1.0,3.0,3.0,4.0,4.0,4.0,5.0,5.0,5.0,3.0,3.0,3.0,2.0,4.0,4.0,3.0,3.0,1.0,3.5
R_R9XNZP4PhRV7Fqp,illi,control_book,0,19.0,female,United States,United States,1,3.0,1,10033,100,1,46.0,3.0,2.0,2.0,2.0,3.0,1.0,3.0,3.0,2.0,3.0,3.0,2.0,3.0,4.0,2.0,3.0,3.0,1.0,3.0,2.0,7.0,8.0,5.0,3.0,2.0,4.0,3.0,4.0,3.0,3.0,4.0,4.0,4.0,3.0,4.0,3.0,3.0,4.0,3.0,3.0,3.0,3.0,3.0,3.3
R_1pmL2eiFgcphB9D,flor,mindful_breathing,1,20.0,female,United States,United States,1,3.0,1,2818,100,1,26.0,4.0,4.0,1.0,1.0,3.0,1.0,1.0,4.0,1.0,1.0,3.0,1.0,1.0,1.0,4.0,3.0,1.0,1.0,4.0,4.0,9.0,6.0,7.0,1.0,1.0,1.0,1.0,1.0,4.0,3.0,1.0,4.0,4.0,1.0,5.0,5.0,3.0,5.0,5.0,5.0,4.0,2.0,5.0,3.05
R_1N9CphsZOTU8Y10,pace,loving_kindness,1,27.0,female,United States,United States,1,3.0,1,1445,100,1,29.0,4.0,4.0,2.0,1.0,4.0,1.0,2.0,4.0,1.0,4.0,3.0,1.0,2.0,2.0,4.0,3.0,2.0,2.0,3.0,4.0,8.0,3.0,8.0,3.0,2.0,3.0,4.0,4.0,2.0,1.0,5.0,5.0,5.0,2.0,4.0,3.0,3.0,4.0,4.0,4.0,4.0,4.0,4.0,3.5
R_3qECEkIuaKOU0Tk,hous,mindful_walking,1,19.0,female,United States,United States,0,2.0,1,1231,100,1,31.0,3.0,4.0,1.0,1.0,4.0,1.0,1.0,3.0,1.0,3.0,4.0,1.0,3.0,3.0,3.0,4.0,1.0,2.0,3.0,3.0,9.0,1.0,9.0,2.0,1.0,2.0,3.0,4.0,4.0,2.0,4.0,2.0,4.0,2.0,5.0,4.0,2.0,5.0,5.0,4.0,2.0,4.0,2.0,3.15
R_2S1u7pocCEb1wDp,jose,control_book,0,19.0,female,United States,United States,1,3.0,1,1359,100,1,40.0,2.0,3.0,1.0,1.0,2.0,1.0,2.0,2.0,1.0,3.0,2.0,1.0,1.0,2.0,3.0,2.0,2.0,1.0,2.0,2.0,6.0,2.0,4.0,2.0,3.0,4.0,4.0,4.0,5.0,3.0,4.0,4.0,5.0,3.0,2.0,2.0,2.0,3.0,2.0,3.0,2.0,2.0,3.0,3.1
R_2QzfQttTqbcTdXd,jose,body_scan,1,19.0,non_binary,United States,United States,1,3.0,1,1137,100,1,59.0,1.0,2.0,3.0,3.0,2.0,2.0,2.0,1.0,1.0,1.0,1.0,4.0,2.0,2.0,1.0,2.0,2.0,3.0,2.0,2.0,3.0,7.0,5.0,2.0,3.0,2.0,2.0,4.0,4.0,3.0,5.0,3.0,5.0,2.0,3.0,2.0,1.0,3.0,2.0,2.0,3.0,3.0,3.0,2.85
R_38fTrPWKEfF9taV,flor,loving_kindness,1,19.0,female,United States,United States,1,3.0,1,1758,100,1,33.0,3.0,3.0,2.0,1.0,2.0,1.0,1.0,2.0,1.0,3.0,3.0,1.0,1.0,2.0,4.0,3.0,1.0,1.0,2.0,4.0,6.0,5.0,6.0,2.0,1.0,1.0,2.0,2.0,2.0,1.0,2.0,2.0,4.0,4.0,5.0,2.0,2.0,5.0,4.0,2.0,2.0,4.0,4.0,2.65
R_33eh50OIzV0f6kQ,illi,mindful_walking,1,19.0,male,I.S.,I.S.,1,3.0,1,1493,100,1,32.0,4.0,3.0,1.0,1.0,4.0,1.0,1.0,3.0,1.0,3.0,3.0,1.0,1.0,2.0,4.0,2.0,1.0,3.0,3.0,2.0,7.0,1.0,7.0,4.0,3.0,3.0,3.0,1.0,3.0,1.0,2.0,3.0,5.0,3.0,3.0,4.0,3.0,2.0,5.0,3.0,4.0,4.0,4.0,3.15
R_2QAmlkYaWfoBoms,olaf,mindful_breathing,1,20.0,male,United States,United States,0,3.0,1,1315,100,1,46.0,2.0,2.0,2.0,1.0,2.0,1.0,1.0,1.0,1.0,2.0,1.0,1.0,1.0,1.0,2.0,1.0,2.0,1.0,2.0,1.0,5.0,5.0,3.0,1.0,4.0,2.0,4.0,3.0,4.0,2.0,4.0,4.0,4.0,3.0,4.0,1.0,2.0,4.0,1.0,3.0,4.0,5.0,3.0,3.1
R_UWLphix45FH3s5z,aust,loving_kindness,1,18.0,female,Australia,Australia,1,3.0,1,1044,100,1,36.0,3.0,2.0,1.0,3.0,3.0,1.0,1.0,3.0,1.0,3.0,2.0,1.0,1.0,3.0,3.0,3.0,1.0,1.0,3.0,3.0,8.0,3.0,6.0,3.0,3.0,4.0,2.0,3.0,4.0,2.0,4.0,4.0,4.0,3.0,4.0,3.0,2.0,2.0,2.0,3.0,3.0,2.0,3.0,3.0
R_416uRKeArCcX4qZ,flor,mindful_walking,1,20.0,female,United States,United States,1,3.0,1,1148,100,1,26.0,4.0,4.0,1.0,1.0,3.0,1.0,1.0,4.0,1.0,4.0,3.0,1.0,1.0,1.0,3.0,3.0,1.0,1.0,3.0,3.0,7.0,1.0,7.0,4.0,4.0,4.0,2.0,2.0,3.0,3.0,4.0,4.0,4.0,2.0,3.0,2.0,4.0,3.0,4.0,3.0,2.0,4.0,4.0,3.25
R_1N8LNbrJ0KPqsx0,hous,mindful_breathing,1,21.0,female,United States,United States,1,3.0,1,1242,100,1,25.0,4.0,4.0,1.0,1.0,4.0,1.0,1.0,3.0,1.0,4.0,2.0,1.0,1.0,1.0,4.0,3.0,1.0,1.0,3.0,4.0,8.0,3.0,7.0,4.0,3.0,4.0,2.0,4.0,4.0,4.0,5.0,4.0,5.0,2.0,3.0,3.0,4.0,2.0,2.0,3.0,3.0,2.0,4.0,3.35
R_12SvmPtZnMjhPMp,aust,body_scan,1,19.0,male,Australia,South Africa,1,2.0,1,1445,100,1,40.0,2.0,2.0,1.0,1.0,2.0,1.0,1.0,3.0,1.0,2.0,2.0,1.0,1.0,1.0,2.0,2.0,1.0,2.0,2.0,2.0,6.0,6.0,6.0,2.0,2.0,1.0,2.0,2.0,1.0,2.0,2.0,1.0,2.0,2.0,4.0,2.0,4.0,4.0,4.0,4.0,4.0,4.0,2.0,2.55
R_1g6WFQ9uQlXVGEM,kons,control_book,0,20.0,female,Germany,Germany,0,2.0,1,1119,100,1,40.0,3.0,3.0,2.0,2.0,2.0,1.0,1.0,3.0,1.0,3.0,3.0,2.0,2.0,2.0,3.0,2.0,2.0,2.0,2.0,3.0,6.0,3.0,4.0,3.0,2.0,3.0,3.0,3.0,4.0,4.0,3.0,5.0,5.0,4.0,4.0,2.0,2.0,2.0,2.0,3.0,2.0,2.0,4.0,3.1
R_3dHexCgLxvufGdS,flor,mindful_walking,1,19.0,female,United States,United States,1,2.0,1,1453,100,1,28.0,4.0,3.0,1.0,1.0,3.0,1.0,1.0,2.0,1.0,3.0,4.0,1.0,1.0,1.0,3.0,4.0,1.0,2.0,4.0,3.0,9.0,2.0,7.0,2.0,1.0,1.0,1.0,1.0,1.0,1.0,3.0,1.0,3.0,5.0,5.0,4.0,5.0,5.0,3.0,4.0,5.0,5.0,5.0,3.05
R_elEirf8rFkzsHSN,illi,body_scan,1,21.0,male,United States,United States,1,3.0,1,1164,100,1,21.0,4.0,4.0,1.0,1.0,4.0,1.0,1.0,3.0,1.0,4.0,4.0,1.0,1.0,1.0,4.0,4.0,1.0,1.0,4.0,4.0,7.0,3.0,7.0,2.0,1.0,2.0,2.0,1.0,4.0,2.0,4.0,3.0,4.0,4.0,4.0,4.0,4.0,3.0,5.0,5.0,2.0,5.0,5.0,3.3
R_W6yX7u4lynnYnyV,loyo,loving_kindness,1,,self_describe,United States,United States,1,3.0,1,1313,100,1,50.0,4.0,2.0,2.0,3.0,2.0,2.0,3.0,3.0,2.0,3.0,2.0,3.0,2.0,3.0,2.0,2.0,3.0,2.0,3.0,2.0,6.0,7.0,5.0,4.0,4.0,4.0,4.0,4.0,5.0,2.0,4.0,3.0,5.0,2.0,4.0,4.0,4.0,2.0,4.0,5.0,4.0,2.0,4.0,3.7
R_TnMz9rPz2ID8PVT,hous,mindful_breathing,1,36.0,female,United States,Mexico,1,2.0,1,1301,100,1,41.0,3.0,3.0,2.0,2.0,3.0,1.0,2.0,2.0,1.0,3.0,3.0,2.0,1.0,2.0,2.0,3.0,2.0,2.0,2.0,2.0,7.0,1.0,8.0,4.0,1.0,2.0,4.0,3.0,4.0,3.0,4.0,2.0,4.0,2.0,4.0,1.0,2.0,4.0,2.0,1.0,2.0,2.0,2.0,2.65
R_2EbjNd4nS9Mr0Zr,glen,loving_kindness,1,41.0,female,United States,United States,1,3.0,1,1210,100,1,20.0,4.0,4.0,1.0,1.0,4.0,1.0,1.0,4.0,1.0,4.0,4.0,1.0,1.0,1.0,4.0,4.0,1.0,1.0,4.0,4.0,9.0,2.0,8.0,1.0,1.0,1.0,1.0,1.0,1.0,1.0,2.0,1.0,3.0,5.0,5.0,2.0,2.0,4.0,4.0,4.0,2.0,3.0,2.0,2.3
R_1o1nsl7G1qLfLQc,flor,mindful_walking,1,20.0,female,United States,Afghanistan,0,2.0,1,1794,100,1,39.0,2.0,2.0,1.0,1.0,2.0,1.0,1.0,2.0,1.0,3.0,2.0,1.0,1.0,1.0,2.0,2.0,1.0,1.0,2.0,2.0,7.0,1.0,5.0,3.0,1.0,4.0,1.0,1.0,1.0,1.0,1.0,3.0,2.0,3.0,5.0,4.0,4.0,5.0,4.0,1.0,5.0,4.0,4.0,2.85
R_24k4OB9OUjmcRUv,glen,mindful_breathing,1,43.0,female,United States,United States,1,3.0,1,1277,100,1,23.0,4.0,4.0,1.0,2.0,4.0,1.0,1.0,4.0,1.0,3.0,4.0,1.0,1.0,1.0,3.0,4.0,1.0,1.0,4.0,4.0,9.0,1.0,9.0,2.0,1.0,1.0,2.0,2.0,3.0,3.0,2.0,4.0,4.0,3.0,5.0,3.0,2.0,4.0,5.0,2.0,3.0,4.0,3.0,2.9
R_RP12vHlXyGHVFOp,utah,body_scan,1,19.0,female,United States,United States,1,3.0,1,1126,100,1,29.0,4.0,2.0,1.0,1.0,4.0,1.0,1.0,3.0,1.0,4.0,2.0,1.0,1.0,1.0,2.0,4.0,1.0,2.0,4.0,3.0,7.0,5.0,7.0,5.0,3.0,5.0,4.0,5.0,5.0,1.0,5.0,5.0,5.0,1.0,4.0,4.0,1.0,5.0,1.0,4.0,5.0,1.0,4.0,3.65
R_OHZK1F7w7Y5Gq7D,flor,loving_kindness,1,20.0,female,United States,United States,1,3.0,1,1372,100,1,30.0,3.0,3.0,1.0,1.0,3.0,1.0,1.0,3.0,1.0,3.0,3.0,1.0,1.0,1.0,3.0,3.0,1.0,1.0,3.0,3.0,7.0,3.0,7.0,2.0,1.0,1.0,3.0,3.0,2.0,2.0,3.0,2.0,2.0,2.0,4.0,2.0,4.0,4.0,4.0,2.0,3.0,3.0,3.0,2.6
R_XmMIn0Gqp42dyPD,flor,mindful_walking,1,18.0,female,United States,United States,1,2.0,1,1447,100,1,26.0,4.0,3.0,2.0,1.0,4.0,1.0,1.0,3.0,1.0,4.0,3.0,1.0,1.0,1.0,4.0,3.0,1.0,1.0,4.0,3.0,8.0,7.0,9.0,3.0,1.0,2.0,4.0,3.0,4.0,1.0,4.0,3.0,4.0,3.0,5.0,2.0,2.0,5.0,4.0,3.0,2.0,4.0,4.0,3.15
R_UxWgNmIO0GESO4N,hous,mindful_walking,1,21.0,female,United States,United States,1,2.0,1,1142,100,1,33.0,3.0,3.0,2.0,1.0,3.0,1.0,1.0,3.0,1.0,3.0,3.0,1.0,2.0,2.0,3.0,3.0,1.0,1.0,3.0,3.0,8.0,3.0,7.0,2.0,1.0,2.0,4.0,3.0,4.0,1.0,4.0,4.0,4.0,3.0,4.0,2.0,3.0,4.0,4.0,2.0,2.0,4.0,4.0,3.05
R_2Y54FXDDXc0jbRy,flor,body_scan,1,45.0,female,United States,United States,1,3.0,1,86134,100,1,28.0,3.0,3.0,1.0,1.0,3.0,1.0,1.0,4.0,1.0,4.0,3.0,1.0,1.0,1.0,3.0,4.0,2.0,1.0,3.0,3.0,7.0,1.0,2.0,2.0,2.0,1.0,1.0,1.0,2.0,1.0,4.0,1.0,3.0,5.0,4.0,1.0,1.0,2.0,3.0,2.0,1.0,3.0,2.0,2.1
R_Y0rLcLaoJviZLSp,jose,loving_kindness,1,20.0,female,United States,United States,1,3.0,1,1129,100,1,28.0,3.0,3.0,1.0,1.0,3.0,1.0,1.0,3.0,1.0,4.0,3.0,1.0,1.0,2.0,4.0,3.0,1.0,1.0,3.0,4.0,6.0,2.0,7.0,4.0,3.0,3.0,3.0,3.0,4.0,3.0,4.0,3.0,4.0,2.0,4.0,2.0,2.0,3.0,4.0,3.0,4.0,4.0,5.0,3.35
R_3j7YGu4L1KrG7vk,flor,mindful_breathing,1,19.0,female,United States,United States,1,3.0,1,2757,100,1,37.0,3.0,3.0,1.0,1.0,3.0,2.0,2.0,3.0,1.0,3.0,2.0,1.0,1.0,2.0,3.0,3.0,2.0,1.0,1.0,3.0,6.0,3.0,7.0,2.0,2.0,2.0,2.0,1.0,4.0,2.0,3.0,3.0,4.0,2.0,5.0,3.0,4.0,3.0,4.0,1.0,2.0,3.0,4.0,2.8
R_2cclBk49To7H2x7,utah,control_book,0,24.0,female,United States,United States,1,3.0,1,1093,100,1,32.0,3.0,4.0,1.0,1.0,2.0,1.0,1.0,3.0,1.0,4.0,2.0,1.0,3.0,1.0,3.0,3.0,1.0,1.0,2.0,4.0,7.0,4.0,6.0,4.0,2.0,3.0,4.0,3.0,4.0,3.0,4.0,3.0,5.0,2.0,4.0,2.0,2.0,3.0,4.0,3.0,2.0,5.0,4.0,3.3
R_xFcPg74LWMigRkR,glen,body_scan,1,40.0,female,United States,United States,1,2.0,1,1330,100,1,37.0,2.0,2.0,2.0,1.0,3.0,1.0,1.0,2.0,1.0,3.0,3.0,2.0,2.0,2.0,3.0,3.0,1.0,1.0,2.0,4.0,7.0,2.0,7.0,2.0,2.0,2.0,2.0,2.0,4.0,3.0,4.0,4.0,5.0,4.0,4.0,2.0,2.0,4.0,1.0,2.0,1.0,4.0,3.0,2.85
R_2rJwBv7oY1SJwpU,illi,mindful_walking,1,18.0,male,United States,United States,1,3.0,1,1433,100,1,24.0,4.0,3.0,1.0,1.0,4.0,1.0,1.0,3.0,1.0,4.0,3.0,1.0,1.0,1.0,4.0,4.0,1.0,1.0,3.0,4.0,9.0,5.0,9.0,1.0,2.0,1.0,2.0,4.0,1.0,1.0,2.0,2.0,2.0,1.0,5.0,4.0,4.0,4.0,5.0,5.0,4.0,4.0,2.0,2.8
R_bvm1KQNuHp7ahmF,hous,mindful_breathing,1,19.0,female,United States,United States,1,3.0,1,1043,100,1,33.0,3.0,4.0,2.0,3.0,3.0,1.0,2.0,4.0,1.0,3.0,4.0,3.0,1.0,2.0,2.0,3.0,1.0,1.0,4.0,4.0,7.0,4.0,7.0,2.0,2.0,2.0,2.0,4.0,3.0,2.0,5.0,2.0,5.0,4.0,5.0,4.0,5.0,5.0,3.0,4.0,2.0,3.0,4.0,3.4
R_25K24UeIH30X1gl,flor,body_scan,1,21.0,male,United States,United States,1,2.0,1,1119,100,1,32.0,3.0,3.0,1.0,1.0,3.0,1.0,1.0,3.0,1.0,3.0,3.0,1.0,1.0,1.0,3.0,3.0,1.0,1.0,3.0,1.0,7.0,1.0,5.0,4.0,2.0,2.0,3.0,4.0,4.0,2.0,4.0,3.0,4.0,3.0,3.0,2.0,2.0,2.0,3.0,2.0,3.0,2.0,2.0,2.8
R_3KT6S0aCNfQQmyr,flor,mindful_walking,1,19.0,female,United States,United States,1,3.0,1,1076,100,1,32.0,3.0,3.0,1.0,1.0,3.0,1.0,2.0,4.0,1.0,3.0,3.0,1.0,1.0,2.0,3.0,3.0,2.0,1.0,3.0,3.0,7.0,3.0,7.0,4.0,3.0,4.0,2.0,2.0,4.0,2.0,3.0,4.0,4.0,4.0,4.0,2.0,4.0,3.0,4.0,2.0,2.0,4.0,4.0,3.25
R_2zD6C2eIhzkqJoK,flor,mindful_breathing,1,19.0,female,United States,United States,1,3.0,1,34898,100,1,52.0,3.0,2.0,3.0,2.0,2.0,2.0,2.0,2.0,2.0,2.0,2.0,2.0,2.0,3.0,2.0,2.0,3.0,2.0,2.0,2.0,6.0,2.0,4.0,2.0,3.0,2.0,5.0,4.0,4.0,3.0,4.0,4.0,5.0,2.0,4.0,3.0,2.0,4.0,3.0,3.0,3.0,3.0,2.0,3.25
R_3J5fQw276irRQIB,illi,loving_kindness,1,18.0,male,United States,United States,1,3.0,1,2017,100,1,36.0,3.0,4.0,2.0,2.0,4.0,1.0,1.0,3.0,2.0,3.0,3.0,2.0,2.0,4.0,3.0,3.0,2.0,1.0,3.0,4.0,7.0,7.0,7.0,1.0,1.0,1.0,2.0,2.0,2.0,2.0,4.0,3.0,2.0,5.0,5.0,3.0,4.0,4.0,4.0,4.0,4.0,4.0,4.0,3.05
R_yCsoSGPLutxk1jj,utah,control_book,0,22.0,female,United States,Nepal,0,2.0,1,1156,100,1,46.0,2.0,3.0,3.0,2.0,2.0,1.0,3.0,3.0,2.0,3.0,2.0,3.0,2.0,3.0,3.0,2.0,1.0,2.0,3.0,3.0,7.0,7.0,5.0,3.0,3.0,3.0,4.0,4.0,4.0,3.0,4.0,4.0,5.0,3.0,3.0,2.0,2.0,2.0,2.0,3.0,4.0,3.0,4.0,3.25
R_1MNgUhlPUaa9aUt,jose,mindful_walking,1,20.0,male,United States,United States,1,3.0,1,1303,100,1,34.0,3.0,3.0,1.0,1.0,2.0,1.0,1.0,3.0,1.0,3.0,2.0,1.0,1.0,1.0,3.0,2.0,1.0,1.0,2.0,3.0,6.0,4.0,7.0,2.0,1.0,1.0,2.0,1.0,3.0,1.0,3.0,3.0,3.0,2.0,4.0,2.0,3.0,4.0,4.0,1.0,3.0,4.0,3.0,2.5
R_UQt1KsDj1zdfOZX,jose,mindful_breathing,1,20.0,male,United States,United States,1,3.0,1,1127,100,1,26.0,4.0,3.0,1.0,1.0,3.0,1.0,1.0,4.0,1.0,3.0,3.0,1.0,1.0,1.0,4.0,3.0,1.0,1.0,3.0,4.0,7.0,4.0,7.0,1.0,1.0,1.0,2.0,2.0,2.0,1.0,2.0,2.0,2.0,1.0,4.0,2.0,2.0,4.0,4.0,1.0,3.0,4.0,4.0,2.25
R_2sZHnefkmOTL8FD,hous,body_scan,1,21.0,female,United States,Nigeria,1,3.0,1,1363,100,1,46.0,2.0,2.0,2.0,3.0,2.0,1.0,1.0,2.0,1.0,2.0,3.0,2.0,2.0,2.0,2.0,2.0,2.0,1.0,2.0,2.0,5.0,3.0,6.0,2.0,2.0,2.0,2.0,1.0,2.0,2.0,4.0,2.0,2.0,3.0,4.0,5.0,4.0,4.0,4.0,4.0,4.0,4.0,4.0,3.05
R_3qlo9EYCwwUKQ8h,illi,loving_kindness,1,18.0,male,United States,United States,1,3.0,1,1172,100,1,26.0,4.0,3.0,1.0,1.0,3.0,1.0,1.0,3.0,1.0,3.0,3.0,1.0,1.0,1.0,4.0,4.0,1.0,1.0,3.0,4.0,7.0,2.0,5.0,2.0,2.0,3.0,2.0,2.0,3.0,2.0,3.0,3.0,4.0,2.0,4.0,3.0,3.0,4.0,4.0,3.0,2.0,3.0,2.0,2.8
R_1M7DpHCWOBoFdtL,jose,body_scan,1,18.0,female,United States,United States,0,2.0,1,1152,100,1,44.0,2.0,2.0,2.0,2.0,3.0,1.0,3.0,1.0,1.0,3.0,3.0,1.0,3.0,3.0,3.0,3.0,3.0,2.0,3.0,4.0,7.0,4.0,7.0,5.0,3.0,4.0,4.0,4.0,4.0,3.0,4.0,3.0,4.0,4.0,5.0,3.0,3.0,4.0,4.0,2.0,3.0,4.0,5.0,3.75
R_R2GMKJvu8wQPIlj,illi,control_book,0,19.0,male,United States,United States,1,3.0,1,2298,100,1,62.0,2.0,1.0,3.0,2.0,1.0,3.0,4.0,1.0,2.0,3.0,4.0,4.0,4.0,3.0,1.0,2.0,4.0,2.0,2.0,2.0,2.0,7.0,9.0,4.0,5.0,4.0,5.0,4.0,4.0,5.0,5.0,5.0,5.0,4.0,1.0,3.0,1.0,1.0,1.0,4.0,2.0,5.0,4.0,3.6
R_vTaGcaJkMHjhYWZ,illi,mindful_breathing,1,20.0,male,United States,United States,1,2.0,1,2327,100,1,50.0,1.0,2.0,1.0,1.0,2.0,2.0,2.0,1.0,1.0,2.0,1.0,1.0,1.0,2.0,2.0,1.0,1.0,2.0,1.0,1.0,2.0,5.0,5.0,2.0,3.0,3.0,4.0,1.0,3.0,1.0,4.0,4.0,4.0,3.0,3.0,2.0,4.0,3.0,2.0,3.0,2.0,5.0,4.0,3.0
R_3oHBuEgsDnQjcOS,hous,body_scan,1,21.0,female,United States,Mexico,0,2.0,1,1253,100,1,32.0,3.0,3.0,1.0,2.0,3.0,1.0,1.0,3.0,1.0,3.0,3.0,1.0,1.0,1.0,3.0,3.0,1.0,1.0,2.0,3.0,7.0,3.0,6.0,2.0,2.0,2.0,2.0,2.0,2.0,3.0,2.0,4.0,3.0,2.0,4.0,4.0,4.0,4.0,4.0,2.0,4.0,4.0,4.0,3.0
R_1okeuG9iCYFUanc,hous,mindful_breathing,1,20.0,female,United States,United States,0,3.0,1,1219,100,1,43.0,3.0,1.0,2.0,1.0,2.0,1.0,4.0,2.0,1.0,3.0,2.0,1.0,1.0,1.0,2.0,2.0,2.0,1.0,2.0,3.0,6.0,3.0,5.0,4.0,3.0,3.0,2.0,2.0,4.0,2.0,3.0,5.0,5.0,4.0,3.0,4.0,4.0,3.0,3.0,4.0,4.0,4.0,4.0,3.5
R_Qhtq4BNu3ohJm7f,hous,mindful_walking,1,19.0,female,United States,United States,1,3.0,1,1472,100,1,41.0,3.0,2.0,2.0,2.0,3.0,1.0,2.0,3.0,3.0,3.0,3.0,2.0,1.0,2.0,3.0,3.0,2.0,2.0,2.0,3.0,7.0,5.0,3.0,2.0,2.0,3.0,3.0,2.0,3.0,2.0,4.0,2.0,3.0,3.0,4.0,2.0,3.0,3.0,4.0,3.0,3.0,3.0,3.0,2.85
R_bw1LFgMj0GkZ9UR,hous,control_book,0,20.0,female,United States,United States,1,3.0,1,1151,100,1,41.0,2.0,2.0,1.0,1.0,2.0,1.0,1.0,1.0,1.0,2.0,1.0,1.0,1.0,1.0,3.0,2.0,1.0,1.0,2.0,2.0,5.0,2.0,6.0,4.0,4.0,4.0,3.0,3.0,4.0,2.0,3.0,2.0,4.0,4.0,3.0,3.0,3.0,3.0,3.0,5.0,3.0,3.0,3.0,3.3
R_3oMI3BYEON2qHa8,wurz,loving_kindness,1,20.0,female,Germany,Germany,0,2.0,1,1251,100,1,35.0,4.0,3.0,2.0,1.0,2.0,1.0,2.0,3.0,1.0,4.0,3.0,1.0,2.0,2.0,3.0,3.0,2.0,2.0,3.0,3.0,7.0,4.0,7.0,3.0,1.0,3.0,4.0,2.0,3.0,2.0,4.0,1.0,3.0,4.0,4.0,2.0,3.0,4.0,2.0,4.0,3.0,2.0,4.0,2.9
R_3rV3rKMoA7UnTOh,illi,body_scan,1,19.0,female,United States,United States,1,3.0,1,1383,100,1,34.0,2.0,2.0,1.0,2.0,3.0,1.0,2.0,3.0,1.0,4.0,3.0,1.0,2.0,1.0,3.0,3.0,1.0,2.0,4.0,3.0,6.0,5.0,4.0,3.0,2.0,3.0,5.0,3.0,4.0,4.0,4.0,3.0,5.0,2.0,4.0,1.0,2.0,3.0,3.0,3.0,3.0,1.0,1.0,2.95
R_31ZVTKMzLk1CKPe,jose,loving_kindness,1,18.0,female,United States,Vietnam,0,2.0,1,1329,100,1,38.0,3.0,3.0,2.0,2.0,3.0,1.0,1.0,3.0,2.0,4.0,2.0,1.0,1.0,2.0,3.0,3.0,2.0,2.0,1.0,3.0,7.0,4.0,6.0,5.0,5.0,5.0,5.0,5.0,5.0,5.0,5.0,5.0,5.0,1.0,1.0,1.0,4.0,1.0,1.0,1.0,1.0,3.0,1.0,3.25
R_22kJve6ugpFNyaK,aust,mindful_breathing,1,19.0,female,Australia,Australia,1,3.0,1,1111,100,1,33.0,4.0,3.0,2.0,1.0,3.0,1.0,2.0,3.0,1.0,3.0,2.0,1.0,1.0,2.0,3.0,3.0,1.0,1.0,3.0,3.0,7.0,3.0,4.0,4.0,3.0,3.0,4.0,2.0,4.0,3.0,2.0,4.0,4.0,2.0,2.0,3.0,4.0,2.0,4.0,2.0,2.0,4.0,5.0,3.15
R_2S1Z0vv0WJtCk8V,utah,mindful_walking,1,20.0,female,United States,United States,1,3.0,1,1342,100,1,22.0,4.0,4.0,2.0,1.0,4.0,1.0,1.0,3.0,1.0,4.0,4.0,1.0,1.0,1.0,4.0,4.0,1.0,1.0,4.0,4.0,8.0,4.0,6.0,2.0,1.0,1.0,1.0,3.0,1.0,1.0,1.0,4.0,5.0,4.0,5.0,4.0,2.0,5.0,3.0,4.0,5.0,5.0,4.0,3.05
R_8q4dO5rFaVsMqVH,aust,control_book,0,19.0,female,Australia,Japan,1,3.0,1,1157,100,1,33.0,3.0,3.0,1.0,1.0,3.0,1.0,2.0,3.0,1.0,3.0,2.0,2.0,1.0,1.0,3.0,3.0,2.0,1.0,3.0,4.0,7.0,3.0,6.0,2.0,2.0,2.0,2.0,5.0,4.0,3.0,5.0,5.0,4.0,3.0,3.0,2.0,2.0,4.0,2.0,3.0,2.0,1.0,2.0,2.9
R_RXBDnxvUJKE412x,aust,loving_kindness,1,19.0,female,Australia,Australia,1,3.0,1,1484,100,1,33.0,3.0,4.0,1.0,1.0,3.0,1.0,1.0,2.0,1.0,4.0,2.0,1.0,1.0,2.0,3.0,3.0,1.0,1.0,1.0,3.0,7.0,4.0,5.0,3.0,4.0,3.0,4.0,2.0,2.0,2.0,2.0,2.0,4.0,2.0,4.0,2.0,3.0,4.0,4.0,2.0,3.0,5.0,5.0,3.1
R_2aUKqg8xTNJrCUR,seeb,body_scan,1,22.0,female,Austria,Austria,0,2.0,1,1411,100,1,45.0,2.0,3.0,3.0,2.0,2.0,1.0,2.0,2.0,1.0,2.0,3.0,1.0,1.0,2.0,1.0,2.0,2.0,1.0,2.0,2.0,5.0,6.0,7.0,2.0,1.0,3.0,4.0,4.0,5.0,4.0,4.0,4.0,5.0,4.0,4.0,2.0,1.0,4.0,2.0,2.0,2.0,3.0,4.0,3.2
R_1pXAyvqDWuJC5Kj,witt,control_book,0,21.0,female,United States,United States,1,3.0,1,1516,100,1,35.0,3.0,3.0,1.0,1.0,3.0,1.0,1.0,2.0,1.0,3.0,2.0,1.0,1.0,2.0,3.0,2.0,1.0,1.0,2.0,3.0,6.0,4.0,5.0,2.0,2.0,2.0,2.0,2.0,4.0,2.0,4.0,4.0,4.0,4.0,2.0,2.0,2.0,2.0,2.0,4.0,2.0,2.0,2.0,2.6
R_1flX1Et2Ylam4qZ,flor,mindful_breathing,1,21.0,female,United States,United States,1,3.0,1,1545,100,1,58.0,3.0,2.0,4.0,3.0,3.0,1.0,3.0,2.0,3.0,3.0,2.0,3.0,3.0,4.0,3.0,2.0,3.0,3.0,1.0,1.0,5.0,2.0,2.0,3.0,4.0,2.0,3.0,2.0,5.0,3.0,5.0,5.0,5.0,3.0,2.0,1.0,3.0,2.0,2.0,3.0,2.0,2.0,4.0,3.05
R_1dzRzEdzg38rMaC,glen,loving_kindness,1,32.0,female,United States,United States,1,3.0,1,1253,100,1,35.0,3.0,3.0,2.0,2.0,2.0,1.0,2.0,3.0,1.0,3.0,3.0,1.0,1.0,2.0,3.0,3.0,1.0,1.0,3.0,3.0,7.0,2.0,5.0,3.0,2.0,3.0,1.0,2.0,3.0,3.0,3.0,2.0,2.0,4.0,5.0,2.0,4.0,3.0,5.0,4.0,2.0,4.0,4.0,3.05
R_1LIJmeFQEZRdhzk,flor,control_book,0,18.0,female,United States,United States,1,3.0,1,1156,100,1,62.0,1.0,2.0,2.0,4.0,1.0,1.0,4.0,1.0,1.0,2.0,2.0,3.0,3.0,4.0,2.0,2.0,3.0,3.0,2.0,1.0,5.0,6.0,4.0,4.0,4.0,5.0,4.0,4.0,4.0,2.0,5.0,5.0,5.0,1.0,2.0,1.0,1.0,3.0,2.0,1.0,1.0,2.0,1.0,2.85
R_bfLZuXfsPgSIVR7,suny,mindful_walking,1,18.0,female,United States,United States,1,3.0,1,180532,100,1,33.0,2.0,3.0,1.0,1.0,2.0,1.0,1.0,2.0,1.0,3.0,3.0,1.0,1.0,1.0,3.0,3.0,1.0,1.0,3.0,3.0,7.0,2.0,5.0,2.0,2.0,2.0,3.0,2.0,3.0,3.0,4.0,3.0,4.0,4.0,4.0,3.0,2.0,3.0,4.0,4.0,3.0,4.0,4.0,3.15
R_sHWI9zwpOBRBwD7,illi,mindful_walking,1,19.0,male,United States,United States,1,3.0,1,1157,100,1,30.0,3.0,4.0,1.0,1.0,3.0,1.0,2.0,3.0,1.0,3.0,4.0,2.0,1.0,1.0,4.0,3.0,1.0,2.0,3.0,3.0,7.0,6.0,8.0,3.0,2.0,2.0,4.0,5.0,4.0,2.0,2.0,5.0,4.0,3.0,3.0,1.0,2.0,4.0,2.0,2.0,2.0,2.0,1.0,2.75
R_yK2xnYHtDoVvLwJ,flor,mindful_breathing,1,20.0,female,United States,United States,1,3.0,1,1199,100,1,23.0,3.0,3.0,1.0,1.0,4.0,1.0,1.0,3.0,1.0,4.0,4.0,1.0,1.0,1.0,4.0,4.0,1.0,1.0,4.0,4.0,7.0,3.0,1.0,2.0,1.0,1.0,2.0,2.0,2.0,2.0,2.0,2.0,2.0,2.0,4.0,1.0,4.0,4.0,4.0,4.0,4.0,4.0,4.0,2.65
R_1I5UpPA53j1ueWo,nort2,control_book,0,68.0,female,United Kingdom,United Kingdom,1,3.0,1,1787,100,1,26.0,4.0,4.0,1.0,1.0,4.0,1.0,1.0,3.0,1.0,4.0,3.0,1.0,1.0,1.0,4.0,3.0,1.0,1.0,2.0,3.0,9.0,5.0,5.0,1.0,1.0,1.0,1.0,2.0,2.0,2.0,1.0,2.0,2.0,4.0,5.0,3.0,4.0,4.0,5.0,4.0,4.0,4.0,5.0,2.85
R_qxpMCPAtkcSw5xf,nort2,loving_kindness,1,68.0,male,United Kingdom,United Kingdom,1,3.0,1,1106,100,1,24.0,4.0,4.0,1.0,1.0,4.0,1.0,1.0,3.0,1.0,4.0,2.0,1.0,1.0,1.0,4.0,4.0,1.0,1.0,3.0,4.0,7.0,5.0,6.0,2.0,3.0,2.0,2.0,3.0,4.0,2.0,3.0,4.0,4.0,4.0,4.0,3.0,3.0,3.0,4.0,4.0,3.0,4.0,4.0,3.25
R_1M0uW1y31gY7SLs,glen,control_book,0,44.0,female,United States,United States,1,3.0,1,1709,100,1,32.0,4.0,2.0,1.0,1.0,2.0,1.0,1.0,1.0,1.0,3.0,3.0,1.0,1.0,1.0,4.0,3.0,1.0,1.0,3.0,3.0,7.0,1.0,5.0,4.0,3.0,4.0,3.0,2.0,4.0,1.0,2.0,2.0,4.0,1.0,2.0,1.0,2.0,2.0,2.0,4.0,4.0,5.0,4.0,2.8
R_2bVHFNaDjO55SOf,hous,mindful_breathing,1,24.0,female,Texas,United States,1,3.0,1,1061,100,1,30.0,3.0,2.0,1.0,1.0,2.0,1.0,1.0,3.0,1.0,3.0,4.0,1.0,2.0,1.0,4.0,3.0,1.0,1.0,3.0,4.0,7.0,3.0,9.0,5.0,1.0,3.0,4.0,3.0,4.0,3.0,5.0,4.0,4.0,4.0,5.0,2.0,4.0,5.0,2.0,3.0,2.0,4.0,3.0,3.5
R_1F5EYZMR5cX9wtu,flor,body_scan,1,20.0,male,United States,United States,1,3.0,1,1367,100,1,31.0,4.0,3.0,1.0,2.0,3.0,1.0,1.0,4.0,1.0,3.0,3.0,2.0,1.0,1.0,3.0,4.0,1.0,3.0,3.0,3.0,7.0,3.0,7.0,1.0,1.0,2.0,2.0,2.0,2.0,4.0,4.0,3.0,4.0,4.0,5.0,2.0,4.0,5.0,4.0,4.0,2.0,4.0,3.0,3.1
R_1Ap28YmL8BHozBL,glen,loving_kindness,1,35.0,male,United States,United States,1,3.0,1,1892,100,1,59.0,2.0,1.0,4.0,4.0,1.0,3.0,1.0,1.0,3.0,2.0,2.0,2.0,1.0,2.0,2.0,1.0,2.0,2.0,1.0,2.0,2.0,5.0,1.0,5.0,5.0,1.0,4.0,3.0,5.0,5.0,4.0,5.0,5.0,1.0,2.0,3.0,2.0,2.0,2.0,3.0,2.0,4.0,4.0,3.35
R_214Zz1QsfOW3VLv,indi,mindful_walking,1,19.0,female,United States,United States,1,3.0,1,1050,100,1,28.0,3.0,3.0,1.0,1.0,3.0,1.0,1.0,3.0,1.0,4.0,3.0,1.0,1.0,1.0,3.0,3.0,1.0,1.0,4.0,3.0,7.0,3.0,5.0,4.0,4.0,4.0,2.0,4.0,5.0,5.0,4.0,4.0,4.0,1.0,2.0,2.0,4.0,1.0,1.0,2.0,2.0,2.0,2.0,2.95
R_3McklYKyLlEGNhq,hous,mindful_breathing,1,19.0,female,United States,United States,0,3.0,1,1445,100,1,36.0,3.0,3.0,1.0,1.0,2.0,1.0,2.0,2.0,1.0,3.0,2.0,2.0,1.0,1.0,3.0,3.0,1.0,1.0,2.0,3.0,6.0,5.0,6.0,3.0,3.0,4.0,2.0,4.0,4.0,4.0,4.0,4.0,4.0,3.0,3.0,4.0,2.0,3.0,2.0,5.0,4.0,1.0,4.0,3.35
R_1Fhat8szT5cg1wj,suny,control_book,0,18.0,female,United States,United States,1,3.0,1,1262,100,1,58.0,1.0,2.0,3.0,4.0,2.0,1.0,3.0,1.0,1.0,2.0,2.0,3.0,2.0,2.0,2.0,1.0,3.0,1.0,1.0,1.0,3.0,7.0,5.0,3.0,3.0,3.0,5.0,5.0,5.0,2.0,5.0,3.0,5.0,3.0,4.0,2.0,2.0,4.0,4.0,4.0,1.0,2.0,4.0,3.45
R_1OoGgeuO1Q2KW38,jose,mindful_walking,1,20.0,male,United States,United States,0,3.0,1,2091,100,1,30.0,3.0,3.0,1.0,1.0,3.0,1.0,1.0,3.0,1.0,3.0,3.0,1.0,1.0,1.0,3.0,3.0,1.0,1.0,3.0,3.0,7.0,2.0,5.0,3.0,2.0,2.0,4.0,1.0,4.0,3.0,3.0,4.0,4.0,2.0,4.0,2.0,2.0,4.0,4.0,2.0,2.0,4.0,4.0,3.0
R_3n97IhdCZRzPz0t,suny,body_scan,1,19.0,female,United States,United States,1,3.0,1,1697,100,1,47.0,3.0,2.0,2.0,2.0,2.0,1.0,3.0,1.0,1.0,2.0,2.0,1.0,1.0,4.0,3.0,3.0,3.0,1.0,2.0,2.0,5.0,5.0,4.0,3.0,1.0,1.0,3.0,4.0,4.0,1.0,3.0,3.0,4.0,3.0,4.0,3.0,2.0,3.0,4.0,1.0,3.0,4.0,3.0,2.85
R_22Q69rF4RcCAXYy,illi,loving_kindness,1,,,,,1,3.0,1,1123,85,0,35.0,3.0,3.0,2.0,2.0,2.0,1.0,3.0,3.0,1.0,4.0,3.0,1.0,1.0,1.0,2.0,3.0,1.0,1.0,3.0,3.0,4.0,,,3.0,3.0,2.0,3.0,4.0,4.0,3.0,1.0,3.0,5.0,3.0,4.0,1.0,4.0,4.0,4.0,3.0,4.0,4.0,5.0,3.35
R_3LZml1KfQ74lXL0,utah,loving_kindness,1,22.0,female,United States,United States,1,3.0,1,2553,100,1,20.0,4.0,4.0,1.0,1.0,4.0,1.0,1.0,4.0,1.0,4.0,4.0,1.0,1.0,1.0,4.0,4.0,1.0,1.0,4.0,4.0,9.0,3.0,8.0,2.0,1.0,1.0,2.0,2.0,1.0,4.0,4.0,1.0,2.0,4.0,4.0,2.0,4.0,4.0,4.0,5.0,4.0,4.0,4.0,2.95
R_10OaRxxAcSLdxIm,olaf,loving_kindness,1,19.0,female,United States,United States,1,3.0,1,1397,100,1,34.0,4.0,1.0,1.0,1.0,1.0,1.0,1.0,3.0,1.0,4.0,4.0,1.0,1.0,1.0,1.0,3.0,2.0,1.0,3.0,3.0,8.0,3.0,9.0,4.0,1.0,4.0,3.0,4.0,4.0,2.0,4.0,3.0,5.0,3.0,4.0,4.0,4.0,4.0,5.0,3.0,4.0,3.0,4.0,3.6
R_2E4bIPObPHVt2Rf,hous,mindful_breathing,1,19.0,female,United States,United States,1,3.0,1,1228,100,1,37.0,3.0,2.0,1.0,1.0,2.0,1.0,1.0,3.0,1.0,3.0,2.0,1.0,1.0,3.0,2.0,3.0,1.0,1.0,2.0,3.0,6.0,3.0,6.0,2.0,1.0,2.0,3.0,2.0,4.0,2.0,4.0,3.0,4.0,4.0,4.0,2.0,4.0,4.0,4.0,4.0,2.0,3.0,4.0,3.1
R_3D2yDcfH1B4eFOE,witt,mindful_walking,1,22.0,female,United States,United States,1,2.0,1,1865,100,1,34.0,3.0,2.0,1.0,1.0,2.0,1.0,1.0,2.0,1.0,3.0,2.0,1.0,1.0,1.0,3.0,3.0,1.0,1.0,3.0,3.0,7.0,2.0,6.0,3.0,2.0,3.0,2.0,3.0,3.0,2.0,4.0,2.0,3.0,3.0,4.0,2.0,4.0,3.0,3.0,2.0,2.0,3.0,3.0,2.8
R_5ovZTye0npm94fn,glen,body_scan,1,29.0,male,United States,United States,1,3.0,1,1113,100,1,25.0,4.0,3.0,1.0,1.0,4.0,1.0,2.0,3.0,1.0,4.0,3.0,1.0,1.0,1.0,3.0,4.0,1.0,1.0,4.0,4.0,8.0,2.0,6.0,2.0,1.0,1.0,2.0,1.0,1.0,1.0,2.0,1.0,4.0,4.0,4.0,4.0,5.0,4.0,5.0,5.0,5.0,5.0,5.0,3.1
R_2zvg1fvAUiFvmNg,hous,mindful_walking,1,20.0,female,United States,United States,1,3.0,1,1074,100,1,27.0,4.0,1.0,1.0,1.0,3.0,1.0,1.0,4.0,1.0,4.0,3.0,1.0,1.0,1.0,4.0,3.0,1.0,1.0,3.0,4.0,9.0,1.0,3.0,1.0,1.0,3.0,3.0,3.0,3.0,2.0,4.0,2.0,4.0,1.0,5.0,1.0,4.0,4.0,3.0,3.0,2.0,3.0,4.0,2.8
R_AA4H1OcRgZ9pMcN,hous,control_book,0,21.0,female,United States,United States,1,3.0,1,1143,100,1,48.0,3.0,3.0,2.0,2.0,3.0,3.0,4.0,4.0,3.0,2.0,3.0,2.0,2.0,4.0,3.0,4.0,4.0,2.0,3.0,2.0,5.0,9.0,7.0,3.0,4.0,4.0,3.0,5.0,4.0,3.0,4.0,5.0,4.0,3.0,3.0,3.0,4.0,3.0,3.0,4.0,3.0,4.0,3.0,3.6
R_3QRY8frYsVVP01t,hous,mindful_breathing,1,28.0,male,United States,United States,1,3.0,1,1277,100,1,34.0,3.0,3.0,1.0,2.0,2.0,1.0,2.0,4.0,1.0,3.0,3.0,2.0,1.0,2.0,3.0,4.0,2.0,1.0,3.0,3.0,7.0,3.0,8.0,2.0,2.0,2.0,2.0,1.0,2.0,1.0,2.0,2.0,4.0,2.0,5.0,4.0,4.0,2.0,5.0,4.0,4.0,4.0,5.0,2.95
R_1qgPyHKQRw8fyM5,hous,loving_kindness,1,20.0,female,United States,United States,1,3.0,1,1090,100,1,44.0,2.0,2.0,2.0,2.0,2.0,2.0,2.0,3.0,1.0,2.0,2.0,2.0,1.0,2.0,3.0,2.0,2.0,1.0,2.0,3.0,6.0,4.0,5.0,4.0,2.0,2.0,2.0,4.0,4.0,2.0,4.0,4.0,4.0,2.0,4.0,2.0,2.0,4.0,2.0,2.0,2.0,2.0,2.0,2.8
R_10xiJY1qwTUbOOV,hous,mindful_walking,1,20.0,female,Houston,Houston,0,2.0,1,2438,100,1,23.0,4.0,4.0,1.0,1.0,1.0,1.0,1.0,4.0,1.0,4.0,4.0,1.0,1.0,1.0,4.0,4.0,1.0,1.0,4.0,4.0,9.0,1.0,9.0,1.0,1.0,1.0,1.0,1.0,1.0,1.0,1.0,2.0,1.0,1.0,5.0,2.0,4.0,5.0,4.0,1.0,1.0,4.0,4.0,2.1
R_1Pe0pBZqFdi7Bqd,suny,mindful_breathing,1,20.0,female,United States,United States,1,3.0,1,1233,100,1,22.0,4.0,4.0,1.0,1.0,4.0,1.0,1.0,4.0,1.0,4.0,2.0,1.0,1.0,1.0,4.0,4.0,1.0,1.0,4.0,4.0,6.0,9.0,7.0,3.0,3.0,3.0,4.0,4.0,4.0,5.0,5.0,5.0,4.0,4.0,4.0,2.0,2.0,3.0,2.0,4.0,2.0,4.0,3.0,3.5
R_R1YBNHixiajQrjH,suny,loving_kindness,1,19.0,female,United States,United States,1,2.0,1,1317,100,1,34.0,4.0,1.0,1.0,1.0,4.0,1.0,1.0,3.0,1.0,4.0,2.0,1.0,2.0,4.0,4.0,2.0,1.0,1.0,3.0,3.0,6.0,4.0,5.0,1.0,1.0,2.0,4.0,3.0,2.0,1.0,4.0,4.0,3.0,2.0,5.0,2.0,2.0,4.0,5.0,2.0,2.0,4.0,4.0,2.85
R_2AWOooqNnEpdtDL,flor,mindful_breathing,1,,female,United States,United States,1,3.0,1,1513,100,1,32.0,3.0,2.0,1.0,1.0,3.0,1.0,1.0,2.0,1.0,3.0,2.0,1.0,1.0,1.0,3.0,3.0,1.0,1.0,4.0,3.0,8.0,2.0,9.0,4.0,3.0,3.0,4.0,5.0,5.0,5.0,5.0,3.0,5.0,3.0,4.0,2.0,2.0,3.0,2.0,3.0,2.0,2.0,2.0,3.35
R_1psNgXhULT3Z04j,glen,mindful_walking,1,41.0,female,United States,United States,1,3.0,1,3882,100,1,41.0,2.0,3.0,2.0,2.0,2.0,1.0,1.0,3.0,1.0,2.0,3.0,2.0,2.0,1.0,2.0,2.0,2.0,1.0,2.0,3.0,8.0,3.0,7.0,2.0,2.0,2.0,3.0,4.0,4.0,3.0,4.0,4.0,4.0,3.0,4.0,2.0,4.0,3.0,2.0,3.0,2.0,4.0,3.0,3.1
R_1lp0PNa6EGnQ4Mc,jose,control_book,0,18.0,female,United States,United States,1,3.0,1,1276,100,1,44.0,2.0,3.0,3.0,2.0,2.0,1.0,2.0,2.0,1.0,2.0,3.0,1.0,1.0,1.0,2.0,2.0,3.0,1.0,2.0,2.0,6.0,5.0,5.0,2.0,1.0,2.0,4.0,2.0,2.0,1.0,4.0,3.0,4.0,3.0,4.0,4.0,2.0,4.0,3.0,4.0,2.0,4.0,5.0,3.0
R_1FQcsLhQKiYfUk4,jose,mindful_walking,1,18.0,female,United States,United States,1,3.0,1,2590,100,1,42.0,2.0,3.0,3.0,2.0,2.0,1.0,2.0,2.0,1.0,2.0,3.0,1.0,1.0,1.0,2.0,2.0,2.0,1.0,2.0,3.0,6.0,7.0,5.0,3.0,2.0,2.0,4.0,2.0,3.0,1.0,4.0,2.0,4.0,3.0,4.0,3.0,4.0,4.0,3.0,4.0,2.0,4.0,4.0,3.1
R_3dHfotHfrtn0753,flor,mindful_breathing,1,,female,Florida,Puerto Rico,0,2.0,1,1179,100,1,33.0,4.0,4.0,1.0,3.0,4.0,1.0,2.0,4.0,4.0,4.0,4.0,1.0,3.0,1.0,3.0,4.0,3.0,1.0,2.0,4.0,9.0,3.0,5.0,5.0,5.0,5.0,4.0,4.0,5.0,3.0,5.0,2.0,5.0,5.0,5.0,5.0,5.0,5.0,2.0,5.0,3.0,5.0,5.0,4.4
R_u9sXRDJ08XyqQbn,hous,loving_kindness,1,19.0,female,United States,United States,1,3.0,1,1243,100,1,37.0,2.0,3.0,1.0,1.0,3.0,1.0,1.0,2.0,1.0,3.0,3.0,1.0,1.0,1.0,2.0,2.0,1.0,1.0,1.0,2.0,7.0,3.0,5.0,4.0,2.0,2.0,2.0,4.0,2.0,4.0,2.0,2.0,4.0,2.0,4.0,2.0,2.0,4.0,4.0,2.0,2.0,4.0,4.0,2.9
R_11asmiIhd7lF7As,flor,mindful_walking,1,20.0,female,United States,United States,1,2.0,1,1332,100,1,43.0,3.0,2.0,2.0,2.0,2.0,2.0,3.0,2.0,1.0,4.0,1.0,1.0,2.0,2.0,3.0,3.0,1.0,2.0,2.0,3.0,7.0,5.0,9.0,4.0,3.0,3.0,4.0,5.0,4.0,3.0,5.0,3.0,4.0,4.0,4.0,1.0,2.0,3.0,2.0,3.0,2.0,1.0,2.0,3.1
R_2VaP6Pds3buvxkj,flor,control_book,0,23.0,male,United States,United States,1,3.0,1,1247,100,1,51.0,1.0,2.0,3.0,2.0,1.0,1.0,3.0,2.0,2.0,2.0,3.0,2.0,1.0,1.0,1.0,2.0,3.0,1.0,2.0,2.0,4.0,3.0,5.0,2.0,1.0,2.0,3.0,2.0,2.0,2.0,3.0,2.0,4.0,5.0,4.0,3.0,3.0,3.0,4.0,4.0,4.0,4.0,4.0,3.05
R_3j29GhHDC2qe9dH,witt,body_scan,1,20.0,self_describe,United States,United States,1,3.0,1,1041,100,1,37.0,3.0,2.0,1.0,2.0,3.0,1.0,1.0,2.0,1.0,3.0,1.0,1.0,1.0,2.0,3.0,2.0,1.0,1.0,3.0,3.0,7.0,4.0,5.0,4.0,3.0,4.0,4.0,3.0,4.0,4.0,4.0,4.0,5.0,2.0,3.0,3.0,2.0,3.0,2.0,3.0,2.0,3.0,3.0,3.25
R_5nZlpQVf9hypIo9,olaf,mindful_walking,1,19.0,male,United States,United States,1,3.0,1,1210,100,1,32.0,4.0,2.0,1.0,2.0,4.0,1.0,1.0,2.0,1.0,4.0,2.0,1.0,1.0,1.0,4.0,2.0,1.0,2.0,3.0,3.0,7.0,2.0,4.0,3.0,4.0,2.0,2.0,2.0,4.0,1.0,4.0,4.0,5.0,3.0,2.0,4.0,4.0,4.0,2.0,1.0,4.0,5.0,5.0,3.25
R_31tkaVCg0EDTJjB,illi,body_scan,1,19.0,self_describe,United States,United States,1,3.0,1,1376,100,1,39.0,2.0,3.0,2.0,2.0,3.0,1.0,2.0,2.0,1.0,3.0,3.0,2.0,2.0,1.0,3.0,2.0,1.0,1.0,2.0,3.0,5.0,2.0,6.0,4.0,3.0,4.0,3.0,3.0,5.0,3.0,5.0,5.0,4.0,2.0,4.0,2.0,2.0,3.0,3.0,2.0,2.0,4.0,2.0,3.25
R_2bN355A4L2Yg8qw,utah,loving_kindness,1,20.0,female,United States,United States,1,3.0,1,1140,100,1,27.0,4.0,3.0,2.0,1.0,4.0,1.0,1.0,3.0,1.0,4.0,3.0,1.0,2.0,1.0,4.0,4.0,1.0,2.0,3.0,4.0,7.0,4.0,4.0,3.0,4.0,2.0,3.0,4.0,5.0,2.0,5.0,4.0,5.0,2.0,2.0,2.0,2.0,2.0,2.0,4.0,3.0,4.0,4.0,3.2
R_1fj6L0s98JS9iM1,utah,mindful_breathing,1,19.0,male,United States,United States,1,3.0,1,17869,100,1,46.0,3.0,3.0,2.0,3.0,2.0,1.0,4.0,2.0,1.0,2.0,2.0,3.0,1.0,2.0,3.0,3.0,2.0,2.0,3.0,2.0,5.0,5.0,4.0,3.0,3.0,3.0,3.0,1.0,4.0,2.0,4.0,2.0,5.0,3.0,2.0,4.0,3.0,3.0,1.0,5.0,4.0,5.0,4.0,3.2
R_qCptSs93UzcyFW1,flor,mindful_walking,1,21.0,female,United States,United States,1,3.0,1,1220,100,1,65.0,2.0,2.0,4.0,3.0,1.0,3.0,3.0,1.0,3.0,2.0,1.0,3.0,2.0,4.0,1.0,2.0,3.0,3.0,2.0,2.0,5.0,6.0,3.0,4.0,4.0,3.0,5.0,4.0,5.0,3.0,5.0,4.0,5.0,2.0,2.0,1.0,1.0,2.0,2.0,3.0,2.0,2.0,4.0,3.15
R_3ferKQ9F7fBOtWE,illi,body_scan,1,19.0,female,United States,United States,1,3.0,1,1023,100,1,49.0,3.0,2.0,2.0,2.0,2.0,2.0,4.0,2.0,1.0,3.0,2.0,3.0,2.0,2.0,1.0,3.0,2.0,2.0,3.0,2.0,6.0,5.0,5.0,3.0,2.0,4.0,3.0,4.0,4.0,3.0,4.0,4.0,4.0,4.0,5.0,2.0,2.0,4.0,3.0,3.0,2.0,4.0,2.0,3.3
R_4NPyCskhoGLPkU9,flor,mindful_breathing,1,19.0,female,United States,United States,1,3.0,1,1545,100,1,37.0,2.0,2.0,1.0,1.0,3.0,1.0,1.0,2.0,1.0,2.0,2.0,1.0,1.0,1.0,2.0,3.0,1.0,1.0,3.0,2.0,5.0,7.0,4.0,2.0,4.0,2.0,2.0,2.0,2.0,4.0,4.0,2.0,2.0,2.0,4.0,4.0,2.0,4.0,4.0,2.0,4.0,2.0,2.0,2.8
R_2aghee3RdMPVYGF,suny,control_book,0,19.0,male,United States,United States,1,3.0,1,1145,100,1,56.0,2.0,2.0,3.0,3.0,2.0,3.0,2.0,2.0,2.0,2.0,2.0,2.0,3.0,3.0,2.0,2.0,3.0,2.0,2.0,2.0,4.0,6.0,4.0,4.0,3.0,3.0,4.0,3.0,4.0,3.0,5.0,4.0,4.0,4.0,4.0,2.0,4.0,3.0,2.0,4.0,2.0,5.0,4.0,3.55
R_2fEcKIu01Cp5t4x,illi,body_scan,1,19.0,male,United States,United States,1,3.0,1,1221,100,1,34.0,3.0,3.0,1.0,1.0,3.0,1.0,2.0,3.0,1.0,3.0,3.0,1.0,2.0,2.0,3.0,2.0,2.0,1.0,4.0,3.0,7.0,2.0,8.0,2.0,2.0,2.0,2.0,1.0,2.0,1.0,4.0,1.0,2.0,4.0,4.0,4.0,2.0,2.0,4.0,2.0,2.0,2.0,5.0,2.5
R_2QrOV7q4hEuKrxh,indi,mindful_walking,1,22.0,female,United States,United States,1,3.0,1,1533,100,1,27.0,3.0,3.0,1.0,1.0,4.0,1.0,1.0,3.0,1.0,3.0,3.0,1.0,1.0,1.0,4.0,4.0,1.0,1.0,3.0,3.0,7.0,3.0,7.0,2.0,1.0,1.0,3.0,2.0,2.0,1.0,3.0,1.0,5.0,4.0,4.0,2.0,3.0,3.0,4.0,3.0,3.0,4.0,4.0,2.75
R_s75jbtj5Cy2LJCN,illi,control_book,0,19.0,female,United States,United States,1,2.0,1,1204,100,1,33.0,4.0,4.0,2.0,2.0,3.0,1.0,1.0,3.0,1.0,4.0,3.0,3.0,1.0,1.0,3.0,3.0,3.0,1.0,3.0,3.0,7.0,4.0,6.0,2.0,2.0,2.0,3.0,2.0,2.0,2.0,4.0,2.0,4.0,4.0,4.0,4.0,4.0,4.0,4.0,4.0,4.0,4.0,4.0,3.25
R_3HtSyPRC0f3moIM,utah,mindful_breathing,1,19.0,male,United States,United States,1,3.0,1,1196,100,1,35.0,4.0,3.0,1.0,2.0,4.0,2.0,3.0,3.0,1.0,3.0,2.0,1.0,1.0,2.0,4.0,3.0,3.0,2.0,3.0,4.0,6.0,1.0,3.0,3.0,2.0,3.0,3.0,2.0,4.0,2.0,4.0,3.0,4.0,2.0,5.0,3.0,4.0,3.0,2.0,4.0,4.0,3.0,4.0,3.2
R_brWaH1w93NBfZ6x,flor,control_book,0,21.0,female,United States,United States,1,3.0,1,1545,100,1,36.0,4.0,3.0,2.0,3.0,2.0,1.0,3.0,3.0,1.0,4.0,2.0,2.0,1.0,1.0,4.0,3.0,2.0,1.0,3.0,3.0,6.0,3.0,5.0,2.0,4.0,4.0,5.0,2.0,4.0,2.0,4.0,3.0,4.0,3.0,4.0,4.0,2.0,2.0,3.0,3.0,4.0,2.0,3.0,3.2
R_2BldG1oR5zJf16R,illi,mindful_walking,1,19.0,female,United States,United States,1,2.0,1,1185,100,1,34.0,3.0,3.0,1.0,2.0,3.0,1.0,1.0,3.0,1.0,3.0,3.0,3.0,1.0,1.0,3.0,3.0,2.0,1.0,3.0,3.0,7.0,4.0,6.0,2.0,2.0,2.0,3.0,2.0,2.0,2.0,2.0,2.0,2.0,4.0,4.0,4.0,4.0,4.0,4.0,4.0,4.0,4.0,4.0,3.05
R_2wTZk2hsmqXF9qb,illi,loving_kindness,1,18.0,male,United States,United States,1,3.0,1,1170,100,1,39.0,3.0,2.0,2.0,1.0,3.0,1.0,2.0,1.0,1.0,2.0,3.0,1.0,1.0,1.0,2.0,2.0,1.0,1.0,3.0,2.0,6.0,3.0,8.0,2.0,1.0,2.0,2.0,1.0,2.0,2.0,1.0,3.0,2.0,2.0,4.0,4.0,5.0,3.0,4.0,4.0,4.0,5.0,5.0,2.9
R_NVdLWwCB9w9nmvf,hous,body_scan,1,20.0,female,United States,United States,1,3.0,1,1199,100,1,28.0,4.0,3.0,1.0,1.0,4.0,1.0,1.0,3.0,1.0,4.0,2.0,1.0,1.0,1.0,4.0,3.0,1.0,1.0,2.0,3.0,7.0,6.0,7.0,4.0,2.0,4.0,4.0,2.0,2.0,2.0,5.0,1.0,4.0,1.0,4.0,2.0,3.0,4.0,2.0,4.0,2.0,4.0,4.0,3.0
R_9SLy55LzfbTYTdf,glen,loving_kindness,1,40.0,female,United States,United States,1,3.0,1,1882,100,1,28.0,4.0,3.0,1.0,1.0,3.0,1.0,1.0,3.0,1.0,3.0,2.0,1.0,1.0,1.0,4.0,3.0,1.0,1.0,4.0,3.0,7.0,3.0,4.0,4.0,4.0,2.0,4.0,4.0,4.0,3.0,4.0,3.0,4.0,2.0,2.0,2.0,2.0,3.0,2.0,2.0,1.0,2.0,2.0,2.8
R_3M6FYk41h44T1Cq,utah,mindful_walking,1,22.0,male,United States,Hong Kong,0,2.0,1,1132,100,1,24.0,4.0,4.0,1.0,1.0,4.0,1.0,1.0,3.0,1.0,4.0,4.0,1.0,2.0,1.0,4.0,4.0,1.0,2.0,3.0,4.0,8.0,2.0,6.0,2.0,1.0,1.0,2.0,1.0,2.0,1.0,5.0,2.0,4.0,2.0,5.0,2.0,2.0,5.0,2.0,4.0,2.0,5.0,5.0,2.75
R_snV10LYyCDSZ3m9,flor,mindful_breathing,1,19.0,female,United States,United States,1,3.0,1,1181,100,1,29.0,4.0,3.0,1.0,2.0,3.0,1.0,1.0,3.0,1.0,3.0,3.0,1.0,1.0,2.0,4.0,4.0,2.0,1.0,3.0,4.0,6.0,3.0,6.0,3.0,3.0,4.0,2.0,3.0,4.0,2.0,5.0,4.0,5.0,3.0,4.0,2.0,2.0,3.0,3.0,3.0,2.0,3.0,4.0,3.2
R_W8Vtd1QDdGCX7m9,flor,body_scan,1,20.0,female,United States,United States,1,3.0,1,984,100,1,28.0,3.0,3.0,1.0,1.0,3.0,1.0,1.0,3.0,1.0,4.0,3.0,1.0,1.0,1.0,4.0,3.0,1.0,1.0,3.0,3.0,7.0,4.0,5.0,3.0,3.0,3.0,3.0,3.0,3.0,3.0,3.0,3.0,3.0,2.0,3.0,3.0,3.0,3.0,3.0,3.0,3.0,3.0,3.0,2.95
R_1EaiskAZrqwvCHp,flor,loving_kindness,1,20.0,female,United States,United States,1,3.0,1,1175,100,1,31.0,3.0,3.0,1.0,1.0,2.0,1.0,1.0,3.0,1.0,3.0,2.0,1.0,1.0,1.0,4.0,3.0,1.0,1.0,3.0,3.0,7.0,3.0,4.0,4.0,4.0,3.0,3.0,4.0,3.0,4.0,5.0,4.0,3.0,2.0,3.0,3.0,3.0,2.0,2.0,4.0,4.0,3.0,3.0,3.3
R_2fK7VlNhCm4dRNU,oreg,mindful_breathing,1,19.0,female,United States,United States,1,2.0,1,1301,100,1,27.0,4.0,4.0,2.0,1.0,4.0,1.0,2.0,3.0,1.0,4.0,3.0,2.0,1.0,1.0,4.0,3.0,2.0,1.0,4.0,4.0,8.0,4.0,8.0,2.0,2.0,2.0,2.0,4.0,4.0,4.0,4.0,4.0,4.0,4.0,4.0,2.0,2.0,4.0,3.0,3.0,2.0,3.0,3.0,3.1
R_1JWaRsGJVopdlFq,wurz,control_book,0,23.0,female,Germany,Germany,0,2.0,1,2190,100,1,24.0,4.0,4.0,1.0,1.0,4.0,1.0,2.0,3.0,1.0,4.0,4.0,1.0,1.0,1.0,4.0,4.0,2.0,1.0,3.0,4.0,7.0,3.0,7.0,1.0,2.0,3.0,2.0,1.0,4.0,2.0,3.0,2.0,4.0,4.0,4.0,2.0,4.0,4.0,4.0,4.0,3.0,3.0,3.0,2.95
R_eCX2f0NBAlBDWrn,suny,mindful_walking,1,19.0,female,United States,United States,1,2.0,1,1092,100,1,49.0,2.0,2.0,2.0,2.0,2.0,3.0,2.0,2.0,1.0,2.0,1.0,2.0,1.0,2.0,2.0,2.0,1.0,2.0,2.0,2.0,4.0,6.0,4.0,3.0,5.0,5.0,3.0,5.0,5.0,3.0,5.0,5.0,5.0,2.0,1.0,1.0,2.0,1.0,1.0,3.0,1.0,2.0,2.0,3.0
R_24GxtG6jH3GfvRI,wurz,mindful_walking,1,19.0,female,Germany,Germany,0,2.0,1,1428,100,1,33.0,3.0,4.0,2.0,1.0,2.0,1.0,2.0,2.0,1.0,3.0,3.0,1.0,1.0,1.0,3.0,3.0,2.0,1.0,4.0,3.0,8.0,5.0,6.0,1.0,2.0,1.0,2.0,3.0,4.0,3.0,3.0,4.0,5.0,3.0,4.0,3.0,3.0,4.0,3.0,4.0,4.0,4.0,2.0,3.1
R_1i4hiYXyADtZraG,flor,loving_kindness,1,18.0,female,United States,United States,1,3.0,1,1157,100,1,31.0,4.0,3.0,1.0,1.0,3.0,1.0,2.0,4.0,1.0,3.0,2.0,1.0,1.0,1.0,3.0,3.0,1.0,2.0,3.0,3.0,8.0,3.0,7.0,4.0,4.0,3.0,4.0,4.0,5.0,4.0,5.0,4.0,5.0,2.0,1.0,1.0,2.0,2.0,2.0,2.0,2.0,2.0,2.0,3.0
R_vMMRRD7hraPOjDz,witt,mindful_breathing,1,20.0,male,United States,United States,1,3.0,1,1201,100,1,25.0,4.0,4.0,1.0,1.0,4.0,1.0,1.0,3.0,1.0,4.0,2.0,1.0,1.0,1.0,4.0,3.0,1.0,1.0,3.0,4.0,8.0,3.0,7.0,2.0,1.0,2.0,1.0,1.0,2.0,2.0,2.0,1.0,2.0,2.0,2.0,4.0,4.0,2.0,4.0,1.0,2.0,4.0,2.0,2.15
R_YcdvsON8fUwnsxb,flor,control_book,0,22.0,male,United States,United States,1,3.0,1,1197,100,1,30.0,3.0,4.0,1.0,1.0,3.0,1.0,1.0,2.0,1.0,3.0,3.0,1.0,1.0,1.0,3.0,3.0,1.0,1.0,3.0,3.0,8.0,5.0,6.0,4.0,2.0,4.0,1.0,1.0,3.0,1.0,4.0,2.0,5.0,2.0,5.0,2.0,4.0,4.0,4.0,5.0,4.0,5.0,5.0,3.35
R_VRco7ZyiSlIYHNT,flor,body_scan,1,19.0,female,United States,United States,1,3.0,1,2318,100,1,68.0,1.0,1.0,4.0,4.0,1.0,2.0,1.0,1.0,3.0,1.0,1.0,3.0,4.0,2.0,1.0,1.0,3.0,2.0,1.0,1.0,1.0,8.0,4.0,2.0,2.0,2.0,4.0,4.0,5.0,3.0,5.0,4.0,5.0,3.0,4.0,2.0,2.0,4.0,2.0,3.0,4.0,2.0,4.0,3.3
R_1pxvVPDwlAR3wNv,jose,control_book,0,19.0,female,United States,United States,1,3.0,1,65920,100,1,35.0,3.0,3.0,2.0,1.0,3.0,1.0,1.0,2.0,1.0,3.0,2.0,1.0,2.0,1.0,3.0,3.0,1.0,1.0,3.0,2.0,7.0,5.0,7.0,4.0,4.0,4.0,3.0,1.0,4.0,1.0,3.0,4.0,4.0,2.0,4.0,4.0,4.0,3.0,3.0,5.0,4.0,5.0,5.0,3.55
R_3m9TPJjXVJNFPCq,spri,control_book,0,18.0,female,United States,United States,1,3.0,1,1237,100,1,37.0,3.0,4.0,1.0,1.0,2.0,1.0,2.0,2.0,1.0,4.0,2.0,1.0,1.0,1.0,3.0,2.0,1.0,4.0,3.0,2.0,6.0,3.0,7.0,3.0,3.0,3.0,2.0,4.0,4.0,3.0,5.0,4.0,4.0,2.0,4.0,3.0,2.0,2.0,1.0,2.0,2.0,4.0,5.0,3.1
R_1hFRCJhyN4r6iLf,utah,mindful_breathing,1,35.0,female,United States,United States,1,2.0,1,1305,100,1,65.0,2.0,2.0,3.0,3.0,2.0,3.0,4.0,2.0,4.0,2.0,2.0,4.0,4.0,4.0,2.0,3.0,4.0,4.0,3.0,2.0,5.0,9.0,5.0,4.0,4.0,4.0,4.0,4.0,4.0,4.0,2.0,4.0,4.0,4.0,2.0,2.0,4.0,2.0,4.0,2.0,2.0,4.0,4.0,3.4
R_1KpV2dzNLGX1Cmr,flor,mindful_walking,1,20.0,male,United States,United States,1,3.0,1,1665,100,1,37.0,3.0,3.0,1.0,1.0,3.0,1.0,2.0,2.0,1.0,3.0,3.0,2.0,1.0,2.0,4.0,2.0,2.0,2.0,2.0,3.0,7.0,5.0,6.0,2.0,3.0,3.0,4.0,3.0,4.0,1.0,4.0,4.0,4.0,3.0,4.0,4.0,3.0,3.0,3.0,5.0,5.0,5.0,4.0,3.55
R_3oXfQuE6UHc2oDh,flor,loving_kindness,1,19.0,female,United States,United States,1,3.0,1,1202,100,1,26.0,3.0,4.0,1.0,1.0,3.0,1.0,1.0,3.0,1.0,4.0,3.0,1.0,1.0,1.0,4.0,3.0,1.0,1.0,4.0,3.0,8.0,2.0,7.0,3.0,4.0,3.0,3.0,3.0,3.0,1.0,4.0,2.0,4.0,3.0,2.0,2.0,2.0,2.0,3.0,3.0,2.0,4.0,5.0,2.9
R_3HCyoDNMX33aFKH,witt,loving_kindness,1,18.0,female,United States,United States,1,3.0,1,1177,100,1,23.0,4.0,4.0,1.0,1.0,4.0,1.0,1.0,3.0,1.0,4.0,3.0,1.0,1.0,1.0,4.0,4.0,1.0,1.0,3.0,4.0,9.0,2.0,8.0,5.0,5.0,5.0,4.0,5.0,5.0,5.0,5.0,5.0,5.0,2.0,4.0,4.0,1.0,2.0,2.0,4.0,3.0,2.0,4.0,3.85
R_3e4CLfwx6pAAZWX,witt,control_book,0,19.0,prefer_not_say,United States,United States,1,3.0,1,1147,100,1,43.0,3.0,2.0,1.0,1.0,3.0,1.0,4.0,2.0,1.0,4.0,1.0,2.0,1.0,3.0,4.0,3.0,2.0,3.0,2.0,2.0,6.0,6.0,3.0,3.0,5.0,4.0,4.0,5.0,4.0,3.0,5.0,4.0,5.0,3.0,1.0,2.0,2.0,1.0,3.0,3.0,2.0,3.0,2.0,3.2
R_8CykVT6vm39brhv,spri,body_scan,1,20.0,prefer_not_say,United States,United States,1,3.0,1,2849,100,1,48.0,2.0,3.0,2.0,3.0,2.0,2.0,3.0,1.0,1.0,2.0,2.0,1.0,1.0,1.0,3.0,1.0,2.0,2.0,3.0,1.0,5.0,5.0,7.0,2.0,3.0,2.0,2.0,1.0,3.0,2.0,2.0,4.0,4.0,2.0,3.0,1.0,3.0,2.0,4.0,2.0,3.0,5.0,3.0,2.65
R_27gtOiZ8MQl9zhi,witt,mindful_breathing,1,21.0,male,United States,United States,1,2.0,1,1338,100,1,40.0,3.0,2.0,1.0,2.0,3.0,1.0,2.0,2.0,1.0,3.0,2.0,1.0,2.0,3.0,3.0,3.0,2.0,1.0,2.0,3.0,6.0,4.0,7.0,3.0,3.0,3.0,2.0,4.0,4.0,4.0,4.0,4.0,5.0,3.0,3.0,4.0,3.0,3.0,4.0,4.0,2.0,2.0,2.0,3.3
R_1OZ6ZMF1NF1TOXW,utah,mindful_walking,1,21.0,female,United States,United States,1,3.0,1,1337,100,1,65.0,1.0,2.0,4.0,4.0,3.0,4.0,4.0,3.0,2.0,2.0,2.0,4.0,4.0,4.0,2.0,1.0,3.0,2.0,2.0,2.0,5.0,7.0,4.0,4.0,3.0,4.0,4.0,5.0,4.0,4.0,5.0,5.0,5.0,2.0,4.0,2.0,2.0,3.0,1.0,2.0,3.0,3.0,4.0,3.45
R_6F44d0v9vlV5fSF,suny,body_scan,1,18.0,male,United States,United States,1,3.0,1,1442,100,1,22.0,4.0,4.0,1.0,1.0,4.0,1.0,1.0,4.0,1.0,3.0,4.0,1.0,1.0,1.0,3.0,4.0,1.0,1.0,4.0,4.0,9.0,3.0,9.0,1.0,1.0,1.0,2.0,1.0,4.0,1.0,4.0,2.0,4.0,5.0,5.0,2.0,5.0,4.0,5.0,3.0,2.0,4.0,4.0,3.0
R_1duWXdOcAqCbulv,kons,control_book,0,20.0,female,Germany,Germany,0,2.0,1,1600,100,1,35.0,4.0,3.0,1.0,2.0,3.0,1.0,2.0,1.0,1.0,4.0,3.0,1.0,1.0,2.0,2.0,2.0,2.0,1.0,4.0,3.0,6.0,3.0,7.0,2.0,3.0,2.0,2.0,4.0,5.0,4.0,2.0,5.0,5.0,3.0,3.0,4.0,4.0,3.0,4.0,3.0,4.0,4.0,4.0,3.5
R_24uBE2uVjt0kO93,hous,mindful_walking,1,21.0,female,United States,United States,1,3.0,1,1431,100,1,29.0,3.0,4.0,1.0,2.0,4.0,1.0,1.0,4.0,1.0,3.0,4.0,1.0,1.0,1.0,2.0,3.0,1.0,2.0,3.0,3.0,7.0,5.0,7.0,4.0,3.0,3.0,4.0,2.0,4.0,2.0,5.0,4.0,4.0,3.0,5.0,1.0,2.0,3.0,3.0,2.0,2.0,3.0,2.0,3.05
R_z5LCXBzLY4h5dCN,nort2,loving_kindness,1,59.0,female,United Kingdom,United Kingdom,1,3.0,1,1583,100,1,23.0,4.0,4.0,1.0,4.0,4.0,1.0,1.0,4.0,1.0,4.0,4.0,1.0,1.0,1.0,4.0,4.0,1.0,1.0,4.0,4.0,9.0,5.0,9.0,2.0,1.0,2.0,1.0,2.0,4.0,1.0,2.0,2.0,4.0,4.0,2.0,2.0,2.0,2.0,4.0,2.0,2.0,4.0,5.0,2.5
R_cUPJPAQ5n2bElIl,hous,body_scan,1,19.0,female,United States,United States,0,3.0,1,1425,100,1,29.0,4.0,3.0,1.0,1.0,4.0,1.0,2.0,4.0,1.0,4.0,4.0,1.0,2.0,2.0,4.0,3.0,2.0,2.0,3.0,3.0,8.0,5.0,7.0,2.0,3.0,2.0,2.0,4.0,4.0,3.0,2.0,2.0,4.0,2.0,4.0,4.0,2.0,4.0,4.0,4.0,3.0,3.0,3.0,3.05
R_3qxsRsppGxAx7ym,olaf,mindful_breathing,1,19.0,male,United States,United States,1,3.0,1,1192,100,1,34.0,4.0,3.0,1.0,1.0,4.0,1.0,2.0,2.0,1.0,3.0,2.0,3.0,1.0,2.0,4.0,3.0,2.0,1.0,3.0,3.0,5.0,6.0,5.0,3.0,3.0,2.0,2.0,1.0,4.0,2.0,3.0,3.0,4.0,4.0,4.0,4.0,4.0,3.0,4.0,4.0,3.0,4.0,5.0,3.3
R_2fe8pK65tdq96ku,flor,control_book,0,19.0,male,United States,United States,1,3.0,1,54384,100,1,24.0,4.0,4.0,1.0,1.0,3.0,1.0,1.0,3.0,1.0,4.0,4.0,1.0,1.0,1.0,4.0,3.0,1.0,2.0,4.0,4.0,8.0,3.0,7.0,2.0,1.0,1.0,1.0,1.0,1.0,5.0,5.0,2.0,2.0,4.0,5.0,4.0,5.0,5.0,5.0,5.0,4.0,5.0,4.0,3.35
R_2Ce9BdwfOrSqHub,indi,loving_kindness,1,19.0,female,United States,United States,1,2.0,1,1271,100,1,33.0,3.0,3.0,1.0,1.0,3.0,1.0,1.0,3.0,1.0,3.0,2.0,1.0,1.0,1.0,3.0,3.0,1.0,1.0,1.0,3.0,7.0,1.0,8.0,4.0,5.0,3.0,4.0,4.0,4.0,4.0,5.0,5.0,5.0,4.0,4.0,1.0,2.0,3.0,3.0,3.0,2.0,1.0,4.0,3.5
R_27COHS3uZAZ4Mga,spri,mindful_walking,1,20.0,male,United States,United States,1,3.0,1,6075,100,1,46.0,2.0,3.0,3.0,2.0,2.0,2.0,2.0,2.0,2.0,3.0,3.0,2.0,1.0,2.0,2.0,2.0,1.0,2.0,2.0,2.0,7.0,5.0,6.0,2.0,2.0,2.0,1.0,4.0,4.0,2.0,4.0,4.0,5.0,4.0,4.0,2.0,2.0,3.0,2.0,3.0,4.0,4.0,5.0,3.15
R_qVrdE4Vu0ju3FHb,jose,body_scan,1,19.0,male,United States,United States,1,2.0,1,1196,100,1,23.0,4.0,3.0,1.0,1.0,4.0,1.0,1.0,4.0,1.0,4.0,3.0,1.0,1.0,1.0,4.0,3.0,1.0,1.0,4.0,4.0,8.0,3.0,5.0,2.0,2.0,2.0,1.0,1.0,4.0,2.0,2.0,1.0,4.0,4.0,4.0,5.0,4.0,4.0,4.0,5.0,4.0,4.0,5.0,3.2
R_2zx9JXsBfqYg8eR,flor,control_book,0,18.0,self_describe,United States,United States,1,3.0,1,1819,100,1,41.0,2.0,3.0,1.0,3.0,2.0,2.0,2.0,3.0,1.0,2.0,4.0,2.0,2.0,2.0,3.0,3.0,2.0,2.0,3.0,3.0,6.0,5.0,6.0,3.0,2.0,3.0,5.0,2.0,4.0,2.0,4.0,2.0,3.0,4.0,4.0,1.0,2.0,5.0,3.0,3.0,4.0,3.0,3.0,3.1
R_8IKQ6m6LBYsaGWt,hous,mindful_breathing,1,20.0,female,United States,United States,1,3.0,1,1078,100,1,20.0,4.0,4.0,1.0,1.0,4.0,1.0,1.0,4.0,1.0,4.0,4.0,1.0,1.0,1.0,4.0,4.0,1.0,1.0,4.0,4.0,7.0,5.0,9.0,2.0,2.0,2.0,1.0,2.0,1.0,2.0,2.0,2.0,2.0,2.0,5.0,5.0,2.0,5.0,5.0,4.0,5.0,5.0,5.0,3.05
R_3CK1ofVEGGtqaW9,utah,mindful_walking,1,20.0,female,United States,United States,1,3.0,1,1219,100,1,35.0,3.0,2.0,2.0,1.0,3.0,1.0,1.0,2.0,1.0,4.0,2.0,1.0,2.0,1.0,4.0,3.0,1.0,1.0,2.0,2.0,7.0,2.0,6.0,3.0,2.0,2.0,4.0,2.0,4.0,1.0,4.0,4.0,4.0,3.0,2.0,4.0,3.0,3.0,5.0,5.0,4.0,5.0,5.0,3.45
R_2veTjXDDTWBwfGN,hous,body_scan,1,20.0,female,United States,United States,0,2.0,1,1081,100,1,30.0,4.0,4.0,2.0,2.0,4.0,1.0,1.0,4.0,1.0,4.0,3.0,2.0,1.0,2.0,4.0,1.0,1.0,1.0,3.0,3.0,7.0,2.0,6.0,1.0,3.0,1.0,5.0,4.0,4.0,1.0,5.0,3.0,4.0,1.0,3.0,2.0,1.0,3.0,4.0,4.0,2.0,4.0,3.0,2.9
R_1fecy6WqquJG1oM,hous,mindful_breathing,1,21.0,female,United States,United States,0,3.0,1,2707,100,1,31.0,4.0,4.0,1.0,2.0,3.0,2.0,2.0,2.0,1.0,4.0,4.0,3.0,1.0,1.0,4.0,4.0,2.0,3.0,4.0,4.0,7.0,5.0,7.0,4.0,2.0,3.0,4.0,3.0,3.0,2.0,5.0,4.0,5.0,4.0,5.0,1.0,2.0,4.0,4.0,3.0,2.0,3.0,2.0,3.25
R_1nNiOxAkIAl0Kil,canb,mindful_walking,1,18.0,female,Australia,Australia,1,3.0,1,1438,100,1,42.0,3.0,3.0,2.0,2.0,3.0,1.0,3.0,3.0,2.0,3.0,3.0,2.0,2.0,2.0,3.0,2.0,2.0,2.0,2.0,3.0,6.0,4.0,5.0,4.0,4.0,4.0,4.0,4.0,5.0,2.0,5.0,4.0,5.0,2.0,3.0,2.0,2.0,3.0,2.0,2.0,2.0,3.0,5.0,3.35
R_yKirlxTI3ZjXO5b,hous,loving_kindness,1,19.0,female,United States,United States,0,3.0,1,330990,100,1,47.0,4.0,3.0,3.0,4.0,4.0,3.0,3.0,3.0,4.0,4.0,3.0,3.0,3.0,3.0,3.0,3.0,3.0,3.0,4.0,4.0,8.0,7.0,7.0,2.0,3.0,2.0,3.0,4.0,3.0,4.0,2.0,4.0,4.0,4.0,3.0,3.0,2.0,3.0,2.0,3.0,4.0,2.0,4.0,3.05
R_2CHgTGplnpGrSr2,hous,loving_kindness,1,20.0,female,United States,United States,1,3.0,1,1941,100,1,61.0,2.0,3.0,4.0,3.0,2.0,4.0,3.0,2.0,3.0,3.0,2.0,4.0,3.0,3.0,1.0,2.0,3.0,3.0,3.0,2.0,5.0,5.0,3.0,4.0,5.0,5.0,5.0,5.0,5.0,5.0,5.0,5.0,5.0,5.0,4.0,2.0,2.0,3.0,2.0,4.0,4.0,2.0,2.0,3.95
R_2uHstfFnhPQCN4E,hous,body_scan,1,22.0,female,United States,Mexico,0,2.0,1,1264,100,1,21.0,4.0,4.0,1.0,1.0,4.0,1.0,1.0,4.0,1.0,4.0,4.0,1.0,1.0,1.0,4.0,3.0,1.0,1.0,4.0,4.0,8.0,2.0,9.0,2.0,1.0,1.0,1.0,2.0,2.0,1.0,4.0,1.0,3.0,4.0,5.0,4.0,4.0,4.0,4.0,4.0,3.0,4.0,5.0,2.95
R_1Oq3BBBuuvHqfrT,hous,control_book,0,24.0,female,United States,United States,0,3.0,1,1358,100,1,40.0,2.0,2.0,1.0,1.0,2.0,1.0,1.0,2.0,1.0,2.0,2.0,1.0,1.0,1.0,2.0,2.0,1.0,1.0,2.0,2.0,6.0,4.0,5.0,2.0,4.0,2.0,3.0,2.0,4.0,2.0,5.0,2.0,4.0,4.0,1.0,4.0,4.0,1.0,2.0,4.0,4.0,4.0,4.0,3.1
R_rimkenGJcGTDP0Z,hous,body_scan,1,20.0,male,United States,United States,1,3.0,1,1127,100,1,41.0,4.0,2.0,1.0,1.0,2.0,2.0,1.0,2.0,1.0,2.0,2.0,2.0,2.0,2.0,3.0,2.0,1.0,2.0,3.0,2.0,6.0,3.0,6.0,4.0,3.0,4.0,3.0,4.0,3.0,3.0,4.0,4.0,4.0,3.0,3.0,2.0,4.0,3.0,3.0,3.0,3.0,4.0,3.0,3.35
R_1CwDJ8ZAveyoB0u,hous,loving_kindness,1,20.0,female,United States,United States,0,3.0,1,1106,100,1,29.0,4.0,3.0,1.0,1.0,4.0,1.0,1.0,3.0,1.0,3.0,3.0,1.0,1.0,1.0,4.0,3.0,2.0,1.0,3.0,2.0,7.0,5.0,6.0,4.0,3.0,4.0,3.0,2.0,4.0,3.0,5.0,5.0,5.0,4.0,4.0,4.0,4.0,4.0,3.0,3.0,2.0,4.0,5.0,3.75
R_3PjZ7WnQKYjHnjQ,utah,mindful_walking,1,20.0,female,United States,United States,1,3.0,1,1372,100,1,41.0,2.0,3.0,2.0,2.0,3.0,1.0,3.0,3.0,1.0,3.0,1.0,2.0,1.0,2.0,3.0,2.0,2.0,1.0,3.0,3.0,6.0,3.0,5.0,2.0,1.0,1.0,2.0,1.0,3.0,4.0,4.0,2.0,5.0,4.0,4.0,4.0,3.0,4.0,2.0,4.0,2.0,4.0,4.0,3.0
R_1PcL0o09bTzskT2,indi,mindful_walking,1,20.0,male,United States,12/7/2001,0,2.0,1,2053,100,1,53.0,2.0,3.0,2.0,3.0,3.0,3.0,3.0,3.0,3.0,2.0,2.0,2.0,3.0,2.0,2.0,2.0,3.0,2.0,2.0,2.0,5.0,5.0,5.0,3.0,3.0,3.0,3.0,3.0,3.0,3.0,3.0,3.0,3.0,3.0,3.0,3.0,3.0,3.0,3.0,3.0,3.0,3.0,3.0,3.0
R_27wiTdT8TY4Fr42,hous,mindful_breathing,1,23.0,male,United States,United States,1,2.0,1,32408,100,1,23.0,4.0,1.0,1.0,1.0,4.0,1.0,1.0,4.0,1.0,4.0,4.0,1.0,1.0,1.0,4.0,4.0,1.0,1.0,4.0,4.0,9.0,1.0,9.0,5.0,5.0,5.0,3.0,5.0,5.0,3.0,5.0,4.0,5.0,5.0,2.0,4.0,4.0,2.0,5.0,1.0,5.0,5.0,4.0,4.1
R_2ay0fZNMxhfaBhI,kons,control_book,0,20.0,female,Germany,Germany,0,2.0,1,1229,100,1,38.0,2.0,3.0,1.0,1.0,2.0,1.0,2.0,3.0,1.0,3.0,1.0,2.0,1.0,1.0,2.0,3.0,2.0,1.0,3.0,3.0,5.0,6.0,4.0,3.0,4.0,4.0,4.0,4.0,5.0,2.0,4.0,4.0,5.0,3.0,3.0,4.0,2.0,3.0,1.0,4.0,4.0,2.0,2.0,3.35
R_1rowvwDWCxX5AJM,kons,mindful_breathing,1,20.0,female,Germany,Germany,0,2.0,1,88024,100,1,24.0,4.0,3.0,1.0,1.0,4.0,1.0,1.0,4.0,1.0,4.0,3.0,1.0,1.0,1.0,4.0,3.0,1.0,1.0,3.0,4.0,8.0,3.0,6.0,2.0,2.0,2.0,1.0,2.0,4.0,3.0,2.0,1.0,2.0,4.0,4.0,2.0,4.0,4.0,3.0,4.0,3.0,4.0,2.0,2.75
R_3GqyBVKagRp8eOv,indi,body_scan,1,19.0,male,United States,United States,1,3.0,1,1665,100,1,36.0,2.0,3.0,1.0,1.0,1.0,1.0,3.0,4.0,1.0,4.0,3.0,3.0,1.0,2.0,3.0,4.0,1.0,3.0,3.0,4.0,7.0,1.0,7.0,4.0,3.0,3.0,3.0,2.0,3.0,4.0,4.0,2.0,3.0,3.0,4.0,3.0,3.0,4.0,3.0,3.0,3.0,4.0,5.0,3.3
R_tRkEfxOXQZ9l1bb,aust,loving_kindness,1,19.0,female,Australia,Australia,1,3.0,1,1399,100,1,33.0,4.0,2.0,2.0,1.0,3.0,1.0,2.0,3.0,1.0,3.0,3.0,1.0,1.0,2.0,4.0,4.0,2.0,1.0,2.0,3.0,6.0,2.0,7.0,2.0,1.0,2.0,2.0,1.0,4.0,2.0,3.0,4.0,4.0,4.0,4.0,4.0,2.0,3.0,2.0,4.0,4.0,4.0,4.0,3.0
R_rkANLC5sEi0W7Pr,nort1,mindful_breathing,1,20.0,female,United Kingdom,United Kingdom,1,3.0,1,1118,100,1,31.0,3.0,3.0,1.0,1.0,3.0,1.0,2.0,3.0,1.0,3.0,3.0,1.0,1.0,1.0,4.0,3.0,2.0,1.0,3.0,3.0,5.0,2.0,6.0,4.0,5.0,4.0,5.0,4.0,4.0,4.0,4.0,4.0,4.0,5.0,2.0,2.0,2.0,3.0,2.0,2.0,3.0,2.0,4.0,3.45
R_27Qo3arvI96eQ4Q,suny,body_scan,1,19.0,female,United States,United States,0,3.0,1,139151,100,1,28.0,3.0,3.0,1.0,1.0,4.0,1.0,1.0,3.0,1.0,3.0,4.0,1.0,2.0,1.0,4.0,3.0,1.0,1.0,3.0,3.0,8.0,2.0,7.0,2.0,3.0,2.0,4.0,3.0,2.0,2.0,2.0,2.0,3.0,2.0,5.0,3.0,4.0,4.0,4.0,3.0,2.0,4.0,2.0,2.9
R_1ODXhPKp2ele0Jt,hous,control_book,0,23.0,female,U.S,U.S,1,3.0,1,1499,100,1,33.0,3.0,2.0,1.0,1.0,2.0,1.0,1.0,4.0,1.0,2.0,4.0,1.0,1.0,4.0,3.0,4.0,1.0,1.0,2.0,4.0,7.0,3.0,5.0,1.0,1.0,1.0,1.0,1.0,3.0,1.0,4.0,4.0,4.0,1.0,5.0,5.0,3.0,5.0,4.0,1.0,5.0,2.0,1.0,2.65
R_87XrLgm4HXzPa5H,utah,mindful_walking,1,22.0,male,United States,United States,1,3.0,1,1159,100,1,40.0,3.0,2.0,2.0,2.0,4.0,1.0,3.0,3.0,1.0,1.0,3.0,1.0,1.0,2.0,3.0,2.0,2.0,2.0,3.0,3.0,6.0,3.0,7.0,2.0,2.0,2.0,2.0,3.0,4.0,2.0,2.0,3.0,3.0,2.0,4.0,2.0,4.0,4.0,4.0,3.0,3.0,4.0,5.0,3.0
R_2rGcRRdejLNX2qy,suny,loving_kindness,1,19.0,male,United States,United States,1,3.0,1,1471,100,1,22.0,4.0,4.0,1.0,1.0,4.0,1.0,1.0,3.0,1.0,4.0,4.0,1.0,1.0,1.0,4.0,3.0,1.0,1.0,4.0,4.0,8.0,3.0,9.0,2.0,3.0,2.0,4.0,4.0,4.0,4.0,4.0,4.0,5.0,2.0,5.0,2.0,3.0,3.0,4.0,2.0,3.0,4.0,2.0,3.3
R_3EQiSjghO9aDz5p,suny,body_scan,1,18.0,female,United States,United States,1,3.0,1,1393,100,1,38.0,3.0,2.0,1.0,1.0,3.0,1.0,1.0,2.0,1.0,3.0,2.0,1.0,1.0,2.0,2.0,2.0,1.0,1.0,2.0,2.0,5.0,2.0,6.0,4.0,3.0,3.0,4.0,3.0,2.0,3.0,4.0,3.0,2.0,3.0,4.0,4.0,2.0,3.0,4.0,3.0,4.0,4.0,3.0,3.25
R_302dYnBJ3gEGjYg,witt,mindful_walking,1,22.0,female,United States,United States,1,3.0,1,1216,100,1,26.0,4.0,4.0,1.0,1.0,3.0,1.0,2.0,4.0,1.0,3.0,4.0,1.0,1.0,2.0,4.0,4.0,1.0,1.0,3.0,3.0,8.0,2.0,9.0,2.0,2.0,2.0,2.0,2.0,2.0,2.0,3.0,2.0,2.0,4.0,4.0,4.0,4.0,4.0,4.0,4.0,4.0,5.0,4.0,3.1
R_1jCwkLqpqAFpVZV,utah,loving_kindness,1,19.0,male,United States,United States,1,3.0,1,1578,100,1,31.0,4.0,4.0,1.0,1.0,4.0,1.0,2.0,3.0,1.0,4.0,3.0,3.0,3.0,2.0,4.0,3.0,2.0,1.0,3.0,4.0,7.0,2.0,6.0,1.0,1.0,3.0,4.0,2.0,4.0,1.0,3.0,2.0,5.0,5.0,4.0,4.0,4.0,4.0,4.0,5.0,3.0,4.0,2.0,3.25
R_BslIxx2XGvU7Rdv,seeb,control_book,0,60.0,female,Austria,Austria,0,2.0,1,553383,100,1,27.0,4.0,4.0,1.0,1.0,3.0,1.0,1.0,3.0,1.0,3.0,3.0,1.0,1.0,1.0,3.0,3.0,1.0,1.0,3.0,4.0,7.0,6.0,7.0,4.0,2.0,2.0,2.0,1.0,5.0,1.0,4.0,4.0,4.0,2.0,5.0,2.0,2.0,4.0,3.0,5.0,5.0,4.0,2.0,3.15
R_1IKHEMZXHj8Ek3q,spri,control_book,0,18.0,male,United States,United States,1,3.0,1,1647,100,1,36.0,3.0,1.0,1.0,1.0,3.0,1.0,3.0,3.0,1.0,3.0,3.0,2.0,1.0,2.0,3.0,3.0,1.0,1.0,3.0,3.0,8.0,3.0,6.0,1.0,1.0,1.0,1.0,1.0,2.0,1.0,1.0,1.0,2.0,1.0,5.0,4.0,4.0,4.0,3.0,2.0,5.0,5.0,5.0,2.5
R_3rIj4XVhs38tO2u,indi,loving_kindness,1,19.0,female,United States,United States,1,3.0,1,1390,100,1,42.0,2.0,2.0,1.0,1.0,2.0,2.0,2.0,2.0,1.0,3.0,3.0,2.0,1.0,2.0,2.0,2.0,1.0,1.0,2.0,2.0,6.0,6.0,7.0,2.0,3.0,2.0,3.0,3.0,3.0,3.0,3.0,3.0,4.0,2.0,4.0,2.0,3.0,3.0,3.0,2.0,3.0,4.0,3.0,2.9
R_271GakTNN5ep1M5,hous,body_scan,1,18.0,male,United States,United States,1,3.0,1,1430,100,1,29.0,3.0,4.0,1.0,3.0,4.0,1.0,1.0,4.0,1.0,4.0,4.0,1.0,2.0,2.0,3.0,4.0,1.0,3.0,4.0,3.0,7.0,3.0,9.0,1.0,1.0,1.0,1.0,1.0,1.0,4.0,1.0,1.0,1.0,4.0,5.0,5.0,5.0,2.0,5.0,5.0,5.0,5.0,5.0,2.95
R_2XpUG2hYffffHfX,spri,control_book,0,19.0,female,United States,United States,1,3.0,1,1486,100,1,39.0,2.0,2.0,1.0,2.0,3.0,1.0,1.0,3.0,1.0,2.0,3.0,1.0,2.0,2.0,3.0,3.0,1.0,3.0,2.0,3.0,7.0,3.0,5.0,2.0,2.0,3.0,4.0,3.0,4.0,2.0,5.0,3.0,4.0,2.0,4.0,3.0,2.0,4.0,2.0,3.0,2.0,4.0,3.0,3.05
R_27QFlTqA0I2YudE,hous,body_scan,1,21.0,male,United States,United States,1,3.0,1,1130,100,1,56.0,3.0,2.0,3.0,3.0,3.0,2.0,3.0,2.0,3.0,2.0,2.0,3.0,3.0,3.0,3.0,2.0,3.0,3.0,2.0,2.0,6.0,2.0,7.0,2.0,2.0,3.0,2.0,3.0,3.0,2.0,4.0,4.0,4.0,3.0,3.0,4.0,4.0,3.0,4.0,3.0,4.0,4.0,4.0,3.25
R_1K8tKn2wMmQNSwn,glen,loving_kindness,1,43.0,male,United States,United States,1,3.0,1,1189,100,1,28.0,3.0,3.0,1.0,1.0,3.0,1.0,1.0,2.0,1.0,4.0,3.0,1.0,1.0,1.0,4.0,4.0,1.0,1.0,3.0,3.0,7.0,5.0,8.0,2.0,1.0,2.0,3.0,1.0,3.0,3.0,3.0,2.0,3.0,4.0,5.0,2.0,2.0,4.0,2.0,1.0,1.0,5.0,4.0,2.65
R_1IrXqNmyBGcShvz,glen,mindful_breathing,1,32.0,female,Canada,Canada,1,3.0,1,1506,100,1,30.0,4.0,2.0,2.0,1.0,4.0,1.0,1.0,3.0,1.0,4.0,2.0,1.0,1.0,1.0,3.0,3.0,1.0,1.0,2.0,4.0,7.0,2.0,6.0,4.0,4.0,4.0,1.0,3.0,4.0,3.0,3.0,2.0,4.0,2.0,2.0,4.0,4.0,1.0,2.0,5.0,4.0,4.0,5.0,3.25
R_3r2p5g2eBYtmc1U,jose,body_scan,1,18.0,female,United States,United States,0,3.0,1,2866,100,1,37.0,3.0,3.0,2.0,1.0,3.0,1.0,1.0,2.0,1.0,3.0,3.0,1.0,1.0,2.0,3.0,3.0,2.0,2.0,1.0,3.0,7.0,3.0,7.0,4.0,4.0,4.0,5.0,4.0,5.0,4.0,4.0,5.0,5.0,4.0,2.0,2.0,2.0,3.0,2.0,3.0,2.0,2.0,2.0,3.4
R_2wmJ1B6aDf2uMnj,utah,loving_kindness,1,27.0,male,United States,United States,1,3.0,1,1530,100,1,21.0,4.0,4.0,1.0,1.0,4.0,1.0,1.0,3.0,1.0,4.0,4.0,1.0,1.0,1.0,4.0,4.0,1.0,1.0,4.0,4.0,9.0,4.0,5.0,1.0,1.0,1.0,1.0,1.0,2.0,1.0,1.0,1.0,2.0,4.0,5.0,4.0,5.0,5.0,5.0,5.0,5.0,5.0,5.0,3.0
R_Zwccs6acZexqwKt,utah,mindful_breathing,1,20.0,female,United States,United States,1,3.0,1,1183,100,1,29.0,4.0,4.0,1.0,1.0,4.0,2.0,3.0,3.0,1.0,4.0,3.0,1.0,1.0,2.0,4.0,4.0,2.0,1.0,3.0,3.0,6.0,5.0,6.0,4.0,4.0,2.0,1.0,4.0,2.0,2.0,4.0,4.0,5.0,2.0,4.0,4.0,4.0,3.0,4.0,5.0,4.0,5.0,5.0,3.6
R_2wNVdKrIrLVbVj0,aust,control_book,0,19.0,female,Australia,Australia,1,3.0,1,1367,100,1,39.0,3.0,2.0,2.0,1.0,3.0,1.0,3.0,3.0,1.0,3.0,3.0,2.0,1.0,3.0,3.0,4.0,2.0,2.0,2.0,3.0,7.0,3.0,6.0,3.0,2.0,2.0,2.0,2.0,2.0,2.0,4.0,2.0,4.0,3.0,4.0,2.0,2.0,4.0,4.0,3.0,2.0,4.0,4.0,2.85
R_2qaDRfL8yEZt3AV,hous,mindful_breathing,1,27.0,male,United States,Vietnam,0,2.0,1,1513,100,1,41.0,3.0,2.0,1.0,1.0,2.0,1.0,3.0,2.0,1.0,3.0,2.0,1.0,1.0,2.0,2.0,2.0,2.0,1.0,3.0,2.0,7.0,4.0,4.0,3.0,2.0,2.0,2.0,2.0,4.0,4.0,1.0,3.0,4.0,2.0,3.0,2.0,3.0,3.0,3.0,5.0,5.0,4.0,5.0,3.1
R_3HCgCf9KyarJiwU,gold,body_scan,1,22.0,male,India,India,1,3.0,1,1951,100,1,32.0,3.0,3.0,1.0,1.0,3.0,1.0,2.0,3.0,1.0,3.0,2.0,1.0,1.0,1.0,3.0,3.0,1.0,1.0,3.0,3.0,7.0,5.0,4.0,4.0,4.0,2.0,2.0,1.0,5.0,2.0,2.0,2.0,4.0,2.0,3.0,4.0,4.0,2.0,4.0,4.0,4.0,5.0,4.0,3.2
R_A6RsljujbamksdH,aust,mindful_walking,1,21.0,male,Australia,Norway,0,2.0,1,1937,100,1,26.0,4.0,4.0,1.0,1.0,3.0,1.0,1.0,3.0,1.0,4.0,3.0,1.0,1.0,1.0,4.0,3.0,1.0,1.0,3.0,3.0,7.0,2.0,7.0,4.0,3.0,4.0,4.0,1.0,2.0,1.0,3.0,2.0,2.0,2.0,4.0,4.0,3.0,2.0,4.0,5.0,4.0,4.0,4.0,3.1
R_1f1v3mPLEAFvXrl,aust,control_book,0,19.0,female,Australia,United Kingdom,0,3.0,1,1428,100,1,51.0,3.0,2.0,2.0,1.0,2.0,2.0,4.0,1.0,2.0,3.0,3.0,3.0,2.0,2.0,3.0,2.0,3.0,3.0,2.0,2.0,4.0,2.0,3.0,5.0,4.0,5.0,4.0,5.0,5.0,5.0,5.0,5.0,5.0,1.0,1.0,2.0,1.0,1.0,1.0,2.0,1.0,2.0,2.0,3.1
R_3EN350UqxqqXJpJ,olaf,loving_kindness,1,19.0,female,United States,United States,1,3.0,1,1233,100,1,25.0,4.0,4.0,1.0,1.0,3.0,1.0,2.0,3.0,1.0,4.0,4.0,1.0,1.0,3.0,4.0,4.0,1.0,1.0,4.0,4.0,8.0,3.0,7.0,2.0,1.0,2.0,3.0,2.0,4.0,1.0,2.0,4.0,2.0,2.0,5.0,3.0,5.0,5.0,4.0,2.0,4.0,5.0,4.0,3.1
R_2dg0g2gj0eeKAKK,lime,control_book,0,33.0,male,Ireland,Sweden,1,3.0,1,1297,100,1,26.0,4.0,3.0,1.0,1.0,4.0,1.0,1.0,4.0,1.0,4.0,4.0,1.0,1.0,1.0,4.0,4.0,1.0,2.0,2.0,2.0,9.0,4.0,7.0,1.0,1.0,1.0,1.0,1.0,1.0,2.0,2.0,2.0,2.0,4.0,5.0,2.0,4.0,4.0,5.0,4.0,4.0,5.0,4.0,2.75
R_1mVDhBzCjwcmxwf,hous,mindful_walking,1,19.0,male,United States,United States,1,3.0,1,1332,100,1,32.0,4.0,3.0,1.0,1.0,3.0,1.0,2.0,3.0,1.0,3.0,2.0,1.0,1.0,1.0,3.0,2.0,1.0,1.0,3.0,3.0,6.0,1.0,5.0,2.0,3.0,2.0,1.0,1.0,3.0,2.0,1.0,2.0,2.0,2.0,3.0,4.0,4.0,2.0,4.0,2.0,4.0,4.0,4.0,2.6
R_3dLipVLigSyEoUj,witt,mindful_breathing,1,,male,United States,United States,0,3.0,1,2998,100,1,29.0,4.0,3.0,1.0,1.0,3.0,1.0,1.0,4.0,1.0,4.0,4.0,1.0,1.0,4.0,4.0,2.0,2.0,1.0,4.0,3.0,8.0,2.0,9.0,5.0,1.0,1.0,2.0,1.0,1.0,2.0,1.0,1.0,1.0,4.0,5.0,5.0,5.0,5.0,5.0,4.0,4.0,4.0,3.0,3.0
R_2rqPeifh8hD833v,hous,body_scan,1,19.0,female,United States,United States,1,3.0,1,1515,100,1,44.0,2.0,2.0,2.0,2.0,2.0,2.0,3.0,2.0,1.0,3.0,2.0,1.0,2.0,1.0,2.0,2.0,2.0,1.0,3.0,3.0,5.0,6.0,4.0,4.0,4.0,3.0,2.0,3.0,4.0,4.0,4.0,4.0,4.0,2.0,2.0,4.0,3.0,2.0,3.0,3.0,3.0,3.0,5.0,3.3
R_2v0KwuKGkpDmBzG,glen,mindful_walking,1,39.0,female,United States,United States,1,3.0,1,1459,100,1,32.0,3.0,2.0,1.0,1.0,3.0,1.0,1.0,3.0,1.0,3.0,3.0,1.0,1.0,1.0,3.0,2.0,1.0,1.0,3.0,3.0,6.0,3.0,7.0,4.0,2.0,4.0,3.0,2.0,2.0,2.0,2.0,2.0,3.0,2.0,4.0,2.0,2.0,4.0,2.0,2.0,4.0,4.0,4.0,2.8
R_1hYHSjSKJhEJD2S,glen,mindful_breathing,1,41.0,female,United States,United States,1,3.0,1,1241,100,1,22.0,4.0,4.0,1.0,1.0,4.0,1.0,2.0,4.0,1.0,4.0,3.0,1.0,1.0,1.0,4.0,4.0,1.0,1.0,4.0,4.0,8.0,2.0,5.0,1.0,2.0,1.0,2.0,2.0,1.0,1.0,4.0,2.0,4.0,4.0,5.0,2.0,4.0,4.0,4.0,2.0,4.0,4.0,2.0,2.75
R_3oKQCiMYFs8eFHI,glen,loving_kindness,1,39.0,female,United States,United States,1,3.0,1,1521,100,1,33.0,3.0,3.0,1.0,1.0,3.0,1.0,1.0,3.0,1.0,4.0,2.0,1.0,1.0,2.0,3.0,2.0,1.0,1.0,2.0,3.0,8.0,5.0,7.0,5.0,3.0,4.0,4.0,4.0,4.0,4.0,4.0,4.0,5.0,1.0,4.0,2.0,2.0,3.0,4.0,1.0,2.0,4.0,2.0,3.3
R_SQc2VrL9kJBEaTn,glen,control_book,0,41.0,male,United States,United States,1,3.0,1,1589,100,1,37.0,2.0,2.0,1.0,1.0,3.0,1.0,2.0,2.0,1.0,3.0,2.0,1.0,1.0,1.0,3.0,2.0,1.0,1.0,3.0,2.0,6.0,3.0,5.0,3.0,2.0,3.0,3.0,3.0,4.0,3.0,3.0,4.0,4.0,2.0,3.0,2.0,2.0,3.0,3.0,2.0,2.0,5.0,4.0,3.0
R_1eDby3XXSEIxO5P,suny,mindful_walking,1,18.0,male,United States,United States,1,3.0,1,1793,100,1,20.0,4.0,4.0,1.0,1.0,4.0,1.0,1.0,4.0,1.0,4.0,4.0,1.0,1.0,1.0,4.0,4.0,1.0,1.0,4.0,4.0,9.0,1.0,9.0,4.0,2.0,3.0,4.0,4.0,3.0,3.0,4.0,3.0,4.0,4.0,3.0,2.0,3.0,3.0,2.0,4.0,2.0,2.0,3.0,3.1
R_T7dF0LNVTudLYrL,hous,mindful_breathing,1,21.0,male,United States,United States,1,3.0,1,84536,100,1,31.0,4.0,3.0,1.0,1.0,3.0,1.0,1.0,2.0,1.0,3.0,2.0,1.0,1.0,1.0,4.0,3.0,1.0,1.0,3.0,2.0,8.0,2.0,7.0,2.0,2.0,2.0,2.0,3.0,3.0,2.0,4.0,2.0,4.0,2.0,3.0,3.0,4.0,3.0,4.0,2.0,3.0,4.0,4.0,2.9
R_UaTFGmTYH0xvyh3,hous,loving_kindness,1,21.0,male,United States,United States,1,2.0,1,1123,100,1,21.0,4.0,4.0,1.0,1.0,4.0,1.0,1.0,4.0,1.0,4.0,4.0,1.0,1.0,1.0,4.0,4.0,2.0,1.0,4.0,4.0,9.0,2.0,9.0,2.0,1.0,1.0,1.0,1.0,4.0,1.0,2.0,3.0,1.0,4.0,5.0,1.0,4.0,1.0,5.0,5.0,5.0,4.0,5.0,2.8
R_3kk16BnvG7KO2yk,glen,body_scan,1,30.0,female,Canada,Canada,1,3.0,1,1348,100,1,30.0,3.0,3.0,2.0,1.0,4.0,1.0,1.0,2.0,1.0,4.0,2.0,1.0,1.0,1.0,3.0,4.0,1.0,1.0,3.0,3.0,8.0,5.0,8.0,4.0,4.0,3.0,2.0,4.0,5.0,4.0,5.0,4.0,5.0,2.0,1.0,1.0,2.0,1.0,3.0,3.0,2.0,4.0,5.0,3.2
R_1qfi9hqACIVIQCw,hous,body_scan,1,20.0,female,United States,United States,0,2.0,1,1294,100,1,37.0,3.0,2.0,1.0,2.0,3.0,1.0,1.0,2.0,1.0,3.0,2.0,1.0,1.0,1.0,3.0,2.0,1.0,1.0,2.0,2.0,7.0,1.0,7.0,2.0,3.0,3.0,3.0,2.0,3.0,2.0,4.0,2.0,4.0,2.0,4.0,3.0,3.0,4.0,3.0,2.0,3.0,4.0,4.0,3.0
R_3qQDvROWkdhTAgQ,glen,mindful_breathing,1,43.0,female,United States,United States,1,3.0,1,1644,100,1,26.0,4.0,4.0,1.0,1.0,4.0,1.0,1.0,3.0,1.0,3.0,4.0,1.0,1.0,1.0,3.0,3.0,2.0,1.0,4.0,3.0,7.0,5.0,7.0,1.0,1.0,1.0,1.0,1.0,1.0,1.0,2.0,2.0,4.0,5.0,5.0,2.0,4.0,4.0,2.0,4.0,4.0,5.0,5.0,2.75
R_RlW1M3DQ3OgDU5z,hous,loving_kindness,1,20.0,female,United States,United States,1,3.0,1,36481,100,1,22.0,4.0,4.0,1.0,2.0,4.0,1.0,1.0,4.0,1.0,4.0,4.0,1.0,2.0,1.0,4.0,4.0,1.0,1.0,4.0,4.0,8.0,2.0,7.0,2.0,1.0,3.0,1.0,2.0,3.0,2.0,2.0,3.0,3.0,2.0,5.0,5.0,5.0,5.0,5.0,1.0,5.0,5.0,2.0,3.1
R_3OlB6fgMKaTZ1gk,glen,mindful_walking,1,35.0,male,United States,United States,0,3.0,1,1259,100,1,27.0,3.0,4.0,2.0,2.0,3.0,1.0,1.0,4.0,1.0,4.0,4.0,1.0,1.0,1.0,4.0,3.0,1.0,1.0,3.0,3.0,7.0,2.0,7.0,2.0,2.0,2.0,1.0,2.0,2.0,2.0,3.0,2.0,3.0,2.0,4.0,2.0,4.0,4.0,4.0,5.0,5.0,5.0,5.0,3.05
R_2vbGGuj5SVDyimS,glen,body_scan,1,35.0,female,United States,United States,1,3.0,1,2727,100,1,22.0,4.0,4.0,1.0,1.0,4.0,1.0,1.0,3.0,1.0,4.0,3.0,1.0,1.0,1.0,4.0,4.0,1.0,1.0,4.0,4.0,8.0,1.0,8.0,2.0,1.0,2.0,1.0,2.0,4.0,3.0,3.0,3.0,5.0,3.0,4.0,2.0,3.0,3.0,3.0,2.0,2.0,4.0,4.0,2.8
R_2OT0VikEFaAYLX7,hous,loving_kindness,1,20.0,male,United States,United States,1,3.0,1,1385,100,1,40.0,3.0,2.0,2.0,1.0,3.0,1.0,2.0,2.0,2.0,3.0,2.0,2.0,1.0,1.0,3.0,3.0,2.0,1.0,2.0,2.0,7.0,2.0,3.0,1.0,1.0,1.0,1.0,2.0,2.0,1.0,1.0,1.0,1.0,4.0,4.0,5.0,1.0,4.0,4.0,4.0,5.0,5.0,4.0,2.6
R_1M5qbBZxHCapPkm,canb,control_book,0,,male,Australia,Korea,0,2.0,1,1221,100,1,28.0,4.0,3.0,1.0,1.0,4.0,1.0,2.0,3.0,1.0,4.0,3.0,1.0,1.0,2.0,3.0,3.0,1.0,1.0,4.0,3.0,7.0,2.0,1.0,2.0,2.0,2.0,2.0,2.0,3.0,2.0,3.0,2.0,4.0,5.0,4.0,5.0,3.0,4.0,4.0,4.0,4.0,3.0,4.0,3.2
R_216TDqDJP5fd7JX,hous,control_book,0,19.0,female,United States,United States,1,2.0,1,1175,100,1,33.0,4.0,4.0,1.0,1.0,2.0,1.0,1.0,3.0,1.0,2.0,2.0,1.0,1.0,1.0,3.0,2.0,1.0,1.0,2.0,3.0,5.0,5.0,5.0,3.0,2.0,4.0,4.0,5.0,4.0,1.0,5.0,4.0,5.0,3.0,4.0,4.0,3.0,3.0,4.0,4.0,1.0,1.0,2.0,3.3
R_DnS65IKGWCxXy8h,wurz,mindful_breathing,1,20.0,female,Germany,Germany,0,2.0,1,61107,100,1,30.0,4.0,4.0,1.0,3.0,1.0,1.0,1.0,3.0,1.0,4.0,4.0,1.0,1.0,2.0,4.0,3.0,2.0,1.0,3.0,4.0,8.0,3.0,9.0,2.0,1.0,3.0,2.0,2.0,3.0,2.0,2.0,2.0,2.0,4.0,5.0,4.0,3.0,4.0,4.0,4.0,4.0,4.0,2.0,2.95
R_4U7JvOmNfVIZ4XL,glen,body_scan,1,40.0,male,United States,United States,1,3.0,1,1447,100,1,27.0,3.0,3.0,1.0,1.0,4.0,1.0,1.0,4.0,1.0,4.0,3.0,1.0,1.0,1.0,3.0,3.0,1.0,1.0,4.0,2.0,7.0,3.0,5.0,1.0,1.0,3.0,4.0,3.0,2.0,3.0,2.0,1.0,3.0,5.0,5.0,4.0,3.0,4.0,2.0,5.0,3.0,5.0,5.0,3.2
R_3EiGprW6iTPdGXj,glen,control_book,0,67.0,female,United States,United States,1,3.0,1,1304,100,1,38.0,2.0,2.0,1.0,1.0,3.0,1.0,1.0,2.0,1.0,2.0,2.0,1.0,1.0,1.0,3.0,2.0,1.0,1.0,2.0,2.0,5.0,6.0,6.0,2.0,1.0,1.0,5.0,1.0,1.0,3.0,1.0,1.0,1.0,5.0,5.0,5.0,5.0,4.0,4.0,5.0,5.0,5.0,5.0,3.25
R_2YgmajmDW7Cb6cb,glen,mindful_walking,1,37.0,female,United States,United States,1,3.0,1,1482,100,1,31.0,2.0,4.0,1.0,1.0,3.0,1.0,1.0,3.0,1.0,4.0,2.0,1.0,1.0,1.0,2.0,4.0,1.0,1.0,1.0,4.0,7.0,5.0,6.0,2.0,4.0,3.0,3.0,2.0,2.0,2.0,4.0,2.0,2.0,2.0,3.0,3.0,4.0,4.0,4.0,4.0,1.0,3.0,3.0,2.85
R_1etKknf2kyEpTag,canb,mindful_breathing,1,20.0,male,Australia,Australia,1,3.0,1,3946,100,1,29.0,4.0,3.0,1.0,1.0,4.0,1.0,1.0,2.0,1.0,3.0,2.0,1.0,1.0,1.0,3.0,3.0,1.0,1.0,3.0,4.0,7.0,3.0,5.0,2.0,2.0,2.0,4.0,3.0,4.0,3.0,5.0,2.0,4.0,3.0,4.0,3.0,2.0,2.0,2.0,1.0,4.0,3.0,5.0,3.0
R_2pJiR0ikzFh0wbE,glen,loving_kindness,1,46.0,self_describe,United States,United States,1,3.0,1,1539,100,1,25.0,4.0,4.0,1.0,1.0,4.0,1.0,1.0,3.0,1.0,3.0,3.0,1.0,1.0,1.0,3.0,4.0,1.0,1.0,4.0,3.0,8.0,2.0,9.0,1.0,1.0,1.0,1.0,1.0,1.0,1.0,1.0,1.0,4.0,5.0,5.0,2.0,2.0,4.0,4.0,4.0,5.0,2.0,4.0,2.5
R_2ASwY0633K7VC7Z,glen,body_scan,1,23.0,male,United States,United States,1,3.0,1,2502,100,1,29.0,4.0,3.0,3.0,1.0,4.0,1.0,1.0,3.0,1.0,3.0,3.0,1.0,1.0,1.0,4.0,3.0,1.0,1.0,3.0,3.0,8.0,2.0,8.0,3.0,2.0,2.0,2.0,2.0,4.0,2.0,3.0,3.0,4.0,3.0,4.0,4.0,4.0,3.0,3.0,4.0,3.0,4.0,5.0,3.2
R_2YVtzXLOQ4ideQP,glen,loving_kindness,1,40.0,male,United States,United States,1,3.0,1,1299,100,1,32.0,2.0,4.0,3.0,1.0,3.0,1.0,1.0,2.0,1.0,3.0,3.0,1.0,1.0,1.0,3.0,3.0,1.0,1.0,3.0,4.0,6.0,5.0,6.0,3.0,1.0,3.0,2.0,1.0,1.0,3.0,3.0,4.0,2.0,4.0,4.0,4.0,3.0,3.0,4.0,3.0,4.0,4.0,4.0,3.0
R_30w5u4w4JCASMZx,witt,control_book,0,21.0,male,The United States,The United States,1,3.0,1,1495,100,1,48.0,2.0,2.0,2.0,1.0,1.0,1.0,3.0,1.0,1.0,2.0,2.0,1.0,1.0,2.0,2.0,1.0,1.0,2.0,2.0,2.0,6.0,3.0,7.0,1.0,4.0,1.0,2.0,2.0,4.0,1.0,2.0,2.0,4.0,5.0,2.0,1.0,2.0,2.0,4.0,1.0,2.0,4.0,2.0,2.4
R_1r6O9yJebdDNQSu,glen,body_scan,1,40.0,male,United States,United Kingdom,1,3.0,1,2230,100,1,22.0,4.0,3.0,1.0,1.0,4.0,1.0,1.0,4.0,1.0,4.0,3.0,1.0,1.0,1.0,4.0,4.0,1.0,1.0,4.0,4.0,8.0,1.0,8.0,2.0,1.0,2.0,2.0,2.0,2.0,2.0,2.0,2.0,2.0,4.0,4.0,4.0,4.0,4.0,4.0,4.0,4.0,4.0,4.0,2.95
R_OCKRsYoPSUaICUp,lime,mindful_walking,1,52.0,male,Ireland,Ireland,1,3.0,1,1408,100,1,30.0,3.0,3.0,1.0,1.0,3.0,1.0,3.0,3.0,1.0,4.0,3.0,1.0,1.0,1.0,4.0,3.0,1.0,1.0,3.0,3.0,6.0,4.0,7.0,1.0,1.0,3.0,2.0,2.0,2.0,1.0,3.0,2.0,3.0,3.0,5.0,4.0,4.0,3.0,3.0,4.0,3.0,4.0,4.0,2.85
R_RehR4Evau3b2DcZ,witt,control_book,0,20.0,female,United States,United States,1,3.0,1,1124,100,1,56.0,1.0,2.0,2.0,2.0,1.0,2.0,2.0,1.0,2.0,2.0,1.0,3.0,2.0,2.0,2.0,2.0,2.0,2.0,1.0,2.0,3.0,7.0,4.0,3.0,1.0,2.0,3.0,4.0,4.0,2.0,4.0,3.0,5.0,3.0,4.0,2.0,3.0,4.0,2.0,3.0,2.0,3.0,3.0,3.0
R_1I5XBcC9ai2C6vY,hous,mindful_breathing,1,20.0,female,United States,United States,1,3.0,1,1641,100,1,36.0,3.0,2.0,1.0,1.0,2.0,1.0,1.0,2.0,1.0,2.0,2.0,1.0,1.0,1.0,3.0,3.0,1.0,1.0,2.0,3.0,8.0,1.0,6.0,1.0,3.0,1.0,1.0,1.0,2.0,2.0,3.0,3.0,3.0,2.0,2.0,3.0,4.0,3.0,4.0,5.0,5.0,3.0,5.0,2.8
R_2a97DlJf8rMuSPb,hous,mindful_breathing,1,19.0,female,United States,United States,1,3.0,1,1403,100,1,20.0,4.0,4.0,1.0,1.0,4.0,1.0,1.0,4.0,1.0,4.0,4.0,1.0,1.0,1.0,4.0,4.0,1.0,1.0,4.0,4.0,9.0,1.0,9.0,1.0,1.0,1.0,1.0,1.0,1.0,1.0,1.0,1.0,1.0,5.0,5.0,5.0,4.0,5.0,5.0,4.0,5.0,5.0,5.0,2.9
R_3neA0rfgF9ybzVz,glen,body_scan,1,61.0,female,United States,United States,1,2.0,1,1927,100,1,20.0,4.0,4.0,1.0,1.0,4.0,1.0,1.0,4.0,1.0,4.0,4.0,1.0,1.0,1.0,4.0,4.0,1.0,1.0,4.0,4.0,9.0,1.0,9.0,1.0,1.0,1.0,2.0,1.0,2.0,2.0,3.0,1.0,3.0,1.0,5.0,4.0,4.0,4.0,4.0,4.0,4.0,4.0,4.0,2.75
R_SV3wwD4D7IzpHvH,hous,loving_kindness,1,20.0,male,United States,Vietnam,1,3.0,1,999,100,1,47.0,3.0,2.0,2.0,3.0,4.0,2.0,3.0,3.0,2.0,3.0,3.0,3.0,4.0,2.0,3.0,3.0,3.0,4.0,4.0,3.0,6.0,6.0,6.0,3.0,3.0,2.0,3.0,4.0,4.0,3.0,4.0,4.0,5.0,4.0,1.0,2.0,3.0,4.0,4.0,4.0,4.0,3.0,3.0,3.35
R_2Em12RmCdcHQdY2,olaf,mindful_walking,1,20.0,male,United States,United States,1,3.0,1,1243,100,1,37.0,3.0,2.0,2.0,2.0,3.0,2.0,2.0,3.0,1.0,3.0,3.0,1.0,1.0,2.0,3.0,3.0,1.0,2.0,3.0,3.0,7.0,6.0,5.0,3.0,2.0,2.0,2.0,2.0,2.0,1.0,2.0,1.0,2.0,4.0,4.0,3.0,4.0,4.0,4.0,4.0,3.0,4.0,4.0,2.85
R_1OHJvqSFP63ypkt,hous,loving_kindness,1,19.0,female,United States,United States,1,3.0,1,3456,100,1,46.0,3.0,3.0,3.0,2.0,2.0,1.0,3.0,3.0,2.0,3.0,3.0,3.0,1.0,4.0,3.0,3.0,3.0,3.0,3.0,3.0,8.0,6.0,5.0,4.0,2.0,2.0,5.0,4.0,4.0,2.0,4.0,4.0,5.0,2.0,4.0,4.0,2.0,2.0,4.0,2.0,4.0,4.0,1.0,3.25
R_1IEKYz45syMYGhd,hous,control_book,0,21.0,female,United States,United Arab Emirates,0,3.0,1,1723,100,1,48.0,2.0,2.0,1.0,1.0,2.0,2.0,2.0,2.0,1.0,2.0,1.0,1.0,1.0,4.0,2.0,2.0,2.0,2.0,2.0,2.0,7.0,5.0,4.0,2.0,2.0,3.0,5.0,4.0,4.0,2.0,4.0,3.0,4.0,2.0,1.0,1.0,2.0,3.0,3.0,4.0,2.0,2.0,3.0,2.8
R_1feA68ENPX7czCN,hous,mindful_breathing,1,23.0,female,United States,United States,1,3.0,1,1347,100,1,28.0,4.0,4.0,1.0,1.0,1.0,1.0,1.0,3.0,1.0,4.0,3.0,1.0,1.0,1.0,4.0,2.0,1.0,1.0,3.0,4.0,9.0,1.0,7.0,4.0,2.0,2.0,4.0,2.0,4.0,2.0,4.0,4.0,4.0,4.0,4.0,4.0,4.0,4.0,4.0,2.0,2.0,2.0,3.0,3.25
R_3ssPOw1UuLVS13T,glen,mindful_walking,1,62.0,male,United States,United States,1,2.0,1,4525,100,1,30.0,3.0,3.0,1.0,1.0,3.0,1.0,1.0,3.0,1.0,3.0,3.0,1.0,1.0,1.0,3.0,3.0,1.0,1.0,3.0,3.0,9.0,7.0,7.0,3.0,2.0,2.0,2.0,1.0,2.0,2.0,3.0,2.0,2.0,3.0,4.0,3.0,4.0,4.0,4.0,4.0,4.0,5.0,5.0,3.05
R_T7O5AAqPiKBAqUp,hous,body_scan,1,22.0,female,United States,United States,1,3.0,1,1160,100,1,28.0,4.0,3.0,1.0,1.0,3.0,1.0,1.0,3.0,1.0,4.0,2.0,1.0,1.0,1.0,3.0,4.0,1.0,1.0,3.0,3.0,7.0,2.0,5.0,2.0,2.0,1.0,1.0,3.0,4.0,1.0,4.0,3.0,4.0,2.0,2.0,2.0,2.0,2.0,3.0,2.0,4.0,4.0,5.0,2.65
R_1DYes62JqbVJlv9,hous,mindful_walking,1,21.0,male,United States,United States,1,3.0,1,1152,100,1,47.0,2.0,2.0,2.0,2.0,2.0,1.0,2.0,2.0,1.0,2.0,3.0,1.0,4.0,1.0,2.0,2.0,2.0,2.0,2.0,2.0,5.0,5.0,7.0,4.0,2.0,3.0,3.0,3.0,2.0,2.0,4.0,3.0,3.0,2.0,4.0,2.0,4.0,4.0,2.0,3.0,3.0,3.0,2.0,2.9
R_Rt9DavRCpTZZi81,hous,body_scan,1,24.0,female,United States,United States,0,2.0,1,1594,100,1,31.0,4.0,4.0,2.0,2.0,4.0,2.0,2.0,4.0,2.0,4.0,4.0,1.0,3.0,3.0,4.0,4.0,1.0,3.0,4.0,4.0,7.0,4.0,7.0,3.0,2.0,3.0,1.0,2.0,5.0,1.0,4.0,4.0,4.0,3.0,4.0,4.0,4.0,4.0,2.0,2.0,2.0,2.0,2.0,2.9
R_22kPsBncQgqr9NL,hous,loving_kindness,1,18.0,male,United States,United States,1,3.0,1,1130,100,1,49.0,2.0,1.0,2.0,1.0,2.0,1.0,2.0,2.0,2.0,2.0,2.0,2.0,1.0,3.0,2.0,1.0,1.0,1.0,2.0,1.0,6.0,2.0,6.0,2.0,2.0,2.0,2.0,4.0,4.0,2.0,4.0,2.0,4.0,2.0,4.0,2.0,4.0,2.0,3.0,4.0,2.0,4.0,4.0,2.95
R_31uzQmWjq8iecPP,hous,mindful_walking,1,22.0,female,United States,United States,1,3.0,1,1075,100,1,52.0,2.0,2.0,3.0,1.0,3.0,2.0,3.0,1.0,2.0,3.0,2.0,3.0,3.0,2.0,2.0,2.0,4.0,1.0,2.0,3.0,5.0,6.0,3.0,5.0,5.0,5.0,4.0,5.0,5.0,5.0,5.0,5.0,5.0,4.0,2.0,1.0,2.0,2.0,1.0,4.0,1.0,4.0,4.0,3.7
R_1BVos0V3HXjL19v,hous,control_book,0,22.0,male,United States,United States,1,2.0,1,1150,100,1,36.0,3.0,3.0,1.0,1.0,2.0,1.0,1.0,2.0,1.0,3.0,3.0,1.0,2.0,1.0,3.0,3.0,1.0,3.0,3.0,2.0,5.0,5.0,5.0,3.0,3.0,2.0,3.0,3.0,3.0,1.0,3.0,1.0,4.0,1.0,3.0,3.0,3.0,3.0,3.0,3.0,3.0,4.0,3.0,2.75
R_2wpFY0GwDbSQuhy,hous,body_scan,1,20.0,female,United States,Vietnam,0,3.0,1,1980,100,1,54.0,2.0,2.0,3.0,3.0,2.0,1.0,4.0,2.0,1.0,3.0,2.0,1.0,2.0,4.0,2.0,1.0,4.0,1.0,2.0,2.0,5.0,9.0,4.0,4.0,4.0,2.0,5.0,2.0,4.0,2.0,5.0,5.0,5.0,4.0,2.0,2.0,2.0,1.0,1.0,1.0,2.0,4.0,4.0,3.05
R_paUsBFrFcot1YpX,olaf,mindful_breathing,1,19.0,female,United States,United States,1,3.0,1,1328,100,1,30.0,4.0,3.0,1.0,1.0,3.0,1.0,2.0,3.0,1.0,3.0,3.0,1.0,1.0,2.0,4.0,2.0,1.0,1.0,4.0,3.0,6.0,3.0,5.0,3.0,4.0,3.0,2.0,3.0,3.0,2.0,5.0,5.0,5.0,2.0,3.0,3.0,3.0,2.0,2.0,5.0,4.0,4.0,5.0,3.4
R_2Vx94eTPABRqhD4,glen,loving_kindness,1,28.0,female,Australia,Canada,1,3.0,1,1684,100,1,28.0,4.0,2.0,1.0,1.0,4.0,1.0,1.0,3.0,1.0,3.0,3.0,1.0,1.0,1.0,4.0,3.0,1.0,1.0,3.0,3.0,7.0,3.0,8.0,2.0,4.0,4.0,4.0,3.0,4.0,1.0,4.0,5.0,5.0,4.0,2.0,4.0,1.0,4.0,2.0,2.0,2.0,4.0,2.0,3.15
R_1gzhzak0bN93HlM,olaf,mindful_walking,1,19.0,male,United States,United States,1,3.0,1,1181,100,1,39.0,2.0,3.0,1.0,1.0,2.0,1.0,2.0,2.0,1.0,3.0,3.0,1.0,1.0,3.0,3.0,2.0,3.0,1.0,3.0,3.0,6.0,3.0,5.0,2.0,2.0,3.0,3.0,2.0,4.0,2.0,2.0,2.0,4.0,3.0,4.0,3.0,4.0,3.0,4.0,2.0,4.0,4.0,5.0,3.1
R_3oXxU32ZgoinkNd,hous,control_book,0,20.0,male,United States,United States,1,3.0,1,1101,100,1,32.0,3.0,3.0,1.0,1.0,3.0,2.0,1.0,3.0,1.0,3.0,3.0,1.0,1.0,1.0,3.0,3.0,1.0,2.0,3.0,3.0,6.0,3.0,7.0,4.0,3.0,3.0,2.0,2.0,2.0,2.0,2.0,2.0,2.0,4.0,4.0,4.0,4.0,3.0,4.0,4.0,4.0,4.0,4.0,3.15
R_2VkVq42JZ0CF4OT,olaf,body_scan,1,21.0,female,United States,United States,1,3.0,1,1078,100,1,26.0,3.0,3.0,1.0,1.0,3.0,1.0,1.0,3.0,1.0,4.0,4.0,1.0,1.0,1.0,3.0,4.0,1.0,1.0,3.0,4.0,7.0,5.0,5.0,2.0,1.0,2.0,1.0,2.0,1.0,2.0,4.0,2.0,3.0,4.0,5.0,3.0,3.0,4.0,4.0,3.0,2.0,4.0,3.0,2.75
R_3q8ulxRUKNL5UB4,hous,loving_kindness,1,26.0,male,United States,United States,1,3.0,1,1121,100,1,20.0,4.0,4.0,1.0,1.0,4.0,1.0,1.0,4.0,1.0,4.0,4.0,1.0,1.0,1.0,4.0,4.0,1.0,1.0,4.0,4.0,8.0,3.0,9.0,1.0,1.0,1.0,1.0,1.0,4.0,1.0,4.0,2.0,1.0,1.0,5.0,5.0,4.0,5.0,5.0,1.0,1.0,5.0,5.0,2.7
R_20ZElSoX1qSkaeS,hous,body_scan,1,20.0,male,United States,Philippines,0,2.0,1,1300,100,1,40.0,3.0,3.0,2.0,3.0,3.0,2.0,2.0,3.0,2.0,2.0,3.0,2.0,1.0,2.0,3.0,3.0,2.0,2.0,3.0,4.0,4.0,6.0,5.0,5.0,4.0,5.0,4.0,4.0,5.0,4.0,5.0,4.0,5.0,2.0,3.0,1.0,1.0,3.0,3.0,2.0,2.0,2.0,2.0,3.3
R_2YRPbIzUGzyRLtj,hous,mindful_walking,1,21.0,male,United States,United States,1,3.0,1,1447,100,1,37.0,3.0,2.0,2.0,1.0,2.0,1.0,1.0,3.0,1.0,3.0,3.0,2.0,1.0,2.0,3.0,3.0,2.0,1.0,2.0,3.0,7.0,3.0,7.0,2.0,2.0,2.0,1.0,1.0,3.0,2.0,2.0,4.0,4.0,4.0,4.0,4.0,4.0,3.0,4.0,4.0,4.0,4.0,4.0,3.1
R_3j9GxzAAYXTFFJa,hous,loving_kindness,1,20.0,female,United States,United States,1,2.0,1,1070,100,1,20.0,4.0,4.0,1.0,1.0,4.0,1.0,1.0,4.0,1.0,4.0,4.0,1.0,1.0,1.0,4.0,4.0,1.0,1.0,4.0,4.0,7.0,5.0,8.0,4.0,1.0,4.0,4.0,4.0,2.0,2.0,4.0,4.0,4.0,1.0,3.0,3.0,2.0,5.0,3.0,4.0,1.0,4.0,2.0,3.05
R_3j9EGixrAvxZuaZ,hous,control_book,0,19.0,female,United States,Iran,0,2.0,1,1213,100,1,47.0,1.0,4.0,1.0,2.0,2.0,1.0,1.0,2.0,3.0,3.0,3.0,2.0,2.0,4.0,1.0,1.0,3.0,1.0,3.0,3.0,2.0,8.0,6.0,2.0,2.0,2.0,2.0,4.0,4.0,4.0,4.0,4.0,5.0,2.0,3.0,3.0,3.0,3.0,3.0,3.0,3.0,3.0,3.0,3.1
R_3PubaW0GZK4pw2L,hous,mindful_breathing,1,19.0,female,United States,United States,1,3.0,1,1145,100,1,46.0,3.0,3.0,2.0,1.0,3.0,2.0,3.0,3.0,2.0,3.0,2.0,3.0,2.0,4.0,3.0,3.0,3.0,2.0,2.0,3.0,5.0,1.0,7.0,3.0,3.0,4.0,3.0,4.0,5.0,3.0,5.0,5.0,5.0,4.0,4.0,4.0,4.0,4.0,5.0,3.0,3.0,5.0,3.0,3.95
R_2wvFXGHSfuE5TgD,hous,mindful_walking,1,19.0,female,United States,Iran,0,2.0,1,1207,100,1,46.0,2.0,3.0,1.0,2.0,2.0,1.0,2.0,2.0,2.0,3.0,3.0,3.0,2.0,2.0,2.0,2.0,3.0,1.0,2.0,2.0,3.0,7.0,6.0,2.0,1.0,3.0,2.0,4.0,2.0,3.0,4.0,4.0,4.0,2.0,4.0,3.0,3.0,3.0,3.0,3.0,3.0,3.0,3.0,2.95
R_3e35Cu0a9zOPFgd,aust,body_scan,1,18.0,female,Australia,Australia,1,3.0,1,1297,100,1,30.0,4.0,3.0,1.0,1.0,3.0,1.0,1.0,3.0,1.0,4.0,1.0,1.0,1.0,1.0,3.0,3.0,1.0,1.0,3.0,3.0,7.0,3.0,6.0,3.0,2.0,2.0,2.0,3.0,4.0,2.0,5.0,4.0,4.0,4.0,4.0,4.0,3.0,4.0,3.0,4.0,3.0,2.0,4.0,3.3
R_1FJRI43dIAXtQeL,hous,control_book,0,21.0,female,United States,India,1,2.0,1,1501,100,1,40.0,4.0,1.0,1.0,2.0,3.0,1.0,1.0,2.0,2.0,3.0,3.0,2.0,2.0,3.0,4.0,2.0,3.0,1.0,4.0,2.0,8.0,3.0,8.0,2.0,3.0,2.0,3.0,2.0,2.0,4.0,4.0,2.0,2.0,2.0,4.0,4.0,2.0,4.0,2.0,2.0,2.0,2.0,2.0,2.6
R_3L0cfmQD7PpY5Qw,jose,loving_kindness,1,19.0,male,United States,United States,1,3.0,1,1233,100,1,37.0,2.0,3.0,1.0,1.0,2.0,1.0,1.0,3.0,1.0,2.0,1.0,1.0,1.0,1.0,2.0,3.0,1.0,1.0,2.0,3.0,8.0,2.0,7.0,2.0,2.0,2.0,4.0,4.0,4.0,5.0,5.0,4.0,5.0,3.0,3.0,2.0,1.0,2.0,3.0,2.0,2.0,4.0,3.0,3.1
R_u2JK6JeDci5CjAt,hous,mindful_walking,1,19.0,female,United States,Iraq,0,2.0,1,6685,100,1,27.0,4.0,3.0,1.0,2.0,4.0,1.0,1.0,3.0,1.0,4.0,3.0,1.0,1.0,1.0,4.0,2.0,1.0,1.0,4.0,3.0,7.0,3.0,8.0,2.0,1.0,1.0,4.0,4.0,4.0,2.0,5.0,4.0,3.0,4.0,4.0,1.0,1.0,4.0,2.0,1.0,2.0,2.0,2.0,2.65
R_3dLJSrVdpRWmyKZ,suny,mindful_breathing,1,19.0,female,United States,United States,1,3.0,1,1552,100,1,36.0,3.0,2.0,1.0,1.0,3.0,1.0,2.0,2.0,2.0,3.0,2.0,1.0,1.0,1.0,3.0,2.0,1.0,1.0,3.0,3.0,6.0,3.0,3.0,4.0,3.0,3.0,3.0,5.0,4.0,4.0,5.0,5.0,5.0,2.0,3.0,2.0,2.0,3.0,2.0,2.0,1.0,2.0,1.0,3.05
R_9NB9X4lZj2GdBQt,hous,control_book,0,19.0,female,United States,United States,1,3.0,1,1203,100,1,37.0,2.0,2.0,1.0,1.0,2.0,1.0,1.0,2.0,1.0,4.0,3.0,1.0,1.0,2.0,3.0,2.0,1.0,1.0,2.0,2.0,6.0,3.0,5.0,2.0,2.0,2.0,4.0,3.0,4.0,4.0,4.0,3.0,5.0,2.0,4.0,4.0,2.0,4.0,2.0,1.0,2.0,2.0,2.0,2.9
R_1ddkLt4UXvngbKQ,hous,body_scan,1,21.0,female,United States,United States,1,3.0,1,1493,100,1,31.0,3.0,3.0,1.0,1.0,3.0,1.0,1.0,3.0,1.0,3.0,4.0,2.0,3.0,1.0,4.0,3.0,1.0,1.0,3.0,3.0,7.0,3.0,7.0,1.0,3.0,1.0,1.0,4.0,4.0,1.0,5.0,4.0,5.0,4.0,4.0,4.0,3.0,4.0,1.0,4.0,2.0,4.0,4.0,3.15
R_yqqJLM3EIUL2upr,hous,loving_kindness,1,21.0,female,United States,United States,1,3.0,1,1220,100,1,45.0,3.0,2.0,1.0,2.0,2.0,1.0,3.0,1.0,1.0,2.0,1.0,2.0,1.0,1.0,2.0,2.0,2.0,1.0,2.0,3.0,6.0,5.0,4.0,4.0,3.0,4.0,4.0,4.0,3.0,4.0,5.0,4.0,5.0,3.0,4.0,2.0,2.0,3.0,2.0,4.0,3.0,4.0,3.0,3.5
R_2ru34CmUcXDu1mT,jose,mindful_breathing,1,19.0,female,United States,Germany,1,2.0,1,1244,100,1,32.0,4.0,3.0,2.0,2.0,3.0,1.0,3.0,4.0,1.0,4.0,2.0,1.0,2.0,2.0,4.0,3.0,2.0,1.0,4.0,4.0,6.0,7.0,3.0,2.0,2.0,3.0,2.0,4.0,5.0,2.0,5.0,2.0,4.0,2.0,3.0,2.0,4.0,3.0,4.0,4.0,4.0,3.0,2.0,3.1
R_agd6nRMnpP7um9r,aust,body_scan,1,18.0,female,Australia,South Africa,0,3.0,1,1247,100,1,47.0,3.0,2.0,1.0,2.0,2.0,1.0,3.0,2.0,1.0,3.0,1.0,3.0,1.0,2.0,3.0,1.0,3.0,1.0,2.0,2.0,6.0,3.0,4.0,4.0,4.0,4.0,4.0,4.0,4.0,3.0,5.0,4.0,5.0,2.0,2.0,2.0,5.0,2.0,1.0,4.0,2.0,1.0,4.0,3.3
R_rooWsN3SopsNWDf,hous,control_book,0,20.0,female,United States,United States,1,3.0,1,1338,100,1,49.0,2.0,3.0,2.0,2.0,2.0,2.0,3.0,2.0,1.0,2.0,3.0,3.0,2.0,2.0,2.0,2.0,2.0,2.0,2.0,2.0,6.0,5.0,7.0,3.0,2.0,2.0,3.0,1.0,2.0,2.0,4.0,4.0,4.0,3.0,4.0,3.0,3.0,4.0,3.0,3.0,3.0,3.0,4.0,3.0
R_2EGgUju8dPjaTZ3,hous,mindful_walking,1,21.0,non_binary,United States,Vietnam,0,3.0,1,2090,100,1,32.0,4.0,3.0,3.0,1.0,4.0,1.0,1.0,4.0,3.0,4.0,3.0,1.0,1.0,1.0,4.0,1.0,1.0,1.0,1.0,4.0,7.0,7.0,9.0,1.0,1.0,1.0,1.0,1.0,1.0,1.0,1.0,1.0,3.0,1.0,4.0,4.0,4.0,3.0,4.0,1.0,1.0,4.0,1.0,1.95
R_3Pq4MkvLewyn5hd,glen,mindful_breathing,1,22.0,female,United States,United States,1,3.0,1,1416,100,1,45.0,2.0,3.0,4.0,1.0,2.0,1.0,3.0,2.0,1.0,2.0,1.0,2.0,1.0,2.0,2.0,2.0,2.0,1.0,4.0,3.0,6.0,5.0,4.0,5.0,5.0,5.0,2.0,5.0,5.0,5.0,4.0,5.0,5.0,1.0,1.0,2.0,2.0,1.0,3.0,3.0,3.0,3.0,5.0,3.5
R_2CKf4Nuh8p7ZsPT,glen,mindful_walking,1,29.0,female,United States,United States,0,3.0,1,1392,100,1,39.0,3.0,3.0,1.0,3.0,3.0,1.0,1.0,2.0,1.0,3.0,3.0,2.0,1.0,2.0,2.0,3.0,3.0,1.0,3.0,2.0,5.0,2.0,5.0,2.0,2.0,2.0,4.0,4.0,5.0,2.0,5.0,4.0,5.0,2.0,4.0,2.0,2.0,4.0,2.0,2.0,1.0,2.0,2.0,2.9
R_UE0ay4PrGppKTf3,hous,body_scan,1,19.0,female,United States,Mexico,0,3.0,1,1955,100,1,41.0,2.0,2.0,1.0,1.0,2.0,1.0,2.0,2.0,1.0,2.0,2.0,1.0,1.0,1.0,2.0,2.0,1.0,1.0,2.0,2.0,5.0,4.0,3.0,3.0,2.0,2.0,4.0,3.0,4.0,1.0,5.0,4.0,4.0,3.0,4.0,2.0,4.0,4.0,2.0,2.0,2.0,4.0,2.0,3.05
R_1IfLlMgNUOMKyt7,hous,mindful_walking,1,20.0,female,United States,11/01/2001,1,2.0,1,126683,100,1,43.0,4.0,4.0,2.0,1.0,2.0,1.0,3.0,2.0,3.0,2.0,2.0,2.0,1.0,1.0,3.0,2.0,2.0,4.0,2.0,4.0,5.0,5.0,4.0,4.0,3.0,3.0,3.0,3.0,5.0,2.0,3.0,4.0,3.0,2.0,3.0,3.0,3.0,2.0,4.0,4.0,2.0,3.0,4.0,3.15
R_1Qgy1wCImDavJL7,hous,loving_kindness,1,23.0,female,United States,United States,1,3.0,1,1177,100,1,40.0,2.0,1.0,1.0,2.0,3.0,1.0,3.0,2.0,1.0,3.0,2.0,1.0,1.0,1.0,3.0,2.0,2.0,1.0,3.0,3.0,7.0,3.0,5.0,5.0,4.0,5.0,4.0,4.0,5.0,4.0,4.0,5.0,5.0,2.0,2.0,2.0,3.0,2.0,2.0,4.0,2.0,2.0,4.0,3.5
R_2ah2awiUXCfYiMP,hous,control_book,0,18.0,female,United States,Mexico,0,3.0,1,3869,100,1,35.0,4.0,3.0,1.0,2.0,4.0,1.0,2.0,2.0,1.0,3.0,3.0,2.0,3.0,1.0,3.0,3.0,2.0,2.0,3.0,4.0,7.0,3.0,5.0,5.0,4.0,5.0,3.0,4.0,5.0,2.0,5.0,5.0,5.0,4.0,4.0,2.0,4.0,3.0,1.0,3.0,4.0,4.0,5.0,3.85
R_Wvw4GpKDudtekqB,hous,mindful_breathing,1,20.0,female,United States,United States,1,2.0,1,1266,100,1,27.0,3.0,4.0,2.0,2.0,4.0,1.0,1.0,4.0,1.0,3.0,3.0,1.0,1.0,1.0,4.0,4.0,1.0,1.0,3.0,3.0,8.0,2.0,7.0,2.0,1.0,3.0,4.0,1.0,4.0,3.0,2.0,3.0,4.0,2.0,2.0,4.0,3.0,3.0,5.0,5.0,4.0,1.0,4.0,3.0
R_xA9fCNb2T9zY3XX,hous,body_scan,1,20.0,female,United States,United States,1,3.0,1,1711,100,1,28.0,4.0,3.0,1.0,1.0,4.0,1.0,2.0,3.0,1.0,3.0,3.0,1.0,1.0,1.0,3.0,3.0,1.0,1.0,4.0,3.0,7.0,3.0,7.0,2.0,2.0,2.0,2.0,3.0,4.0,2.0,4.0,2.0,4.0,2.0,4.0,3.0,4.0,4.0,3.0,3.0,3.0,4.0,4.0,3.05
R_2zMHxjp63eHgA4w,hous,control_book,0,20.0,female,United States,United States,1,2.0,1,1050,100,1,26.0,4.0,3.0,2.0,2.0,4.0,1.0,1.0,4.0,1.0,4.0,3.0,1.0,1.0,1.0,4.0,4.0,1.0,1.0,3.0,3.0,8.0,2.0,7.0,2.0,1.0,3.0,4.0,1.0,4.0,4.0,2.0,2.0,5.0,3.0,2.0,3.0,5.0,4.0,4.0,5.0,4.0,2.0,4.0,3.2
R_21tiy2OC5GiiLFi,hous,control_book,0,21.0,female,United States,United States,0,3.0,1,1558,100,1,22.0,4.0,4.0,1.0,1.0,4.0,1.0,1.0,4.0,1.0,4.0,3.0,1.0,1.0,1.0,4.0,4.0,1.0,1.0,3.0,4.0,9.0,4.0,5.0,1.0,2.0,2.0,2.0,3.0,4.0,2.0,3.0,3.0,4.0,4.0,4.0,4.0,2.0,4.0,3.0,5.0,2.0,3.0,3.0,3.0
R_yKZaolvjF6PZv7b,hous,mindful_walking,1,19.0,male,United States,United States,1,3.0,1,1530,100,1,28.0,4.0,2.0,1.0,1.0,4.0,1.0,1.0,3.0,1.0,2.0,3.0,1.0,1.0,1.0,4.0,4.0,1.0,1.0,3.0,3.0,5.0,3.0,6.0,1.0,2.0,2.0,3.0,1.0,4.0,4.0,3.0,2.0,2.0,4.0,3.0,2.0,3.0,4.0,4.0,5.0,2.0,2.0,4.0,2.85
R_Rt2qdGghxHfEhK9,hous,loving_kindness,1,20.0,female,United States,United States,1,3.0,1,1070,100,1,20.0,4.0,4.0,1.0,1.0,4.0,1.0,1.0,4.0,1.0,4.0,4.0,1.0,1.0,1.0,4.0,4.0,1.0,1.0,4.0,4.0,7.0,6.0,9.0,1.0,1.0,1.0,1.0,1.0,1.0,1.0,2.0,1.0,4.0,5.0,5.0,5.0,5.0,5.0,5.0,5.0,4.0,5.0,5.0,3.15
R_1IrV0ffqKWc99tM,hous,body_scan,1,20.0,female,United States,United States,1,3.0,1,1260,100,1,29.0,3.0,3.0,1.0,1.0,3.0,1.0,2.0,3.0,1.0,4.0,3.0,1.0,1.0,1.0,4.0,3.0,1.0,1.0,3.0,3.0,7.0,3.0,7.0,1.0,1.0,1.0,1.0,1.0,4.0,1.0,2.0,2.0,4.0,5.0,4.0,4.0,5.0,5.0,5.0,5.0,4.0,5.0,5.0,3.25
R_6PXIjU8FKRqERgd,wurz,mindful_breathing,1,20.0,female,Germany,Germany,0,2.0,1,1756,100,1,28.0,4.0,4.0,1.0,1.0,3.0,1.0,1.0,3.0,1.0,4.0,3.0,1.0,1.0,2.0,3.0,3.0,2.0,1.0,3.0,4.0,7.0,5.0,8.0,2.0,2.0,1.0,2.0,2.0,3.0,3.0,4.0,2.0,3.0,4.0,4.0,4.0,4.0,4.0,4.0,5.0,4.0,4.0,5.0,3.3
R_21hbPTZZH8ikuUg,aust,loving_kindness,1,18.0,male,Australia,Australia,1,3.0,1,1481,100,1,22.0,4.0,4.0,1.0,2.0,4.0,1.0,1.0,4.0,1.0,4.0,4.0,1.0,1.0,1.0,4.0,4.0,1.0,1.0,4.0,3.0,8.0,3.0,6.0,1.0,1.0,1.0,1.0,1.0,1.0,1.0,1.0,1.0,1.0,4.0,5.0,5.0,2.0,5.0,5.0,1.0,4.0,4.0,4.0,2.45
R_afOqqs7VA5phDgt,hous,mindful_breathing,1,22.0,male,United States,Vietnam,0,2.0,1,1591,100,1,48.0,2.0,2.0,3.0,3.0,2.0,2.0,2.0,3.0,2.0,4.0,2.0,3.0,2.0,2.0,3.0,2.0,2.0,2.0,2.0,3.0,7.0,3.0,4.0,2.0,2.0,2.0,4.0,2.0,3.0,3.0,4.0,3.0,3.0,3.0,4.0,3.0,4.0,3.0,2.0,3.0,3.0,3.0,2.0,2.9
R_0MSvGHHnYx1i9ep,hous,body_scan,1,28.0,male,United States,United States,1,2.0,1,1114,100,1,28.0,4.0,2.0,1.0,1.0,4.0,1.0,1.0,3.0,1.0,3.0,3.0,1.0,1.0,1.0,3.0,3.0,1.0,1.0,3.0,4.0,7.0,2.0,8.0,3.0,3.0,3.0,1.0,1.0,2.0,4.0,2.0,2.0,4.0,3.0,3.0,2.0,3.0,2.0,4.0,2.0,2.0,5.0,2.0,2.65
R_3nkmoc8j1IP7eYq,oreg,mindful_walking,1,22.0,female,United States,United States,1,3.0,1,1470,100,1,30.0,4.0,3.0,1.0,1.0,4.0,1.0,1.0,4.0,1.0,3.0,3.0,1.0,1.0,1.0,3.0,2.0,2.0,1.0,3.0,2.0,7.0,4.0,5.0,4.0,2.0,4.0,2.0,4.0,4.0,3.0,4.0,4.0,5.0,2.0,4.0,1.0,2.0,4.0,4.0,2.0,4.0,4.0,4.0,3.35
R_1GOYnwk6DN4Kmrz,olaf,control_book,0,18.0,female,United States,United States,1,3.0,1,1306,100,1,41.0,2.0,2.0,1.0,1.0,3.0,1.0,1.0,2.0,1.0,3.0,2.0,1.0,3.0,2.0,2.0,3.0,1.0,2.0,2.0,2.0,5.0,5.0,7.0,4.0,2.0,4.0,3.0,4.0,4.0,3.0,4.0,5.0,4.0,2.0,4.0,2.0,2.0,3.0,4.0,3.0,2.0,3.0,3.0,3.25
R_2E5jKkOLEJTdTnf,suny,mindful_walking,1,20.0,male,United States,United States,1,2.0,1,1290,100,1,32.0,3.0,3.0,1.0,1.0,3.0,1.0,1.0,3.0,1.0,3.0,2.0,1.0,1.0,1.0,3.0,3.0,1.0,2.0,3.0,3.0,7.0,3.0,7.0,3.0,2.0,3.0,4.0,3.0,3.0,1.0,4.0,4.0,4.0,3.0,3.0,4.0,4.0,2.0,3.0,4.0,2.0,2.0,4.0,3.1
R_3mjK8pTlc3q7hsr,olaf,loving_kindness,1,19.0,male,United States,United States,1,3.0,1,1974,100,1,34.0,4.0,3.0,2.0,1.0,3.0,1.0,1.0,3.0,1.0,3.0,2.0,2.0,1.0,2.0,3.0,3.0,2.0,1.0,3.0,3.0,7.0,3.0,5.0,1.0,2.0,1.0,1.0,1.0,4.0,2.0,4.0,2.0,3.0,5.0,4.0,5.0,5.0,2.0,4.0,5.0,4.0,4.0,5.0,3.2
R_2DOcmdLEHsMNTgy,fras,body_scan,1,22.0,female,Canada,United States,1,3.0,1,1192,100,1,29.0,3.0,3.0,1.0,1.0,3.0,1.0,1.0,3.0,1.0,3.0,3.0,1.0,1.0,2.0,4.0,3.0,1.0,1.0,3.0,4.0,7.0,2.0,5.0,3.0,2.0,3.0,3.0,3.0,4.0,2.0,4.0,3.0,4.0,3.0,4.0,2.0,2.0,4.0,4.0,4.0,2.0,2.0,3.0,3.05
R_3KH9KoiQL3LfLwJ,hous,body_scan,1,26.0,female,United States,Uzbekistan,0,2.0,1,1566,100,1,22.0,4.0,4.0,1.0,1.0,3.0,1.0,1.0,4.0,1.0,4.0,4.0,1.0,1.0,1.0,4.0,3.0,1.0,1.0,4.0,4.0,8.0,3.0,8.0,1.0,1.0,2.0,1.0,2.0,1.0,2.0,2.0,1.0,4.0,1.0,5.0,2.0,3.0,5.0,5.0,2.0,4.0,4.0,2.0,2.5
R_2cq4taZoqxkHAqU,hous,loving_kindness,1,22.0,female,United States,United States,1,3.0,1,1662,100,1,34.0,4.0,3.0,1.0,2.0,3.0,1.0,2.0,3.0,1.0,3.0,2.0,2.0,1.0,1.0,2.0,4.0,2.0,1.0,3.0,3.0,7.0,3.0,6.0,4.0,4.0,3.0,2.0,3.0,4.0,2.0,3.0,4.0,5.0,2.0,2.0,5.0,3.0,2.0,3.0,4.0,4.0,4.0,4.0,3.35
R_2akmnSpYXee489J,hous,mindful_breathing,1,21.0,female,United States,United States,1,3.0,1,1257,100,1,20.0,4.0,4.0,1.0,1.0,4.0,1.0,1.0,4.0,1.0,4.0,4.0,1.0,1.0,1.0,4.0,4.0,1.0,1.0,4.0,4.0,9.0,2.0,9.0,1.0,1.0,1.0,1.0,1.0,1.0,1.0,1.0,1.0,1.0,1.0,5.0,5.0,5.0,5.0,5.0,5.0,5.0,5.0,5.0,2.8
R_BPLJ33unI8ZEsZX,hous,mindful_walking,1,22.0,female,United States,United States,0,2.0,1,1185,100,1,30.0,3.0,3.0,1.0,1.0,3.0,1.0,1.0,3.0,1.0,3.0,3.0,1.0,1.0,1.0,3.0,3.0,1.0,1.0,3.0,3.0,7.0,5.0,7.0,4.0,2.0,1.0,1.0,2.0,3.0,4.0,4.0,4.0,3.0,3.0,3.0,2.0,2.0,3.0,4.0,2.0,2.0,3.0,3.0,2.75
R_3DkEnjEhA604qNZ,hous,control_book,0,22.0,female,United States,United States,0,3.0,1,1178,100,1,43.0,3.0,1.0,1.0,1.0,2.0,2.0,1.0,2.0,1.0,2.0,1.0,1.0,1.0,1.0,3.0,2.0,2.0,1.0,1.0,2.0,6.0,6.0,4.0,4.0,3.0,4.0,3.0,3.0,4.0,3.0,3.0,3.0,4.0,2.0,4.0,2.0,3.0,3.0,3.0,3.0,3.0,4.0,3.0,3.2
R_231e6OLdIbJYRXu,hous,loving_kindness,1,23.0,female,United States,United States,1,3.0,1,1041,100,1,21.0,4.0,4.0,1.0,2.0,4.0,1.0,1.0,4.0,1.0,4.0,4.0,1.0,1.0,1.0,4.0,4.0,1.0,1.0,4.0,4.0,9.0,1.0,6.0,1.0,1.0,1.0,1.0,1.0,1.0,1.0,1.0,1.0,1.0,1.0,1.0,1.0,1.0,1.0,1.0,1.0,1.0,1.0,1.0,1.0
R_2y2XJpNzYfxOx3M,witt,mindful_walking,1,22.0,male,United States,United States,1,3.0,1,1436,100,1,53.0,2.0,2.0,3.0,3.0,2.0,2.0,3.0,2.0,2.0,3.0,2.0,3.0,2.0,3.0,3.0,2.0,2.0,3.0,2.0,3.0,5.0,5.0,6.0,3.0,2.0,3.0,2.0,3.0,4.0,2.0,4.0,4.0,4.0,3.0,3.0,2.0,3.0,3.0,4.0,3.0,3.0,3.0,4.0,3.1
R_2R7JXpL4LfXuZ3D,hous,mindful_breathing,1,34.0,female,United States,Pakistan,0,2.0,1,1280,100,1,41.0,2.0,2.0,1.0,1.0,2.0,1.0,1.0,2.0,1.0,2.0,3.0,2.0,1.0,1.0,2.0,2.0,2.0,1.0,2.0,2.0,7.0,3.0,7.0,2.0,1.0,2.0,2.0,1.0,1.0,1.0,2.0,2.0,2.0,4.0,4.0,2.0,4.0,4.0,4.0,4.0,5.0,4.0,5.0,2.8
R_2xxS0ZfVIh2OtRq,hous,loving_kindness,1,21.0,female,United States,United States,0,3.0,1,1066,100,1,35.0,3.0,3.0,2.0,2.0,3.0,1.0,2.0,2.0,1.0,3.0,2.0,1.0,1.0,1.0,4.0,3.0,1.0,1.0,2.0,3.0,6.0,4.0,5.0,1.0,1.0,1.0,3.0,2.0,4.0,2.0,3.0,2.0,3.0,1.0,4.0,2.0,4.0,4.0,4.0,3.0,3.0,2.0,4.0,2.65
R_2SuIiUi0fFTxpdl,fras,body_scan,1,32.0,female,Canada,Canada,1,3.0,1,1378,100,1,36.0,3.0,3.0,2.0,2.0,4.0,1.0,1.0,3.0,1.0,3.0,2.0,3.0,2.0,1.0,3.0,3.0,1.0,1.0,3.0,2.0,7.0,4.0,7.0,4.0,4.0,2.0,2.0,1.0,5.0,3.0,2.0,5.0,5.0,2.0,4.0,2.0,2.0,2.0,1.0,4.0,4.0,5.0,5.0,3.2
R_ePf4bmwwBMz5Z17,jose,control_book,0,19.0,female,United States,China,0,2.0,1,1153,100,1,58.0,1.0,2.0,3.0,2.0,2.0,3.0,4.0,2.0,1.0,2.0,3.0,3.0,3.0,3.0,2.0,2.0,3.0,3.0,2.0,2.0,6.0,7.0,4.0,4.0,3.0,2.0,4.0,4.0,3.0,1.0,4.0,4.0,4.0,2.0,3.0,2.0,2.0,2.0,2.0,4.0,1.0,2.0,2.0,2.75
R_3HMoHcw6eGtxkF6,fras,control_book,0,46.0,female,Canada,Canada,1,3.0,1,6319,100,1,22.0,4.0,4.0,1.0,1.0,4.0,1.0,1.0,3.0,1.0,4.0,3.0,1.0,1.0,1.0,4.0,4.0,1.0,1.0,4.0,4.0,9.0,1.0,7.0,1.0,1.0,1.0,1.0,2.0,3.0,1.0,3.0,3.0,4.0,1.0,4.0,5.0,4.0,4.0,3.0,1.0,4.0,3.0,5.0,2.7
R_3lxj6NMLwJVxhPJ,jose,mindful_breathing,1,18.0,female,United States,United States,1,3.0,1,1907,100,1,38.0,3.0,2.0,1.0,1.0,3.0,1.0,2.0,2.0,1.0,3.0,3.0,2.0,1.0,2.0,2.0,3.0,1.0,1.0,2.0,2.0,5.0,2.0,3.0,3.0,4.0,3.0,3.0,2.0,4.0,2.0,3.0,3.0,4.0,3.0,2.0,3.0,3.0,2.0,2.0,4.0,3.0,2.0,4.0,2.95
R_3Koou5vliMpT5EY,aust,mindful_walking,1,18.0,female,Australia,Australia,1,3.0,1,188423,100,1,29.0,4.0,3.0,1.0,1.0,3.0,1.0,1.0,3.0,2.0,4.0,2.0,1.0,1.0,2.0,4.0,3.0,1.0,2.0,4.0,4.0,7.0,6.0,9.0,4.0,2.0,4.0,4.0,2.0,2.0,1.0,4.0,1.0,4.0,2.0,4.0,4.0,2.0,3.0,4.0,5.0,3.0,3.0,4.0,3.1
R_2Ez8CO5o5bmbSR0,suny,loving_kindness,1,19.0,female,United States,United States,1,2.0,1,1002,100,1,52.0,2.0,3.0,2.0,3.0,3.0,3.0,3.0,2.0,3.0,3.0,1.0,3.0,2.0,3.0,3.0,3.0,3.0,3.0,3.0,3.0,4.0,6.0,3.0,4.0,4.0,4.0,4.0,4.0,4.0,2.0,5.0,3.0,4.0,4.0,1.0,2.0,1.0,2.0,1.0,3.0,1.0,1.0,2.0,2.8
R_SIdj5KtheTBrE1b,jose,body_scan,1,19.0,female,United States,United States,1,3.0,1,1394,100,1,29.0,4.0,3.0,1.0,1.0,4.0,1.0,1.0,3.0,1.0,3.0,2.0,1.0,1.0,1.0,4.0,3.0,1.0,1.0,2.0,3.0,7.0,6.0,5.0,3.0,4.0,3.0,3.0,4.0,4.0,3.0,5.0,4.0,4.0,3.0,3.0,2.0,2.0,1.0,2.0,2.0,3.0,4.0,4.0,3.15
R_2aySM9mYGv6OFjy,suny,loving_kindness,1,20.0,male,United States,United States,1,3.0,1,1463,100,1,51.0,2.0,3.0,3.0,4.0,3.0,3.0,1.0,2.0,3.0,3.0,3.0,2.0,2.0,2.0,2.0,2.0,2.0,3.0,2.0,2.0,9.0,6.0,5.0,3.0,3.0,3.0,3.0,3.0,4.0,3.0,3.0,3.0,3.0,3.0,3.0,3.0,3.0,4.0,3.0,3.0,3.0,3.0,3.0,3.1
R_3dQcKBgNkA7owje,jose,control_book,0,19.0,male,United States,United States,1,3.0,1,1672,100,1,34.0,2.0,3.0,2.0,2.0,3.0,1.0,1.0,2.0,1.0,4.0,3.0,1.0,1.0,2.0,4.0,2.0,1.0,1.0,3.0,3.0,6.0,5.0,8.0,2.0,1.0,4.0,3.0,2.0,4.0,3.0,2.0,2.0,5.0,2.0,4.0,4.0,3.0,2.0,3.0,4.0,2.0,4.0,3.0,2.95
R_3DdnEleE2aUU50f,olaf,mindful_walking,1,21.0,male,United States,United States,1,3.0,1,1360,100,1,41.0,3.0,2.0,1.0,1.0,2.0,1.0,1.0,2.0,1.0,2.0,2.0,2.0,2.0,1.0,2.0,2.0,2.0,1.0,2.0,3.0,6.0,7.0,4.0,3.0,3.0,2.0,2.0,2.0,4.0,2.0,3.0,2.0,4.0,2.0,4.0,4.0,4.0,2.0,4.0,4.0,4.0,4.0,3.0,3.1
R_Us9pz3mnhh0FIel,olaf,body_scan,1,20.0,female,United States,United States,1,3.0,1,1328,100,1,30.0,4.0,3.0,2.0,2.0,3.0,1.0,1.0,3.0,1.0,3.0,3.0,1.0,1.0,2.0,4.0,4.0,2.0,1.0,4.0,3.0,7.0,4.0,4.0,4.0,3.0,4.0,4.0,4.0,5.0,3.0,4.0,5.0,5.0,1.0,3.0,3.0,2.0,2.0,2.0,2.0,2.0,3.0,2.0,3.15
R_1JY2nloOERuYbpC,wurz,mindful_breathing,1,19.0,female,Germany,Germany,0,2.0,1,1284,100,1,32.0,3.0,3.0,3.0,3.0,4.0,1.0,2.0,3.0,1.0,3.0,3.0,1.0,1.0,1.0,3.0,4.0,1.0,1.0,3.0,4.0,7.0,3.0,3.0,3.0,2.0,1.0,3.0,2.0,1.0,2.0,2.0,1.0,4.0,3.0,4.0,3.0,4.0,4.0,2.0,3.0,2.0,4.0,4.0,2.7
R_3nMMCXH9RGYo2IR,suny,control_book,0,19.0,male,United States,United States,1,3.0,1,1124,100,1,34.0,3.0,3.0,1.0,1.0,3.0,1.0,1.0,3.0,1.0,3.0,3.0,1.0,1.0,1.0,2.0,2.0,1.0,2.0,3.0,2.0,7.0,2.0,7.0,1.0,1.0,2.0,2.0,2.0,2.0,1.0,3.0,2.0,4.0,2.0,4.0,3.0,3.0,4.0,4.0,2.0,3.0,4.0,2.0,2.55
R_21FdNiKpbZopoUc,jose,mindful_walking,1,18.0,male,United States,United States,1,3.0,1,1380,100,1,37.0,4.0,3.0,4.0,1.0,3.0,1.0,1.0,2.0,1.0,3.0,3.0,1.0,2.0,2.0,4.0,3.0,1.0,2.0,2.0,2.0,7.0,1.0,5.0,2.0,2.0,2.0,2.0,4.0,4.0,3.0,4.0,3.0,4.0,3.0,4.0,3.0,2.0,4.0,3.0,4.0,2.0,2.0,4.0,3.05
R_AEt4yMhGleUlXC9,witt,mindful_breathing,1,22.0,male,United States,United States,1,3.0,1,1276,100,1,29.0,3.0,4.0,3.0,1.0,3.0,1.0,1.0,3.0,1.0,4.0,4.0,1.0,1.0,1.0,3.0,3.0,1.0,1.0,3.0,3.0,7.0,2.0,8.0,1.0,1.0,1.0,1.0,1.0,2.0,1.0,4.0,4.0,2.0,1.0,5.0,2.0,2.0,4.0,3.0,1.0,2.0,3.0,5.0,2.3
R_oZdxxHlbOKQ7FPX,jose,loving_kindness,1,19.0,male,United States,United States,1,3.0,1,1166,100,1,44.0,2.0,2.0,1.0,1.0,3.0,2.0,2.0,2.0,2.0,3.0,2.0,1.0,2.0,2.0,3.0,2.0,2.0,3.0,3.0,2.0,6.0,9.0,4.0,3.0,3.0,3.0,4.0,4.0,3.0,3.0,2.0,3.0,4.0,3.0,4.0,4.0,3.0,3.0,3.0,3.0,3.0,4.0,4.0,3.3
R_27PRFkRdoPJzI0D,jose,body_scan,1,20.0,female,United States,United States,1,3.0,1,1299,100,1,37.0,3.0,3.0,2.0,1.0,3.0,2.0,2.0,3.0,1.0,3.0,3.0,1.0,1.0,3.0,3.0,2.0,1.0,1.0,2.0,3.0,6.0,3.0,7.0,3.0,4.0,2.0,1.0,3.0,5.0,5.0,4.0,5.0,5.0,3.0,2.0,3.0,3.0,2.0,3.0,4.0,2.0,3.0,3.0,3.25
R_3EXxAkaa3dkqp25,jose,control_book,0,20.0,female,The United States,The United States,1,3.0,1,3653,100,1,48.0,3.0,3.0,2.0,2.0,3.0,1.0,3.0,2.0,1.0,3.0,2.0,2.0,3.0,2.0,2.0,2.0,3.0,3.0,2.0,2.0,5.0,4.0,5.0,3.0,4.0,3.0,2.0,3.0,4.0,5.0,4.0,5.0,5.0,2.0,2.0,3.0,3.0,2.0,2.0,5.0,3.0,3.0,3.0,3.3
R_2Pe3sGuZ2sy63Pr,jose,body_scan,1,18.0,female,United States,United States,1,3.0,1,1378,100,1,32.0,4.0,3.0,1.0,1.0,3.0,1.0,2.0,2.0,1.0,4.0,2.0,1.0,1.0,1.0,3.0,2.0,1.0,1.0,3.0,3.0,7.0,4.0,5.0,3.0,2.0,2.0,2.0,2.0,3.0,1.0,3.0,4.0,5.0,3.0,4.0,4.0,4.0,4.0,4.0,2.0,3.0,1.0,5.0,3.05
R_2gjesRY7ELspFWV,fras,mindful_breathing,1,19.0,male,Canada,Canada,1,3.0,1,1519,100,1,24.0,4.0,4.0,1.0,1.0,4.0,1.0,1.0,4.0,1.0,4.0,4.0,1.0,1.0,2.0,4.0,3.0,1.0,2.0,4.0,3.0,8.0,6.0,9.0,2.0,1.0,2.0,2.0,1.0,3.0,2.0,4.0,3.0,5.0,2.0,5.0,3.0,3.0,4.0,3.0,2.0,2.0,3.0,3.0,2.75
R_2Sk1hJll1hBihK0,fras,mindful_walking,1,19.0,female,Canada,Canada,1,3.0,1,1419,100,1,27.0,4.0,4.0,1.0,1.0,3.0,1.0,1.0,3.0,1.0,3.0,3.0,1.0,1.0,1.0,4.0,3.0,1.0,1.0,3.0,3.0,6.0,6.0,4.0,4.0,3.0,4.0,4.0,2.0,4.0,2.0,3.0,2.0,3.0,2.0,4.0,4.0,4.0,3.0,3.0,4.0,4.0,4.0,5.0,3.4
R_27Q1ZUFlGoucMw2,suny,mindful_breathing,1,19.0,female,United States,United States,1,3.0,1,1200,100,1,35.0,3.0,3.0,2.0,1.0,3.0,1.0,2.0,3.0,1.0,3.0,2.0,2.0,1.0,1.0,3.0,3.0,2.0,1.0,3.0,3.0,7.0,5.0,4.0,2.0,2.0,3.0,1.0,4.0,4.0,4.0,5.0,4.0,4.0,4.0,4.0,2.0,2.0,4.0,2.0,4.0,3.0,3.0,1.0,3.1
R_2vkRUlopJKPL4w6,spri,loving_kindness,1,20.0,female,United States,United States,1,3.0,1,1906,100,1,25.0,3.0,4.0,1.0,1.0,3.0,1.0,1.0,4.0,1.0,3.0,4.0,1.0,1.0,1.0,3.0,4.0,1.0,1.0,3.0,4.0,9.0,3.0,8.0,3.0,1.0,2.0,2.0,4.0,4.0,2.0,5.0,2.0,5.0,3.0,5.0,2.0,2.0,5.0,4.0,4.0,2.0,3.0,4.0,3.2
R_2af4Nse1wnHL9HM,nort2,mindful_walking,1,67.0,female,Scotland,United Kingdom,1,3.0,1,2055,100,1,24.0,4.0,4.0,1.0,1.0,4.0,1.0,1.0,3.0,1.0,4.0,3.0,1.0,1.0,1.0,4.0,4.0,1.0,3.0,4.0,4.0,8.0,4.0,7.0,3.0,3.0,3.0,3.0,3.0,4.0,3.0,4.0,5.0,5.0,3.0,3.0,1.0,3.0,1.0,2.0,1.0,3.0,3.0,3.0,2.95
R_1OK7NFBl7FNtOQE,jose,control_book,0,19.0,male,United States,United States,1,3.0,1,1437,100,1,26.0,4.0,3.0,1.0,1.0,3.0,1.0,1.0,4.0,1.0,3.0,3.0,1.0,1.0,1.0,3.0,4.0,1.0,1.0,3.0,4.0,5.0,5.0,7.0,3.0,1.0,2.0,2.0,2.0,2.0,1.0,2.0,1.0,2.0,3.0,5.0,4.0,4.0,5.0,4.0,3.0,4.0,4.0,4.0,2.9
R_27dHv1b8SXmOMum,fras,mindful_breathing,1,19.0,male,Canada,Canada,1,3.0,1,1207,100,1,32.0,4.0,4.0,1.0,3.0,4.0,1.0,2.0,3.0,2.0,4.0,4.0,2.0,2.0,2.0,4.0,3.0,2.0,2.0,3.0,4.0,9.0,5.0,7.0,3.0,3.0,4.0,3.0,2.0,5.0,2.0,3.0,4.0,5.0,3.0,4.0,2.0,2.0,5.0,4.0,3.0,2.0,2.0,3.0,3.2
R_1jpSbHrBCXZ1CiW,fras,loving_kindness,1,20.0,female,Canada,Canada,1,3.0,1,1237,100,1,30.0,3.0,3.0,1.0,1.0,4.0,1.0,1.0,3.0,1.0,4.0,3.0,1.0,1.0,1.0,3.0,2.0,1.0,1.0,3.0,2.0,7.0,3.0,6.0,2.0,3.0,1.0,3.0,2.0,4.0,2.0,4.0,1.0,4.0,3.0,2.0,2.0,2.0,3.0,1.0,2.0,2.0,5.0,4.0,2.6
R_AdhGdMB6w8vrp8l,jose,mindful_walking,1,19.0,female,United States,United States,1,3.0,1,1335,100,1,39.0,3.0,3.0,2.0,2.0,3.0,1.0,2.0,2.0,1.0,3.0,3.0,2.0,3.0,1.0,3.0,3.0,2.0,2.0,3.0,3.0,7.0,3.0,6.0,1.0,1.0,1.0,1.0,2.0,3.0,2.0,3.0,3.0,3.0,2.0,4.0,3.0,3.0,4.0,4.0,2.0,2.0,4.0,4.0,2.6
R_2dFsntqfl7mRTRa,oreg,mindful_breathing,1,25.0,female,United States,United States,1,3.0,1,210659,100,1,40.0,2.0,3.0,1.0,1.0,2.0,1.0,2.0,2.0,1.0,2.0,3.0,1.0,1.0,1.0,2.0,2.0,2.0,1.0,3.0,1.0,6.0,4.0,5.0,2.0,3.0,2.0,2.0,1.0,2.0,2.0,3.0,4.0,4.0,4.0,4.0,2.0,3.0,4.0,4.0,2.0,1.0,4.0,4.0,2.85
R_e9RxYaqfHJXURcR,fras,control_book,0,18.0,female,Canada,Canada,0,3.0,1,1211,100,1,43.0,2.0,3.0,3.0,1.0,2.0,1.0,1.0,2.0,1.0,3.0,3.0,1.0,3.0,4.0,3.0,2.0,1.0,2.0,3.0,2.0,7.0,3.0,3.0,2.0,4.0,2.0,5.0,4.0,4.0,2.0,5.0,4.0,5.0,3.0,4.0,2.0,1.0,5.0,3.0,3.0,2.0,2.0,2.0,3.2
R_331PXnbCdUSaVn2,witt,loving_kindness,1,18.0,female,United States,United States,1,3.0,1,2872,99,0,26.0,4.0,3.0,1.0,1.0,4.0,1.0,1.0,3.0,1.0,4.0,3.0,1.0,1.0,1.0,3.0,4.0,1.0,1.0,3.0,3.0,7.0,3.0,5.0,4.0,2.0,2.0,4.0,1.0,4.0,3.0,4.0,3.0,4.0,2.0,4.0,4.0,2.0,4.0,4.0,4.0,2.0,5.0,4.0,3.3
R_1QykTyT1TIphYif,canb,mindful_breathing,1,19.0,female,Australia,Australia,1,3.0,1,1120,100,1,58.0,4.0,3.0,4.0,3.0,2.0,3.0,4.0,2.0,1.0,3.0,3.0,4.0,4.0,4.0,2.0,2.0,4.0,4.0,3.0,3.0,6.0,8.0,4.0,4.0,4.0,4.0,4.0,2.0,4.0,3.0,3.0,4.0,5.0,4.0,3.0,4.0,4.0,2.0,4.0,3.0,4.0,4.0,3.0,3.6
R_24itFsFUxMfr9ch,fras,control_book,0,37.0,female,Canada,Canada,1,3.0,1,1239,100,1,45.0,2.0,3.0,2.0,1.0,2.0,3.0,2.0,2.0,2.0,2.0,3.0,2.0,1.0,1.0,3.0,2.0,2.0,1.0,2.0,1.0,5.0,3.0,8.0,2.0,2.0,2.0,2.0,2.0,3.0,2.0,4.0,3.0,4.0,4.0,4.0,4.0,2.0,4.0,3.0,4.0,4.0,3.0,4.0,3.1
R_2chJXR6SSTf1847,olaf,body_scan,1,19.0,male,United States,United States,1,3.0,1,1299,100,1,41.0,3.0,2.0,2.0,2.0,3.0,1.0,1.0,3.0,1.0,2.0,3.0,2.0,3.0,1.0,4.0,2.0,2.0,2.0,2.0,2.0,5.0,4.0,6.0,2.0,2.0,3.0,2.0,4.0,3.0,3.0,4.0,3.0,5.0,4.0,4.0,3.0,4.0,3.0,4.0,4.0,4.0,2.0,2.0,3.25
R_1LpvUq7hppkulMS,fras,loving_kindness,1,46.0,female,Canada,Canada,1,3.0,1,1694,100,1,20.0,4.0,4.0,1.0,1.0,4.0,1.0,1.0,4.0,1.0,4.0,4.0,1.0,1.0,1.0,4.0,4.0,1.0,1.0,4.0,4.0,7.0,2.0,7.0,2.0,4.0,2.0,4.0,4.0,3.0,2.0,4.0,3.0,4.0,4.0,4.0,2.0,2.0,3.0,2.0,2.0,2.0,2.0,4.0,2.95
R_0VeKZ1vbRfxu4XD,fras,loving_kindness,1,26.0,female,Canada,Canada,1,2.0,1,1366,100,1,39.0,3.0,3.0,2.0,2.0,3.0,2.0,2.0,3.0,2.0,3.0,3.0,2.0,1.0,2.0,3.0,3.0,2.0,2.0,3.0,3.0,7.0,3.0,7.0,4.0,2.0,3.0,2.0,2.0,2.0,2.0,4.0,2.0,4.0,2.0,4.0,4.0,2.0,4.0,4.0,2.0,2.0,4.0,4.0,2.95
R_bpGOd57tecGKXIZ,suny,body_scan,1,18.0,female,United States,United States,1,3.0,1,1202,100,1,39.0,3.0,3.0,1.0,1.0,2.0,1.0,2.0,2.0,1.0,3.0,1.0,1.0,2.0,1.0,3.0,2.0,2.0,1.0,3.0,2.0,7.0,4.0,7.0,3.0,4.0,4.0,4.0,5.0,4.0,3.0,5.0,5.0,5.0,3.0,3.0,2.0,2.0,3.0,2.0,3.0,2.0,3.0,5.0,3.5
R_27TIw7sgRzEL67T,fras,mindful_walking,1,20.0,female,Canada,Canada,1,3.0,1,1475,100,1,29.0,4.0,3.0,2.0,1.0,3.0,1.0,1.0,4.0,1.0,4.0,4.0,2.0,2.0,1.0,4.0,3.0,2.0,1.0,3.0,3.0,8.0,3.0,9.0,3.0,2.0,3.0,4.0,4.0,4.0,1.0,4.0,4.0,5.0,2.0,3.0,2.0,2.0,2.0,3.0,3.0,2.0,4.0,2.0,2.95
R_1Ny81s6S4kdhW9Q,jose,mindful_breathing,1,20.0,female,U.S,U.S,0,3.0,1,1289,100,1,49.0,2.0,2.0,2.0,1.0,2.0,2.0,2.0,2.0,2.0,2.0,3.0,3.0,1.0,2.0,2.0,2.0,3.0,3.0,2.0,3.0,5.0,4.0,2.0,4.0,3.0,2.0,2.0,4.0,4.0,3.0,3.0,4.0,5.0,2.0,3.0,2.0,1.0,4.0,2.0,2.0,1.0,2.0,2.0,2.75
R_Ah3WhR1MC9s4Pnz,suny,mindful_walking,1,18.0,male,United States,United States,1,3.0,1,1168,100,1,38.0,3.0,3.0,2.0,2.0,3.0,1.0,1.0,3.0,1.0,2.0,2.0,2.0,1.0,2.0,3.0,3.0,2.0,1.0,2.0,3.0,6.0,4.0,7.0,4.0,4.0,4.0,4.0,3.0,4.0,4.0,5.0,4.0,4.0,2.0,2.0,2.0,1.0,3.0,3.0,2.0,2.0,3.0,2.0,3.1
R_1q1wlPZpHC8dQBM,suny,control_book,0,19.0,female,United States,United States,1,3.0,1,1221,100,1,42.0,3.0,2.0,1.0,2.0,3.0,1.0,2.0,2.0,1.0,2.0,1.0,1.0,1.0,1.0,2.0,3.0,1.0,3.0,2.0,2.0,5.0,4.0,6.0,2.0,1.0,2.0,2.0,2.0,3.0,2.0,4.0,3.0,4.0,3.0,4.0,4.0,5.0,4.0,3.0,3.0,4.0,3.0,5.0,3.15
R_1LXYkprbiBWPleI,kons,mindful_breathing,1,22.0,female,Germany,Germany,0,2.0,1,1187,100,1,53.0,2.0,2.0,3.0,2.0,2.0,2.0,3.0,2.0,3.0,3.0,3.0,2.0,2.0,3.0,2.0,3.0,3.0,3.0,2.0,2.0,6.0,5.0,4.0,2.0,1.0,3.0,2.0,4.0,3.0,4.0,4.0,3.0,3.0,4.0,4.0,2.0,3.0,3.0,4.0,3.0,3.0,2.0,2.0,2.95
R_2aJ3UkKbsZ3VcUP,jose,body_scan,1,19.0,non_binary,United States,United States,1,3.0,1,1341,100,1,34.0,3.0,3.0,1.0,1.0,3.0,1.0,1.0,2.0,1.0,2.0,1.0,1.0,1.0,1.0,4.0,3.0,1.0,1.0,2.0,3.0,7.0,4.0,6.0,5.0,5.0,5.0,2.0,4.0,5.0,4.0,5.0,5.0,5.0,1.0,3.0,3.0,2.0,1.0,3.0,5.0,4.0,3.0,4.0,3.7
R_3ikGa8d2EHyQDkI,suny,loving_kindness,1,22.0,male,United States,United States,1,2.0,1,1484,100,1,30.0,4.0,3.0,1.0,1.0,3.0,1.0,2.0,3.0,1.0,3.0,4.0,1.0,2.0,1.0,3.0,3.0,2.0,1.0,3.0,4.0,8.0,2.0,7.0,2.0,1.0,2.0,2.0,2.0,2.0,2.0,3.0,2.0,3.0,2.0,5.0,2.0,3.0,5.0,4.0,2.0,4.0,4.0,4.0,2.8
R_w0f9FK8OrU3TFYt,indi,mindful_breathing,1,22.0,male,United States,United States,1,3.0,1,1882,99,0,34.0,3.0,3.0,1.0,1.0,3.0,1.0,3.0,3.0,1.0,3.0,2.0,1.0,1.0,1.0,3.0,3.0,1.0,1.0,3.0,2.0,7.0,3.0,8.0,2.0,3.0,4.0,2.0,2.0,3.0,2.0,3.0,2.0,4.0,4.0,3.0,3.0,3.0,4.0,3.0,2.0,2.0,4.0,4.0,2.95
R_3Jk0LU3TbiYqAd1,jose,body_scan,1,18.0,female,United States,United States,1,3.0,1,1425,100,1,50.0,3.0,2.0,3.0,3.0,3.0,1.0,1.0,3.0,3.0,3.0,4.0,4.0,3.0,3.0,3.0,3.0,3.0,4.0,3.0,1.0,6.0,5.0,7.0,2.0,1.0,2.0,2.0,4.0,2.0,2.0,5.0,2.0,3.0,4.0,4.0,1.0,1.0,5.0,4.0,4.0,4.0,4.0,2.0,2.9
R_2uCW2bCqdmYcy4S,jose,mindful_walking,1,19.0,female,United States,United States,1,3.0,1,2479,100,1,58.0,1.0,2.0,1.0,3.0,1.0,3.0,4.0,1.0,2.0,2.0,2.0,2.0,2.0,3.0,1.0,2.0,2.0,2.0,2.0,2.0,1.0,8.0,7.0,5.0,4.0,4.0,4.0,2.0,4.0,3.0,4.0,3.0,3.0,1.0,3.0,3.0,4.0,2.0,3.0,2.0,4.0,2.0,4.0,3.2
R_5sFARPr9ZheEksF,fras,control_book,0,20.0,female,Canada,India,0,3.0,1,1182,100,1,23.0,4.0,4.0,1.0,1.0,4.0,1.0,1.0,4.0,3.0,4.0,4.0,1.0,1.0,1.0,4.0,3.0,1.0,1.0,4.0,4.0,1.0,9.0,9.0,1.0,1.0,1.0,3.0,2.0,2.0,3.0,1.0,2.0,1.0,3.0,5.0,4.0,5.0,4.0,3.0,2.0,5.0,5.0,4.0,2.85
R_RV5ipQn4UDfZogp,jose,control_book,0,22.0,female,United States,United States,0,3.0,1,39749,100,1,46.0,3.0,2.0,3.0,2.0,3.0,2.0,2.0,3.0,2.0,3.0,2.0,2.0,2.0,4.0,3.0,3.0,2.0,2.0,3.0,2.0,5.0,6.0,5.0,4.0,4.0,4.0,4.0,4.0,4.0,3.0,4.0,4.0,4.0,4.0,5.0,4.0,4.0,4.0,4.0,4.0,3.0,4.0,4.0,3.95
R_33D5xfglV6QFWM6,suny,loving_kindness,1,18.0,female,United States,United States,1,3.0,1,50612,100,1,37.0,3.0,2.0,1.0,1.0,2.0,1.0,2.0,2.0,1.0,2.0,2.0,1.0,1.0,1.0,3.0,3.0,1.0,1.0,2.0,3.0,6.0,2.0,3.0,3.0,1.0,3.0,3.0,2.0,4.0,4.0,4.0,4.0,5.0,4.0,4.0,4.0,2.0,4.0,4.0,4.0,4.0,4.0,3.0,3.5
R_3D1Gq5NDZie6TnW,suny,mindful_breathing,1,19.0,male,United States,United States,1,3.0,1,1188,100,1,35.0,4.0,2.0,1.0,1.0,3.0,1.0,1.0,2.0,1.0,2.0,2.0,1.0,1.0,1.0,3.0,2.0,1.0,1.0,3.0,2.0,6.0,2.0,7.0,2.0,3.0,3.0,1.0,2.0,2.0,1.0,3.0,4.0,4.0,3.0,5.0,5.0,5.0,5.0,4.0,4.0,5.0,4.0,5.0,3.5
R_9ZZ4TbpdALBcPSh,fras,mindful_breathing,1,35.0,female,Canada,United States,1,3.0,1,1441,100,1,23.0,4.0,4.0,1.0,1.0,4.0,1.0,1.0,4.0,1.0,4.0,2.0,1.0,1.0,1.0,4.0,4.0,2.0,1.0,4.0,4.0,9.0,2.0,8.0,1.0,2.0,1.0,1.0,5.0,5.0,4.0,5.0,4.0,5.0,4.0,4.0,4.0,2.0,2.0,2.0,4.0,4.0,2.0,4.0,3.25
R_3lKSK3uRHptrOUd,oreg,loving_kindness,1,41.0,female,United States,United States,1,3.0,1,1408,100,1,26.0,4.0,3.0,2.0,1.0,4.0,1.0,1.0,4.0,1.0,4.0,3.0,1.0,1.0,1.0,4.0,4.0,3.0,1.0,3.0,4.0,7.0,2.0,6.0,2.0,1.0,1.0,3.0,3.0,2.0,3.0,2.0,2.0,4.0,4.0,5.0,4.0,2.0,5.0,4.0,4.0,2.0,4.0,4.0,3.05
R_vDkaTtnhFZaWJAB,suny,mindful_walking,1,18.0,male,United States,United States,1,3.0,1,1211,100,1,21.0,4.0,4.0,1.0,1.0,4.0,1.0,1.0,4.0,1.0,4.0,4.0,1.0,1.0,1.0,4.0,3.0,1.0,1.0,4.0,4.0,8.0,2.0,7.0,3.0,1.0,3.0,4.0,1.0,3.0,1.0,5.0,3.0,4.0,3.0,5.0,3.0,3.0,5.0,5.0,3.0,3.0,5.0,4.0,3.35
R_2VK4zRuAsWA3Z2l,hous,mindful_walking,1,,,,,1,3.0,1,1218,88,0,33.0,3.0,4.0,2.0,1.0,4.0,2.0,2.0,4.0,1.0,3.0,3.0,1.0,2.0,2.0,3.0,4.0,2.0,2.0,2.0,4.0,7.0,5.0,,2.0,1.0,3.0,1.0,2.0,4.0,2.0,4.0,4.0,4.0,4.0,5.0,2.0,4.0,4.0,4.0,5.0,5.0,3.0,4.0,3.35
R_AiEgQzLXSELmHHH,suny,control_book,0,19.0,female,United States,United States,1,3.0,1,1488,100,1,61.0,1.0,2.0,4.0,3.0,1.0,1.0,3.0,1.0,1.0,3.0,2.0,4.0,4.0,4.0,1.0,2.0,4.0,1.0,2.0,3.0,4.0,3.0,7.0,2.0,1.0,1.0,1.0,1.0,4.0,1.0,2.0,3.0,4.0,2.0,5.0,4.0,4.0,5.0,5.0,3.0,4.0,3.0,4.0,2.95
R_seaB7EqOANrg1Pj,hous,mindful_walking,1,,,,,1,3.0,1,1246,85,0,25.0,4.0,3.0,1.0,1.0,4.0,1.0,1.0,3.0,1.0,3.0,3.0,1.0,1.0,1.0,4.0,3.0,1.0,1.0,4.0,4.0,7.0,,,5.0,4.0,5.0,5.0,4.0,4.0,4.0,4.0,4.0,5.0,1.0,4.0,2.0,4.0,2.0,2.0,4.0,4.0,4.0,4.0,3.75
R_3pl0zYfoHQ6JyaE,jose,body_scan,1,,female,United States,United States,1,3.0,1,1419,100,1,37.0,3.0,3.0,2.0,1.0,2.0,1.0,3.0,3.0,1.0,3.0,2.0,1.0,1.0,2.0,3.0,3.0,1.0,1.0,2.0,3.0,6.0,9.0,5.0,5.0,3.0,3.0,3.0,3.0,4.0,3.0,4.0,4.0,4.0,5.0,2.0,2.0,2.0,2.0,4.0,3.0,3.0,3.0,2.0,3.2
R_3GlBvwVZUy3RRWo,olaf,control_book,0,18.0,female,United States,United States,1,3.0,1,1282,100,1,23.0,4.0,4.0,1.0,1.0,4.0,1.0,1.0,3.0,1.0,4.0,3.0,1.0,1.0,1.0,4.0,4.0,1.0,2.0,4.0,4.0,8.0,6.0,7.0,1.0,1.0,1.0,2.0,2.0,3.0,2.0,3.0,3.0,4.0,2.0,5.0,3.0,3.0,4.0,3.0,4.0,3.0,4.0,4.0,2.85
R_8HQbMUCtSCehbvX,jose,mindful_walking,1,18.0,female,Unites States,United States,1,2.0,1,1227,100,1,32.0,2.0,4.0,2.0,2.0,3.0,3.0,1.0,3.0,1.0,3.0,4.0,1.0,1.0,1.0,4.0,3.0,1.0,1.0,3.0,3.0,7.0,5.0,7.0,3.0,1.0,3.0,3.0,2.0,2.0,2.0,3.0,3.0,5.0,3.0,5.0,2.0,3.0,5.0,4.0,4.0,2.0,3.0,2.0,3.0
R_3sctLf1rNvarCtX,oreg,body_scan,1,20.0,female,U.S,U.S,1,2.0,1,1844,100,1,33.0,3.0,3.0,1.0,1.0,3.0,1.0,1.0,3.0,1.0,3.0,2.0,1.0,1.0,1.0,3.0,3.0,3.0,1.0,3.0,3.0,6.0,3.0,6.0,4.0,4.0,4.0,4.0,4.0,5.0,2.0,4.0,4.0,5.0,4.0,3.0,5.0,2.0,2.0,2.0,3.0,4.0,2.0,4.0,3.55
R_UaKltUSIsVXNktz,fras,loving_kindness,1,19.0,female,Canada,Canada,0,3.0,1,1649,100,1,35.0,3.0,3.0,1.0,2.0,3.0,1.0,1.0,2.0,1.0,3.0,3.0,1.0,1.0,1.0,3.0,3.0,2.0,1.0,2.0,2.0,7.0,5.0,7.0,3.0,2.0,2.0,3.0,1.0,3.0,2.0,2.0,1.0,4.0,2.0,4.0,4.0,4.0,4.0,3.0,4.0,4.0,3.0,4.0,2.95
R_1onECK26S8DLHxW,olaf,mindful_breathing,1,18.0,female,United States,United States,1,3.0,1,1364,100,1,37.0,3.0,3.0,2.0,2.0,2.0,1.0,2.0,2.0,1.0,3.0,3.0,1.0,2.0,2.0,3.0,3.0,1.0,1.0,3.0,3.0,7.0,3.0,7.0,1.0,2.0,1.0,2.0,1.0,4.0,2.0,2.0,2.0,2.0,4.0,4.0,3.0,4.0,4.0,4.0,5.0,2.0,4.0,5.0,2.9
R_1IGyyUgkwRGqcmR,fras,loving_kindness,1,36.0,female,Canada,Canada,1,3.0,1,1794,100,1,37.0,3.0,3.0,2.0,2.0,2.0,1.0,1.0,2.0,1.0,3.0,2.0,1.0,1.0,1.0,3.0,2.0,1.0,1.0,3.0,2.0,7.0,4.0,8.0,4.0,2.0,2.0,2.0,2.0,3.0,3.0,4.0,1.0,2.0,2.0,4.0,2.0,2.0,3.0,2.0,4.0,4.0,4.0,4.0,2.8
R_3jezv5yAowFWGvw,aust,body_scan,1,18.0,male,Australia,Australia,1,3.0,1,1227,100,1,36.0,2.0,2.0,2.0,1.0,3.0,1.0,2.0,3.0,1.0,3.0,2.0,1.0,1.0,1.0,3.0,3.0,2.0,1.0,3.0,3.0,6.0,3.0,6.0,2.0,4.0,3.0,2.0,2.0,4.0,2.0,2.0,4.0,4.0,3.0,3.0,2.0,3.0,3.0,4.0,4.0,2.0,4.0,4.0,3.05
R_yPhdIx5u2J8aMrD,aust,mindful_walking,1,18.0,female,Australia,Australia,1,3.0,1,1858,100,1,31.0,4.0,3.0,1.0,1.0,3.0,1.0,3.0,3.0,1.0,4.0,3.0,2.0,1.0,1.0,4.0,3.0,3.0,1.0,4.0,3.0,7.0,4.0,4.0,3.0,2.0,2.0,4.0,5.0,4.0,3.0,5.0,4.0,5.0,3.0,4.0,4.0,2.0,3.0,1.0,4.0,4.0,1.0,3.0,3.3
R_1dzt0mntr6zpspE,aust,mindful_breathing,1,18.0,female,Australia,Nigeria,1,3.0,1,4010,100,1,38.0,3.0,2.0,1.0,1.0,2.0,1.0,2.0,2.0,1.0,3.0,2.0,1.0,1.0,1.0,3.0,2.0,2.0,1.0,3.0,2.0,6.0,4.0,5.0,3.0,2.0,4.0,3.0,1.0,4.0,1.0,3.0,2.0,4.0,3.0,4.0,3.0,3.0,4.0,2.0,2.0,3.0,4.0,5.0,3.0
R_1prifrZFCy2avmC,nort2,mindful_walking,1,61.0,female,United Kingdom,United Kingdom,1,3.0,1,1416,99,0,20.0,4.0,4.0,1.0,1.0,4.0,1.0,1.0,4.0,1.0,4.0,4.0,1.0,1.0,1.0,4.0,4.0,1.0,1.0,4.0,4.0,9.0,5.0,9.0,1.0,1.0,1.0,1.0,1.0,1.0,1.0,3.0,2.0,2.0,1.0,5.0,2.0,5.0,4.0,5.0,1.0,5.0,5.0,1.0,2.4
R_1HpGxScHW2KwoTj,nort2,control_book,0,62.0,female,United Kingdom,United Kingdom,1,3.0,1,1663,100,1,37.0,3.0,3.0,2.0,1.0,3.0,1.0,2.0,3.0,1.0,3.0,3.0,1.0,2.0,3.0,3.0,3.0,2.0,2.0,3.0,3.0,9.0,7.0,8.0,4.0,2.0,2.0,1.0,4.0,3.0,2.0,2.0,1.0,3.0,4.0,4.0,3.0,3.0,3.0,5.0,4.0,4.0,5.0,4.0,3.15
R_6wZiHP7krJ7IVmp,jose,control_book,0,19.0,female,United States,United States,0,3.0,1,1626,100,1,31.0,4.0,3.0,1.0,1.0,3.0,1.0,1.0,2.0,1.0,3.0,2.0,1.0,1.0,1.0,3.0,3.0,1.0,1.0,3.0,3.0,7.0,1.0,7.0,1.0,3.0,3.0,1.0,3.0,4.0,1.0,4.0,3.0,4.0,5.0,2.0,4.0,4.0,4.0,4.0,5.0,4.0,4.0,5.0,3.4
R_CkL1Xpr8wYMru5H,fras,body_scan,1,29.0,female,Canada,Canada,1,3.0,1,1337,100,1,35.0,3.0,3.0,2.0,2.0,2.0,1.0,1.0,3.0,1.0,3.0,3.0,1.0,2.0,1.0,3.0,3.0,2.0,1.0,3.0,3.0,7.0,2.0,7.0,3.0,2.0,2.0,2.0,1.0,1.0,1.0,3.0,1.0,1.0,1.0,3.0,2.0,2.0,4.0,4.0,2.0,1.0,4.0,1.0,2.05
R_3oFs7brzVPpnwX0,olaf,mindful_walking,1,19.0,female,United States,United States,1,3.0,1,1350,100,1,31.0,4.0,3.0,1.0,1.0,4.0,2.0,2.0,3.0,1.0,4.0,3.0,2.0,2.0,2.0,4.0,3.0,1.0,1.0,3.0,3.0,7.0,3.0,7.0,3.0,3.0,3.0,3.0,2.0,3.0,3.0,3.0,3.0,3.0,3.0,4.0,3.0,4.0,4.0,5.0,4.0,4.0,4.0,4.0,3.4
R_3EcdzxATrYHte0F,fras,loving_kindness,1,20.0,female,Canada,Canada,1,3.0,1,1404,100,1,47.0,2.0,1.0,3.0,1.0,2.0,1.0,2.0,2.0,1.0,2.0,2.0,1.0,1.0,1.0,2.0,1.0,2.0,1.0,1.0,2.0,5.0,6.0,5.0,4.0,3.0,3.0,3.0,4.0,5.0,3.0,4.0,4.0,4.0,2.0,5.0,4.0,2.0,3.0,4.0,4.0,3.0,4.0,4.0,3.6
R_1oHfthX7UuUAw8n,jose,mindful_breathing,1,20.0,female,United States,United States,1,3.0,1,1145,100,1,25.0,4.0,4.0,1.0,1.0,4.0,1.0,1.0,4.0,1.0,3.0,3.0,1.0,2.0,1.0,4.0,4.0,1.0,2.0,3.0,4.0,9.0,3.0,8.0,2.0,2.0,1.0,1.0,2.0,3.0,2.0,4.0,2.0,4.0,2.0,4.0,4.0,4.0,4.0,4.0,4.0,4.0,4.0,4.0,3.05
R_1mymqvLYs4HvVZn,olaf,mindful_breathing,1,19.0,male,United States,United States,1,3.0,1,1266,100,1,50.0,2.0,3.0,3.0,2.0,2.0,2.0,2.0,1.0,2.0,2.0,3.0,2.0,3.0,2.0,2.0,2.0,1.0,2.0,2.0,2.0,5.0,6.0,3.0,4.0,3.0,4.0,1.0,4.0,3.0,3.0,3.0,3.0,3.0,3.0,3.0,3.0,3.0,3.0,3.0,3.0,4.0,4.0,3.0,3.15
R_25uNJwIR1EmtANy,aust,control_book,0,18.0,female,Australia,South Korea,1,3.0,1,1567,100,1,33.0,3.0,3.0,1.0,1.0,3.0,1.0,2.0,3.0,1.0,3.0,3.0,1.0,1.0,2.0,3.0,3.0,1.0,1.0,3.0,2.0,6.0,4.0,6.0,2.0,1.0,2.0,2.0,4.0,3.0,2.0,5.0,1.0,4.0,3.0,4.0,3.0,3.0,4.0,4.0,1.0,3.0,3.0,2.0,2.8
R_1OwYjD0HXkXhHdD,jose,body_scan,1,20.0,female,United States,Ethiopia,1,3.0,1,3133,100,1,34.0,4.0,2.0,1.0,1.0,3.0,1.0,1.0,2.0,1.0,3.0,3.0,1.0,1.0,1.0,2.0,3.0,1.0,3.0,3.0,3.0,7.0,3.0,6.0,2.0,2.0,2.0,2.0,2.0,2.0,2.0,2.0,2.0,2.0,2.0,5.0,4.0,4.0,5.0,4.0,2.0,4.0,4.0,4.0,2.9
R_31aRNFu6AbcAOju,fras,mindful_walking,1,21.0,female,Canada,India,0,3.0,1,7050,100,1,20.0,4.0,4.0,1.0,1.0,4.0,1.0,1.0,4.0,1.0,4.0,4.0,1.0,1.0,1.0,4.0,4.0,1.0,1.0,4.0,4.0,8.0,6.0,6.0,2.0,1.0,1.0,5.0,1.0,4.0,1.0,1.0,2.0,1.0,5.0,5.0,4.0,2.0,4.0,5.0,4.0,5.0,5.0,4.0,3.1
R_2QyeeRxwYez0O7f,jose,loving_kindness,1,19.0,female,United States,United States,1,3.0,1,1194,100,1,25.0,4.0,3.0,1.0,1.0,4.0,1.0,1.0,3.0,1.0,4.0,2.0,1.0,1.0,1.0,4.0,3.0,1.0,1.0,4.0,4.0,7.0,2.0,5.0,2.0,3.0,2.0,2.0,4.0,5.0,3.0,5.0,4.0,5.0,3.0,4.0,4.0,1.0,3.0,5.0,4.0,2.0,1.0,2.0,3.2
R_1MKRHhe1WmSWOvO,wurz,body_scan,1,22.0,female,Germany,Germany,0,2.0,1,1137,100,1,32.0,3.0,3.0,1.0,1.0,3.0,1.0,2.0,3.0,1.0,3.0,3.0,1.0,1.0,1.0,3.0,3.0,2.0,1.0,3.0,3.0,7.0,2.0,6.0,2.0,2.0,4.0,3.0,4.0,4.0,2.0,2.0,4.0,4.0,1.0,4.0,2.0,2.0,4.0,3.0,2.0,4.0,3.0,4.0,3.0
R_3HCj004w8aRNuyF,jose,loving_kindness,1,19.0,prefer_not_say,United States,United States,1,3.0,1,1268,100,1,34.0,3.0,3.0,2.0,1.0,2.0,1.0,1.0,2.0,1.0,4.0,2.0,1.0,1.0,1.0,3.0,3.0,1.0,1.0,3.0,2.0,7.0,3.0,5.0,2.0,2.0,1.0,3.0,4.0,4.0,4.0,5.0,3.0,5.0,4.0,4.0,1.0,2.0,3.0,4.0,1.0,1.0,2.0,2.0,2.85
R_8c8oRhJcaEPG2gV,kons,mindful_breathing,1,20.0,female,Germany,Germany,0,2.0,1,1491,100,1,30.0,3.0,3.0,1.0,1.0,3.0,1.0,1.0,3.0,1.0,4.0,3.0,1.0,1.0,2.0,4.0,3.0,1.0,1.0,2.0,3.0,7.0,3.0,8.0,2.0,2.0,2.0,3.0,2.0,3.0,3.0,2.0,2.0,4.0,2.0,3.0,3.0,2.0,4.0,4.0,3.0,4.0,3.0,2.0,2.75
R_ey3LH28ZWdsiA9P,jose,mindful_walking,1,18.0,female,United States,United States,1,3.0,1,1113,100,1,32.0,3.0,2.0,1.0,1.0,4.0,1.0,2.0,4.0,1.0,3.0,3.0,1.0,1.0,2.0,4.0,3.0,1.0,2.0,3.0,2.0,8.0,3.0,6.0,2.0,3.0,3.0,3.0,2.0,4.0,1.0,4.0,4.0,4.0,4.0,4.0,3.0,2.0,4.0,3.0,3.0,3.0,5.0,3.0,3.2
R_1gnH0kifnDlAsXH,seeb,body_scan,1,29.0,female,Austria,Austria,0,2.0,1,2139,100,1,39.0,3.0,2.0,1.0,2.0,3.0,1.0,3.0,2.0,1.0,3.0,2.0,1.0,2.0,1.0,3.0,2.0,2.0,1.0,3.0,3.0,7.0,3.0,5.0,4.0,4.0,3.0,3.0,1.0,4.0,1.0,4.0,4.0,4.0,2.0,2.0,3.0,2.0,3.0,2.0,3.0,2.0,4.0,2.0,2.85
R_3J9SUji4C43h9Oy,jose,control_book,0,22.0,female,United States,United States,0,3.0,1,1702,100,1,50.0,2.0,2.0,3.0,3.0,2.0,2.0,3.0,3.0,3.0,3.0,3.0,3.0,1.0,3.0,3.0,2.0,2.0,2.0,3.0,2.0,6.0,6.0,4.0,3.0,4.0,4.0,4.0,3.0,4.0,3.0,3.0,4.0,4.0,3.0,5.0,3.0,4.0,3.0,4.0,2.0,4.0,4.0,3.0,3.55
R_tYefcDSYFjjq3tL,gold,mindful_walking,1,22.0,male,India,India,0,2.0,1,2002,100,1,20.0,4.0,4.0,1.0,1.0,4.0,1.0,1.0,4.0,1.0,4.0,4.0,1.0,1.0,1.0,4.0,4.0,1.0,1.0,4.0,4.0,8.0,2.0,8.0,1.0,1.0,1.0,1.0,1.0,3.0,1.0,1.0,2.0,2.0,4.0,5.0,2.0,4.0,5.0,4.0,5.0,2.0,5.0,5.0,2.75
R_2wSLhA1kJW1pAr3,gold,mindful_breathing,1,23.0,male,India,India,1,3.0,1,3067,100,1,42.0,3.0,2.0,1.0,3.0,3.0,1.0,3.0,2.0,1.0,3.0,2.0,2.0,1.0,1.0,3.0,2.0,3.0,1.0,2.0,3.0,7.0,3.0,9.0,2.0,4.0,2.0,1.0,1.0,5.0,1.0,1.0,2.0,2.0,4.0,4.0,2.0,5.0,3.0,4.0,4.0,3.0,5.0,3.0,2.9
R_1i8wH53HNvHBmtH,seeb,loving_kindness,1,26.0,male,Austria,Austria,0,2.0,1,1502,100,1,24.0,4.0,3.0,2.0,1.0,4.0,1.0,1.0,4.0,1.0,4.0,4.0,1.0,2.0,1.0,4.0,3.0,1.0,1.0,4.0,4.0,8.0,2.0,7.0,3.0,2.0,1.0,3.0,2.0,4.0,2.0,2.0,2.0,4.0,5.0,4.0,4.0,2.0,2.0,5.0,3.0,2.0,5.0,2.0,2.95
R_2z7HRghZnixLPVG,olaf,mindful_breathing,1,19.0,male,United States,United States,1,3.0,1,1446,100,1,44.0,2.0,2.0,1.0,3.0,2.0,1.0,1.0,2.0,1.0,3.0,2.0,1.0,2.0,3.0,2.0,2.0,2.0,1.0,2.0,3.0,6.0,5.0,4.0,2.0,2.0,2.0,1.0,2.0,5.0,1.0,3.0,2.0,5.0,2.0,2.0,4.0,4.0,4.0,4.0,4.0,4.0,4.0,4.0,3.05
R_1LhArkkDsJAEBvZ,fras,loving_kindness,1,24.0,female,Canada,Canada,1,3.0,1,1287,100,1,38.0,2.0,2.0,1.0,1.0,3.0,1.0,1.0,2.0,1.0,3.0,2.0,1.0,1.0,2.0,3.0,2.0,2.0,1.0,2.0,3.0,7.0,2.0,5.0,3.0,3.0,3.0,3.0,2.0,3.0,2.0,4.0,4.0,3.0,3.0,2.0,4.0,2.0,2.0,3.0,3.0,2.0,4.0,2.0,2.85
R_2xQqn2YAlbaMAgu,digi,control_book,0,20.0,female,United States,United States,0,2.0,1,1698,100,1,34.0,4.0,3.0,1.0,1.0,3.0,1.0,1.0,3.0,1.0,3.0,2.0,1.0,1.0,2.0,3.0,2.0,1.0,3.0,3.0,3.0,6.0,2.0,6.0,3.0,3.0,3.0,4.0,1.0,2.0,1.0,2.0,1.0,2.0,3.0,2.0,5.0,5.0,2.0,4.0,5.0,4.0,4.0,5.0,3.05
R_1IiWLHytzTs7peo,oreg,mindful_walking,1,30.0,female,United States,United States,1,3.0,1,1526,100,1,26.0,3.0,4.0,1.0,1.0,4.0,1.0,1.0,3.0,1.0,4.0,3.0,1.0,1.0,1.0,3.0,4.0,2.0,1.0,4.0,3.0,7.0,3.0,7.0,4.0,3.0,2.0,5.0,4.0,4.0,4.0,5.0,4.0,5.0,2.0,4.0,2.0,2.0,4.0,1.0,2.0,2.0,2.0,2.0,3.15
R_2ZJMHHCeuXl6c5G,canb,body_scan,1,18.0,male,Australia,Australia,1,3.0,1,1248,100,1,37.0,2.0,3.0,1.0,2.0,2.0,1.0,2.0,3.0,1.0,2.0,2.0,2.0,1.0,1.0,3.0,3.0,1.0,1.0,3.0,3.0,7.0,5.0,6.0,4.0,4.0,4.0,5.0,3.0,3.0,2.0,4.0,3.0,3.0,2.0,3.0,2.0,3.0,1.0,3.0,3.0,3.0,4.0,4.0,3.15
R_3r1U2VK8IDzIBTI,fras,mindful_breathing,1,21.0,male,Canada,India,0,3.0,1,1134,100,1,37.0,3.0,3.0,1.0,1.0,3.0,2.0,1.0,3.0,1.0,3.0,3.0,2.0,2.0,3.0,3.0,2.0,2.0,1.0,3.0,3.0,7.0,5.0,6.0,3.0,4.0,3.0,4.0,2.0,3.0,3.0,3.0,4.0,4.0,4.0,4.0,3.0,3.0,3.0,4.0,3.0,3.0,2.0,3.0,3.25
R_CmfQeVePRfShKp3,witt,loving_kindness,1,19.0,female,United States,United States,1,3.0,1,1434,99,0,67.0,1.0,1.0,3.0,3.0,1.0,4.0,3.0,1.0,2.0,1.0,1.0,3.0,2.0,3.0,2.0,2.0,3.0,3.0,1.0,1.0,1.0,7.0,2.0,4.0,3.0,4.0,5.0,5.0,4.0,3.0,5.0,4.0,5.0,4.0,3.0,2.0,5.0,3.0,2.0,3.0,2.0,3.0,2.0,3.55
R_0wYXHQRCwL4RX3z,witt,control_book,0,20.0,female,United States,United States,1,3.0,1,2337,100,1,37.0,3.0,3.0,1.0,2.0,3.0,2.0,1.0,3.0,1.0,3.0,3.0,1.0,3.0,2.0,2.0,3.0,1.0,1.0,2.0,3.0,8.0,3.0,5.0,3.0,1.0,1.0,3.0,2.0,4.0,3.0,4.0,4.0,3.0,2.0,5.0,3.0,3.0,4.0,3.0,4.0,2.0,3.0,3.0,3.0
R_3qQoX31xirk7XME,wurz,body_scan,1,23.0,female,Germany,Germany,0,2.0,1,54584,100,1,41.0,3.0,3.0,3.0,2.0,3.0,3.0,1.0,4.0,1.0,3.0,1.0,2.0,1.0,1.0,3.0,3.0,1.0,2.0,1.0,2.0,4.0,6.0,5.0,2.0,4.0,3.0,4.0,3.0,3.0,4.0,2.0,2.0,2.0,2.0,4.0,3.0,2.0,2.0,2.0,2.0,3.0,3.0,3.0,2.75
R_cuaLMlptaUozK1z,wurz,loving_kindness,1,19.0,female,Germany,Germany,0,2.0,1,1143,100,1,22.0,4.0,4.0,1.0,1.0,4.0,1.0,1.0,3.0,1.0,4.0,4.0,1.0,1.0,1.0,4.0,4.0,1.0,1.0,3.0,4.0,8.0,5.0,7.0,1.0,1.0,2.0,4.0,4.0,2.0,1.0,4.0,2.0,4.0,4.0,4.0,2.0,4.0,4.0,2.0,2.0,2.0,2.0,4.0,2.75
R_DBmldCfyy2h2XT3,canb,control_book,0,20.0,female,Australia,Kenya,1,2.0,1,1269,100,1,52.0,2.0,2.0,1.0,3.0,1.0,1.0,3.0,2.0,1.0,2.0,2.0,1.0,4.0,3.0,2.0,2.0,1.0,2.0,1.0,2.0,3.0,7.0,3.0,5.0,4.0,5.0,5.0,5.0,5.0,5.0,4.0,4.0,5.0,5.0,2.0,2.0,2.0,2.0,3.0,2.0,2.0,3.0,4.0,3.7
R_30q0sarzbmJlJLP,wurz,mindful_walking,1,20.0,female,Germany,Germany,0,2.0,1,1302,100,1,28.0,4.0,3.0,1.0,1.0,4.0,1.0,1.0,3.0,1.0,3.0,3.0,1.0,2.0,1.0,4.0,3.0,1.0,2.0,4.0,3.0,7.0,4.0,7.0,2.0,3.0,4.0,4.0,2.0,2.0,4.0,4.0,2.0,3.0,3.0,3.0,4.0,2.0,3.0,3.0,3.0,2.0,4.0,2.0,2.95
R_2rwjnEEKjF5kTqL,newf,mindful_breathing,1,18.0,female,Canada,Canada,1,3.0,1,1152,100,1,41.0,3.0,2.0,2.0,2.0,2.0,1.0,2.0,2.0,1.0,4.0,2.0,1.0,3.0,3.0,3.0,2.0,1.0,1.0,3.0,3.0,8.0,4.0,4.0,3.0,4.0,2.0,4.0,4.0,5.0,4.0,2.0,4.0,4.0,2.0,2.0,3.0,4.0,2.0,3.0,3.0,3.0,4.0,3.0,3.25
R_2dSiOdEplX4k0dK,fras,body_scan,1,18.0,female,Canada,Canada,1,3.0,1,2452,100,1,24.0,4.0,4.0,1.0,1.0,4.0,1.0,1.0,3.0,1.0,4.0,3.0,1.0,1.0,1.0,4.0,4.0,1.0,2.0,4.0,3.0,9.0,1.0,7.0,4.0,4.0,3.0,5.0,4.0,4.0,2.0,4.0,3.0,4.0,2.0,4.0,1.0,2.0,3.0,2.0,1.0,1.0,4.0,2.0,2.95
R_3EogTterN9tM6tc,oreg,loving_kindness,1,21.0,female,United States,United States,1,2.0,1,1330,100,1,31.0,3.0,3.0,1.0,1.0,3.0,1.0,1.0,3.0,1.0,3.0,4.0,2.0,1.0,1.0,3.0,3.0,2.0,1.0,3.0,3.0,6.0,2.0,7.0,2.0,1.0,2.0,2.0,3.0,3.0,1.0,4.0,3.0,4.0,4.0,5.0,3.0,3.0,4.0,3.0,3.0,3.0,4.0,4.0,3.05
R_1jE2dQjOOplHaMj,fras,body_scan,1,18.0,female,Canada,Canada,1,3.0,1,1301,100,1,37.0,2.0,3.0,1.0,1.0,3.0,1.0,2.0,2.0,1.0,3.0,3.0,2.0,1.0,1.0,3.0,3.0,2.0,1.0,2.0,2.0,5.0,3.0,7.0,3.0,3.0,2.0,2.0,2.0,3.0,3.0,4.0,5.0,4.0,3.0,4.0,1.0,1.0,3.0,3.0,1.0,1.0,3.0,3.0,2.7
R_3QQmMVQebEXPBNi,aust,mindful_walking,1,19.0,male,Australia,Australia,0,3.0,1,1466,100,1,30.0,4.0,3.0,2.0,1.0,4.0,1.0,1.0,3.0,1.0,3.0,3.0,1.0,2.0,2.0,4.0,3.0,1.0,1.0,3.0,3.0,7.0,3.0,8.0,3.0,3.0,2.0,2.0,2.0,5.0,2.0,2.0,5.0,5.0,4.0,3.0,3.0,2.0,3.0,2.0,4.0,4.0,2.0,4.0,3.1
R_1mw3m0Zmb51pcyB,olaf,mindful_breathing,1,19.0,male,United States,United States,1,3.0,1,1540,100,1,35.0,3.0,2.0,1.0,1.0,3.0,2.0,2.0,2.0,1.0,4.0,3.0,1.0,1.0,2.0,4.0,2.0,2.0,1.0,3.0,3.0,5.0,5.0,8.0,2.0,2.0,3.0,2.0,2.0,4.0,3.0,5.0,4.0,4.0,2.0,4.0,4.0,5.0,2.0,4.0,4.0,4.0,4.0,5.0,3.45
R_3maGzaOpqVhUBBL,seeb,control_book,0,52.0,male,Austria,Austria,0,2.0,1,1455,100,1,42.0,4.0,4.0,2.0,1.0,2.0,1.0,2.0,1.0,1.0,1.0,2.0,1.0,2.0,1.0,2.0,1.0,1.0,1.0,2.0,2.0,3.0,3.0,5.0,3.0,1.0,1.0,1.0,1.0,2.0,2.0,4.0,1.0,2.0,3.0,5.0,2.0,2.0,5.0,4.0,5.0,1.0,4.0,1.0,2.5
R_1NahPEHtOLWWSpb,olaf,loving_kindness,1,,female,United States,United States,1,3.0,1,1433,100,1,50.0,3.0,2.0,3.0,1.0,2.0,2.0,3.0,1.0,1.0,3.0,1.0,1.0,3.0,4.0,2.0,2.0,1.0,1.0,2.0,2.0,6.0,7.0,4.0,3.0,3.0,3.0,3.0,4.0,3.0,3.0,4.0,3.0,4.0,3.0,1.0,2.0,3.0,2.0,2.0,2.0,2.0,4.0,2.0,2.8
R_2WYKEQRQDneNIpA,nort2,mindful_breathing,1,52.0,female,United Kingdom,United Kingdom,1,3.0,1,1693,100,1,20.0,4.0,4.0,1.0,1.0,4.0,1.0,1.0,4.0,1.0,4.0,4.0,1.0,1.0,1.0,4.0,4.0,1.0,1.0,4.0,4.0,9.0,1.0,7.0,1.0,1.0,1.0,1.0,3.0,3.0,3.0,3.0,2.0,3.0,4.0,4.0,3.0,4.0,3.0,3.0,4.0,4.0,4.0,4.0,2.9
R_1mLcX2NnR81cUdo,ryer,body_scan,1,24.0,female,Canada,Philippines,0,3.0,1,1187,100,1,52.0,2.0,3.0,2.0,3.0,2.0,2.0,3.0,2.0,2.0,2.0,2.0,2.0,2.0,3.0,2.0,3.0,2.0,2.0,2.0,1.0,5.0,6.0,4.0,4.0,3.0,2.0,3.0,4.0,2.0,4.0,5.0,3.0,4.0,4.0,3.0,3.0,3.0,2.0,2.0,4.0,2.0,5.0,5.0,3.35
R_tDkLdn9e8EooHkZ,fras,mindful_breathing,1,28.0,female,Canada,Philippines,0,2.0,1,1673,100,1,32.0,3.0,3.0,1.0,1.0,2.0,1.0,1.0,3.0,1.0,3.0,3.0,1.0,1.0,1.0,2.0,3.0,1.0,1.0,3.0,3.0,7.0,3.0,6.0,1.0,1.0,1.0,2.0,1.0,1.0,1.0,2.0,4.0,3.0,1.0,5.0,3.0,4.0,5.0,4.0,3.0,3.0,4.0,1.0,2.5
R_2v87w7RplhZ8phm,aust,mindful_walking,1,20.0,female,Australia,Australia,1,3.0,1,592579,100,1,31.0,4.0,3.0,1.0,2.0,3.0,2.0,1.0,4.0,1.0,3.0,2.0,2.0,1.0,1.0,4.0,3.0,2.0,1.0,3.0,4.0,6.0,3.0,8.0,5.0,4.0,4.0,5.0,4.0,4.0,4.0,4.0,5.0,4.0,4.0,4.0,4.0,2.0,4.0,2.0,4.0,2.0,4.0,4.0,3.85
R_yPz3tTdyXEeyZcl,ryer,loving_kindness,1,35.0,female,Canada,Canada,1,3.0,1,1337,100,1,23.0,3.0,4.0,2.0,1.0,4.0,1.0,1.0,4.0,1.0,4.0,4.0,1.0,1.0,1.0,3.0,4.0,1.0,1.0,4.0,4.0,9.0,1.0,9.0,1.0,1.0,1.0,1.0,2.0,1.0,1.0,2.0,1.0,2.0,5.0,5.0,4.0,5.0,5.0,3.0,5.0,2.0,4.0,4.0,2.75
R_2rpybDuVbPEEmiK,aust,body_scan,1,18.0,female,Australia,Australia,1,3.0,1,1567,100,1,37.0,3.0,3.0,3.0,1.0,3.0,1.0,3.0,3.0,1.0,3.0,3.0,1.0,1.0,2.0,3.0,3.0,2.0,2.0,3.0,3.0,7.0,4.0,6.0,3.0,3.0,2.0,4.0,3.0,4.0,3.0,4.0,4.0,4.0,3.0,4.0,3.0,4.0,3.0,2.0,3.0,3.0,2.0,3.0,3.2
R_25ygIJoH0PSqFX9,aust,control_book,0,18.0,female,Australia,Australia,1,3.0,1,2362,100,1,57.0,3.0,1.0,3.0,3.0,3.0,3.0,3.0,2.0,3.0,2.0,2.0,2.0,4.0,4.0,3.0,3.0,4.0,2.0,2.0,3.0,6.0,6.0,3.0,2.0,2.0,3.0,3.0,4.0,4.0,2.0,5.0,4.0,4.0,3.0,4.0,2.0,4.0,3.0,4.0,2.0,2.0,2.0,4.0,3.15
R_6SG0q0coh1Fj45z,ryer,mindful_walking,1,20.0,female,Canada,United States,1,3.0,1,1268,100,1,41.0,3.0,2.0,1.0,1.0,2.0,1.0,1.0,2.0,1.0,2.0,1.0,1.0,1.0,1.0,2.0,2.0,1.0,2.0,2.0,2.0,6.0,3.0,3.0,4.0,5.0,4.0,4.0,4.0,5.0,3.0,5.0,4.0,1.0,3.0,2.0,2.0,2.0,1.0,1.0,3.0,2.0,2.0,2.0,2.95
R_2v7y4ZfIF31iL6v,canb,body_scan,1,,female,Australia,Australia,1,3.0,1,1220,100,1,39.0,3.0,3.0,2.0,2.0,3.0,1.0,4.0,3.0,1.0,3.0,3.0,2.0,1.0,3.0,3.0,3.0,2.0,1.0,3.0,3.0,7.0,3.0,7.0,3.0,2.0,2.0,1.0,4.0,4.0,4.0,5.0,5.0,4.0,4.0,5.0,4.0,1.0,5.0,4.0,4.0,4.0,4.0,4.0,3.65
R_dfXqsl4xBJYNbkB,fras,loving_kindness,1,18.0,non_binary,Canada,Canada,1,3.0,1,1840,100,1,44.0,3.0,3.0,1.0,2.0,3.0,2.0,1.0,1.0,2.0,3.0,1.0,2.0,2.0,3.0,3.0,3.0,3.0,1.0,2.0,3.0,6.0,6.0,4.0,4.0,3.0,1.0,1.0,2.0,5.0,2.0,2.0,4.0,5.0,2.0,2.0,5.0,3.0,4.0,4.0,5.0,5.0,4.0,5.0,3.4
R_3fxGeQIUBpjJMAS,aust,control_book,0,22.0,female,Australia,Australia,1,2.0,1,1104,100,1,61.0,2.0,1.0,2.0,2.0,1.0,3.0,4.0,1.0,2.0,1.0,2.0,2.0,2.0,3.0,1.0,1.0,3.0,2.0,3.0,1.0,3.0,5.0,1.0,2.0,4.0,2.0,3.0,2.0,3.0,2.0,2.0,4.0,4.0,3.0,4.0,3.0,3.0,4.0,3.0,2.0,2.0,4.0,4.0,3.0
R_2xXIuAaRu2Ca5n7,aust,mindful_walking,1,18.0,male,Australia,Pakistan,0,3.0,1,6406,100,1,27.0,4.0,3.0,1.0,2.0,3.0,1.0,1.0,4.0,1.0,3.0,3.0,1.0,1.0,1.0,3.0,3.0,1.0,1.0,4.0,4.0,9.0,1.0,7.0,4.0,2.0,4.0,2.0,1.0,4.0,1.0,2.0,2.0,2.0,2.0,4.0,4.0,4.0,4.0,4.0,4.0,4.0,4.0,5.0,3.15
R_1r2emblcUQ7AEbx,ryer,loving_kindness,1,24.0,female,Canada,Republic Of South Korea,0,2.0,1,1170,100,1,31.0,4.0,3.0,1.0,1.0,3.0,1.0,1.0,3.0,1.0,3.0,2.0,2.0,1.0,2.0,4.0,3.0,1.0,1.0,3.0,3.0,6.0,5.0,7.0,4.0,3.0,4.0,3.0,4.0,4.0,2.0,4.0,4.0,5.0,4.0,4.0,4.0,4.0,3.0,4.0,2.0,4.0,3.0,3.0,3.6
R_28AhqDsJ0m5NrxN,aust,control_book,0,18.0,male,Australia,Pakistan,0,3.0,1,1791,100,1,27.0,4.0,3.0,1.0,1.0,3.0,1.0,1.0,3.0,1.0,4.0,3.0,1.0,1.0,1.0,4.0,3.0,1.0,1.0,3.0,3.0,9.0,2.0,8.0,4.0,2.0,3.0,2.0,1.0,4.0,2.0,2.0,2.0,2.0,2.0,4.0,4.0,4.0,4.0,4.0,4.0,4.0,4.0,4.0,3.1
R_r8EOAb8GzT5NT8d,seeb,body_scan,1,21.0,female,United Kingdom,United Kingdom,1,3.0,1,1195,100,1,24.0,4.0,4.0,1.0,1.0,3.0,1.0,1.0,4.0,1.0,4.0,4.0,2.0,1.0,1.0,4.0,3.0,2.0,1.0,4.0,4.0,5.0,2.0,2.0,4.0,1.0,4.0,4.0,5.0,4.0,4.0,5.0,4.0,5.0,4.0,4.0,2.0,2.0,4.0,2.0,2.0,2.0,3.0,3.0,3.4
R_ZlYjEB3vEDDZk8p,seeb,mindful_breathing,1,24.0,male,United States,United States,1,2.0,1,1049,100,1,50.0,2.0,3.0,2.0,3.0,3.0,4.0,3.0,4.0,4.0,3.0,4.0,4.0,3.0,3.0,3.0,4.0,3.0,2.0,3.0,2.0,6.0,6.0,8.0,3.0,4.0,4.0,2.0,4.0,5.0,4.0,3.0,5.0,4.0,4.0,3.0,3.0,4.0,4.0,3.0,4.0,5.0,5.0,3.0,3.8
R_2rvTWO1nft0XCPD,witt,control_book,0,19.0,female,United States,United States,1,3.0,1,1542,99,0,28.0,4.0,4.0,1.0,1.0,4.0,1.0,2.0,3.0,1.0,4.0,4.0,2.0,2.0,1.0,3.0,4.0,2.0,1.0,3.0,3.0,9.0,4.0,8.0,1.0,1.0,1.0,2.0,1.0,2.0,2.0,2.0,2.0,3.0,4.0,4.0,3.0,4.0,4.0,5.0,4.0,5.0,5.0,4.0,2.95
R_9LVlZbZZ1catRId,ryer,loving_kindness,1,,female,[On] Ontario,Nigeria,1,3.0,1,1391,100,1,21.0,4.0,4.0,2.0,1.0,4.0,1.0,1.0,4.0,1.0,4.0,4.0,1.0,1.0,1.0,4.0,4.0,1.0,1.0,4.0,4.0,9.0,5.0,5.0,1.0,1.0,2.0,4.0,2.0,4.0,2.0,2.0,5.0,4.0,2.0,5.0,2.0,2.0,5.0,5.0,2.0,5.0,4.0,3.0,3.1
R_Y4cl2dFTR6vg9wJ,ryer,control_book,0,19.0,female,Canada,Canada,1,3.0,1,1334,100,1,38.0,3.0,3.0,2.0,2.0,2.0,1.0,1.0,2.0,1.0,3.0,3.0,1.0,1.0,1.0,2.0,3.0,1.0,2.0,2.0,2.0,7.0,5.0,7.0,2.0,2.0,2.0,4.0,2.0,3.0,2.0,2.0,2.0,4.0,3.0,4.0,2.0,2.0,3.0,4.0,4.0,2.0,3.0,2.0,2.7
R_2P5W1ZGBxixc2lU,seeb,body_scan,1,44.0,male,United States,American,1,2.0,1,1403,100,1,40.0,4.0,3.0,3.0,2.0,3.0,2.0,2.0,3.0,2.0,4.0,4.0,2.0,3.0,3.0,3.0,3.0,1.0,2.0,3.0,2.0,9.0,6.0,6.0,4.0,2.0,2.0,5.0,3.0,3.0,4.0,5.0,3.0,5.0,4.0,4.0,3.0,3.0,4.0,2.0,5.0,4.0,4.0,3.0,3.6
R_22nAD1eQUYCtuIY,wurz,mindful_walking,1,22.0,female,Germany,Germany,0,2.0,1,1198,100,1,25.0,4.0,4.0,2.0,1.0,4.0,1.0,2.0,4.0,1.0,4.0,4.0,2.0,1.0,2.0,3.0,4.0,1.0,1.0,4.0,4.0,8.0,4.0,7.0,2.0,2.0,3.0,3.0,3.0,4.0,3.0,4.0,4.0,4.0,4.0,4.0,4.0,4.0,4.0,2.0,2.0,3.0,3.0,4.0,3.3
R_3rINQBcID4rDOFM,ryer,mindful_breathing,1,27.0,male,Canada,Canada,1,3.0,1,1154,100,1,21.0,4.0,4.0,1.0,1.0,4.0,1.0,1.0,4.0,1.0,4.0,4.0,1.0,1.0,1.0,4.0,4.0,2.0,1.0,4.0,4.0,8.0,6.0,8.0,2.0,1.0,1.0,1.0,1.0,2.0,3.0,2.0,1.0,3.0,5.0,5.0,2.0,3.0,5.0,5.0,2.0,4.0,5.0,5.0,2.9
R_3KqPflx1O2pLOcD,wurz,mindful_breathing,1,22.0,female,Germany,Germany,0,2.0,1,1169,100,1,25.0,4.0,4.0,1.0,1.0,4.0,1.0,3.0,3.0,1.0,4.0,3.0,1.0,1.0,1.0,4.0,4.0,1.0,1.0,4.0,3.0,7.0,3.0,6.0,3.0,2.0,1.0,3.0,1.0,2.0,1.0,2.0,1.0,2.0,2.0,4.0,4.0,2.0,4.0,4.0,5.0,2.0,4.0,4.0,2.65
R_ZsZNMlrlPgjVt5L,fras,control_book,0,26.0,female,Canada,Canada,1,2.0,1,1156,100,1,58.0,2.0,2.0,3.0,4.0,2.0,3.0,2.0,2.0,2.0,2.0,3.0,3.0,3.0,3.0,2.0,2.0,3.0,3.0,2.0,2.0,5.0,6.0,5.0,4.0,4.0,4.0,5.0,4.0,4.0,4.0,5.0,5.0,5.0,4.0,2.0,2.0,1.0,1.0,2.0,2.0,2.0,2.0,2.0,3.2
R_puV0v2qUovPKQMN,olaf,body_scan,1,19.0,male,The Us,The Us,1,3.0,1,1291,100,1,52.0,1.0,3.0,3.0,1.0,1.0,1.0,2.0,2.0,1.0,3.0,1.0,3.0,3.0,1.0,1.0,2.0,3.0,1.0,2.0,1.0,5.0,4.0,6.0,2.0,5.0,3.0,1.0,4.0,4.0,4.0,5.0,4.0,4.0,4.0,2.0,2.0,3.0,1.0,3.0,5.0,1.0,2.0,3.0,3.1
R_3pbbxqwZJK2hGoz,ryer,loving_kindness,1,19.0,female,Canada,Canada,1,3.0,1,1098,100,1,53.0,2.0,2.0,4.0,3.0,3.0,1.0,3.0,2.0,2.0,3.0,2.0,3.0,3.0,4.0,2.0,2.0,3.0,1.0,3.0,3.0,6.0,4.0,5.0,2.0,4.0,2.0,4.0,2.0,4.0,2.0,1.0,4.0,4.0,4.0,4.0,2.0,2.0,4.0,1.0,1.0,2.0,4.0,4.0,2.85
R_1reKrtzlUUdIsLD,olaf,mindful_walking,1,19.0,male,United States,United States,1,3.0,1,1817,100,1,40.0,2.0,3.0,2.0,2.0,2.0,1.0,1.0,1.0,1.0,2.0,3.0,1.0,1.0,2.0,2.0,2.0,1.0,1.0,3.0,3.0,8.0,6.0,7.0,2.0,1.0,4.0,3.0,2.0,2.0,2.0,4.0,4.0,4.0,2.0,4.0,3.0,3.0,3.0,4.0,4.0,3.0,4.0,4.0,3.1
R_2Y9zwoAb3EPYaCd,olaf,control_book,0,19.0,male,United States,United States,1,3.0,1,1004,100,1,52.0,3.0,3.0,3.0,3.0,3.0,4.0,4.0,4.0,4.0,3.0,2.0,4.0,4.0,3.0,4.0,3.0,3.0,3.0,4.0,4.0,6.0,7.0,7.0,3.0,3.0,1.0,1.0,2.0,2.0,3.0,2.0,2.0,3.0,2.0,1.0,2.0,1.0,2.0,2.0,2.0,3.0,2.0,2.0,2.05
R_2YLhaZvBwc5RInw,canb,body_scan,1,30.0,female,Australia,Australia,1,2.0,1,1628,100,1,20.0,4.0,4.0,1.0,1.0,4.0,1.0,1.0,4.0,1.0,4.0,4.0,1.0,1.0,1.0,4.0,4.0,1.0,1.0,4.0,4.0,8.0,5.0,8.0,1.0,1.0,1.0,1.0,1.0,1.0,1.0,1.0,1.0,2.0,5.0,5.0,4.0,4.0,4.0,4.0,5.0,3.0,4.0,5.0,2.7
R_3qa3pCrxqSa7QgK,seeb,body_scan,1,24.0,female,Austria,Austria,0,2.0,1,1203,100,1,27.0,4.0,3.0,1.0,3.0,4.0,1.0,2.0,3.0,1.0,4.0,3.0,1.0,1.0,2.0,4.0,4.0,1.0,1.0,4.0,4.0,9.0,2.0,5.0,2.0,1.0,3.0,2.0,4.0,4.0,2.0,4.0,3.0,4.0,2.0,4.0,3.0,4.0,3.0,3.0,2.0,3.0,2.0,4.0,2.95
R_2WO7l5gzhwwXgwG,seeb,loving_kindness,1,21.0,female,United Kingdom,United Kingdom,1,3.0,1,1135,100,1,36.0,2.0,3.0,1.0,1.0,3.0,1.0,2.0,3.0,1.0,3.0,3.0,2.0,1.0,2.0,2.0,3.0,2.0,1.0,3.0,3.0,5.0,3.0,1.0,4.0,1.0,4.0,2.0,4.0,4.0,4.0,4.0,4.0,4.0,4.0,4.0,2.0,2.0,4.0,2.0,1.0,4.0,2.0,3.0,3.15
R_e8zhbosCm2Nv4cN,olaf,control_book,0,21.0,male,United States,United States,1,3.0,1,1230,100,1,32.0,2.0,3.0,1.0,1.0,2.0,1.0,1.0,3.0,1.0,3.0,4.0,1.0,1.0,1.0,3.0,3.0,1.0,2.0,3.0,3.0,7.0,4.0,7.0,1.0,1.0,1.0,1.0,1.0,1.0,1.0,2.0,2.0,2.0,4.0,4.0,4.0,4.0,4.0,4.0,4.0,4.0,4.0,4.0,2.65
R_2B2jBBXxhlUdnBJ,ryer,mindful_walking,1,43.0,female,Canada,Canada,1,2.0,1,1371,100,1,26.0,4.0,4.0,1.0,1.0,4.0,1.0,1.0,3.0,1.0,3.0,3.0,1.0,1.0,2.0,4.0,3.0,1.0,1.0,4.0,3.0,7.0,2.0,8.0,1.0,1.0,1.0,2.0,1.0,1.0,2.0,3.0,1.0,2.0,1.0,4.0,2.0,2.0,3.0,5.0,3.0,2.0,3.0,2.0,2.1
R_Y0o58BJLudFacrD,ryer,mindful_breathing,1,21.0,female,Canada,Canada,0,3.0,1,33014,100,1,44.0,2.0,2.0,2.0,2.0,3.0,1.0,2.0,2.0,1.0,3.0,1.0,2.0,1.0,2.0,2.0,2.0,2.0,1.0,2.0,3.0,5.0,5.0,6.0,5.0,5.0,5.0,4.0,5.0,5.0,4.0,5.0,5.0,5.0,1.0,1.0,5.0,1.0,1.0,1.0,5.0,2.0,2.0,2.0,3.45
R_3ESVltY6ZNuDJ7K,fras,body_scan,1,18.0,female,Canada,Canada,1,3.0,1,1434,100,1,34.0,3.0,3.0,1.0,2.0,4.0,2.0,2.0,4.0,2.0,4.0,3.0,2.0,1.0,2.0,3.0,3.0,2.0,2.0,3.0,4.0,7.0,4.0,7.0,4.0,3.0,4.0,5.0,4.0,5.0,4.0,4.0,4.0,5.0,5.0,3.0,4.0,1.0,3.0,2.0,4.0,1.0,2.0,3.0,3.5
R_2A0c87YGfndHWS0,fras,mindful_walking,1,41.0,female,Canada,Canada,1,2.0,1,1231,100,1,23.0,4.0,3.0,1.0,1.0,4.0,1.0,1.0,3.0,1.0,4.0,3.0,1.0,1.0,1.0,4.0,4.0,1.0,1.0,4.0,4.0,9.0,1.0,8.0,1.0,1.0,1.0,1.0,2.0,2.0,4.0,2.0,4.0,5.0,5.0,5.0,2.0,4.0,5.0,4.0,2.0,5.0,4.0,4.0,3.15
R_1PZfot22fwdpkPA,ryer,control_book,0,18.0,female,Canada,Canada,1,3.0,1,1515,100,1,25.0,4.0,4.0,1.0,1.0,4.0,1.0,1.0,3.0,1.0,4.0,3.0,1.0,1.0,1.0,4.0,3.0,1.0,2.0,4.0,3.0,8.0,1.0,8.0,2.0,2.0,3.0,1.0,1.0,2.0,2.0,2.0,2.0,1.0,3.0,3.0,5.0,5.0,3.0,5.0,5.0,5.0,4.0,5.0,3.05
R_2QhUbLXnEb4lTjd,seeb,loving_kindness,1,22.0,female,Austria,Austria,0,2.0,1,1452,100,1,32.0,3.0,3.0,1.0,1.0,3.0,1.0,2.0,3.0,1.0,4.0,2.0,1.0,1.0,1.0,3.0,2.0,1.0,1.0,3.0,3.0,7.0,4.0,4.0,3.0,2.0,2.0,4.0,2.0,4.0,2.0,2.0,2.0,4.0,3.0,4.0,2.0,4.0,3.0,3.0,3.0,2.0,4.0,4.0,2.95
R_1KqHmIH9rj2Esgz,seeb,mindful_breathing,1,27.0,male,Austria,Austria,0,2.0,1,1734,100,1,35.0,4.0,4.0,1.0,1.0,3.0,1.0,2.0,2.0,1.0,4.0,2.0,1.0,1.0,2.0,1.0,2.0,1.0,1.0,3.0,2.0,9.0,3.0,4.0,1.0,1.0,1.0,2.0,1.0,2.0,2.0,1.0,2.0,4.0,2.0,5.0,5.0,4.0,4.0,4.0,3.0,2.0,4.0,5.0,2.75
R_3GxPndIifjpywm3,seeb,body_scan,1,29.0,male,Austria,Austria,0,2.0,1,2492,100,1,35.0,3.0,2.0,2.0,2.0,3.0,1.0,1.0,3.0,1.0,2.0,3.0,1.0,1.0,2.0,3.0,3.0,1.0,1.0,3.0,3.0,6.0,4.0,6.0,2.0,1.0,2.0,2.0,1.0,2.0,2.0,2.0,2.0,2.0,4.0,5.0,4.0,3.0,5.0,4.0,3.0,4.0,4.0,4.0,2.9
R_3g0N0J157jifBuC,gold,loving_kindness,1,24.0,female,United Kingdom,Turkey,0,2.0,1,1353,100,1,25.0,3.0,4.0,1.0,1.0,3.0,1.0,1.0,3.0,1.0,4.0,4.0,1.0,1.0,2.0,4.0,4.0,1.0,1.0,3.0,4.0,8.0,5.0,6.0,2.0,2.0,1.0,4.0,4.0,4.0,3.0,4.0,2.0,5.0,3.0,4.0,4.0,2.0,4.0,4.0,4.0,2.0,1.0,3.0,3.1
R_1rkN8hDJ1IS3UNe,seeb,mindful_walking,1,22.0,prefer_not_say,Philippines,Philippines,1,3.0,1,1934,100,1,27.0,4.0,4.0,1.0,1.0,4.0,1.0,1.0,4.0,3.0,4.0,3.0,1.0,1.0,1.0,4.0,3.0,1.0,1.0,1.0,4.0,7.0,4.0,3.0,4.0,4.0,2.0,3.0,4.0,4.0,2.0,4.0,4.0,4.0,2.0,2.0,2.0,2.0,2.0,2.0,2.0,2.0,2.0,2.0,2.75
R_2w60qb01CpQ89dy,wurz,control_book,0,20.0,female,Germany,Germany,0,2.0,1,1402,100,1,32.0,3.0,4.0,2.0,1.0,4.0,1.0,1.0,3.0,1.0,4.0,3.0,1.0,1.0,2.0,3.0,3.0,1.0,2.0,1.0,3.0,7.0,2.0,6.0,1.0,2.0,1.0,2.0,4.0,4.0,4.0,4.0,2.0,4.0,4.0,4.0,4.0,4.0,4.0,2.0,5.0,4.0,2.0,5.0,3.3
R_3HSMRcm1ntKhBtK,seeb,loving_kindness,1,24.0,prefer_not_say,,,0,2.0,1,1446,100,1,36.0,3.0,2.0,1.0,1.0,3.0,1.0,1.0,3.0,1.0,3.0,2.0,1.0,2.0,2.0,3.0,3.0,1.0,1.0,1.0,3.0,7.0,4.0,1.0,4.0,3.0,4.0,2.0,1.0,4.0,3.0,4.0,4.0,4.0,3.0,3.0,2.0,4.0,4.0,4.0,2.0,4.0,4.0,2.0,3.25
R_3mXVS2cjQXcus8N,fras,control_book,0,43.0,female,Canada,Canada,1,3.0,1,1562,100,1,31.0,3.0,2.0,1.0,2.0,3.0,1.0,1.0,2.0,1.0,4.0,3.0,1.0,1.0,1.0,3.0,4.0,1.0,1.0,3.0,3.0,7.0,3.0,5.0,1.0,2.0,1.0,2.0,2.0,2.0,2.0,2.0,1.0,3.0,4.0,5.0,2.0,4.0,4.0,4.0,4.0,3.0,3.0,4.0,2.75
R_2zSg9studX9Vd2B,fras,mindful_walking,1,19.0,female,Canada,Canada,1,3.0,1,1581,100,1,33.0,3.0,3.0,1.0,1.0,3.0,1.0,2.0,3.0,1.0,4.0,3.0,1.0,1.0,2.0,3.0,2.0,2.0,1.0,3.0,3.0,5.0,5.0,5.0,2.0,4.0,2.0,3.0,2.0,3.0,3.0,5.0,3.0,5.0,2.0,3.0,3.0,4.0,3.0,2.0,2.0,3.0,3.0,2.0,2.95
R_1kTc8WADPklbJxZ,flor,body_scan,1,27.0,female,United States,United States,1,3.0,1,1200,100,1,20.0,4.0,4.0,1.0,1.0,4.0,1.0,1.0,4.0,1.0,4.0,4.0,1.0,1.0,1.0,4.0,4.0,1.0,1.0,4.0,4.0,9.0,1.0,9.0,2.0,3.0,2.0,3.0,1.0,3.0,3.0,4.0,4.0,4.0,4.0,4.0,4.0,3.0,4.0,3.0,4.0,2.0,4.0,5.0,3.3
R_tPAD1wrTnQJHvEt,olaf,mindful_breathing,1,20.0,male,United States,United States,1,3.0,1,1158,100,1,34.0,3.0,4.0,1.0,3.0,3.0,1.0,4.0,3.0,1.0,4.0,3.0,2.0,1.0,1.0,4.0,3.0,2.0,1.0,2.0,4.0,7.0,3.0,6.0,3.0,3.0,4.0,1.0,2.0,5.0,1.0,5.0,5.0,5.0,3.0,4.0,2.0,2.0,3.0,5.0,5.0,4.0,3.0,5.0,3.5
R_z2r8pPqbA6FIllD,canb,mindful_walking,1,18.0,female,Australia,Australia,1,3.0,1,1242,100,1,39.0,3.0,1.0,1.0,1.0,2.0,1.0,1.0,2.0,1.0,2.0,2.0,1.0,1.0,1.0,3.0,2.0,1.0,2.0,2.0,3.0,6.0,3.0,7.0,2.0,2.0,2.0,2.0,2.0,2.0,1.0,2.0,2.0,4.0,3.0,4.0,4.0,4.0,3.0,4.0,3.0,4.0,4.0,5.0,2.95
R_2EosJZ02BWGjIhz,loyo,control_book,0,20.0,female,United States,United States,1,3.0,1,1175,100,1,57.0,2.0,2.0,3.0,3.0,2.0,3.0,4.0,2.0,1.0,3.0,2.0,3.0,1.0,3.0,2.0,2.0,4.0,3.0,2.0,2.0,4.0,6.0,3.0,4.0,2.0,3.0,2.0,3.0,4.0,2.0,2.0,4.0,5.0,2.0,3.0,3.0,4.0,4.0,3.0,5.0,2.0,3.0,5.0,3.25
R_2awVaBP9aEYJsrz,seeb,body_scan,1,22.0,female,Austria,Austria,0,2.0,1,2049,100,1,29.0,3.0,4.0,3.0,2.0,3.0,1.0,2.0,4.0,1.0,4.0,4.0,1.0,2.0,1.0,4.0,4.0,1.0,1.0,3.0,3.0,8.0,5.0,8.0,1.0,1.0,1.0,4.0,1.0,2.0,4.0,1.0,2.0,2.0,2.0,5.0,1.0,4.0,5.0,5.0,3.0,5.0,5.0,5.0,2.95
R_23WgxYPtEDjpTZ5,seeb,control_book,0,22.0,female,Austria,Austria,0,2.0,1,1172,100,1,40.0,3.0,1.0,1.0,1.0,2.0,1.0,1.0,1.0,1.0,3.0,3.0,2.0,2.0,3.0,3.0,2.0,1.0,1.0,3.0,3.0,5.0,2.0,3.0,1.0,1.0,1.0,1.0,1.0,2.0,2.0,2.0,4.0,4.0,1.0,4.0,3.0,2.0,3.0,4.0,4.0,4.0,2.0,2.0,2.4
R_1hQZeqMxolauAcr,seeb,mindful_breathing,1,29.0,male,Austria,Austria,0,2.0,1,1639,100,1,42.0,2.0,2.0,3.0,2.0,2.0,1.0,1.0,2.0,1.0,2.0,2.0,1.0,1.0,2.0,2.0,3.0,1.0,1.0,3.0,2.0,5.0,6.0,6.0,2.0,1.0,2.0,2.0,1.0,2.0,2.0,2.0,1.0,2.0,4.0,5.0,4.0,3.0,4.0,4.0,4.0,4.0,4.0,4.0,2.85
R_8pujCpjJsXcpot3,seeb,mindful_breathing,1,25.0,male,Austria,Austria,0,3.0,1,58300,100,1,31.0,4.0,3.0,1.0,1.0,3.0,1.0,2.0,3.0,1.0,3.0,2.0,1.0,1.0,2.0,4.0,3.0,1.0,1.0,3.0,3.0,9.0,2.0,6.0,1.0,1.0,1.0,4.0,1.0,3.0,1.0,2.0,3.0,2.0,5.0,1.0,2.0,5.0,4.0,4.0,5.0,4.0,5.0,5.0,2.95
R_2rTJjCXcgVL1Z3b,seeb,body_scan,1,19.0,female,Vienna,Vienna,0,2.0,1,1486,100,1,31.0,4.0,3.0,2.0,1.0,3.0,1.0,2.0,3.0,1.0,4.0,3.0,1.0,1.0,1.0,3.0,3.0,2.0,1.0,3.0,3.0,6.0,5.0,4.0,3.0,1.0,2.0,4.0,2.0,5.0,2.0,4.0,4.0,4.0,2.0,4.0,2.0,3.0,4.0,4.0,4.0,4.0,4.0,2.0,3.2
R_2VC0XZHwFuujBap,oreg,mindful_walking,1,26.0,female,United States,United States,1,3.0,1,33173,100,1,20.0,4.0,4.0,1.0,1.0,4.0,1.0,1.0,4.0,1.0,4.0,4.0,1.0,1.0,1.0,4.0,4.0,1.0,1.0,4.0,4.0,9.0,2.0,9.0,1.0,1.0,1.0,3.0,4.0,4.0,4.0,4.0,4.0,3.0,3.0,5.0,2.0,3.0,4.0,3.0,4.0,2.0,4.0,3.0,3.1
R_qztpKgeET5svr8Z,flor,loving_kindness,1,27.0,female,United States,United States,1,3.0,1,1222,100,1,20.0,4.0,4.0,1.0,1.0,4.0,1.0,1.0,4.0,1.0,4.0,4.0,1.0,1.0,1.0,4.0,4.0,1.0,1.0,4.0,4.0,9.0,1.0,9.0,3.0,3.0,3.0,2.0,1.0,4.0,3.0,4.0,4.0,5.0,4.0,5.0,3.0,4.0,4.0,3.0,3.0,3.0,5.0,5.0,3.55
R_UJxO50pqxK0x0gF,seeb,control_book,0,21.0,female,United Kingdom,United Kingdom,1,3.0,1,1067,100,1,44.0,2.0,2.0,2.0,1.0,2.0,1.0,2.0,1.0,1.0,4.0,2.0,1.0,2.0,1.0,2.0,2.0,2.0,1.0,1.0,2.0,5.0,1.0,1.0,4.0,1.0,4.0,2.0,4.0,4.0,1.0,4.0,2.0,4.0,2.0,4.0,2.0,2.0,4.0,3.0,5.0,4.0,2.0,4.0,3.1
R_10IBBIsCc95Tcbr,flor,mindful_breathing,1,22.0,male,United States,United States,1,3.0,1,1370,100,1,25.0,4.0,4.0,1.0,2.0,3.0,1.0,1.0,4.0,1.0,4.0,3.0,1.0,1.0,1.0,3.0,3.0,1.0,1.0,4.0,4.0,7.0,3.0,7.0,5.0,1.0,4.0,4.0,3.0,4.0,2.0,3.0,3.0,4.0,2.0,4.0,4.0,4.0,4.0,4.0,5.0,5.0,4.0,2.0,3.55
R_1rdY8lw46V0YJe6,newf,mindful_walking,1,21.0,female,Canada,Canada,1,3.0,1,1948,100,1,48.0,2.0,3.0,2.0,2.0,2.0,1.0,3.0,1.0,1.0,2.0,1.0,2.0,1.0,1.0,2.0,2.0,1.0,1.0,1.0,1.0,3.0,3.0,5.0,4.0,5.0,4.0,3.0,3.0,5.0,2.0,4.0,3.0,5.0,1.0,1.0,2.0,4.0,2.0,1.0,4.0,2.0,4.0,4.0,3.15
R_3p8V4dNgXIM8uFn,canb,body_scan,1,18.0,female,Australia,Australia,1,3.0,1,9196,100,1,28.0,4.0,3.0,1.0,1.0,3.0,1.0,1.0,3.0,1.0,4.0,3.0,1.0,1.0,2.0,3.0,4.0,1.0,1.0,3.0,3.0,8.0,1.0,8.0,2.0,4.0,3.0,3.0,4.0,4.0,4.0,4.0,5.0,4.0,4.0,2.0,3.0,4.0,2.0,4.0,4.0,3.0,4.0,4.0,3.55
R_2YnqJCMszt9Bh7o,canb,control_book,0,18.0,male,Australia,Australia,1,3.0,1,1846,100,1,33.0,3.0,3.0,1.0,2.0,2.0,1.0,1.0,3.0,1.0,3.0,2.0,1.0,1.0,1.0,3.0,3.0,1.0,1.0,3.0,3.0,6.0,4.0,6.0,2.0,1.0,2.0,2.0,2.0,2.0,2.0,2.0,2.0,3.0,4.0,5.0,3.0,4.0,5.0,4.0,3.0,3.0,3.0,4.0,2.9
R_24oXHI0VqODAmJ6,fras,mindful_breathing,1,32.0,female,Canada,India,1,3.0,1,1138,100,1,39.0,3.0,3.0,2.0,2.0,3.0,2.0,2.0,3.0,2.0,3.0,3.0,2.0,2.0,2.0,3.0,3.0,2.0,2.0,4.0,3.0,6.0,3.0,7.0,2.0,3.0,3.0,2.0,2.0,3.0,2.0,2.0,2.0,4.0,3.0,4.0,4.0,4.0,3.0,4.0,2.0,2.0,4.0,4.0,2.95
R_1N5iBvVTGjQKvkc,newf,mindful_walking,1,43.0,female,Canada,Canada,1,3.0,1,1172,100,1,31.0,4.0,2.0,3.0,1.0,3.0,1.0,1.0,3.0,1.0,4.0,1.0,1.0,1.0,1.0,3.0,4.0,1.0,1.0,4.0,3.0,9.0,3.0,7.0,1.0,5.0,1.0,1.0,1.0,3.0,1.0,3.0,1.0,4.0,2.0,1.0,3.0,5.0,1.0,5.0,5.0,5.0,5.0,4.0,2.85
R_2xMlsDxXW33LdiO,flor,mindful_walking,1,20.0,female,United States,United States,1,3.0,1,1202,100,1,28.0,4.0,3.0,1.0,2.0,4.0,1.0,1.0,3.0,1.0,4.0,2.0,1.0,1.0,1.0,3.0,4.0,1.0,1.0,3.0,3.0,8.0,1.0,9.0,1.0,1.0,1.0,2.0,1.0,3.0,2.0,3.0,5.0,5.0,4.0,3.0,2.0,3.0,3.0,3.0,3.0,3.0,4.0,4.0,2.8
R_3PNpO33IxWr0NOv,seeb,body_scan,1,49.0,self_describe,Austria,Austria,0,2.0,1,3521,100,1,21.0,4.0,4.0,1.0,1.0,4.0,1.0,1.0,4.0,1.0,4.0,4.0,1.0,1.0,1.0,4.0,4.0,1.0,1.0,3.0,4.0,8.0,5.0,9.0,1.0,1.0,2.0,2.0,1.0,2.0,2.0,3.0,1.0,2.0,5.0,4.0,3.0,2.0,4.0,3.0,4.0,3.0,4.0,3.0,2.6
R_uwCTgPGcGBqunPX,kons,control_book,0,20.0,female,Germany,Germany,0,2.0,1,1122,100,1,35.0,1.0,4.0,1.0,1.0,1.0,1.0,1.0,2.0,1.0,4.0,3.0,3.0,1.0,1.0,2.0,4.0,1.0,1.0,3.0,3.0,7.0,5.0,8.0,2.0,1.0,2.0,3.0,2.0,2.0,2.0,2.0,2.0,3.0,2.0,5.0,4.0,4.0,4.0,4.0,4.0,2.0,4.0,4.0,2.9
R_3G6SY54xlbrh0dq,oreg,loving_kindness,1,42.0,male,United States,United States,1,3.0,1,1533,100,1,33.0,4.0,2.0,1.0,2.0,4.0,1.0,2.0,2.0,1.0,4.0,3.0,2.0,1.0,2.0,4.0,3.0,2.0,1.0,3.0,3.0,7.0,6.0,7.0,3.0,2.0,3.0,3.0,3.0,3.0,4.0,4.0,2.0,4.0,3.0,2.0,2.0,3.0,3.0,2.0,3.0,3.0,3.0,3.0,2.9
R_23TWPLTRnRxuRBB,seeb,mindful_walking,1,21.0,female,Austria,Austria,0,2.0,1,2067,100,1,26.0,3.0,3.0,1.0,1.0,3.0,1.0,1.0,4.0,1.0,4.0,3.0,1.0,2.0,1.0,4.0,4.0,1.0,1.0,4.0,3.0,7.0,5.0,6.0,3.0,3.0,1.0,3.0,4.0,5.0,1.0,4.0,1.0,4.0,4.0,4.0,4.0,1.0,3.0,4.0,4.0,4.0,3.0,5.0,3.25
R_2akPPNLHAdCyNaC,seeb,body_scan,1,22.0,male,Austria,Austria,0,2.0,1,1875,100,1,41.0,3.0,2.0,1.0,3.0,2.0,1.0,1.0,1.0,1.0,2.0,4.0,1.0,2.0,1.0,3.0,2.0,1.0,2.0,2.0,2.0,5.0,3.0,8.0,1.0,1.0,3.0,1.0,1.0,1.0,1.0,1.0,2.0,1.0,3.0,5.0,4.0,1.0,5.0,3.0,2.0,2.0,1.0,1.0,2.0
R_300jdx9869rplcH,seeb,loving_kindness,1,22.0,female,Austria,Austria,0,2.0,1,2565,100,1,35.0,3.0,3.0,1.0,1.0,2.0,1.0,1.0,3.0,1.0,3.0,3.0,3.0,1.0,3.0,3.0,3.0,1.0,1.0,3.0,3.0,7.0,7.0,6.0,2.0,2.0,2.0,2.0,2.0,4.0,2.0,4.0,1.0,2.0,3.0,4.0,2.0,4.0,4.0,4.0,3.0,2.0,2.0,2.0,2.65
R_3EXWtpFIaWNqwrS,seeb,mindful_breathing,1,52.0,female,Austria,Austria,0,2.0,1,2261,100,1,22.0,4.0,4.0,1.0,1.0,4.0,1.0,1.0,3.0,1.0,4.0,4.0,1.0,1.0,1.0,4.0,4.0,2.0,1.0,4.0,4.0,8.0,5.0,8.0,1.0,2.0,1.0,1.0,2.0,2.0,2.0,2.0,2.0,2.0,5.0,4.0,4.0,4.0,4.0,2.0,5.0,5.0,4.0,4.0,2.9
R_QlA1LTuZch4Ux0t,wurz,loving_kindness,1,20.0,female,Germany,Germany,0,2.0,1,1974,100,1,32.0,2.0,3.0,1.0,2.0,3.0,1.0,1.0,3.0,1.0,3.0,3.0,1.0,1.0,1.0,3.0,3.0,1.0,1.0,3.0,3.0,8.0,4.0,6.0,2.0,2.0,2.0,2.0,1.0,3.0,2.0,2.0,2.0,2.0,4.0,4.0,4.0,4.0,3.0,4.0,4.0,4.0,4.0,4.0,2.95
R_1llAv2f2nzCLRYZ,seeb,body_scan,1,19.0,prefer_not_say,Austria,Austria,0,2.0,1,1386,100,1,49.0,2.0,2.0,2.0,1.0,2.0,3.0,1.0,3.0,2.0,2.0,1.0,1.0,1.0,3.0,2.0,2.0,2.0,3.0,2.0,2.0,6.0,5.0,5.0,4.0,4.0,4.0,3.0,4.0,5.0,5.0,4.0,4.0,5.0,2.0,1.0,2.0,4.0,1.0,2.0,2.0,2.0,3.0,4.0,3.25
R_2YDpX0xrCJ4WXc3,seeb,mindful_walking,1,21.0,male,Austria,Austria,0,2.0,1,1519,100,1,30.0,4.0,3.0,1.0,1.0,4.0,1.0,2.0,3.0,1.0,4.0,2.0,1.0,1.0,2.0,4.0,3.0,2.0,1.0,3.0,3.0,7.0,4.0,6.0,3.0,2.0,3.0,4.0,2.0,5.0,2.0,2.0,2.0,5.0,3.0,2.0,2.0,4.0,2.0,2.0,3.0,4.0,4.0,4.0,3.0
R_33yufZhqYJw9LfV,seeb,control_book,0,28.0,male,Austria,Austria,0,2.0,1,1276,100,1,51.0,2.0,2.0,2.0,2.0,1.0,3.0,1.0,1.0,1.0,2.0,2.0,1.0,1.0,3.0,2.0,2.0,1.0,3.0,2.0,1.0,4.0,6.0,7.0,2.0,1.0,1.0,2.0,2.0,2.0,3.0,2.0,2.0,2.0,4.0,5.0,4.0,3.0,4.0,5.0,4.0,4.0,4.0,5.0,3.05
R_1nZ7VILPMJ9m9Qi,seeb,loving_kindness,1,20.0,female,Austria,Austria,0,2.0,1,1624,100,1,48.0,1.0,1.0,2.0,1.0,3.0,3.0,3.0,2.0,1.0,2.0,4.0,1.0,3.0,4.0,4.0,2.0,2.0,2.0,3.0,2.0,5.0,7.0,3.0,2.0,1.0,2.0,2.0,1.0,2.0,2.0,1.0,1.0,2.0,4.0,5.0,4.0,5.0,5.0,4.0,4.0,4.0,5.0,4.0,3.0
R_2uKXiHaMd5LX2nQ,aust,mindful_walking,1,18.0,female,Australia,Australia,1,3.0,1,1050,100,1,45.0,3.0,2.0,2.0,3.0,3.0,1.0,3.0,2.0,2.0,2.0,3.0,2.0,2.0,2.0,3.0,3.0,3.0,2.0,3.0,3.0,7.0,6.0,5.0,4.0,3.0,3.0,5.0,4.0,4.0,3.0,4.0,2.0,4.0,4.0,4.0,3.0,2.0,3.0,2.0,2.0,2.0,4.0,4.0,3.3
R_3fwRsSFxaoJcCQM,seeb,control_book,0,24.0,male,Austria,Austria,0,2.0,1,1397,100,1,43.0,3.0,2.0,3.0,2.0,2.0,1.0,3.0,3.0,2.0,4.0,3.0,1.0,3.0,3.0,3.0,3.0,2.0,3.0,3.0,4.0,7.0,8.0,5.0,3.0,2.0,2.0,1.0,3.0,3.0,2.0,2.0,1.0,2.0,2.0,5.0,3.0,3.0,4.0,4.0,2.0,4.0,4.0,2.0,2.7
R_1riXRyMr4iuS7zB,seeb,body_scan,1,30.0,male,Austria,Austria,0,2.0,1,1462,100,1,20.0,4.0,4.0,1.0,1.0,4.0,1.0,1.0,4.0,1.0,4.0,4.0,1.0,1.0,1.0,4.0,4.0,1.0,1.0,4.0,4.0,8.0,2.0,7.0,1.0,1.0,2.0,2.0,1.0,2.0,3.0,2.0,1.0,2.0,4.0,5.0,4.0,3.0,4.0,4.0,4.0,4.0,4.0,4.0,2.85
R_2EasQJMi9bffr6Z,kons,mindful_breathing,1,25.0,female,Germany,Germany,0,2.0,1,1572,100,1,37.0,3.0,4.0,2.0,2.0,2.0,1.0,1.0,3.0,1.0,3.0,2.0,1.0,1.0,3.0,3.0,3.0,3.0,1.0,3.0,3.0,7.0,4.0,6.0,2.0,4.0,2.0,4.0,4.0,5.0,2.0,4.0,5.0,5.0,4.0,4.0,2.0,1.0,4.0,1.0,5.0,2.0,1.0,4.0,3.25
R_yptnQ1oe3G4gX1n,kons,mindful_walking,1,23.0,female,Germany,Germany,0,2.0,1,1522,100,1,24.0,4.0,4.0,1.0,2.0,4.0,1.0,1.0,4.0,1.0,4.0,4.0,1.0,1.0,2.0,4.0,3.0,1.0,1.0,3.0,4.0,2.0,6.0,8.0,2.0,2.0,2.0,2.0,2.0,3.0,2.0,4.0,2.0,4.0,4.0,4.0,2.0,2.0,4.0,4.0,2.0,3.0,4.0,2.0,2.8
R_3k57FrmnKNeJE8O,seeb,body_scan,1,21.0,male,Austria,Austria,0,2.0,1,1626,100,1,28.0,4.0,3.0,1.0,1.0,4.0,1.0,1.0,3.0,1.0,4.0,3.0,1.0,1.0,2.0,4.0,2.0,1.0,2.0,3.0,4.0,7.0,6.0,7.0,2.0,2.0,2.0,2.0,1.0,4.0,2.0,1.0,2.0,2.0,4.0,4.0,4.0,4.0,4.0,5.0,5.0,3.0,5.0,4.0,3.1
R_23t9k0KYS3GKGTT,seeb,control_book,0,23.0,male,Austria,Austria,0,3.0,1,1358,100,1,52.0,1.0,2.0,1.0,3.0,1.0,1.0,1.0,1.0,1.0,2.0,1.0,1.0,1.0,2.0,2.0,1.0,2.0,2.0,1.0,1.0,5.0,3.0,5.0,2.0,4.0,4.0,4.0,3.0,4.0,4.0,4.0,3.0,4.0,4.0,2.0,4.0,2.0,2.0,2.0,4.0,3.0,4.0,4.0,3.35
R_Z38gqDFduA3WsxP,olaf,mindful_walking,1,19.0,male,United States,United States,1,3.0,1,2078,99,0,41.0,3.0,3.0,2.0,3.0,2.0,1.0,2.0,3.0,1.0,3.0,3.0,2.0,1.0,2.0,1.0,2.0,1.0,1.0,2.0,3.0,7.0,4.0,6.0,4.0,2.0,4.0,2.0,2.0,3.0,2.0,2.0,2.0,2.0,2.0,4.0,2.0,5.0,3.0,3.0,4.0,4.0,5.0,4.0,3.05
R_2R4FPXuCeFiscCD,kons,mindful_breathing,1,19.0,female,Germany,Germany,0,2.0,1,1228,100,1,48.0,2.0,1.0,2.0,2.0,2.0,2.0,1.0,1.0,1.0,2.0,2.0,1.0,1.0,3.0,2.0,2.0,2.0,1.0,2.0,2.0,5.0,7.0,3.0,4.0,2.0,4.0,4.0,3.0,5.0,4.0,2.0,5.0,5.0,2.0,1.0,3.0,4.0,1.0,2.0,2.0,2.0,2.0,3.0,3.0
R_5ubcNHqtY1wRZ3r,seeb,loving_kindness,1,27.0,female,Germany,Germany,0,2.0,1,1018,100,1,29.0,4.0,4.0,1.0,1.0,3.0,1.0,3.0,4.0,1.0,3.0,3.0,1.0,1.0,2.0,3.0,4.0,2.0,1.0,4.0,3.0,7.0,3.0,6.0,5.0,3.0,5.0,4.0,5.0,5.0,4.0,5.0,5.0,5.0,2.0,4.0,2.0,4.0,4.0,3.0,3.0,2.0,4.0,4.0,3.9
R_25EMMhsreNGNmec,seeb,mindful_breathing,1,44.0,male,United States,United States,1,3.0,1,2035,100,1,29.0,4.0,3.0,1.0,1.0,3.0,2.0,3.0,4.0,2.0,4.0,4.0,1.0,3.0,1.0,4.0,4.0,2.0,1.0,4.0,4.0,9.0,8.0,9.0,4.0,1.0,1.0,2.0,1.0,2.0,1.0,4.0,1.0,3.0,4.0,5.0,2.0,4.0,5.0,4.0,3.0,4.0,5.0,3.0,2.95
R_1C7uG1heztNhGcc,seeb,body_scan,1,21.0,female,Austria,Austria,0,2.0,1,3984,100,1,31.0,3.0,3.0,1.0,1.0,3.0,1.0,2.0,3.0,1.0,4.0,4.0,1.0,1.0,2.0,4.0,2.0,2.0,1.0,3.0,3.0,6.0,4.0,5.0,2.0,4.0,4.0,2.0,2.0,2.0,4.0,3.0,4.0,2.0,4.0,3.0,2.0,3.0,3.0,2.0,1.0,2.0,3.0,4.0,2.8
R_2XcilN466NawxBs,seeb,loving_kindness,1,22.0,female,Austria,Austria,0,2.0,1,3581,100,1,33.0,3.0,3.0,1.0,2.0,3.0,1.0,2.0,3.0,1.0,3.0,3.0,1.0,1.0,1.0,3.0,3.0,2.0,1.0,3.0,3.0,7.0,5.0,6.0,3.0,2.0,3.0,2.0,2.0,4.0,3.0,4.0,2.0,4.0,3.0,3.0,2.0,2.0,4.0,2.0,3.0,2.0,3.0,4.0,2.85
R_3kFbRt9qdq7r6wm,kons,control_book,0,18.0,female,Germany,Germany,0,2.0,1,204779,100,1,35.0,4.0,2.0,2.0,2.0,2.0,1.0,1.0,3.0,1.0,3.0,4.0,1.0,2.0,2.0,4.0,2.0,1.0,2.0,2.0,4.0,7.0,5.0,5.0,4.0,1.0,3.0,5.0,3.0,3.0,1.0,4.0,2.0,5.0,3.0,5.0,4.0,3.0,5.0,4.0,3.0,4.0,4.0,3.0,3.45
R_1K9CaNlgQjaw6VC,wurz,mindful_breathing,1,18.0,female,Germany,Germany,0,2.0,1,3643,100,1,47.0,3.0,1.0,2.0,2.0,2.0,1.0,3.0,2.0,3.0,3.0,2.0,2.0,2.0,1.0,2.0,2.0,1.0,2.0,2.0,3.0,6.0,3.0,4.0,2.0,2.0,2.0,3.0,3.0,1.0,4.0,2.0,4.0,4.0,4.0,3.0,2.0,2.0,4.0,2.0,4.0,2.0,4.0,3.0,2.85
R_1fdUODeaoFNEs2r,aust,body_scan,1,19.0,female,Australia,Australia,1,3.0,1,1116,100,1,42.0,3.0,2.0,1.0,1.0,2.0,1.0,1.0,2.0,2.0,2.0,2.0,2.0,1.0,1.0,3.0,2.0,2.0,2.0,2.0,2.0,6.0,5.0,5.0,3.0,2.0,3.0,3.0,2.0,3.0,2.0,2.0,2.0,3.0,3.0,4.0,3.0,3.0,2.0,2.0,3.0,3.0,4.0,3.0,2.75
R_3JxVJV5HohnFVUm,aust,mindful_breathing,1,18.0,male,Australia,Australia,1,3.0,1,1181,100,1,26.0,4.0,3.0,1.0,1.0,3.0,1.0,1.0,3.0,1.0,4.0,3.0,1.0,1.0,2.0,4.0,3.0,1.0,1.0,4.0,4.0,7.0,1.0,8.0,2.0,1.0,3.0,1.0,3.0,3.0,2.0,3.0,1.0,3.0,3.0,4.0,4.0,4.0,4.0,4.0,2.0,4.0,4.0,4.0,2.95
R_1Nq34er8SsHTqro,seeb,control_book,0,25.0,female,Austria,Austria,0,2.0,1,1262,100,1,41.0,2.0,2.0,1.0,1.0,2.0,1.0,1.0,2.0,1.0,2.0,2.0,1.0,1.0,1.0,2.0,2.0,1.0,2.0,2.0,2.0,6.0,3.0,5.0,3.0,2.0,2.0,3.0,2.0,3.0,4.0,2.0,3.0,3.0,4.0,4.0,3.0,3.0,4.0,4.0,4.0,4.0,4.0,3.0,3.2
R_Z4eZYos1cqNVw1X,flor,loving_kindness,1,19.0,female,United States,United States,1,3.0,1,1304,100,1,37.0,3.0,3.0,2.0,1.0,3.0,1.0,3.0,2.0,1.0,4.0,2.0,2.0,3.0,1.0,3.0,3.0,2.0,1.0,4.0,3.0,6.0,5.0,6.0,3.0,2.0,2.0,4.0,4.0,4.0,4.0,4.0,4.0,4.0,3.0,4.0,3.0,3.0,4.0,2.0,3.0,3.0,2.0,2.0,3.2
R_2pS51Vq1XlC5SXV,oreg,mindful_walking,1,24.0,male,United States,United States,1,3.0,1,1449,100,1,41.0,4.0,4.0,3.0,4.0,2.0,1.0,1.0,2.0,1.0,1.0,3.0,1.0,1.0,2.0,2.0,3.0,1.0,1.0,2.0,2.0,7.0,3.0,7.0,1.0,1.0,1.0,1.0,1.0,2.0,2.0,4.0,1.0,4.0,5.0,5.0,3.0,3.0,4.0,4.0,5.0,4.0,4.0,4.0,2.95
R_wRJjARepAFXWOad,aust,mindful_breathing,1,18.0,female,Australia,Australia,1,3.0,1,1141,100,1,26.0,4.0,3.0,1.0,1.0,4.0,1.0,1.0,4.0,1.0,3.0,2.0,1.0,1.0,1.0,4.0,3.0,1.0,1.0,3.0,4.0,8.0,3.0,5.0,4.0,1.0,4.0,2.0,5.0,4.0,5.0,4.0,2.0,5.0,2.0,4.0,3.0,3.0,4.0,4.0,2.0,3.0,3.0,5.0,3.45
R_1n9f9cQBI2twZ5X,oreg,loving_kindness,1,18.0,female,United States,United States,1,3.0,1,1460,100,1,27.0,4.0,3.0,1.0,1.0,3.0,1.0,1.0,3.0,1.0,4.0,3.0,1.0,1.0,1.0,4.0,3.0,1.0,1.0,3.0,3.0,8.0,2.0,9.0,1.0,1.0,1.0,1.0,1.0,2.0,3.0,2.0,2.0,4.0,4.0,4.0,2.0,2.0,5.0,4.0,4.0,4.0,4.0,4.0,2.75
R_1o8fiQeABQ5zFVZ,oreg,mindful_walking,1,35.0,female,United States,United States,1,3.0,1,1737,100,1,33.0,3.0,1.0,1.0,1.0,3.0,1.0,1.0,3.0,1.0,3.0,3.0,1.0,2.0,1.0,3.0,3.0,1.0,1.0,3.0,3.0,7.0,2.0,7.0,2.0,1.0,2.0,4.0,2.0,3.0,3.0,3.0,3.0,4.0,2.0,4.0,4.0,2.0,4.0,2.0,2.0,3.0,4.0,5.0,2.95
R_8dhArnoQllVhrH3,fras,body_scan,1,22.0,female,Canada,Canada,1,2.0,1,1170,100,1,22.0,4.0,4.0,1.0,1.0,4.0,1.0,1.0,3.0,1.0,4.0,3.0,1.0,1.0,1.0,4.0,4.0,1.0,1.0,4.0,4.0,8.0,7.0,9.0,2.0,1.0,2.0,2.0,2.0,2.0,2.0,4.0,3.0,3.0,4.0,4.0,4.0,4.0,4.0,4.0,4.0,4.0,4.0,4.0,3.15
R_2xDyJt30CnVOmq0,seeb,control_book,0,30.0,male,Austria,Austria,0,2.0,1,1528,100,1,42.0,2.0,2.0,2.0,2.0,3.0,2.0,1.0,2.0,1.0,3.0,2.0,1.0,1.0,2.0,3.0,3.0,2.0,3.0,2.0,3.0,5.0,4.0,5.0,2.0,3.0,2.0,2.0,2.0,3.0,2.0,2.0,2.0,3.0,4.0,3.0,3.0,3.0,3.0,3.0,3.0,4.0,3.0,3.0,2.75
R_3kiAPBsBGo5ac13,seeb,mindful_walking,1,19.0,female,Austria,Austria,0,2.0,1,1472,100,1,40.0,4.0,3.0,2.0,2.0,3.0,1.0,1.0,3.0,2.0,3.0,2.0,3.0,2.0,1.0,3.0,2.0,2.0,3.0,3.0,3.0,6.0,5.0,3.0,4.0,4.0,4.0,3.0,4.0,5.0,4.0,2.0,5.0,5.0,2.0,2.0,4.0,1.0,2.0,3.0,3.0,1.0,4.0,5.0,3.35
R_3NEDU9idpruU88a,oreg,control_book,0,21.0,female,United States,United States,1,3.0,1,1314,100,1,35.0,4.0,4.0,1.0,1.0,3.0,1.0,1.0,3.0,1.0,4.0,4.0,3.0,3.0,3.0,4.0,4.0,3.0,3.0,3.0,2.0,9.0,9.0,6.0,4.0,4.0,1.0,2.0,2.0,3.0,3.0,2.0,2.0,4.0,3.0,5.0,3.0,4.0,5.0,4.0,3.0,3.0,4.0,4.0,3.25
R_2TvOOd6mooiqj2M,kons,mindful_breathing,1,19.0,female,Germany,Germany,0,2.0,1,1755,100,1,60.0,2.0,2.0,3.0,3.0,2.0,3.0,3.0,1.0,2.0,2.0,2.0,3.0,3.0,2.0,2.0,2.0,3.0,3.0,2.0,1.0,6.0,4.0,4.0,1.0,1.0,1.0,1.0,1.0,2.0,1.0,1.0,2.0,2.0,5.0,5.0,5.0,5.0,5.0,4.0,4.0,4.0,4.0,5.0,2.95
R_28MxjfyMCAnzmej,seeb,control_book,0,28.0,male,Austria,Austria,0,2.0,1,1501,100,1,38.0,3.0,4.0,1.0,2.0,3.0,2.0,2.0,3.0,1.0,3.0,3.0,2.0,1.0,2.0,3.0,1.0,2.0,2.0,3.0,3.0,7.0,6.0,7.0,2.0,2.0,1.0,2.0,1.0,3.0,2.0,3.0,2.0,3.0,3.0,4.0,4.0,3.0,3.0,4.0,3.0,2.0,4.0,4.0,2.75
R_1QtniVZTnil55HC,seeb,body_scan,1,18.0,female,Belgium,Belgium,0,2.0,1,1222,100,1,34.0,4.0,2.0,1.0,2.0,3.0,1.0,2.0,3.0,1.0,4.0,2.0,2.0,2.0,2.0,4.0,4.0,1.0,2.0,3.0,3.0,8.0,4.0,4.0,3.0,3.0,3.0,2.0,2.0,4.0,2.0,2.0,3.0,4.0,3.0,3.0,3.0,3.0,3.0,4.0,3.0,2.0,4.0,4.0,3.0
R_2B9ZeKcjvVTEIwk,seeb,loving_kindness,1,29.0,male,Austria,Austria,0,2.0,1,1290,100,1,20.0,4.0,4.0,1.0,1.0,4.0,1.0,1.0,4.0,1.0,4.0,4.0,1.0,1.0,1.0,4.0,4.0,1.0,1.0,4.0,4.0,8.0,2.0,8.0,1.0,1.0,1.0,1.0,1.0,1.0,1.0,1.0,1.0,1.0,5.0,5.0,5.0,5.0,5.0,5.0,4.0,5.0,5.0,5.0,2.95
R_UhYpnFpYEFlFxBv,seeb,mindful_breathing,1,28.0,male,Germany,Germany,0,2.0,1,1328,100,1,45.0,3.0,3.0,2.0,2.0,2.0,2.0,2.0,2.0,2.0,3.0,2.0,2.0,2.0,2.0,3.0,3.0,2.0,2.0,2.0,2.0,6.0,6.0,7.0,2.0,2.0,3.0,3.0,2.0,2.0,2.0,3.0,2.0,3.0,2.0,4.0,3.0,2.0,3.0,3.0,4.0,4.0,4.0,4.0,2.85
R_1K2Nqezf2i7AeVW,seeb,control_book,0,26.0,male,Austria,Germany,0,2.0,1,1351,100,1,24.0,4.0,3.0,1.0,1.0,4.0,1.0,2.0,4.0,1.0,4.0,4.0,1.0,1.0,1.0,4.0,3.0,1.0,1.0,4.0,3.0,8.0,3.0,7.0,2.0,1.0,1.0,2.0,2.0,1.0,1.0,2.0,1.0,1.0,3.0,5.0,4.0,4.0,4.0,4.0,2.0,5.0,3.0,4.0,2.6
R_1jNk1AE01h7K7YV,seeb,loving_kindness,1,25.0,female,Vienna,Vienna,0,2.0,1,1889,100,1,41.0,3.0,3.0,2.0,3.0,3.0,1.0,2.0,3.0,3.0,3.0,3.0,1.0,2.0,2.0,2.0,2.0,1.0,1.0,2.0,3.0,6.0,3.0,4.0,2.0,2.0,4.0,3.0,3.0,3.0,2.0,1.0,3.0,2.0,3.0,2.0,2.0,2.0,2.0,4.0,2.0,3.0,3.0,1.0,2.45
R_O74yVrKFLYXeTrr,wurz,mindful_breathing,1,19.0,female,Germany,Germany,0,2.0,1,1389,100,1,39.0,3.0,3.0,1.0,1.0,3.0,1.0,2.0,2.0,2.0,3.0,3.0,2.0,1.0,3.0,3.0,3.0,2.0,2.0,2.0,3.0,6.0,4.0,6.0,4.0,3.0,2.0,4.0,4.0,4.0,2.0,5.0,2.0,5.0,2.0,3.0,4.0,2.0,3.0,2.0,2.0,3.0,2.0,4.0,3.1
R_21HySuPca6PyLd2,seeb,body_scan,1,34.0,male,Austria,Austria,0,2.0,1,1186,100,1,56.0,3.0,2.0,3.0,2.0,3.0,3.0,2.0,1.0,2.0,2.0,1.0,4.0,2.0,3.0,2.0,3.0,3.0,3.0,2.0,2.0,4.0,6.0,5.0,4.0,4.0,4.0,4.0,5.0,3.0,3.0,3.0,4.0,2.0,3.0,2.0,3.0,4.0,2.0,2.0,3.0,3.0,3.0,4.0,3.25
R_3mmX9CRVDqT9vmL,seeb,mindful_walking,1,25.0,female,Austria,Austria,0,2.0,1,2323,100,1,30.0,4.0,3.0,1.0,4.0,3.0,1.0,1.0,1.0,1.0,4.0,4.0,1.0,1.0,1.0,4.0,4.0,1.0,1.0,3.0,3.0,9.0,1.0,7.0,4.0,1.0,3.0,4.0,1.0,5.0,2.0,2.0,2.0,4.0,5.0,4.0,4.0,3.0,4.0,4.0,4.0,4.0,3.0,5.0,3.4
R_Y9vDQ3u8M5TARgt,seeb,control_book,0,23.0,female,Germany,Germany,0,2.0,1,1289,100,1,38.0,4.0,2.0,1.0,2.0,2.0,1.0,1.0,3.0,1.0,4.0,1.0,1.0,2.0,2.0,4.0,1.0,1.0,1.0,2.0,2.0,7.0,5.0,5.0,3.0,4.0,3.0,5.0,4.0,5.0,4.0,5.0,5.0,5.0,3.0,2.0,1.0,2.0,2.0,2.0,3.0,1.0,1.0,2.0,3.1
R_2dgv1nKCo1JTj9o,seeb,mindful_walking,1,28.0,male,Austria,Austria,0,2.0,1,1464,100,1,43.0,3.0,3.0,2.0,2.0,1.0,1.0,2.0,2.0,1.0,3.0,2.0,2.0,2.0,1.0,3.0,2.0,3.0,2.0,3.0,3.0,5.0,4.0,4.0,3.0,5.0,4.0,3.0,3.0,4.0,4.0,2.0,4.0,4.0,3.0,2.0,4.0,3.0,2.0,4.0,4.0,4.0,3.0,5.0,3.5
R_3EF2tx5btQDoNC5,seeb,mindful_breathing,1,26.0,female,Austria,Germany,0,2.0,1,2149,100,1,35.0,2.0,2.0,1.0,1.0,3.0,1.0,1.0,3.0,1.0,3.0,2.0,1.0,1.0,2.0,3.0,2.0,1.0,1.0,3.0,3.0,7.0,3.0,6.0,3.0,4.0,4.0,4.0,3.0,3.0,4.0,4.0,3.0,3.0,3.0,2.0,2.0,3.0,2.0,3.0,3.0,3.0,2.0,2.0,3.0
R_vplOGsuDSUSnumd,seeb,loving_kindness,1,26.0,female,Austria,Austria,0,2.0,1,353842,100,1,28.0,4.0,3.0,1.0,1.0,4.0,1.0,1.0,3.0,1.0,4.0,3.0,1.0,1.0,3.0,4.0,3.0,1.0,1.0,3.0,3.0,7.0,3.0,7.0,2.0,1.0,3.0,2.0,4.0,5.0,2.0,4.0,4.0,4.0,2.0,5.0,3.0,1.0,5.0,4.0,2.0,4.0,4.0,4.0,3.25
R_2DLENnu9v9RmbTi,seeb,body_scan,1,51.0,female,Austria,Vienna,0,2.0,1,1465,100,1,32.0,3.0,4.0,1.0,2.0,2.0,3.0,2.0,3.0,1.0,4.0,4.0,1.0,1.0,2.0,4.0,3.0,1.0,1.0,3.0,3.0,8.0,6.0,5.0,4.0,5.0,3.0,2.0,2.0,4.0,4.0,1.0,3.0,4.0,3.0,5.0,4.0,4.0,5.0,4.0,4.0,2.0,3.0,4.0,3.5
R_3EF5oLaKVJgwaJK,seeb,mindful_walking,1,20.0,female,Austria,Austria,0,2.0,1,1217,100,1,30.0,3.0,4.0,1.0,2.0,3.0,1.0,1.0,2.0,1.0,4.0,3.0,1.0,1.0,1.0,4.0,3.0,1.0,1.0,2.0,3.0,7.0,4.0,2.0,2.0,1.0,2.0,1.0,2.0,1.0,4.0,2.0,3.0,2.0,1.0,5.0,4.0,4.0,5.0,4.0,4.0,4.0,4.0,4.0,2.95
R_32IRihhYHZzQbsE,seeb,mindful_breathing,1,20.0,female,Austria,Netherlands,0,2.0,1,2392,100,1,34.0,4.0,3.0,1.0,2.0,3.0,1.0,2.0,4.0,1.0,2.0,4.0,1.0,1.0,2.0,3.0,3.0,1.0,3.0,2.0,3.0,9.0,6.0,8.0,1.0,2.0,3.0,2.0,1.0,2.0,1.0,4.0,4.0,4.0,4.0,3.0,2.0,2.0,3.0,4.0,1.0,4.0,3.0,5.0,2.75
R_TaWtilb4CBXBrI5,seeb,control_book,0,37.0,male,Austria,Vienna,0,2.0,1,1277,100,1,40.0,2.0,3.0,2.0,2.0,2.0,1.0,1.0,3.0,1.0,3.0,2.0,2.0,2.0,1.0,2.0,3.0,1.0,1.0,2.0,2.0,7.0,5.0,7.0,3.0,4.0,2.0,4.0,4.0,4.0,1.0,2.0,1.0,2.0,2.0,5.0,4.0,2.0,3.0,3.0,4.0,3.0,1.0,2.0,2.8
R_WpWOtcD4CMVB6Df,seeb,body_scan,1,20.0,female,Austria,Austria,0,2.0,1,1144,100,1,28.0,4.0,3.0,1.0,2.0,3.0,1.0,1.0,3.0,1.0,3.0,3.0,1.0,1.0,1.0,4.0,4.0,1.0,1.0,3.0,3.0,7.0,3.0,3.0,3.0,1.0,2.0,2.0,2.0,2.0,2.0,2.0,2.0,2.0,3.0,5.0,4.0,2.0,4.0,4.0,4.0,4.0,4.0,4.0,2.9
R_2xQd6ItQBaXZyZW,seeb,control_book,0,54.0,male,Austria,Vienna,0,2.0,1,2550,100,1,40.0,4.0,3.0,3.0,3.0,2.0,3.0,1.0,2.0,1.0,3.0,3.0,1.0,1.0,1.0,2.0,2.0,1.0,1.0,2.0,3.0,5.0,6.0,6.0,4.0,5.0,3.0,2.0,3.0,4.0,4.0,4.0,2.0,2.0,3.0,4.0,4.0,4.0,4.0,5.0,4.0,2.0,3.0,2.0,3.4
R_1lbOCatqfTQuRm0,seeb,mindful_breathing,1,29.0,male,Austria,Austria,0,2.0,1,1473,100,1,26.0,4.0,3.0,1.0,2.0,1.0,1.0,1.0,4.0,1.0,4.0,4.0,1.0,2.0,1.0,4.0,4.0,1.0,1.0,4.0,4.0,9.0,9.0,9.0,3.0,1.0,1.0,3.0,2.0,1.0,2.0,1.0,3.0,,3.0,5.0,4.0,2.0,4.0,5.0,4.0,4.0,5.0,4.0,3.0
R_3iXv3DMyCfrfohb,seeb,body_scan,1,27.0,male,Austria,Austria,0,2.0,1,2049,100,1,24.0,4.0,4.0,1.0,4.0,4.0,1.0,1.0,4.0,1.0,4.0,3.0,1.0,1.0,1.0,4.0,4.0,1.0,1.0,4.0,4.0,7.0,6.0,8.0,1.0,2.0,2.0,3.0,2.0,3.0,2.0,2.0,2.0,4.0,3.0,4.0,3.0,4.0,3.0,4.0,2.0,4.0,5.0,4.0,2.95
R_2CrGG8wORR4a20r,seeb,mindful_walking,1,18.0,female,Belgium,Germany,0,2.0,1,1745,100,1,31.0,4.0,3.0,1.0,1.0,4.0,1.0,2.0,3.0,1.0,2.0,1.0,1.0,1.0,2.0,4.0,3.0,1.0,1.0,4.0,3.0,7.0,2.0,5.0,3.0,3.0,3.0,2.0,2.0,5.0,4.0,4.0,2.0,3.0,3.0,2.0,4.0,3.0,2.0,4.0,4.0,3.0,3.0,4.0,3.15
R_1BYgmOXmjhb42k6,seeb,mindful_breathing,1,47.0,female,Belgium,Netherlands,0,2.0,1,1496,100,1,23.0,4.0,4.0,1.0,1.0,4.0,1.0,1.0,4.0,1.0,4.0,3.0,1.0,1.0,2.0,4.0,4.0,1.0,1.0,3.0,4.0,8.0,8.0,7.0,2.0,3.0,2.0,2.0,2.0,3.0,1.0,4.0,2.0,3.0,3.0,4.0,4.0,4.0,3.0,4.0,4.0,4.0,4.0,2.0,3.0
R_3L6bu1VgdpZbcUW,seeb,mindful_walking,1,31.0,male,Austria,Austria,0,2.0,1,1361,100,1,55.0,3.0,2.0,3.0,4.0,3.0,2.0,2.0,3.0,3.0,3.0,2.0,3.0,2.0,4.0,1.0,2.0,2.0,2.0,2.0,1.0,6.0,5.0,7.0,4.0,5.0,3.0,3.0,5.0,2.0,3.0,4.0,4.0,3.0,5.0,3.0,1.0,5.0,4.0,5.0,3.0,5.0,2.0,3.0,3.6
R_2wFwfrnNW8a67Ik,oreg,body_scan,1,32.0,female,United States,United States,0,3.0,1,1907,100,1,28.0,4.0,4.0,2.0,1.0,4.0,1.0,1.0,4.0,1.0,4.0,4.0,1.0,3.0,1.0,3.0,4.0,1.0,1.0,2.0,2.0,9.0,5.0,8.0,1.0,1.0,1.0,1.0,1.0,1.0,1.0,1.0,1.0,1.0,5.0,5.0,5.0,5.0,5.0,5.0,5.0,5.0,5.0,5.0,3.0
R_2ZPu25nbbnerQCK,seeb,control_book,0,27.0,female,German,German,0,2.0,1,1588,100,1,37.0,3.0,3.0,1.0,2.0,3.0,2.0,2.0,1.0,1.0,3.0,3.0,1.0,1.0,2.0,3.0,3.0,1.0,1.0,2.0,3.0,7.0,2.0,7.0,1.0,1.0,1.0,4.0,1.0,2.0,1.0,2.0,3.0,2.0,1.0,5.0,2.0,3.0,5.0,4.0,3.0,2.0,4.0,4.0,2.55
R_XHUjm48lEzopLRn,seeb,loving_kindness,1,35.0,male,Austria,Austria,0,2.0,1,2280,100,1,55.0,2.0,2.0,2.0,4.0,2.0,1.0,4.0,2.0,2.0,2.0,2.0,1.0,1.0,4.0,2.0,2.0,3.0,3.0,2.0,2.0,4.0,2.0,2.0,5.0,5.0,5.0,4.0,4.0,5.0,4.0,4.0,3.0,5.0,1.0,2.0,3.0,1.0,1.0,2.0,5.0,3.0,2.0,4.0,3.4
R_8ANVI3JXP8PHqcp,seeb,loving_kindness,1,20.0,female,Austria,Austria,0,2.0,1,1645,100,1,28.0,4.0,3.0,1.0,1.0,3.0,1.0,1.0,2.0,1.0,3.0,3.0,1.0,1.0,1.0,4.0,4.0,1.0,1.0,3.0,3.0,8.0,5.0,7.0,3.0,4.0,2.0,4.0,2.0,2.0,2.0,2.0,2.0,2.0,2.0,3.0,4.0,4.0,3.0,4.0,2.0,4.0,3.0,4.0,2.9
R_1Itvk4TET3VY6Vs,seeb,control_book,0,24.0,female,Austria,Austria,0,3.0,1,1312,99,0,35.0,2.0,2.0,1.0,3.0,3.0,1.0,1.0,3.0,1.0,3.0,3.0,1.0,1.0,1.0,3.0,3.0,1.0,2.0,3.0,3.0,7.0,2.0,6.0,4.0,3.0,2.0,5.0,4.0,4.0,3.0,5.0,3.0,5.0,3.0,3.0,2.0,2.0,2.0,2.0,3.0,2.0,2.0,2.0,3.05
R_r8bxNQ2wNIryc81,seeb,mindful_walking,1,61.0,female,Austria,Austria,0,2.0,1,68233,100,1,41.0,4.0,3.0,3.0,2.0,3.0,3.0,2.0,3.0,2.0,3.0,3.0,2.0,2.0,2.0,3.0,3.0,2.0,2.0,3.0,3.0,5.0,5.0,5.0,3.0,1.0,2.0,3.0,1.0,4.0,1.0,5.0,3.0,4.0,3.0,5.0,2.0,3.0,4.0,5.0,5.0,3.0,5.0,3.0,3.25
R_1r0kTJFh4JJTqUT,seeb,loving_kindness,1,35.0,female,Austria,Albania,0,2.0,1,73011,100,1,20.0,4.0,4.0,1.0,1.0,4.0,1.0,1.0,4.0,1.0,4.0,4.0,1.0,1.0,1.0,4.0,4.0,1.0,1.0,4.0,4.0,9.0,5.0,6.0,2.0,2.0,4.0,4.0,2.0,3.0,1.0,3.0,3.0,4.0,4.0,2.0,4.0,4.0,2.0,3.0,4.0,4.0,3.0,4.0,3.1
R_2zo6oBgtPmbBmtI,oreg,body_scan,1,21.0,female,United States,United States,1,3.0,1,1209,100,1,45.0,2.0,2.0,2.0,2.0,2.0,1.0,3.0,2.0,1.0,3.0,2.0,1.0,1.0,2.0,2.0,3.0,3.0,1.0,2.0,2.0,5.0,2.0,7.0,4.0,2.0,3.0,4.0,4.0,4.0,4.0,2.0,4.0,5.0,2.0,4.0,4.0,3.0,3.0,4.0,4.0,3.0,4.0,5.0,3.6
R_3sv3NSbpKGCdl8y,fras,mindful_walking,1,30.0,female,Canada,Canada,1,3.0,1,1169,100,1,63.0,1.0,1.0,3.0,4.0,1.0,3.0,3.0,2.0,3.0,2.0,1.0,3.0,2.0,2.0,1.0,2.0,3.0,1.0,2.0,1.0,5.0,7.0,5.0,4.0,4.0,3.0,4.0,5.0,4.0,5.0,5.0,3.0,5.0,2.0,2.0,3.0,2.0,3.0,1.0,3.0,2.0,1.0,2.0,3.15
R_1161I1ymPLyKQkN,seeb,control_book,0,19.0,female,Belgium,Belgium,0,2.0,1,1610,100,1,32.0,4.0,4.0,2.0,1.0,3.0,1.0,2.0,2.0,1.0,3.0,3.0,2.0,1.0,1.0,4.0,3.0,2.0,1.0,4.0,2.0,7.0,6.0,5.0,2.0,2.0,3.0,2.0,2.0,5.0,3.0,4.0,5.0,5.0,4.0,5.0,2.0,3.0,4.0,2.0,2.0,4.0,4.0,1.0,3.2
R_ZK188tUyCRigfMB,seeb,loving_kindness,1,30.0,male,Austria,Austria,0,2.0,1,1364,100,1,23.0,4.0,3.0,1.0,1.0,4.0,1.0,1.0,4.0,1.0,3.0,4.0,1.0,1.0,1.0,4.0,4.0,1.0,2.0,4.0,4.0,9.0,1.0,8.0,3.0,1.0,2.0,2.0,1.0,3.0,4.0,2.0,3.0,2.0,2.0,4.0,3.0,4.0,4.0,4.0,2.0,4.0,4.0,2.0,2.8
R_1rxq1aRrpGJsGee,wurz,mindful_breathing,1,19.0,female,Germany,Germany,0,2.0,1,1346,100,1,58.0,2.0,2.0,3.0,3.0,2.0,1.0,4.0,2.0,3.0,3.0,2.0,3.0,3.0,4.0,2.0,2.0,4.0,1.0,2.0,2.0,4.0,6.0,6.0,4.0,4.0,4.0,2.0,4.0,5.0,2.0,4.0,4.0,5.0,2.0,3.0,2.0,4.0,3.0,3.0,5.0,5.0,3.0,3.0,3.55
R_1cTIrWg80rGfliH,aust,body_scan,1,18.0,female,Australia,Australia,1,3.0,1,1153,100,1,32.0,3.0,4.0,2.0,2.0,3.0,1.0,2.0,4.0,1.0,4.0,2.0,1.0,2.0,2.0,4.0,3.0,2.0,1.0,3.0,4.0,6.0,4.0,6.0,4.0,3.0,4.0,3.0,5.0,4.0,3.0,5.0,4.0,5.0,2.0,4.0,3.0,3.0,3.0,2.0,3.0,3.0,4.0,4.0,3.55
R_3e4Fu5jy6aOnSUU,aust,control_book,0,19.0,female,Australia,Australia,1,3.0,1,1182,100,1,40.0,2.0,2.0,1.0,1.0,3.0,1.0,2.0,2.0,1.0,3.0,2.0,1.0,1.0,2.0,2.0,2.0,1.0,1.0,2.0,2.0,6.0,3.0,6.0,4.0,1.0,2.0,4.0,2.0,2.0,1.0,4.0,2.0,3.0,3.0,5.0,4.0,2.0,4.0,3.0,2.0,4.0,3.0,4.0,2.95
R_1q9c2wn8ni49HMo,seeb,body_scan,1,25.0,female,Indiana,United States,1,2.0,1,1383,100,1,32.0,3.0,3.0,2.0,1.0,3.0,1.0,2.0,4.0,2.0,3.0,3.0,1.0,2.0,2.0,4.0,3.0,1.0,1.0,4.0,3.0,6.0,5.0,6.0,2.0,1.0,2.0,3.0,2.0,1.0,4.0,2.0,2.0,3.0,2.0,2.0,3.0,4.0,3.0,2.0,1.0,3.0,2.0,3.0,2.35
R_2rMbjpdPN2WPO4x,seeb,mindful_walking,1,22.0,female,Austria,Austria,0,2.0,1,1415,100,1,36.0,4.0,4.0,2.0,3.0,3.0,1.0,2.0,3.0,2.0,4.0,3.0,2.0,2.0,2.0,4.0,4.0,2.0,3.0,3.0,3.0,8.0,4.0,7.0,3.0,2.0,4.0,4.0,4.0,5.0,2.0,4.0,4.0,5.0,4.0,2.0,2.0,1.0,4.0,1.0,1.0,2.0,2.0,4.0,3.0
R_2dVZr6U5PU9wpwy,seeb,mindful_breathing,1,24.0,male,Austria,Austria,0,2.0,1,1140,100,1,39.0,4.0,3.0,3.0,3.0,3.0,1.0,3.0,3.0,2.0,3.0,3.0,2.0,2.0,2.0,3.0,3.0,2.0,1.0,4.0,3.0,7.0,3.0,6.0,3.0,2.0,2.0,3.0,1.0,4.0,2.0,3.0,2.0,2.0,2.0,4.0,3.0,2.0,3.0,2.0,4.0,3.0,3.0,3.0,2.65
R_28UKo8tK4DgMDYN,seeb,loving_kindness,1,25.0,male,Austria,Austria,0,2.0,1,1422,100,1,25.0,4.0,3.0,1.0,1.0,4.0,1.0,1.0,3.0,1.0,3.0,3.0,1.0,1.0,1.0,4.0,3.0,1.0,1.0,4.0,4.0,7.0,3.0,6.0,2.0,2.0,2.0,2.0,1.0,2.0,3.0,1.0,1.0,3.0,4.0,4.0,4.0,3.0,4.0,4.0,3.0,4.0,5.0,4.0,2.9
R_25F1D4boc6VttJL,aust,loving_kindness,1,18.0,male,Australia,Australia,1,3.0,1,1189,100,1,34.0,3.0,2.0,1.0,2.0,4.0,1.0,2.0,3.0,1.0,3.0,2.0,1.0,1.0,2.0,3.0,3.0,1.0,2.0,4.0,3.0,7.0,3.0,6.0,2.0,1.0,2.0,1.0,2.0,4.0,4.0,4.0,2.0,4.0,3.0,5.0,2.0,3.0,4.0,4.0,2.0,5.0,3.0,2.0,2.95
R_3eEWo8WT2BSnFfP,gold,mindful_breathing,1,24.0,male,United Kingdom,Mozambique,1,3.0,1,1178,100,1,26.0,4.0,4.0,1.0,1.0,4.0,1.0,1.0,4.0,1.0,4.0,2.0,1.0,1.0,1.0,3.0,2.0,1.0,1.0,3.0,4.0,9.0,5.0,6.0,1.0,1.0,1.0,1.0,1.0,1.0,1.0,1.0,1.0,1.0,1.0,5.0,5.0,5.0,5.0,5.0,1.0,5.0,5.0,5.0,2.6
R_2SJogbZbDVMA0Cc,wurz,mindful_walking,1,24.0,female,Germany,Germany,0,2.0,1,1443,100,1,50.0,2.0,3.0,3.0,3.0,2.0,1.0,3.0,2.0,3.0,2.0,4.0,3.0,1.0,3.0,2.0,3.0,3.0,1.0,2.0,2.0,4.0,4.0,6.0,4.0,1.0,4.0,4.0,1.0,5.0,3.0,5.0,2.0,4.0,2.0,3.0,2.0,1.0,3.0,3.0,4.0,3.0,3.0,4.0,3.05
R_3hrr1qohyvtmL41,seeb,control_book,0,36.0,female,Austria,Austria,0,2.0,1,1098,100,1,39.0,4.0,3.0,2.0,3.0,3.0,1.0,3.0,4.0,1.0,3.0,2.0,1.0,2.0,3.0,3.0,2.0,1.0,1.0,3.0,2.0,5.0,3.0,5.0,4.0,3.0,4.0,2.0,4.0,3.0,3.0,2.0,3.0,2.0,4.0,3.0,2.0,3.0,3.0,3.0,3.0,2.0,4.0,4.0,3.05
R_31Xj9GGyffyGnR3,oreg,loving_kindness,1,32.0,male,United States,United States,,3.0,1,1373,100,1,35.0,3.0,3.0,2.0,2.0,3.0,1.0,1.0,2.0,1.0,3.0,2.0,1.0,1.0,2.0,3.0,3.0,1.0,1.0,3.0,3.0,6.0,3.0,7.0,2.0,3.0,2.0,4.0,3.0,3.0,3.0,4.0,3.0,4.0,3.0,3.0,1.0,2.0,3.0,3.0,2.0,2.0,3.0,3.0,2.8
R_2YR1vsHk9BOp0yR,oreg,control_book,0,23.0,female,United States,United States,1,2.0,1,1572,100,1,42.0,3.0,2.0,1.0,1.0,2.0,1.0,2.0,2.0,1.0,3.0,2.0,2.0,1.0,1.0,2.0,2.0,2.0,2.0,2.0,2.0,6.0,3.0,6.0,3.0,2.0,2.0,4.0,2.0,4.0,1.0,3.0,3.0,4.0,4.0,4.0,4.0,2.0,4.0,4.0,4.0,3.0,3.0,1.0,3.05
R_djmjc2R9hfQ3DAB,loyo,mindful_walking,1,21.0,female,United States,United States,1,3.0,1,1927,100,1,29.0,4.0,2.0,1.0,1.0,3.0,1.0,2.0,4.0,1.0,3.0,2.0,1.0,1.0,1.0,3.0,4.0,2.0,1.0,4.0,4.0,7.0,3.0,6.0,4.0,2.0,4.0,3.0,5.0,5.0,5.0,5.0,5.0,5.0,2.0,2.0,2.0,1.0,2.0,1.0,2.0,2.0,2.0,4.0,3.15
R_1lc7zHFBWOt8iDJ,seeb,mindful_breathing,1,30.0,male,Austria,Austria,0,2.0,1,22703,100,1,44.0,3.0,3.0,3.0,3.0,3.0,2.0,1.0,3.0,1.0,1.0,3.0,2.0,2.0,3.0,4.0,2.0,2.0,1.0,2.0,2.0,7.0,5.0,4.0,3.0,1.0,4.0,4.0,5.0,4.0,3.0,2.0,4.0,5.0,3.0,4.0,4.0,2.0,2.0,1.0,3.0,4.0,1.0,1.0,3.0
R_3k7nI9IkpPfGiLT,seeb,body_scan,1,28.0,male,Austria,Austria,0,2.0,1,2047,100,1,25.0,4.0,4.0,1.0,4.0,3.0,1.0,1.0,4.0,1.0,4.0,3.0,1.0,1.0,1.0,4.0,4.0,1.0,1.0,4.0,4.0,7.0,2.0,7.0,1.0,2.0,3.0,3.0,1.0,2.0,2.0,2.0,2.0,2.0,1.0,5.0,4.0,4.0,4.0,4.0,2.0,3.0,4.0,4.0,2.75
R_3CW8ZCWcTlvnFK7,seeb,mindful_breathing,1,49.0,female,Austria,Austria,0,2.0,1,2817,100,1,25.0,4.0,4.0,1.0,1.0,3.0,1.0,1.0,3.0,1.0,4.0,4.0,1.0,3.0,1.0,4.0,3.0,1.0,1.0,4.0,4.0,6.0,4.0,7.0,1.0,4.0,1.0,2.0,2.0,4.0,2.0,2.0,3.0,4.0,5.0,5.0,3.0,3.0,4.0,4.0,4.0,4.0,4.0,4.0,3.25
R_1gvIL0b7ZaGQc8b,wurz,mindful_walking,1,23.0,male,Spain,Germany,0,2.0,1,1232,100,1,32.0,4.0,3.0,2.0,2.0,4.0,1.0,2.0,4.0,1.0,4.0,4.0,2.0,2.0,3.0,3.0,3.0,1.0,1.0,3.0,3.0,7.0,3.0,6.0,3.0,1.0,3.0,2.0,4.0,4.0,4.0,4.0,4.0,4.0,3.0,4.0,2.0,2.0,4.0,2.0,3.0,2.0,2.0,2.0,2.95
R_2xKkUmqdcB1zt1F,seeb,loving_kindness,1,19.0,male,Austria,Austria,0,2.0,1,1035,100,1,52.0,2.0,3.0,3.0,2.0,2.0,3.0,3.0,3.0,3.0,3.0,2.0,2.0,2.0,3.0,3.0,2.0,2.0,3.0,2.0,2.0,5.0,5.0,5.0,3.0,3.0,3.0,3.0,3.0,3.0,3.0,3.0,3.0,3.0,3.0,3.0,3.0,3.0,3.0,3.0,3.0,3.0,3.0,3.0,3.0
R_3PCeGFpKtIkfASA,wurz,body_scan,1,20.0,female,Germany,Germany,0,2.0,1,1149,100,1,35.0,4.0,2.0,1.0,1.0,3.0,1.0,2.0,3.0,1.0,3.0,2.0,1.0,2.0,1.0,3.0,3.0,2.0,1.0,2.0,3.0,7.0,6.0,6.0,3.0,2.0,3.0,4.0,3.0,4.0,2.0,3.0,4.0,4.0,2.0,4.0,2.0,3.0,4.0,3.0,4.0,4.0,3.0,3.0,3.2
R_1KdT1YdZu0mHQfF,flor,control_book,0,27.0,female,United States,United States,1,3.0,1,1434,100,1,28.0,4.0,2.0,1.0,1.0,4.0,1.0,1.0,2.0,1.0,4.0,2.0,1.0,1.0,1.0,4.0,4.0,1.0,2.0,3.0,4.0,9.0,1.0,5.0,3.0,3.0,3.0,3.0,3.0,3.0,3.0,3.0,3.0,4.0,3.0,3.0,3.0,3.0,3.0,3.0,3.0,3.0,2.0,3.0,3.0
R_1CCGwglY5jcQZeh,oreg,control_book,0,19.0,female,United States,United States,1,2.0,1,1178,100,1,51.0,2.0,3.0,4.0,3.0,3.0,2.0,3.0,2.0,2.0,3.0,3.0,2.0,4.0,1.0,2.0,3.0,4.0,2.0,3.0,2.0,6.0,6.0,5.0,1.0,2.0,1.0,3.0,3.0,3.0,4.0,3.0,4.0,5.0,5.0,4.0,3.0,4.0,2.0,3.0,4.0,3.0,4.0,4.0,3.25
R_2BaCtERTir88oX8,oreg,body_scan,1,21.0,female,United States,United States,1,3.0,1,1257,100,1,27.0,3.0,3.0,1.0,2.0,4.0,1.0,1.0,3.0,1.0,3.0,3.0,1.0,1.0,1.0,4.0,4.0,1.0,1.0,3.0,4.0,6.0,3.0,7.0,2.0,3.0,2.0,4.0,4.0,4.0,3.0,5.0,4.0,5.0,2.0,4.0,1.0,2.0,3.0,1.0,3.0,2.0,4.0,4.0,3.1
R_3mgY3QBhXjTjrhT,seeb,mindful_breathing,1,18.0,male,Austria,Austria,0,2.0,1,1510,100,1,25.0,4.0,3.0,1.0,1.0,4.0,1.0,1.0,3.0,1.0,3.0,3.0,1.0,1.0,1.0,4.0,4.0,1.0,1.0,3.0,4.0,9.0,5.0,9.0,1.0,1.0,1.0,2.0,2.0,3.0,2.0,2.0,2.0,3.0,4.0,5.0,4.0,3.0,5.0,4.0,4.0,3.0,4.0,4.0,2.95
R_RKqBHlFkdruc1xv,oreg,mindful_walking,1,27.0,male,United States,United States,1,3.0,1,1368,100,1,41.0,2.0,1.0,1.0,1.0,2.0,1.0,1.0,2.0,1.0,3.0,1.0,1.0,2.0,1.0,2.0,2.0,1.0,1.0,3.0,2.0,5.0,2.0,6.0,3.0,4.0,3.0,2.0,1.0,4.0,1.0,2.0,2.0,4.0,2.0,4.0,2.0,4.0,3.0,4.0,1.0,4.0,4.0,4.0,2.9
R_1q50eyyaOLPwRan,wurz,loving_kindness,1,18.0,female,Germany,Germany,0,2.0,1,1234,100,1,26.0,4.0,3.0,1.0,1.0,4.0,1.0,1.0,3.0,1.0,3.0,3.0,1.0,1.0,1.0,3.0,4.0,1.0,1.0,3.0,4.0,7.0,3.0,6.0,2.0,2.0,3.0,4.0,4.0,4.0,3.0,4.0,2.0,4.0,3.0,4.0,3.0,2.0,3.0,2.0,3.0,3.0,4.0,4.0,3.15
R_1hPU3TOWdLhNxf8,oreg,mindful_breathing,1,21.0,female,United States,United States,0,3.0,1,2747,100,1,23.0,3.0,3.0,1.0,1.0,4.0,1.0,2.0,4.0,1.0,4.0,4.0,1.0,1.0,1.0,4.0,4.0,1.0,1.0,4.0,4.0,9.0,1.0,5.0,4.0,2.0,3.0,4.0,4.0,4.0,2.0,4.0,4.0,5.0,4.0,5.0,2.0,4.0,4.0,4.0,3.0,4.0,3.0,4.0,3.65
R_2OGSVBCGRAYw0Tj,seeb,mindful_walking,1,22.0,female,Austria,Austria,0,2.0,1,1002,100,1,34.0,4.0,4.0,2.0,2.0,2.0,1.0,2.0,3.0,1.0,3.0,3.0,2.0,2.0,2.0,4.0,3.0,1.0,1.0,3.0,3.0,7.0,3.0,5.0,4.0,3.0,3.0,3.0,3.0,3.0,4.0,4.0,3.0,2.0,3.0,3.0,2.0,3.0,4.0,4.0,3.0,2.0,2.0,3.0,3.05
R_22SbuO7q9iWskQb,oreg,loving_kindness,1,25.0,female,United States,United States,1,3.0,1,1164,100,1,37.0,3.0,2.0,1.0,1.0,2.0,1.0,1.0,2.0,1.0,2.0,2.0,1.0,1.0,1.0,3.0,3.0,1.0,1.0,2.0,2.0,6.0,2.0,4.0,2.0,3.0,2.0,1.0,3.0,2.0,1.0,4.0,1.0,4.0,3.0,3.0,4.0,4.0,3.0,3.0,5.0,2.0,4.0,4.0,2.9
R_BFhR1RNHBO6XF7z,oreg,body_scan,1,50.0,female,United States,United States,0,3.0,1,1737,100,1,25.0,4.0,4.0,1.0,1.0,4.0,1.0,2.0,4.0,1.0,4.0,3.0,1.0,1.0,2.0,3.0,4.0,1.0,2.0,4.0,4.0,8.0,2.0,7.0,2.0,2.0,2.0,2.0,3.0,4.0,2.0,5.0,3.0,4.0,4.0,4.0,2.0,2.0,4.0,4.0,1.0,2.0,2.0,4.0,2.9
R_2ZPI0H0ljCEdSfK,fras,control_book,0,22.0,self_describe,Canada,Canada,1,3.0,1,2375,100,1,64.0,1.0,2.0,3.0,3.0,1.0,2.0,3.0,1.0,1.0,1.0,1.0,3.0,2.0,2.0,1.0,1.0,3.0,4.0,2.0,1.0,3.0,4.0,2.0,2.0,4.0,2.0,2.0,4.0,4.0,4.0,5.0,4.0,5.0,2.0,4.0,4.0,4.0,2.0,1.0,5.0,4.0,4.0,4.0,3.5
R_xz8RnHVo28kmTHH,aust,mindful_breathing,1,18.0,female,Australia,Australia,1,2.0,1,1140,100,1,39.0,4.0,2.0,2.0,2.0,3.0,1.0,2.0,2.0,1.0,3.0,2.0,2.0,2.0,1.0,3.0,3.0,2.0,1.0,2.0,3.0,7.0,3.0,4.0,2.0,1.0,2.0,2.0,2.0,4.0,1.0,4.0,2.0,4.0,4.0,4.0,4.0,4.0,4.0,4.0,4.0,4.0,5.0,5.0,3.3
R_SBr84BxHAhi44NP,oreg,control_book,0,21.0,female,United States,United States,1,3.0,1,1223,100,1,39.0,3.0,3.0,2.0,2.0,3.0,2.0,2.0,3.0,2.0,3.0,4.0,3.0,1.0,2.0,3.0,3.0,2.0,2.0,3.0,3.0,6.0,4.0,7.0,1.0,1.0,1.0,2.0,2.0,1.0,1.0,4.0,1.0,3.0,4.0,5.0,4.0,4.0,5.0,4.0,4.0,4.0,3.0,4.0,2.9
R_1eK9AHzWc0dNZxm,flor,body_scan,1,19.0,female,United States,United States,1,3.0,1,1193,100,1,23.0,4.0,4.0,1.0,1.0,4.0,1.0,1.0,4.0,1.0,3.0,4.0,1.0,1.0,2.0,4.0,4.0,1.0,1.0,3.0,4.0,7.0,2.0,3.0,1.0,1.0,1.0,5.0,4.0,5.0,2.0,5.0,4.0,5.0,2.0,5.0,2.0,2.0,5.0,2.0,2.0,4.0,4.0,2.0,3.15
R_3PTerYzKwbzR3bU,oreg,loving_kindness,1,30.0,female,United States,United States,1,3.0,1,1351,100,1,25.0,4.0,3.0,1.0,1.0,4.0,1.0,2.0,4.0,1.0,4.0,3.0,1.0,1.0,2.0,4.0,4.0,2.0,1.0,4.0,4.0,8.0,3.0,7.0,4.0,3.0,4.0,3.0,4.0,4.0,4.0,4.0,4.0,4.0,2.0,2.0,2.0,2.0,3.0,2.0,3.0,2.0,3.0,2.0,3.05
R_3n8Vt0nYe4uSK19,aust,body_scan,1,19.0,female,Australia,Australia,1,3.0,1,1188,100,1,41.0,3.0,2.0,2.0,3.0,3.0,1.0,3.0,3.0,1.0,3.0,3.0,2.0,2.0,2.0,3.0,3.0,2.0,2.0,3.0,3.0,7.0,5.0,6.0,3.0,4.0,3.0,2.0,2.0,4.0,2.0,5.0,3.0,5.0,3.0,4.0,3.0,2.0,2.0,3.0,4.0,3.0,3.0,4.0,3.2
R_3ENgejB2OKrXCKd,canb,loving_kindness,1,21.0,female,Act,Australia,1,3.0,1,1595,100,1,27.0,4.0,3.0,1.0,1.0,4.0,1.0,1.0,3.0,1.0,3.0,3.0,1.0,1.0,2.0,4.0,4.0,1.0,2.0,3.0,4.0,7.0,3.0,6.0,4.0,2.0,1.0,3.0,3.0,5.0,2.0,5.0,4.0,5.0,2.0,4.0,3.0,3.0,4.0,2.0,4.0,2.0,4.0,5.0,3.35
R_3OrKKuEg970bGlL,kons,mindful_breathing,1,19.0,male,Germany,Germany,0,2.0,1,1486,100,1,33.0,3.0,3.0,2.0,1.0,3.0,1.0,1.0,2.0,1.0,4.0,2.0,1.0,2.0,1.0,3.0,3.0,1.0,1.0,3.0,3.0,7.0,4.0,5.0,4.0,4.0,3.0,1.0,2.0,3.0,2.0,2.0,4.0,3.0,2.0,2.0,4.0,4.0,2.0,4.0,5.0,3.0,4.0,4.0,3.1
R_2XanDzBffnZQL9w,kons,mindful_walking,1,31.0,male,Germany,Germany,0,2.0,1,1457,100,1,33.0,3.0,3.0,1.0,2.0,2.0,1.0,1.0,2.0,1.0,4.0,3.0,1.0,1.0,2.0,3.0,3.0,1.0,1.0,3.0,3.0,7.0,3.0,6.0,2.0,1.0,3.0,2.0,1.0,3.0,2.0,2.0,1.0,3.0,4.0,4.0,4.0,4.0,4.0,3.0,4.0,4.0,4.0,4.0,2.95
R_1mVE2Ihrklina9C,flor,control_book,0,19.0,female,United States,United States,1,3.0,1,1189,100,1,47.0,3.0,3.0,2.0,2.0,2.0,1.0,3.0,1.0,1.0,3.0,2.0,2.0,2.0,2.0,3.0,2.0,3.0,2.0,2.0,2.0,7.0,4.0,8.0,4.0,4.0,2.0,2.0,4.0,5.0,4.0,4.0,4.0,5.0,2.0,2.0,2.0,2.0,4.0,2.0,2.0,2.0,2.0,2.0,3.0
R_2ahmuJgsRp0JREk,flor,mindful_walking,1,23.0,female,United States,United States,1,3.0,1,1657,100,1,50.0,2.0,2.0,2.0,2.0,2.0,1.0,3.0,2.0,1.0,4.0,4.0,4.0,4.0,4.0,4.0,2.0,3.0,3.0,3.0,2.0,9.0,5.0,9.0,3.0,1.0,1.0,4.0,4.0,4.0,1.0,5.0,5.0,5.0,3.0,5.0,1.0,2.0,4.0,3.0,3.0,2.0,2.0,2.0,3.0
R_1H5AK9yV2AO11xh,canb,mindful_breathing,1,19.0,female,Australia,Australia,1,3.0,1,1190,100,1,26.0,4.0,3.0,1.0,1.0,3.0,1.0,1.0,3.0,1.0,3.0,3.0,1.0,1.0,1.0,4.0,3.0,1.0,1.0,4.0,4.0,8.0,2.0,7.0,3.0,4.0,3.0,3.0,4.0,3.0,3.0,5.0,4.0,5.0,3.0,3.0,2.0,3.0,4.0,2.0,2.0,2.0,2.0,2.0,3.1
R_32Yos1a2YSCgod5,canb,control_book,0,20.0,female,Australia,Australia,1,3.0,1,1344,100,1,46.0,2.0,2.0,1.0,1.0,2.0,2.0,1.0,1.0,1.0,2.0,3.0,1.0,1.0,2.0,2.0,2.0,1.0,4.0,2.0,1.0,5.0,2.0,6.0,2.0,4.0,2.0,2.0,2.0,2.0,4.0,2.0,2.0,2.0,2.0,4.0,4.0,4.0,2.0,4.0,5.0,4.0,4.0,5.0,3.1
R_2WY9HINU2zWsWCa,wurz,body_scan,1,22.0,female,Germany,Germany,0,2.0,1,1257,100,1,40.0,4.0,3.0,2.0,2.0,3.0,2.0,3.0,3.0,1.0,3.0,3.0,1.0,1.0,2.0,2.0,2.0,2.0,1.0,2.0,2.0,3.0,5.0,6.0,4.0,4.0,3.0,4.0,5.0,3.0,3.0,4.0,5.0,5.0,2.0,2.0,2.0,2.0,2.0,2.0,2.0,3.0,2.0,3.0,3.1
R_1I72YolJAXYsVeN,ryer,loving_kindness,1,19.0,female,Canada,Bangladesh,0,2.0,1,1363,100,1,58.0,1.0,3.0,3.0,4.0,2.0,1.0,4.0,2.0,2.0,2.0,1.0,4.0,3.0,1.0,2.0,2.0,4.0,1.0,2.0,2.0,5.0,8.0,5.0,5.0,4.0,1.0,5.0,5.0,5.0,5.0,5.0,5.0,5.0,4.0,2.0,1.0,1.0,2.0,1.0,4.0,2.0,4.0,2.0,3.4
R_1i9iw6Pfi8bXZfI,ryer,control_book,0,43.0,female,Canada,Mauritius,0,2.0,1,1415,100,1,25.0,3.0,3.0,1.0,1.0,4.0,1.0,1.0,3.0,1.0,4.0,3.0,1.0,1.0,1.0,4.0,4.0,1.0,1.0,3.0,4.0,8.0,4.0,5.0,2.0,4.0,2.0,2.0,1.0,4.0,1.0,4.0,2.0,5.0,4.0,2.0,4.0,4.0,3.0,3.0,4.0,4.0,4.0,1.0,3.0
R_2ab0EtQaVU6frQR,aust,mindful_walking,1,19.0,male,Australia,Australia,1,3.0,1,1269,100,1,40.0,3.0,3.0,2.0,3.0,3.0,1.0,2.0,3.0,1.0,3.0,2.0,3.0,2.0,2.0,3.0,3.0,2.0,1.0,3.0,3.0,5.0,3.0,7.0,4.0,2.0,4.0,4.0,1.0,4.0,4.0,2.0,4.0,5.0,2.0,3.0,5.0,5.0,4.0,5.0,5.0,5.0,4.0,4.0,3.8
R_1dj1KGqeWDn5Qui,seeb,body_scan,1,25.0,female,Austria,Austria,1,3.0,1,1348,99,0,20.0,4.0,4.0,1.0,1.0,4.0,1.0,1.0,4.0,1.0,4.0,4.0,1.0,1.0,1.0,4.0,4.0,1.0,1.0,4.0,4.0,9.0,4.0,9.0,1.0,1.0,1.0,1.0,1.0,3.0,1.0,1.0,1.0,2.0,5.0,5.0,5.0,5.0,5.0,5.0,5.0,5.0,5.0,4.0,3.1
R_3JhmmkTcf8UTL0B,aust,mindful_breathing,1,18.0,female,Australia,United Kingdom,1,3.0,1,1279,100,1,36.0,2.0,4.0,2.0,1.0,4.0,1.0,3.0,3.0,1.0,3.0,3.0,2.0,1.0,3.0,4.0,3.0,2.0,3.0,3.0,4.0,6.0,3.0,6.0,4.0,4.0,3.0,1.0,2.0,4.0,2.0,4.0,2.0,5.0,2.0,2.0,2.0,4.0,2.0,2.0,2.0,2.0,2.0,4.0,2.75
R_3IQSp7yOtdnps5E,seeb,mindful_walking,1,28.0,male,Germany,Germany,0,2.0,1,1321,99,0,35.0,3.0,4.0,2.0,1.0,3.0,1.0,2.0,2.0,1.0,3.0,3.0,2.0,1.0,3.0,3.0,3.0,2.0,1.0,4.0,3.0,7.0,4.0,7.0,2.0,2.0,1.0,2.0,2.0,4.0,2.0,3.0,3.0,4.0,4.0,4.0,3.0,2.0,4.0,2.0,4.0,2.0,2.0,3.0,2.75
R_RsNVLvyyef084Br,canb,body_scan,1,24.0,female,Australia,Australia,1,3.0,1,1415,100,1,31.0,4.0,4.0,1.0,1.0,3.0,1.0,1.0,3.0,1.0,3.0,3.0,1.0,2.0,1.0,4.0,2.0,2.0,1.0,3.0,2.0,7.0,1.0,8.0,2.0,3.0,1.0,2.0,3.0,5.0,2.0,4.0,4.0,4.0,2.0,3.0,2.0,3.0,2.0,5.0,4.0,2.0,4.0,4.0,3.05
R_9H7tngKMhfcn2p3,ryer,loving_kindness,1,22.0,male,Canada,Ukraine,0,2.0,1,1504,100,1,36.0,3.0,2.0,1.0,1.0,3.0,1.0,1.0,2.0,1.0,2.0,2.0,1.0,1.0,1.0,3.0,2.0,1.0,1.0,3.0,2.0,6.0,3.0,5.0,2.0,1.0,2.0,3.0,4.0,4.0,1.0,2.0,5.0,5.0,4.0,5.0,3.0,2.0,4.0,3.0,4.0,2.0,2.0,4.0,3.1
R_2dKB7b1kocGAc1R,digi,mindful_breathing,1,21.0,female,United States,Singapore,1,3.0,1,1894,100,1,36.0,3.0,3.0,1.0,1.0,3.0,1.0,2.0,3.0,1.0,3.0,3.0,1.0,1.0,2.0,3.0,2.0,2.0,1.0,2.0,2.0,7.0,3.0,7.0,2.0,2.0,2.0,4.0,4.0,4.0,3.0,5.0,3.0,5.0,3.0,4.0,2.0,4.0,2.0,2.0,2.0,1.0,5.0,4.0,3.15
R_31jyhnfSPV2w5PG,fras,control_book,0,19.0,female,Canada,Canada,1,2.0,1,80669,100,1,40.0,2.0,3.0,2.0,1.0,2.0,1.0,2.0,2.0,1.0,2.0,2.0,1.0,1.0,1.0,2.0,2.0,1.0,1.0,3.0,2.0,3.0,5.0,5.0,3.0,2.0,4.0,2.0,5.0,4.0,3.0,5.0,5.0,5.0,3.0,3.0,3.0,2.0,3.0,2.0,3.0,2.0,3.0,3.0,3.25
R_cIyyw1baABuyIDL,aust,body_scan,1,18.0,female,Australia,Australia,1,3.0,1,1324,100,1,38.0,3.0,3.0,1.0,1.0,2.0,1.0,3.0,4.0,1.0,3.0,2.0,2.0,3.0,2.0,3.0,4.0,3.0,1.0,3.0,3.0,7.0,5.0,7.0,3.0,4.0,3.0,3.0,5.0,4.0,4.0,5.0,4.0,5.0,5.0,4.0,1.0,2.0,2.0,2.0,4.0,2.0,4.0,5.0,3.55
R_3RjPaaN77ziJFd7,ryer,mindful_walking,1,19.0,male,Canada,Canada,0,3.0,1,6183,100,1,48.0,2.0,2.0,3.0,3.0,3.0,2.0,3.0,3.0,2.0,3.0,3.0,3.0,3.0,3.0,3.0,3.0,2.0,2.0,3.0,3.0,6.0,7.0,7.0,3.0,3.0,2.0,3.0,4.0,4.0,3.0,4.0,4.0,4.0,3.0,3.0,2.0,2.0,3.0,2.0,3.0,3.0,4.0,2.0,3.05
R_3EH9ShguFNV74gq,wurz,loving_kindness,1,25.0,female,Germany,Hungary,0,2.0,1,1623,100,1,39.0,3.0,2.0,1.0,1.0,1.0,1.0,1.0,2.0,1.0,2.0,2.0,1.0,1.0,1.0,3.0,2.0,1.0,1.0,2.0,2.0,7.0,2.0,6.0,3.0,3.0,3.0,3.0,3.0,4.0,3.0,3.0,2.0,4.0,3.0,3.0,2.0,2.0,2.0,2.0,3.0,2.0,2.0,2.0,2.7
R_3ME79uMj9Wv6VcY,kons,control_book,0,25.0,female,Deutschland,Deutschland,0,2.0,1,1462,100,1,35.0,3.0,3.0,1.0,2.0,3.0,1.0,1.0,3.0,1.0,3.0,3.0,2.0,2.0,2.0,3.0,3.0,1.0,2.0,3.0,3.0,7.0,5.0,6.0,4.0,2.0,4.0,4.0,4.0,3.0,2.0,4.0,2.0,3.0,2.0,4.0,2.0,3.0,4.0,2.0,3.0,2.0,3.0,4.0,3.05
R_1Que5Ka5RwquPff,fras,mindful_breathing,1,20.0,female,Canada,"Punjab, India",0,2.0,1,1726,100,1,25.0,4.0,4.0,1.0,2.0,4.0,1.0,1.0,4.0,1.0,4.0,4.0,1.0,1.0,2.0,4.0,3.0,2.0,1.0,3.0,4.0,9.0,7.0,7.0,2.0,1.0,1.0,3.0,3.0,1.0,1.0,2.0,1.0,3.0,2.0,5.0,2.0,4.0,5.0,4.0,2.0,1.0,4.0,1.0,2.4
R_3kIogsLz91ecf0B,fras,body_scan,1,18.0,male,Canada,Canada,1,3.0,1,1511,100,1,41.0,2.0,2.0,1.0,1.0,3.0,1.0,1.0,2.0,1.0,2.0,2.0,1.0,1.0,1.0,2.0,2.0,1.0,3.0,2.0,2.0,5.0,5.0,7.0,2.0,2.0,2.0,3.0,3.0,4.0,1.0,3.0,1.0,4.0,4.0,3.0,2.0,2.0,4.0,4.0,2.0,2.0,3.0,3.0,2.7
R_1FwEQmlEiSWIx1a,ryer,mindful_breathing,1,18.0,female,Canada,Portugal,1,2.0,1,1215,100,1,47.0,3.0,3.0,2.0,2.0,2.0,1.0,2.0,2.0,2.0,2.0,1.0,2.0,2.0,2.0,2.0,2.0,2.0,1.0,2.0,2.0,5.0,6.0,3.0,5.0,5.0,5.0,5.0,5.0,5.0,2.0,5.0,5.0,5.0,5.0,2.0,1.0,1.0,1.0,1.0,5.0,1.0,2.0,2.0,3.4
R_3Gjpd4WVz9F8RMp,fras,loving_kindness,1,27.0,female,Canada,Canada,1,2.0,1,2436,100,1,35.0,2.0,2.0,2.0,1.0,3.0,1.0,1.0,4.0,1.0,2.0,2.0,1.0,1.0,1.0,3.0,3.0,1.0,1.0,2.0,3.0,8.0,7.0,5.0,5.0,3.0,4.0,5.0,5.0,5.0,5.0,5.0,5.0,5.0,2.0,2.0,1.0,5.0,4.0,3.0,1.0,1.0,1.0,2.0,3.45
R_Q0Lklnp3shrVq7v,fras,body_scan,1,19.0,male,Canada,India,0,2.0,1,2926,100,1,37.0,3.0,3.0,1.0,2.0,3.0,1.0,2.0,3.0,1.0,3.0,3.0,1.0,2.0,2.0,3.0,2.0,1.0,2.0,2.0,3.0,9.0,3.0,6.0,2.0,4.0,3.0,5.0,3.0,4.0,4.0,2.0,3.0,4.0,2.0,4.0,2.0,2.0,4.0,4.0,3.0,3.0,4.0,3.0,3.25
R_3KwG3DWhjcYm46t,fras,loving_kindness,1,,male,Canada,India,0,2.0,1,1219,100,1,36.0,3.0,3.0,1.0,1.0,3.0,1.0,2.0,3.0,2.0,3.0,3.0,1.0,2.0,1.0,2.0,2.0,1.0,2.0,3.0,3.0,6.0,3.0,5.0,2.0,3.0,3.0,2.0,3.0,2.0,3.0,4.0,2.0,2.0,3.0,4.0,3.0,3.0,3.0,4.0,3.0,4.0,4.0,3.0,3.0
R_31u3UtsXUr78Xir,wurz,control_book,0,18.0,female,Germany,Germany,0,2.0,1,1201,100,1,64.0,2.0,1.0,3.0,2.0,2.0,3.0,3.0,1.0,3.0,1.0,1.0,3.0,3.0,3.0,2.0,2.0,3.0,4.0,3.0,1.0,4.0,5.0,3.0,3.0,4.0,4.0,4.0,5.0,5.0,5.0,5.0,4.0,5.0,3.0,2.0,3.0,2.0,2.0,2.0,4.0,2.0,2.0,2.0,3.4
R_1j94lu76hnavcBP,kons,mindful_breathing,1,26.0,male,Germany,Peru,0,2.0,1,1490,100,1,26.0,4.0,4.0,1.0,2.0,3.0,1.0,1.0,3.0,1.0,4.0,3.0,1.0,2.0,1.0,4.0,4.0,1.0,1.0,3.0,4.0,8.0,2.0,7.0,2.0,2.0,1.0,1.0,1.0,1.0,2.0,1.0,1.0,3.0,4.0,5.0,5.0,5.0,4.0,5.0,5.0,5.0,5.0,5.0,3.15
R_RaIdRIlYbX4g9y1,aust,mindful_walking,1,19.0,male,China,China,0,2.0,1,1641,100,1,35.0,3.0,3.0,1.0,1.0,2.0,2.0,1.0,2.0,1.0,3.0,3.0,1.0,1.0,2.0,2.0,3.0,1.0,1.0,3.0,3.0,8.0,3.0,3.0,2.0,1.0,2.0,3.0,2.0,3.0,2.0,3.0,4.0,3.0,2.0,4.0,4.0,4.0,4.0,4.0,2.0,4.0,4.0,2.0,2.95
R_2zUWICfCk2h4Btv,aust,loving_kindness,1,19.0,male,China,China,0,2.0,1,1645,100,1,37.0,3.0,3.0,3.0,2.0,3.0,2.0,1.0,3.0,1.0,3.0,3.0,1.0,1.0,2.0,3.0,4.0,3.0,2.0,3.0,3.0,6.0,2.0,3.0,2.0,2.0,2.0,2.0,2.0,2.0,2.0,2.0,3.0,2.0,2.0,4.0,4.0,4.0,4.0,4.0,2.0,4.0,4.0,4.0,2.85
R_Y5J49UmmaJbJUHf,fras,control_book,0,20.0,female,Canada,Canada,1,3.0,1,1219,100,1,29.0,4.0,1.0,1.0,1.0,4.0,1.0,1.0,1.0,1.0,4.0,1.0,1.0,1.0,1.0,4.0,4.0,1.0,1.0,4.0,4.0,8.0,4.0,6.0,1.0,5.0,1.0,1.0,4.0,5.0,1.0,5.0,5.0,5.0,1.0,2.0,5.0,4.0,1.0,1.0,1.0,1.0,3.0,5.0,2.85
R_2c6MT64R5aMm61y,fras,mindful_walking,1,22.0,self_describe,Canada,Canada,1,3.0,1,585356,100,1,24.0,4.0,3.0,2.0,1.0,4.0,1.0,1.0,4.0,1.0,4.0,3.0,1.0,2.0,1.0,4.0,4.0,1.0,1.0,4.0,4.0,8.0,2.0,4.0,3.0,4.0,3.0,2.0,4.0,4.0,4.0,5.0,4.0,5.0,3.0,3.0,4.0,4.0,3.0,1.0,5.0,4.0,4.0,4.0,3.65
R_3PGMOVoKnKU4hFO,aust,mindful_breathing,1,19.0,female,Australia,Australia,1,3.0,1,1288,100,1,42.0,3.0,2.0,1.0,2.0,3.0,2.0,3.0,3.0,1.0,2.0,1.0,1.0,2.0,1.0,4.0,2.0,2.0,3.0,3.0,3.0,6.0,4.0,5.0,4.0,4.0,2.0,2.0,2.0,4.0,2.0,4.0,4.0,4.0,2.0,2.0,2.0,4.0,2.0,2.0,5.0,2.0,4.0,4.0,3.05
R_86W3x3TnNoxrZzr,kons,body_scan,1,19.0,female,Germany,Germany,0,2.0,1,1464,100,1,24.0,4.0,4.0,1.0,2.0,4.0,1.0,1.0,4.0,1.0,4.0,3.0,1.0,1.0,1.0,4.0,4.0,1.0,2.0,3.0,4.0,9.0,3.0,4.0,4.0,3.0,4.0,5.0,4.0,4.0,4.0,4.0,4.0,5.0,2.0,4.0,2.0,2.0,3.0,2.0,2.0,2.0,4.0,2.0,3.3
R_exi1l31l1DcDlUR,seeb,mindful_walking,1,45.0,male,Austria,Austria,0,2.0,1,1743,100,1,38.0,4.0,2.0,3.0,2.0,2.0,1.0,1.0,2.0,1.0,3.0,3.0,1.0,1.0,2.0,3.0,2.0,1.0,1.0,2.0,3.0,7.0,2.0,7.0,1.0,1.0,2.0,4.0,1.0,1.0,3.0,2.0,1.0,2.0,4.0,4.0,4.0,4.0,5.0,3.0,4.0,4.0,3.0,4.0,2.85
R_1jr29P0T2DtPlnH,wurz,control_book,0,20.0,female,Germany,Germany,0,2.0,1,2202,100,1,44.0,2.0,3.0,3.0,2.0,2.0,2.0,1.0,3.0,1.0,4.0,3.0,3.0,2.0,4.0,3.0,3.0,2.0,2.0,3.0,2.0,7.0,5.0,7.0,3.0,2.0,2.0,2.0,3.0,4.0,3.0,4.0,4.0,5.0,2.0,4.0,2.0,2.0,4.0,2.0,2.0,2.0,4.0,3.0,2.95
R_1gRuqpNwfxHffrS,aust,body_scan,1,18.0,female,Australia,Australia,1,3.0,1,1293,100,1,21.0,4.0,4.0,1.0,1.0,4.0,1.0,1.0,4.0,1.0,4.0,3.0,1.0,1.0,1.0,4.0,4.0,1.0,1.0,4.0,4.0,9.0,4.0,5.0,2.0,2.0,2.0,5.0,5.0,5.0,3.0,5.0,4.0,5.0,2.0,4.0,1.0,2.0,4.0,2.0,2.0,1.0,2.0,2.0,3.0
R_2z8bQxgYDVScTrN,fras,mindful_breathing,1,32.0,female,Canada,Canada,1,3.0,1,1372,100,1,50.0,2.0,1.0,2.0,1.0,3.0,2.0,2.0,3.0,1.0,2.0,2.0,3.0,2.0,3.0,2.0,2.0,3.0,3.0,3.0,2.0,4.0,5.0,5.0,4.0,3.0,4.0,2.0,4.0,4.0,5.0,4.0,4.0,4.0,2.0,4.0,4.0,4.0,4.0,3.0,4.0,2.0,2.0,3.0,3.5
R_1nOufjcrWwQv7kJ,ryer,loving_kindness,1,28.0,male,Canada,Canada,1,3.0,1,1102,100,1,49.0,1.0,1.0,2.0,1.0,2.0,1.0,1.0,2.0,1.0,2.0,1.0,2.0,1.0,1.0,1.0,2.0,2.0,3.0,2.0,2.0,5.0,4.0,5.0,4.0,4.0,4.0,2.0,4.0,4.0,3.0,4.0,4.0,5.0,2.0,2.0,2.0,3.0,2.0,2.0,2.0,3.0,4.0,4.0,3.2
R_2zGxGYbFrOyOgHe,aust,control_book,0,22.0,male,Australia,United States,1,3.0,1,1204,100,1,39.0,3.0,3.0,2.0,1.0,2.0,3.0,1.0,1.0,1.0,2.0,2.0,1.0,1.0,1.0,2.0,3.0,1.0,1.0,4.0,2.0,8.0,5.0,3.0,2.0,2.0,2.0,2.0,1.0,4.0,2.0,5.0,5.0,4.0,4.0,4.0,3.0,2.0,4.0,4.0,5.0,2.0,2.0,5.0,3.2
R_WCjNGSUJpbiyhnX,ryer,mindful_walking,1,20.0,female,Canada,Nepal,0,3.0,1,1261,100,1,34.0,3.0,3.0,1.0,1.0,3.0,1.0,2.0,2.0,1.0,3.0,3.0,1.0,1.0,1.0,3.0,3.0,2.0,1.0,3.0,2.0,7.0,1.0,5.0,2.0,3.0,2.0,2.0,2.0,4.0,4.0,2.0,3.0,4.0,4.0,3.0,2.0,3.0,3.0,4.0,2.0,3.0,4.0,2.0,2.9
R_1LNosBJ9qWAIhR1,seeb,loving_kindness,1,29.0,male,Austria,Austria,0,2.0,1,13139,99,0,28.0,4.0,3.0,1.0,1.0,3.0,1.0,1.0,3.0,1.0,3.0,3.0,1.0,1.0,1.0,4.0,3.0,2.0,1.0,4.0,3.0,8.0,1.0,7.0,3.0,2.0,2.0,2.0,2.0,2.0,2.0,3.0,3.0,1.0,3.0,5.0,4.0,4.0,4.0,4.0,5.0,4.0,4.0,4.0,3.15
R_3ElFQwxxFYixsFT,fras,body_scan,1,47.0,female,Canada,Canada,1,2.0,1,2115,100,1,31.0,3.0,2.0,1.0,1.0,4.0,1.0,1.0,3.0,1.0,3.0,2.0,1.0,1.0,1.0,4.0,3.0,1.0,1.0,2.0,3.0,7.0,2.0,7.0,4.0,4.0,3.0,1.0,2.0,4.0,2.0,4.0,4.0,4.0,2.0,2.0,4.0,3.0,2.0,3.0,3.0,4.0,4.0,4.0,3.15
R_1dgzVdZvJTmgfNr,aust,mindful_breathing,1,18.0,female,Australia,Australia,1,2.0,1,1184,100,1,32.0,3.0,3.0,1.0,1.0,3.0,1.0,1.0,2.0,1.0,3.0,2.0,1.0,1.0,1.0,3.0,3.0,1.0,1.0,3.0,3.0,8.0,5.0,6.0,4.0,4.0,4.0,4.0,4.0,4.0,3.0,4.0,3.0,4.0,2.0,4.0,3.0,4.0,3.0,2.0,4.0,4.0,2.0,4.0,3.5
R_r2XMxYcLMmZ738J,aust,mindful_walking,1,18.0,female,Australia,India,1,3.0,1,1093,100,1,20.0,4.0,4.0,1.0,1.0,4.0,1.0,1.0,4.0,1.0,4.0,4.0,1.0,1.0,1.0,4.0,4.0,1.0,1.0,4.0,4.0,8.0,1.0,7.0,1.0,1.0,1.0,1.0,2.0,2.0,1.0,1.0,2.0,2.0,4.0,5.0,4.0,5.0,5.0,5.0,4.0,4.0,4.0,5.0,2.95
R_3inhHmdAy0rmCVn,fras,body_scan,1,19.0,female,British Columbia,British Columbia,1,3.0,1,1275,100,1,56.0,1.0,1.0,2.0,3.0,1.0,4.0,1.0,1.0,2.0,1.0,3.0,1.0,3.0,2.0,2.0,2.0,1.0,2.0,2.0,1.0,3.0,4.0,9.0,1.0,2.0,4.0,2.0,3.0,4.0,1.0,5.0,5.0,4.0,1.0,5.0,2.0,2.0,5.0,5.0,2.0,4.0,3.0,5.0,3.25
R_3HNBeUyBZUSIaJL,fras,mindful_breathing,1,21.0,male,Canada,India,0,2.0,1,1329,100,1,21.0,4.0,4.0,1.0,1.0,4.0,1.0,1.0,4.0,1.0,4.0,3.0,1.0,1.0,1.0,4.0,4.0,1.0,1.0,4.0,4.0,8.0,5.0,5.0,3.0,1.0,1.0,2.0,1.0,2.0,2.0,2.0,3.0,3.0,3.0,5.0,3.0,3.0,4.0,4.0,3.0,2.0,5.0,4.0,2.8
R_3Ra0HI21IbUtBVt,fras,loving_kindness,1,19.0,female,Canada,Canada,1,2.0,1,1161,100,1,32.0,3.0,2.0,1.0,2.0,3.0,1.0,1.0,2.0,1.0,4.0,3.0,1.0,1.0,1.0,3.0,3.0,1.0,1.0,3.0,3.0,6.0,4.0,6.0,3.0,1.0,2.0,3.0,4.0,4.0,1.0,4.0,4.0,5.0,3.0,4.0,2.0,3.0,4.0,3.0,2.0,4.0,3.0,3.0,3.1
R_O7EHTTj09TvFyZH,fras,control_book,0,24.0,female,Canada,Canada,0,3.0,1,1190,100,1,68.0,1.0,2.0,4.0,4.0,1.0,4.0,4.0,1.0,2.0,1.0,2.0,2.0,2.0,2.0,1.0,1.0,4.0,2.0,1.0,1.0,5.0,7.0,1.0,5.0,5.0,5.0,5.0,5.0,5.0,2.0,5.0,5.0,5.0,1.0,2.0,2.0,1.0,3.0,1.0,2.0,5.0,1.0,2.0,3.35
R_d7iqw2qOu5qILf3,ryer,mindful_walking,1,21.0,female,Canada,U.A.E,0,3.0,1,1396,100,1,29.0,2.0,4.0,1.0,2.0,4.0,1.0,1.0,4.0,1.0,2.0,2.0,1.0,1.0,1.0,4.0,4.0,1.0,1.0,2.0,4.0,6.0,5.0,5.0,3.0,4.0,4.0,3.0,4.0,5.0,3.0,3.0,5.0,5.0,4.0,4.0,3.0,2.0,2.0,4.0,3.0,3.0,5.0,4.0,3.65
R_1JOUoKPoP6dFLJd,ryer,mindful_breathing,1,27.0,female,South Korea,Canada,1,3.0,1,1749,100,1,24.0,4.0,3.0,1.0,1.0,4.0,1.0,1.0,3.0,1.0,4.0,4.0,1.0,1.0,1.0,4.0,3.0,1.0,1.0,3.0,4.0,7.0,2.0,9.0,2.0,1.0,1.0,1.0,1.0,2.0,1.0,1.0,1.0,2.0,4.0,3.0,4.0,3.0,4.0,4.0,4.0,4.0,1.0,2.0,2.3
R_2iptqtqeTQcp7Sp,fras,loving_kindness,1,20.0,female,Canada,United States,1,3.0,1,1702,100,1,24.0,4.0,3.0,1.0,1.0,4.0,1.0,1.0,4.0,1.0,4.0,2.0,1.0,1.0,1.0,4.0,4.0,1.0,1.0,3.0,4.0,7.0,7.0,5.0,3.0,4.0,2.0,2.0,4.0,5.0,4.0,3.0,4.0,5.0,4.0,1.0,4.0,3.0,1.0,2.0,3.0,3.0,2.0,2.0,3.05
R_1mw0klD4A6YdX4L,fras,body_scan,1,38.0,female,Canada,Afghanistan,0,2.0,1,1584,100,1,36.0,3.0,3.0,2.0,2.0,2.0,1.0,1.0,2.0,1.0,3.0,3.0,1.0,1.0,1.0,2.0,3.0,1.0,1.0,3.0,2.0,7.0,3.0,8.0,2.0,2.0,2.0,2.0,3.0,4.0,3.0,4.0,4.0,3.0,3.0,3.0,2.0,3.0,4.0,3.0,2.0,2.0,4.0,3.0,2.9
R_30cJuPm8OeGo8EG,fras,mindful_walking,1,19.0,female,British Columbia,Canada,1,2.0,1,691166,100,1,40.0,2.0,2.0,1.0,1.0,2.0,1.0,1.0,2.0,1.0,2.0,2.0,1.0,1.0,1.0,2.0,2.0,1.0,1.0,2.0,2.0,5.0,5.0,5.0,3.0,4.0,3.0,3.0,5.0,3.0,3.0,5.0,5.0,5.0,3.0,3.0,3.0,3.0,2.0,3.0,3.0,3.0,3.0,4.0,3.45
R_2BrFcnPZ8LLmJgC,fras,control_book,0,19.0,female,Canada,Canada,1,2.0,1,1083,100,1,42.0,2.0,2.0,1.0,1.0,2.0,1.0,1.0,2.0,1.0,2.0,2.0,1.0,1.0,2.0,2.0,2.0,1.0,2.0,2.0,2.0,5.0,5.0,5.0,3.0,3.0,3.0,3.0,3.0,5.0,3.0,3.0,5.0,5.0,5.0,3.0,3.0,3.0,3.0,3.0,3.0,3.0,3.0,4.0,3.45
R_4Gf2LkfNb5Y6oc9,ryer,mindful_walking,1,33.0,female,Canada,Canada,1,3.0,1,2427,100,1,39.0,3.0,2.0,2.0,1.0,2.0,2.0,2.0,3.0,1.0,2.0,3.0,1.0,1.0,1.0,2.0,3.0,1.0,2.0,3.0,2.0,5.0,3.0,5.0,1.0,2.0,2.0,2.0,1.0,2.0,3.0,1.0,2.0,2.0,4.0,4.0,4.0,5.0,4.0,2.0,5.0,4.0,5.0,5.0,3.0
R_sXPDtOikfkWksQV,gold,loving_kindness,1,22.0,male,United Kingdom,India,1,3.0,1,1525,100,1,26.0,4.0,4.0,1.0,1.0,4.0,1.0,1.0,3.0,1.0,4.0,3.0,1.0,1.0,1.0,3.0,3.0,1.0,2.0,3.0,4.0,7.0,4.0,7.0,3.0,1.0,3.0,2.0,1.0,2.0,2.0,2.0,4.0,4.0,3.0,5.0,5.0,3.0,5.0,4.0,2.0,4.0,4.0,3.0,3.1
R_WD9fpnIJTGtELKh,fras,body_scan,1,36.0,female,Canada,Canada,1,3.0,1,1149,100,1,40.0,3.0,3.0,2.0,1.0,3.0,1.0,2.0,3.0,2.0,3.0,3.0,2.0,2.0,2.0,2.0,3.0,3.0,1.0,2.0,3.0,4.0,5.0,5.0,2.0,2.0,1.0,3.0,4.0,3.0,1.0,4.0,4.0,4.0,4.0,4.0,3.0,3.0,3.0,3.0,4.0,3.0,2.0,4.0,3.05
R_2qfsKi2YaNL63LB,fras,control_book,0,18.0,female,Canada,Canada,0,3.0,1,2142,100,1,35.0,4.0,3.0,2.0,1.0,1.0,2.0,1.0,3.0,1.0,3.0,3.0,2.0,1.0,2.0,3.0,4.0,2.0,1.0,3.0,3.0,8.0,8.0,7.0,2.0,1.0,1.0,2.0,3.0,2.0,1.0,2.0,3.0,4.0,1.0,5.0,5.0,2.0,4.0,4.0,2.0,4.0,3.0,5.0,2.8
R_24emvZAmyPjrlQS,fras,control_book,0,18.0,female,Canada,Canada,0,3.0,1,1116,100,1,41.0,3.0,4.0,2.0,1.0,1.0,3.0,2.0,3.0,1.0,4.0,3.0,2.0,1.0,2.0,3.0,2.0,2.0,2.0,2.0,2.0,8.0,8.0,6.0,1.0,1.0,1.0,3.0,2.0,2.0,1.0,3.0,1.0,2.0,1.0,5.0,1.0,3.0,4.0,4.0,1.0,1.0,2.0,3.0,2.1
R_2S2WnPl72RCKt4N,fras,mindful_breathing,1,19.0,female,Canada,Canada,1,3.0,1,1577,100,1,28.0,3.0,3.0,1.0,1.0,3.0,1.0,2.0,3.0,1.0,3.0,3.0,1.0,1.0,1.0,4.0,4.0,1.0,1.0,3.0,4.0,7.0,3.0,6.0,3.0,4.0,3.0,3.0,4.0,4.0,3.0,5.0,5.0,5.0,2.0,4.0,2.0,2.0,3.0,2.0,3.0,3.0,2.0,2.0,3.2
R_1eKUmwyyAmzGtfX,fras,loving_kindness,1,36.0,female,Canada,Canada,1,3.0,1,70533,100,1,35.0,2.0,4.0,1.0,1.0,3.0,1.0,2.0,3.0,1.0,3.0,3.0,2.0,1.0,1.0,3.0,2.0,2.0,1.0,2.0,3.0,5.0,4.0,5.0,1.0,2.0,1.0,2.0,4.0,3.0,2.0,3.0,4.0,2.0,4.0,4.0,2.0,4.0,4.0,3.0,4.0,3.0,4.0,3.0,2.95
R_2TWXwq4JjatLGSz,fras,mindful_breathing,1,21.0,female,Canada,Canada,0,3.0,1,1454,100,1,34.0,3.0,4.0,2.0,1.0,3.0,1.0,2.0,2.0,1.0,4.0,3.0,2.0,2.0,1.0,3.0,3.0,2.0,1.0,3.0,3.0,7.0,3.0,7.0,3.0,3.0,2.0,2.0,4.0,3.0,2.0,3.0,4.0,3.0,3.0,3.0,3.0,4.0,3.0,4.0,3.0,4.0,4.0,4.0,3.2
R_2TpA2KWlUYPXbwc,fras,mindful_walking,1,21.0,female,Canada,Canada,0,3.0,1,1075,100,1,27.0,3.0,3.0,1.0,1.0,3.0,1.0,1.0,3.0,1.0,4.0,3.0,1.0,1.0,1.0,3.0,4.0,1.0,1.0,4.0,3.0,8.0,1.0,8.0,2.0,2.0,2.0,2.0,3.0,2.0,2.0,2.0,3.0,3.0,3.0,4.0,2.0,2.0,4.0,3.0,2.0,2.0,4.0,1.0,2.5
R_Pvdq6ovsAP96P73,fras,body_scan,1,19.0,male,Canada,Canada,1,2.0,1,1233,100,1,20.0,4.0,4.0,1.0,1.0,4.0,1.0,1.0,4.0,1.0,4.0,4.0,1.0,1.0,1.0,4.0,4.0,1.0,1.0,4.0,4.0,8.0,1.0,9.0,1.0,1.0,1.0,1.0,3.0,1.0,1.0,3.0,1.0,3.0,5.0,5.0,5.0,5.0,5.0,5.0,5.0,5.0,4.0,5.0,3.25
R_3NQlQtJW69210Dj,fras,mindful_breathing,1,19.0,male,Canada,Canada,1,2.0,1,6105,100,1,20.0,4.0,4.0,1.0,1.0,4.0,1.0,1.0,4.0,1.0,4.0,4.0,1.0,1.0,1.0,4.0,4.0,1.0,1.0,4.0,4.0,9.0,1.0,9.0,1.0,1.0,1.0,1.0,1.0,1.0,1.0,1.0,1.0,2.0,5.0,5.0,5.0,5.0,5.0,5.0,5.0,5.0,5.0,5.0,3.05
R_3hmQqLVTUziqSnb,fras,body_scan,1,21.0,female,Canada,Canada,1,3.0,1,1217,100,1,33.0,3.0,3.0,1.0,1.0,3.0,1.0,2.0,2.0,1.0,4.0,2.0,1.0,1.0,1.0,3.0,2.0,1.0,1.0,3.0,3.0,6.0,5.0,4.0,3.0,3.0,3.0,3.0,4.0,2.0,4.0,4.0,3.0,4.0,3.0,4.0,2.0,3.0,4.0,3.0,2.0,4.0,2.0,3.0,3.15
R_ebrC08AOv6Ib9Rv,fras,mindful_walking,1,20.0,male,Canada,India,1,3.0,1,1408,100,1,28.0,3.0,4.0,2.0,1.0,4.0,1.0,1.0,4.0,1.0,4.0,4.0,2.0,1.0,2.0,2.0,4.0,1.0,2.0,4.0,3.0,8.0,3.0,8.0,1.0,1.0,1.0,1.0,2.0,3.0,1.0,2.0,2.0,4.0,5.0,5.0,4.0,5.0,4.0,4.0,5.0,5.0,2.0,4.0,3.05
R_10uxqa5Q37K9LjL,loyo,control_book,0,18.0,female,United States,United States,1,3.0,1,1482,100,1,34.0,3.0,3.0,1.0,1.0,3.0,1.0,2.0,3.0,1.0,4.0,2.0,2.0,1.0,2.0,3.0,3.0,2.0,1.0,3.0,3.0,7.0,5.0,6.0,2.0,2.0,2.0,3.0,2.0,4.0,2.0,3.0,3.0,4.0,3.0,4.0,3.0,4.0,4.0,4.0,3.0,4.0,3.0,2.0,3.05
R_6EYWutMERmDwWjf,canb,body_scan,1,28.0,female,Australia,Australia,1,3.0,1,1561,100,1,29.0,4.0,4.0,1.0,1.0,3.0,1.0,2.0,4.0,1.0,3.0,3.0,2.0,1.0,2.0,3.0,4.0,2.0,1.0,4.0,3.0,7.0,5.0,6.0,2.0,2.0,1.0,1.0,1.0,1.0,2.0,1.0,3.0,4.0,4.0,4.0,3.0,4.0,4.0,5.0,5.0,4.0,5.0,5.0,3.05
R_1pA4zFqiLIGvufR,loyo,loving_kindness,1,20.0,female,United States,United States,1,3.0,1,1521,100,1,28.0,3.0,3.0,1.0,1.0,3.0,1.0,1.0,3.0,1.0,4.0,3.0,1.0,1.0,1.0,4.0,3.0,1.0,1.0,3.0,3.0,9.0,2.0,9.0,1.0,1.0,1.0,1.0,1.0,1.0,1.0,1.0,1.0,1.0,5.0,5.0,5.0,5.0,5.0,5.0,5.0,5.0,5.0,5.0,3.0
R_1ezXct8hJejs4gx,fras,mindful_walking,1,19.0,female,Canada,Canada,1,3.0,1,1859,100,1,36.0,3.0,3.0,1.0,2.0,3.0,1.0,1.0,2.0,1.0,3.0,2.0,2.0,1.0,1.0,3.0,2.0,1.0,2.0,3.0,3.0,6.0,6.0,6.0,4.0,3.0,2.0,4.0,4.0,4.0,4.0,4.0,5.0,5.0,3.0,4.0,3.0,1.0,4.0,3.0,3.0,2.0,3.0,3.0,3.4
R_3oROn90uzU6ivY6,newf,mindful_breathing,1,19.0,female,India,India,1,2.0,1,14594,100,1,71.0,1.0,1.0,4.0,4.0,1.0,3.0,1.0,1.0,4.0,1.0,1.0,4.0,3.0,1.0,1.0,1.0,3.0,4.0,1.0,1.0,1.0,3.0,4.0,4.0,3.0,4.0,1.0,3.0,1.0,2.0,1.0,1.0,1.0,4.0,4.0,5.0,4.0,3.0,3.0,1.0,4.0,4.0,4.0,2.85
R_2f0uILtem5VGbJu,newf,mindful_breathing,1,19.0,female,India,India,1,2.0,1,1251,100,1,53.0,1.0,1.0,2.0,2.0,1.0,1.0,2.0,1.0,3.0,1.0,1.0,1.0,2.0,2.0,2.0,3.0,1.0,1.0,1.0,2.0,3.0,1.0,5.0,4.0,1.0,1.0,1.0,1.0,1.0,2.0,1.0,1.0,1.0,5.0,4.0,1.0,4.0,5.0,4.0,1.0,1.0,4.0,1.0,2.2
R_3rHDS8BUCz3MCax,fras,loving_kindness,1,20.0,male,Canada,Canada,1,2.0,1,2358,100,1,26.0,4.0,3.0,1.0,2.0,4.0,1.0,1.0,4.0,1.0,4.0,4.0,1.0,2.0,3.0,4.0,4.0,1.0,1.0,3.0,4.0,9.0,2.0,9.0,1.0,1.0,1.0,2.0,2.0,2.0,2.0,1.0,2.0,2.0,1.0,5.0,5.0,4.0,5.0,5.0,1.0,4.0,4.0,5.0,2.75
R_3m8Z7bxvbb8p567,loyo,control_book,0,22.0,male,United States,Poland,,3.0,1,1609,100,1,23.0,4.0,4.0,1.0,2.0,4.0,1.0,1.0,3.0,1.0,4.0,4.0,1.0,1.0,1.0,4.0,4.0,1.0,1.0,3.0,4.0,9.0,2.0,8.0,1.0,1.0,3.0,1.0,1.0,4.0,1.0,2.0,1.0,2.0,4.0,5.0,5.0,4.0,5.0,4.0,2.0,4.0,5.0,4.0,2.95
R_ehQguSMmAYoDyKd,kons,body_scan,1,24.0,male,Germany,Germany,0,2.0,1,1264,100,1,43.0,3.0,1.0,1.0,2.0,2.0,1.0,1.0,2.0,1.0,3.0,1.0,1.0,2.0,3.0,2.0,2.0,1.0,1.0,3.0,2.0,6.0,5.0,5.0,2.0,2.0,2.0,1.0,1.0,3.0,2.0,2.0,3.0,2.0,4.0,4.0,2.0,5.0,4.0,4.0,5.0,4.0,5.0,5.0,3.1
R_Qbw0RzSfxT45bdT,loyo,mindful_walking,1,21.0,female,United States,United States,1,3.0,1,1417,100,1,27.0,3.0,4.0,1.0,1.0,4.0,1.0,1.0,3.0,1.0,4.0,3.0,1.0,1.0,2.0,3.0,4.0,1.0,1.0,2.0,4.0,8.0,3.0,7.0,2.0,2.0,2.0,2.0,5.0,4.0,2.0,5.0,5.0,4.0,4.0,4.0,4.0,2.0,4.0,5.0,5.0,2.0,2.0,4.0,3.45
R_9BmdbIJ1DJnuVqN,loyo,body_scan,1,18.0,male,United States,United States,1,3.0,1,1677,100,1,38.0,3.0,2.0,2.0,2.0,3.0,1.0,2.0,3.0,1.0,3.0,2.0,2.0,1.0,1.0,3.0,3.0,2.0,1.0,3.0,2.0,7.0,4.0,5.0,3.0,2.0,2.0,2.0,2.0,3.0,3.0,4.0,3.0,4.0,4.0,4.0,3.0,4.0,2.0,4.0,4.0,3.0,4.0,5.0,3.25
R_3MmWvb2RwetSsqM,wurz,control_book,0,23.0,female,Germany,Germany,0,2.0,1,1217,100,1,32.0,3.0,3.0,1.0,1.0,3.0,1.0,2.0,3.0,1.0,3.0,2.0,1.0,1.0,1.0,3.0,3.0,1.0,1.0,3.0,3.0,7.0,4.0,5.0,3.0,2.0,3.0,3.0,3.0,4.0,2.0,4.0,3.0,4.0,3.0,4.0,3.0,3.0,3.0,3.0,3.0,3.0,3.0,3.0,3.1
R_1FLhW7cyQ8hFcOj,fras,mindful_breathing,1,24.0,female,Canada,Canada,1,3.0,1,1231,100,1,35.0,2.0,3.0,1.0,1.0,2.0,1.0,1.0,2.0,1.0,2.0,3.0,1.0,1.0,1.0,2.0,4.0,1.0,1.0,3.0,2.0,5.0,1.0,9.0,1.0,1.0,1.0,1.0,1.0,1.0,1.0,1.0,3.0,1.0,4.0,4.0,2.0,4.0,4.0,3.0,3.0,2.0,4.0,3.0,2.25
R_3lWdflRCokhR4ws,fras,mindful_breathing,1,20.0,male,Abbotsford,Canada,1,2.0,1,298330,100,1,21.0,4.0,4.0,1.0,1.0,4.0,1.0,1.0,4.0,1.0,4.0,4.0,1.0,1.0,2.0,4.0,4.0,1.0,1.0,4.0,4.0,9.0,6.0,7.0,1.0,1.0,1.0,1.0,1.0,1.0,1.0,1.0,2.0,1.0,1.0,5.0,4.0,1.0,4.0,4.0,1.0,4.0,4.0,1.0,2.0
R_3k8788gfFXd8ZVy,canb,loving_kindness,1,29.0,female,Aus,Aus,1,3.0,1,1233,100,1,28.0,4.0,3.0,1.0,1.0,4.0,1.0,2.0,3.0,1.0,4.0,2.0,1.0,1.0,1.0,4.0,4.0,2.0,1.0,3.0,3.0,5.0,1.0,7.0,3.0,5.0,3.0,4.0,4.0,5.0,4.0,5.0,4.0,4.0,3.0,1.0,4.0,2.0,3.0,2.0,2.0,2.0,2.0,3.0,3.25
R_31vnX6MtahPKEiv,wurz,body_scan,1,24.0,female,Germany,Germany,0,2.0,1,1330,100,1,29.0,3.0,3.0,2.0,1.0,3.0,1.0,2.0,3.0,1.0,4.0,3.0,1.0,1.0,1.0,3.0,4.0,1.0,1.0,4.0,3.0,6.0,3.0,7.0,5.0,2.0,3.0,5.0,2.0,5.0,4.0,5.0,2.0,5.0,1.0,4.0,2.0,1.0,3.0,2.0,5.0,4.0,2.0,2.0,3.2
R_3gV090UPWymDdi9,kons,control_book,0,21.0,female,Germany,Germany,0,2.0,1,1373,100,1,39.0,3.0,3.0,2.0,1.0,2.0,1.0,1.0,2.0,1.0,3.0,3.0,1.0,1.0,2.0,2.0,2.0,1.0,3.0,3.0,2.0,7.0,5.0,3.0,2.0,2.0,3.0,3.0,2.0,4.0,3.0,2.0,1.0,4.0,3.0,4.0,3.0,4.0,4.0,4.0,3.0,4.0,4.0,3.0,3.1
R_30cJW7UL1rdlHRB,wurz,mindful_walking,1,20.0,female,Germany,Germany,0,2.0,1,1457,100,1,32.0,4.0,3.0,1.0,2.0,3.0,1.0,1.0,3.0,1.0,3.0,3.0,1.0,1.0,2.0,3.0,3.0,2.0,2.0,4.0,3.0,6.0,3.0,7.0,3.0,1.0,3.0,2.0,3.0,4.0,3.0,4.0,5.0,5.0,2.0,4.0,4.0,3.0,4.0,2.0,4.0,2.0,3.0,4.0,3.25
R_3J8FCDPliE5eeBO,wurz,loving_kindness,1,24.0,female,Germany,Germany,0,2.0,1,1273,100,1,42.0,4.0,3.0,2.0,2.0,2.0,1.0,2.0,2.0,2.0,2.0,2.0,2.0,1.0,2.0,2.0,3.0,3.0,2.0,4.0,3.0,5.0,3.0,5.0,2.0,1.0,1.0,2.0,1.0,2.0,1.0,2.0,1.0,2.0,4.0,4.0,5.0,4.0,3.0,4.0,5.0,4.0,4.0,4.0,2.8
R_3O7jb4hH0WxBwMx,wurz,mindful_breathing,1,20.0,female,Germany,Germany,0,2.0,1,2183,100,1,34.0,4.0,4.0,2.0,1.0,3.0,1.0,1.0,3.0,1.0,3.0,3.0,1.0,1.0,3.0,4.0,3.0,3.0,2.0,2.0,3.0,6.0,3.0,5.0,2.0,1.0,1.0,4.0,3.0,3.0,2.0,4.0,2.0,4.0,4.0,4.0,4.0,4.0,4.0,3.0,2.0,4.0,4.0,4.0,3.15
R_3CHo7uSz1T0gz1m,wurz,mindful_walking,1,21.0,female,Germany,Germany,0,2.0,1,1425,100,1,37.0,3.0,3.0,2.0,2.0,3.0,1.0,2.0,2.0,1.0,3.0,2.0,1.0,1.0,1.0,3.0,2.0,1.0,1.0,3.0,2.0,8.0,4.0,4.0,4.0,2.0,3.0,5.0,3.0,4.0,2.0,4.0,3.0,2.0,4.0,3.0,2.0,4.0,3.0,4.0,2.0,3.0,2.0,2.0,3.05
R_1JLru6XuLavm1qe,kons,control_book,0,22.0,female,Germany,Germany,0,2.0,1,1372,100,1,23.0,4.0,4.0,1.0,2.0,4.0,1.0,2.0,4.0,1.0,4.0,3.0,1.0,1.0,1.0,4.0,4.0,1.0,1.0,4.0,4.0,8.0,2.0,6.0,2.0,1.0,2.0,2.0,1.0,3.0,2.0,2.0,1.0,3.0,4.0,5.0,3.0,2.0,4.0,5.0,4.0,2.0,4.0,5.0,2.85
R_2PofOJ6co86Kysg,niow,control_book,0,33.0,male,United States,India,0,2.0,1,1332,100,1,39.0,3.0,3.0,2.0,1.0,3.0,2.0,2.0,3.0,2.0,3.0,3.0,2.0,2.0,2.0,3.0,3.0,2.0,2.0,3.0,3.0,7.0,2.0,6.0,1.0,2.0,2.0,1.0,2.0,3.0,2.0,2.0,4.0,3.0,2.0,4.0,4.0,3.0,2.0,4.0,4.0,4.0,4.0,4.0,2.85
R_1LinXWGFYAQ8jHC,wurz,mindful_walking,1,20.0,female,Germanyy,Germany,0,2.0,1,1152,100,1,43.0,3.0,3.0,2.0,2.0,2.0,1.0,2.0,2.0,1.0,3.0,4.0,2.0,3.0,1.0,3.0,1.0,3.0,1.0,2.0,2.0,6.0,4.0,5.0,3.0,2.0,3.0,4.0,2.0,4.0,1.0,2.0,2.0,4.0,3.0,4.0,4.0,3.0,4.0,4.0,3.0,4.0,2.0,4.0,3.1
R_2V4IXWwNB2BPWty,niow,loving_kindness,1,28.0,female,United States,United States,0,3.0,1,1189,100,1,40.0,3.0,3.0,2.0,2.0,3.0,2.0,2.0,2.0,2.0,3.0,3.0,2.0,2.0,1.0,3.0,3.0,2.0,1.0,2.0,3.0,7.0,6.0,5.0,4.0,3.0,3.0,4.0,4.0,4.0,3.0,4.0,4.0,4.0,3.0,2.0,3.0,3.0,2.0,4.0,3.0,2.0,2.0,3.0,3.2
R_3ndeCI8tjGpxnAv,wurz,mindful_walking,1,27.0,female,Germany,Cyprus,0,2.0,1,1939,100,1,32.0,3.0,2.0,1.0,1.0,2.0,1.0,1.0,3.0,1.0,4.0,2.0,1.0,1.0,1.0,3.0,2.0,1.0,1.0,3.0,4.0,8.0,3.0,8.0,2.0,1.0,2.0,2.0,1.0,3.0,1.0,2.0,3.0,4.0,4.0,4.0,4.0,4.0,3.0,3.0,5.0,4.0,4.0,4.0,3.0
